family_id,label,is_real_positive,is_generated_positive,row_index,outer_fold,y_proba,y_pred,threshold,repo_full_name
F2_crypto_trading_bot,1,1,0,11,1,0.015978618,0,0.6877043247,dev-protocol/polymarket-copytrading-bot-sport
F2_crypto_trading_bot,1,1,0,14,1,0.004615262,0,0.6877043247,FaceOFWood/SniperBot-Solana-PumpSwap
F2_crypto_trading_bot,1,1,0,15,1,0.21920757,0,0.6877043247,harshith-vaddiparthy/quant-bot
F2_crypto_trading_bot,1,1,0,29,1,0.086941086,0,0.6877043247,Morning-Star213/Solana-pumpfun-bot
NEG_00023,0,0,0,323,1,0.0011534777,0,0.6877043247,0xMaka/w3py
NEG_00025,0,0,0,325,1,0.14527945,0,0.6877043247,0xMesinTempur/Flappyster
NEG_00029,0,0,0,329,1,0.00014488836,0,0.6877043247,0xRobWatson/Allowance-dApp
NEG_00030,0,0,0,330,1,0.00023527801,0,0.6877043247,0xTaoDev/Wallet-Trades-Tracker
NEG_00032,0,0,0,332,1,0.0025352668,0,0.6877043247,0xwagmi/bitcoin_wallet
NEG_00039,0,0,0,339,1,0.00026772698,0,0.6877043247,1poolfinance/1Pool-Strategy
NEG_00044,0,0,0,344,1,0.00055911136,0,0.6877043247,3Dpass/wallet
NEG_00045,0,0,0,345,1,0.00040444004,0,0.6877043247,5ajaki/safe-mcp-server
NEG_00049,0,0,0,349,1,0.00027060273,0,0.6877043247,a1fred/cryptoportfolio
NEG_00056,0,0,0,356,1,0.00037716157,0,0.6877043247,aave/aave-v3-core
NEG_00059,0,0,0,359,1,0.0012816106,0,0.6877043247,abba-platforms/NADD
NEG_00063,0,0,0,363,1,0.005480109,0,0.6877043247,AbhinavOC24/sPay
NEG_00065,0,0,0,365,1,0.0002802556,0,0.6877043247,AbushakerJamil/Hardhat-Test
NEG_00067,0,0,0,367,1,0.00037057447,0,0.6877043247,acebusters/acebusters-frontend
NEG_00069,0,0,0,369,1,0.0018929149,0,0.6877043247,AchyuthMohan/cryptogram-nmit-block-chain-
NEG_00070,0,0,0,370,1,0.0003553434,0,0.6877043247,ACINQ/phoenix
NEG_00073,0,0,0,373,1,0.0016951527,0,0.6877043247,Adamant-im/adamant-api-jsclient
NEG_00076,0,0,0,376,1,0.0005341318,0,0.6877043247,adamocallaghan/membrane-finance-v2
NEG_00078,0,0,0,378,1,0.028126135,0,0.6877043247,adhithim09/Dsurv---Crypto_Token
NEG_00099,0,0,0,399,1,0.03296976,0,0.6877043247,Afrozllm/Web3-Wallet-Connect
NEG_00100,0,0,0,400,1,0.0011044967,0,0.6877043247,agencyenterprise/serpro-web3-hackathon
NEG_00109,0,0,0,409,1,0.0002829541,0,0.6877043247,ahmetozlu/defi_yield_farming
NEG_00111,0,0,0,411,1,0.0002847793,0,0.6877043247,AICoin-io/AICoin
NEG_00115,0,0,0,415,1,0.000995985,0,0.6877043247,AiKay96/Bitcoin-Wallet
NEG_00120,0,0,0,420,1,0.00028326965,0,0.6877043247,ajsizzle/bitcoin-ticker
NEG_00121,0,0,0,421,1,0.0002973112,0,0.6877043247,akashmehrotra29/my-wave-portal
NEG_00123,0,0,0,423,1,0.00047691574,0,0.6877043247,akhileshthite/dtube
NEG_00124,0,0,0,424,1,0.0006954849,0,0.6877043247,akinncar/ar-nft
NEG_00128,0,0,0,428,1,0.0025446862,0,0.6877043247,AkshitTiwarii/carbonx
NEG_00135,0,0,0,435,1,0.00031380038,0,0.6877043247,AleRapchan/nft-token-factory
NEG_00162,0,0,0,462,1,0.00033921655,0,0.6877043247,alto-io/contractor
NEG_00163,0,0,0,463,1,0.00022137458,0,0.6877043247,amandladev/erc721-nftMint-smartContract
NEG_00168,0,0,0,468,1,0.0012942232,0,0.6877043247,amonrak/rustychain
NEG_00173,0,0,0,473,1,0.01446112,0,0.6877043247,ancutadaniel/ethereum_hardhat_nft_marketplace
NEG_00175,0,0,0,475,1,0.00032963915,0,0.6877043247,AndreiD/qv_voting
NEG_00185,0,0,0,485,1,0.00053096435,0,0.6877043247,anoff/cryptobooks
NEG_00188,0,0,0,488,1,0.00072400627,0,0.6877043247,AntoineBastide47/Blockchain
NEG_00194,0,0,0,494,1,0.00022216584,0,0.6877043247,anza-xyz/wallet-adapter
NEG_00196,0,0,0,496,1,0.0050246962,0,0.6877043247,apache/incubator-resilientdb-ResLens
NEG_00203,0,0,0,503,1,0.00025555867,0,0.6877043247,apoorvlathey/Crypto-Car-Battle
NEG_00210,0,0,0,510,1,0.0013521957,0,0.6877043247,ardriveapp/turbo-app
NEG_00211,0,0,0,511,1,0.0008978111,0,0.6877043247,aridder/pengekrukka
NEG_00212,0,0,0,512,1,0.15031488,0,0.6877043247,Arifin036/defi-staking-dapp
NEG_00218,0,0,0,518,1,0.00020905543,0,0.6877043247,arpesh28/solidity-wallet-contract-collections
NEG_00220,0,0,0,520,1,0.0003992072,0,0.6877043247,ArshS1/sengh-nft
NEG_00231,0,0,0,531,1,0.00058622984,0,0.6877043247,ashelkovnykov/offline-wallet-generator
NEG_00233,0,0,0,533,1,0.0026396737,0,0.6877043247,ashok-p/module-19-Cryptowallets
NEG_00237,0,0,0,537,1,0.0012538944,0,0.6877043247,AssetifyLabsTeams/Assetifily
NEG_00239,0,0,0,539,1,0.00016482435,0,0.6877043247,atlaschain/contracts
NEG_00247,0,0,0,547,1,0.0008980211,0,0.6877043247,axiomchronicles/blockchain_simulation
NEG_00251,0,0,0,551,1,0.0023922955,0,0.6877043247,Aytaditya/NFT_Staking_app
NEG_00254,0,0,0,554,1,0.00033386456,0,0.6877043247,azerpas/Crypto2discord
NEG_00256,0,0,0,556,1,0.000737509,0,0.6877043247,B3Pay/B3Wallet
NEG_00266,0,0,0,566,1,0.00088394363,0,0.6877043247,banjtheman/highwind
NEG_00270,0,0,0,570,1,0.0025364019,0,0.6877043247,BasinLogix/BLX_chain
NEG_00275,0,0,0,575,1,0.0007736746,0,0.6877043247,bcoin-org/bcoin
NEG_00281,0,0,0,581,1,0.00051080174,0,0.6877043247,BendDAO/bend-lending-protocol
NEG_00289,0,0,0,589,1,0.0004576199,0,0.6877043247,bhau7233/MSig-
NEG_00297,0,0,0,597,1,0.0016283697,0,0.6877043247,bilix-software/eth-new-contracts
NEG_00298,0,0,0,598,1,0.0020312895,0,0.6877043247,Bill171991/SATFLOW-
NEG_00299,0,0,0,599,1,0.00038830165,0,0.6877043247,BirthdayResearch/defichain-wallet
NEG_00300,0,0,0,600,1,0.0021755479,0,0.6877043247,birukG09/DeFiVerse-Bank-Simulator-
NEG_00303,0,0,0,603,1,0.0004527276,0,0.6877043247,bitcoin-wallet/bitcoin-wallet
NEG_00305,0,0,0,605,1,0.001267163,0,0.6877043247,bitpay/bitpay-app
NEG_00306,0,0,0,606,1,0.0005151375,0,0.6877043247,bitpay/wallet
NEG_00307,0,0,0,607,1,0.0011042962,0,0.6877043247,BitPortal/bitportal-client
NEG_00316,0,0,0,616,1,0.0005598601,0,0.6877043247,block-foundation/solidity-digital-twin
NEG_00321,0,0,0,621,1,0.0007309396,0,0.6877043247,blockchaingate/eXchangily-web
NEG_00322,0,0,0,622,1,0.00041871364,0,0.6877043247,blockchain/blockchain-wallet-v4-frontend
NEG_00324,0,0,0,624,1,0.00033749276,0,0.6877043247,blockonomics/prestashop-plugin
NEG_00331,0,0,0,631,1,0.0002687956,0,0.6877043247,bokkypoobah/Nix
NEG_00342,0,0,0,642,1,0.00088250794,0,0.6877043247,brilliant927/nft-mint-polygon
NEG_00344,0,0,0,644,1,0.002892605,0,0.6877043247,Brunomike/cryptopunk-clone-web3
NEG_00350,0,0,0,650,1,0.0030490102,0,0.6877043247,buihuudong19/E-Wallet-Blockchain-sourcecode
NEG_00351,0,0,0,651,1,0.0033632289,0,0.6877043247,Busulis/OPNet-Vesting
NEG_00352,0,0,0,652,1,0.0017379597,0,0.6877043247,ButterDevelop/AutoBlumSmartContract
NEG_00353,0,0,0,653,1,0.0002943784,0,0.6877043247,buybackoff/SolidityAuction
NEG_00354,0,0,0,654,1,0.000237515,0,0.6877043247,Bwest981/BitcoinSig
NEG_00361,0,0,0,661,1,0.0003687905,0,0.6877043247,CaiqueRibeiro/decentralized-stripe
NEG_00366,0,0,0,666,1,0.00070178474,0,0.6877043247,capsulesocial/capsule-near
NEG_00367,0,0,0,667,1,0.0010637246,0,0.6877043247,captain-woof/meta-nft
NEG_00368,0,0,0,668,1,0.013790545,0,0.6877043247,cardano-foundation/cardano-wallet
NEG_00374,0,0,0,674,1,0.00092213973,0,0.6877043247,cdc-Hitesh/cdc-Hitesh.github.io
NEG_00381,0,0,0,681,1,0.0024732172,0,0.6877043247,ChainInsighter/Web3-Casino-Crash-Game
NEG_00382,0,0,0,682,1,0.0020560797,0,0.6877043247,chainjet/platform
NEG_00383,0,0,0,683,1,0.0002711828,0,0.6877043247,ChainShot/AAVEDaiEscrow
NEG_00393,0,0,0,693,1,0.0018024541,0,0.6877043247,cherylwilson314/web3py_crypto
NEG_00394,0,0,0,694,1,0.00034137705,0,0.6877043247,Chia-Network/chia-blockchain
NEG_00411,0,0,0,711,1,0.0002276768,0,0.6877043247,cluck135/First-Deployed-Token
NEG_00414,0,0,0,714,1,0.0012042881,0,0.6877043247,cmdruid/tapscript
NEG_00416,0,0,0,716,1,0.0014269113,0,0.6877043247,Cocodrilette/DeFi-Staking-SolidityContracts
NEG_00420,0,0,0,720,1,0.00082087336,0,0.6877043247,codegenius2/solana-verify-eddsa
NEG_00422,0,0,0,722,1,0.0011926106,0,0.6877043247,coderasha/NFT-Marketplace--EThereum-Polygon
NEG_00427,0,0,0,727,1,0.0010580845,0,0.6877043247,codymj/GeminiCryptoTrader
NEG_00429,0,0,0,729,1,0.0004856488,0,0.6877043247,coinbase/chainstorage
NEG_00432,0,0,0,732,1,0.008023587,0,0.6877043247,Coldcard/firmware
NEG_00433,0,0,0,733,1,0.0003319441,0,0.6877043247,colonelxy/CryptoZombies
NEG_00438,0,0,0,738,1,0.00573695,0,0.6877043247,consenlabs/imkey-manager
NEG_00450,0,0,0,750,1,0.0021553226,0,0.6877043247,coti-io/coti-sdk-python
NEG_00453,0,0,0,753,1,0.0014578619,0,0.6877043247,CPix18/CryptoCopyRights
NEG_00464,0,0,0,764,1,0.0021221603,0,0.6877043247,crypto-cooker/Web3-Project-Overview
NEG_00471,0,0,0,771,1,0.00058165606,0,0.6877043247,cryptococks-xyz/cryptococks-contract
NEG_00478,0,0,0,778,1,0.00036243317,0,0.6877043247,cryptomkt/cryptomkt-python
NEG_00479,0,0,0,779,1,0.0011635958,0,0.6877043247,cryptopayserver00/cryptopayserver
NEG_00480,0,0,0,780,1,0.003034801,0,0.6877043247,cryptopunksnotdead/awesome-cryptopunks-bubble
NEG_00483,0,0,0,783,1,0.001158414,0,0.6877043247,CryptoSnowPrince/CryptoGame_Backend
NEG_00485,0,0,0,785,1,0.0020892534,0,0.6877043247,csimbana/suiguard
NEG_00494,0,0,0,794,1,0.00075309916,0,0.6877043247,d-invisible/DocuManage-web3--Aptos
NEG_00507,0,0,0,807,1,0.00029817928,0,0.6877043247,danilych/token-factory-web-app
NEG_00514,0,0,0,814,1,0.0023248144,0,0.6877043247,dapphub/ds-math
NEG_00519,0,0,0,819,1,0.0009525965,0,0.6877043247,dappuniversity/Runner-blockchain-game-
NEG_00529,0,0,0,829,1,0.00017707965,0,0.6877043247,davidmeng630/defi
NEG_00530,0,0,0,830,1,0.00454892,0,0.6877043247,dbarobin/awesome-mirror
NEG_00532,0,0,0,832,1,0.00027262804,0,0.6877043247,deadarchitects/test-low-gas-solidity
NEG_00534,0,0,0,834,1,0.0012185322,0,0.6877043247,decentralized-identity/element
NEG_00538,0,0,0,838,1,0.00056989567,0,0.6877043247,deepbluelake/web3-lab
NEG_00543,0,0,0,843,1,0.00057376345,0,0.6877043247,DeFiDesk/DeFiDesk.github.io
NEG_00544,0,0,0,844,1,0.0024710805,0,0.6877043247,defilab/defi-blockchain-dumper
NEG_00548,0,0,0,848,1,0.00032654038,0,0.6877043247,DeFireX/defirex-protocol-v3
NEG_00554,0,0,0,854,1,0.00042827154,0,0.6877043247,dennohpeter/MultiDexArbBot
NEG_00555,0,0,0,855,1,0.0004078199,0,0.6877043247,denzopas/myWallet
NEG_00561,0,0,0,861,1,0.007316819,0,0.6877043247,desktop-examples/crypto-analysis
NEG_00567,0,0,0,867,1,0.0073839845,0,0.6877043247,developeruche/hybrid
NEG_00570,0,0,0,870,1,0.0014213969,0,0.6877043247,DevMarc16/appkit-connect
NEG_00572,0,0,0,872,1,0.0041476614,0,0.6877043247,DevStudioX/Phoenix-Clipper-Malware-Private
NEG_00576,0,0,0,876,1,0.0015855047,0,0.6877043247,dharmaprotocol/dharma.js
NEG_00581,0,0,0,881,1,0.009091809,0,0.6877043247,diadata-org/diadata
NEG_00582,0,0,0,882,1,0.00020000528,0,0.6877043247,didil/stone-dapp
NEG_00583,0,0,0,883,1,0.00037873376,0,0.6877043247,diego-tobalina/PancakeSwapBot
NEG_00584,0,0,0,884,1,0.000941699,0,0.6877043247,Dilkashpeshimam18/defi-contracts
NEG_00593,0,0,0,893,1,0.001272947,0,0.6877043247,dkpeakbil/bitcoinwalletwatcher
NEG_00596,0,0,0,896,1,0.0019925437,0,0.6877043247,dmitriiprusakov/definition-hack-nft-versus
NEG_00602,0,0,0,902,1,0.000668364,0,0.6877043247,Dopular/CLI-Searching-and-Tracing-EVMTransactions
NEG_00607,0,0,0,907,1,0.02646229,0,0.6877043247,drisst12/safe-smart-account
NEG_00611,0,0,0,911,1,0.0056942515,0,0.6877043247,DTVMStack/DTVM
NEG_00613,0,0,0,913,1,0.0022790702,0,0.6877043247,DudeOfCode/web3.pyandSolidityTodolist
NEG_00614,0,0,0,914,1,0.00028303586,0,0.6877043247,duneanalytics/evm.codes
NEG_00630,0,0,0,930,1,0.00029737075,0,0.6877043247,elkoutwest/bitcoin_browser
NEG_00637,0,0,0,937,1,0.0006782147,0,0.6877043247,emeraldpay/dshackle
NEG_00650,0,0,0,950,1,0.0015313122,0,0.6877043247,enricozanardo/bitcoin-sentiment-analys-on-tweets-
NEG_00654,0,0,0,954,1,0.0010095662,0,0.6877043247,eonian-core/farm
NEG_00670,0,0,0,970,1,0.0017092867,0,0.6877043247,EthereumCommonwealth/multi-geth
NEG_00680,0,0,0,980,1,0.0005641435,0,0.6877043247,everx-labs/evernode-se
NEG_00692,0,0,0,992,1,0.0005478781,0,0.6877043247,f-z/decentralized-option-trading-platform
NEG_00693,0,0,0,993,1,0.0002095234,0,0.6877043247,fabianorodrigo/defiamm
NEG_00704,0,0,0,1004,1,0.00031822186,0,0.6877043247,farisamirmudin/cryptotransfer
NEG_00705,0,0,0,1005,1,0.00094774633,0,0.6877043247,faysalbadaoui/RegisterDeviceSolanaProgram
NEG_00712,0,0,0,1012,1,0.0006153068,0,0.6877043247,FIFA0313/blockchain-wallet-adapter-designe
NEG_00715,0,0,0,1015,1,0.005499092,0,0.6877043247,FilOzone/synapse-sdk
NEG_00736,0,0,0,1036,1,0.00041006404,0,0.6877043247,Frenzoid/DAPP_Bank
NEG_00741,0,0,0,1041,1,0.0032889815,0,0.6877043247,fundgao/xiuxian
NEG_00744,0,0,0,1044,1,0.00031486724,0,0.6877043247,gabidi/bismuth-js-crypto
NEG_00745,0,0,0,1045,1,0.00050445064,0,0.6877043247,gakonst/ethers-rs
NEG_00746,0,0,0,1046,1,0.00060291274,0,0.6877043247,GameChangerFinance/gamechanger.wallet
NEG_00752,0,0,0,1052,1,0.00048945454,0,0.6877043247,gemwalletcom/gem-android
NEG_00759,0,0,0,1059,1,0.00031519402,0,0.6877043247,ggviana/splitter
NEG_00765,0,0,0,1065,1,0.0003324933,0,0.6877043247,GlitchicaL/project-arcadia
NEG_00777,0,0,0,1077,1,0.0034813276,0,0.6877043247,GoogleEnginer/defi-yield-calculator
NEG_00780,0,0,0,1080,1,0.00027754868,0,0.6877043247,grandsmarquis/ethereumdevio-dex-tutorial
NEG_00781,0,0,0,1081,1,0.015313155,0,0.6877043247,GRANTsol/PanteraProtocol
NEG_00782,0,0,0,1082,1,0.0005056751,0,0.6877043247,greekfetacheese/zeus
NEG_00809,0,0,0,1109,1,0.00042227213,0,0.6877043247,HappyGroupHub/Ethereum-Wallet-Tracker
NEG_00812,0,0,0,1112,1,0.00040423963,0,0.6877043247,haritsmedina/web3.0_krypto
NEG_00819,0,0,0,1119,1,0.00026049,0,0.6877043247,hashbx/token-distribution
NEG_00824,0,0,0,1124,1,0.00019428298,0,0.6877043247,HawkTahir1/ZENC
NEG_00829,0,0,0,1129,1,0.0010162208,0,0.6877043247,HectorNBL/eth_solseum_gen_hnbl
NEG_00849,0,0,0,1149,1,0.00022872837,0,0.6877043247,horizontalsystems/bitcoin-kit-ios
NEG_00859,0,0,0,1159,1,0.0013968153,0,0.6877043247,hummingbot/hummingbot
NEG_00861,0,0,0,1161,1,0.00191312,0,0.6877043247,Huy-2k11/Native-Parser
NEG_00862,0,0,0,1162,1,0.00024329686,0,0.6877043247,huynhtuandat05december/Crypto-Zombie
NEG_00865,0,0,0,1165,1,0.008833793,0,0.6877043247,HyperPlay-Gaming/hyperplay-desktop-client
NEG_00869,0,0,0,1169,1,0.0023349416,0,0.6877043247,Iamtheusername112/Crypto
NEG_00879,0,0,0,1179,1,0.00045241872,0,0.6877043247,IgorAugust0/blockchain-security-labs
NEG_00886,0,0,0,1186,1,0.0005924242,0,0.6877043247,imcrazysteven/Initial-Coin-Offering-Smart-Contract
NEG_00889,0,0,0,1189,1,0.0014477796,0,0.6877043247,Infineon/secora-blockchain-walletconnect
NEG_00900,0,0,0,1200,1,0.00017328288,0,0.6877043247,Itheum/sdk-mx-data-nft
NEG_00906,0,0,0,1206,1,0.0006413418,0,0.6877043247,ivopetiz/crypto-exchange-cli
NEG_00914,0,0,0,1214,1,0.0006287466,0,0.6877043247,Jackhuang166/chess-smart-contract
NEG_00926,0,0,0,1226,1,0.00035611322,0,0.6877043247,JamesANZ/crypto-timelocked-backup
NEG_00930,0,0,0,1230,1,0.001823414,0,0.6877043247,janghona/go-ethereum-Jochain
NEG_00937,0,0,0,1237,1,0.00047612088,0,0.6877043247,JasminDreasond/Dohpw
NEG_00939,0,0,0,1239,1,0.00041616207,0,0.6877043247,JasonnLim/Blockchain-MedicalRecords
NEG_00940,0,0,0,1240,1,0.0009793455,0,0.6877043247,JavaCardOS/BitcoinWallet
NEG_00949,0,0,0,1249,1,0.0007786902,0,0.6877043247,jeffprestes/rust-smart-contract-example-connection
NEG_00950,0,0,0,1250,1,0.00030141245,0,0.6877043247,jeftarmascarenhas/smart-contract-training
NEG_00952,0,0,0,1252,1,0.00095309265,0,0.6877043247,jeloooooo/solidity-cryptozombies
NEG_00963,0,0,0,1263,1,0.00019444087,0,0.6877043247,jlandyr/web3solidity
NEG_00974,0,0,0,1274,1,0.00019196796,0,0.6877043247,jonluxson/very-basic-form-of-cryptocurrency
NEG_00979,0,0,0,1279,1,0.00021021195,0,0.6877043247,jovijovi/ether-goblin
NEG_00982,0,0,0,1282,1,0.0009395275,0,0.6877043247,jptsantossilva/BEC
NEG_00987,0,0,0,1287,1,0.007013429,0,0.6877043247,JulieGibbs/NFT1155_Contract_Test_Assignment
NEG_00988,0,0,0,1288,1,0.006304642,0,0.6877043247,juliocamposmachado/my_eth_app.github.io
NEG_00990,0,0,0,1290,1,0.001846589,0,0.6877043247,JumpCrypto/crypto-reading-list
NEG_00993,0,0,0,1293,1,0.007668984,0,0.6877043247,JunoNode/juno
NEG_00998,0,0,0,1298,1,0.00044500813,0,0.6877043247,Kalashin1/GTA-token-smart-contract
NEG_01001,0,0,0,1301,1,0.00022572992,0,0.6877043247,Karhal/web3-connect
NEG_01005,0,0,0,1305,1,0.000407185,0,0.6877043247,kartikver15gr8/WEB3-For-All
NEG_01009,0,0,0,1309,1,0.00052905595,0,0.6877043247,kaymen99/aave-flashloan-arbitrage
NEG_01018,0,0,0,1318,1,0.0004910766,0,0.6877043247,kelvincup/base-learn
NEG_01033,0,0,0,1333,1,0.0032913834,0,0.6877043247,khadar1020/bitcoin_wallet
NEG_01036,0,0,0,1336,1,0.00081963296,0,0.6877043247,kheopskit/kheopskit
NEG_01037,0,0,0,1337,1,0.00025681147,0,0.6877043247,Kimonic99/Heneftee
NEG_01053,0,0,0,1353,1,0.00032020605,0,0.6877043247,konradisco/bitcoin-ethereum
NEG_01055,0,0,0,1355,1,0.0015052704,0,0.6877043247,KOSASIH/nexus-finance-core
NEG_01057,0,0,0,1357,1,0.00047979367,0,0.6877043247,kradkov14/presale-contract
NEG_01058,0,0,0,1358,1,0.009052911,0,0.6877043247,kreskohq/kresko-protocol
NEG_01073,0,0,0,1373,1,0.0015276639,0,0.6877043247,lacrypta/lottery-front
NEG_01078,0,0,0,1378,1,0.00024081433,0,0.6877043247,lastbattle/ordinal_inscription.netcore
NEG_01083,0,0,0,1383,1,0.0021600586,0,0.6877043247,lawofambak-research/decentralized-speculations-market
NEG_01085,0,0,0,1385,1,0.019306473,0,0.6877043247,lbryio/lbry-android
NEG_01087,0,0,0,1387,1,0.00034263023,0,0.6877043247,lbryio/torba
NEG_01089,0,0,0,1389,1,0.00023367464,0,0.6877043247,LearnWeb3DAO/14-Days-of-Solidity
NEG_01107,0,0,0,1407,1,0.003963258,0,0.6877043247,LN-Zap/zap-desktop
NEG_01110,0,0,0,1410,1,0.0007158482,0,0.6877043247,LocalCryptos/LocalCryptosWalletBackupExplorer
NEG_01114,0,0,0,1414,1,0.013595335,0,0.6877043247,lordbasilaiassistant-sudo/thryx-launchpad
NEG_01116,0,0,0,1416,1,0.00019119891,0,0.6877043247,lssleo/crypto-unlimited
NEG_01124,0,0,0,1424,1,0.001332965,0,0.6877043247,luzhenqian/web3-examples
NEG_01128,0,0,0,1428,1,0.00027605655,0,0.6877043247,maAPPsDEV/rock-paper-scissors
NEG_01133,0,0,0,1433,1,0.00056894997,0,0.6877043247,Magicred-1/hackin-dau
NEG_01138,0,0,0,1438,1,0.012003324,0,0.6877043247,manifest-network/manifest-app
NEG_01144,0,0,0,1444,1,0.00026751164,0,0.6877043247,manuelinfosec/flash-arb-bot
NEG_01161,0,0,0,1461,1,0.0003460221,0,0.6877043247,mastrmind-dev/DeFi-App---A-Cryptocurrency-Bank
NEG_01164,0,0,0,1464,1,0.0050426717,0,0.6877043247,Mathieu2301/TradingView-API
NEG_01169,0,0,0,1469,1,0.0013432193,0,0.6877043247,Mattjhagen/P3-Lending
NEG_01170,0,0,0,1470,1,0.00030177215,0,0.6877043247,mattycoles/Python_Blockchain
NEG_01182,0,0,0,1482,1,0.0005186012,0,0.6877043247,memoriaXII/create-web3-turbo
NEG_01208,0,0,0,1508,1,0.0003805633,0,0.6877043247,mikker/svgnft
NEG_01220,0,0,0,1520,1,0.0015425885,0,0.6877043247,mja2001/SolCipher-iExec
NEG_01225,0,0,0,1525,1,0.001960616,0,0.6877043247,mohammedmuzammil38/Crypto-Art
NEG_01228,0,0,0,1528,1,0.00025130442,0,0.6877043247,Mojo96666/hack-crypto-wallets
NEG_01230,0,0,0,1530,1,0.003478961,0,0.6877043247,mollybeach/livestakes
NEG_01231,0,0,0,1531,1,0.0022521128,0,0.6877043247,monjuik/go-octopi
NEG_01247,0,0,0,1547,1,0.0005360916,0,0.6877043247,mrmendoza-dev/cryptotracker
NEG_01268,0,0,0,1568,1,0.0023638413,0,0.6877043247,mwakidenis/BlockChain-Mastery
NEG_01270,0,0,0,1570,1,0.0056963386,0,0.6877043247,my-number/solidity-wallet
NEG_01278,0,0,0,1578,1,0.0009837843,0,0.6877043247,NaimaGhulamMuhammad/nftMarketplace-smartcontracts
NEG_01286,0,0,0,1586,1,0.00029969178,0,0.6877043247,nayrosk/evm-indexer
NEG_01288,0,0,0,1588,1,0.00018572748,0,0.6877043247,nbulian/CryptoZombies
NEG_01293,0,0,0,1593,1,0.0158651,0,0.6877043247,NenadBolovic/Cryptography_project_PKI_smart_contract
NEG_01302,0,0,0,1602,1,0.0024414978,0,0.6877043247,Nexacore-Org/NexaFx-web
NEG_01304,0,0,0,1604,1,0.00043926135,0,0.6877043247,nftfy/nftfy-v1-periphery
NEG_01305,0,0,0,1605,1,0.0006588026,0,0.6877043247,ngmisl/etherml
NEG_01309,0,0,0,1609,1,0.00022865401,0,0.6877043247,nicholasmgoldstein/Persona256
NEG_01310,0,0,0,1610,1,0.0008667698,0,0.6877043247,nico-phil/blockchain
NEG_01314,0,0,0,1614,1,0.00034803426,0,0.6877043247,nicolaslazzos/cryptozombies
NEG_01315,0,0,0,1615,1,0.00043525052,0,0.6877043247,NikhilSehgal123/coinbase-execution-algorithm
NEG_01316,0,0,0,1616,1,0.0018220268,0,0.6877043247,nikitakent/solidity-simple-wallet
NEG_01319,0,0,0,1619,1,0.00051470805,0,0.6877043247,Nipol/ERC721yul
NEG_01320,0,0,0,1620,1,0.00082392414,0,0.6877043247,nirhoIas/Top-5-Cryptocurrency-APIs-for-Developers
NEG_01326,0,0,0,1626,1,0.0067290072,0,0.6877043247,Nishu0/anime_nft_marketplace
NEG_01329,0,0,0,1629,1,0.00033786814,0,0.6877043247,nixen2802/Blockchain-Python
NEG_01330,0,0,0,1630,1,0.00086340494,0,0.6877043247,njublockchain/web3research-etl
NEG_01333,0,0,0,1633,1,0.006937225,0,0.6877043247,Noahflx/ghost-wallets
NEG_01339,0,0,0,1639,1,0.020055205,0,0.6877043247,notbank-com/notbank-node
NEG_01341,0,0,0,1641,1,0.0013695831,0,0.6877043247,nrgapple/crypto-canvas-fe
NEG_01351,0,0,0,1651,1,0.0011267682,0,0.6877043247,OffcierCia/DeFi-Developer-Road-Map
NEG_01352,0,0,0,1652,1,0.0015016549,0,0.6877043247,OffcierCia/tips-solidity-code-auditors
NEG_01353,0,0,0,1653,1,0.0004117503,0,0.6877043247,OffcierCia/ultimate-defi-research-base
NEG_01356,0,0,0,1656,1,0.00035419146,0,0.6877043247,oguzhnatly/Cryptocurrency-Trade-FrontEnd-HTML-Page
NEG_01359,0,0,0,1659,1,0.0008449861,0,0.6877043247,okcashpro/okcash
NEG_01360,0,0,0,1660,1,0.0005057402,0,0.6877043247,OkeA-dev/StablePay
NEG_01368,0,0,0,1668,1,0.00566865,0,0.6877043247,omarakhmedov-web/metridex-showcase
NEG_01374,0,0,0,1674,1,0.0005871976,0,0.6877043247,OneMug-Coffee/onemug-link-in-bio
NEG_01376,0,0,0,1676,1,0.003298659,0,0.6877043247,ong/awesome-decentralized-finance
NEG_01383,0,0,0,1683,1,0.00026684423,0,0.6877043247,OpenTradingNetworkFoundation/otn-token
NEG_01384,0,0,0,1684,1,0.00819374,0,0.6877043247,Operaconga14/llama_flux
NEG_01386,0,0,0,1686,1,0.00023780821,0,0.6877043247,OpiumProtocol/erc721o
NEG_01387,0,0,0,1687,1,0.000271442,0,0.6877043247,OptimalLukasDev/Bitcoin-Wallet-finder
NEG_01395,0,0,0,1695,1,0.00022589741,0,0.6877043247,osmanballi/Clock_app_that_tracks_Bitcoin_and_Ethereum
NEG_01403,0,0,0,1703,1,0.0003254507,0,0.6877043247,pablopoggiog/polygon-name-service
NEG_01404,0,0,0,1704,1,0.0005172971,0,0.6877043247,pablwoAraujo/bitcoin-wallets
NEG_01405,0,0,0,1705,1,0.0016329499,0,0.6877043247,Pallavii-dev/Crypto-Transfer-web3
NEG_01406,0,0,0,1706,1,0.0047109295,0,0.6877043247,panaverse/defi-dapps-solidity-smart-contracts
NEG_01407,0,0,0,1707,1,0.008641052,0,0.6877043247,pancudaniel7/solidity-nft-auction
NEG_01418,0,0,0,1718,1,0.0002843376,0,0.6877043247,PaulLaux/eth-hot-wallet
NEG_01421,0,0,0,1721,1,0.00031607872,0,0.6877043247,pawanpaudel93/damn-vulnerable-defi
NEG_01422,0,0,0,1722,1,0.00048069228,0,0.6877043247,pawurb/Locker
NEG_01423,0,0,0,1723,1,0.0035036947,0,0.6877043247,PaymagicXYZ/lensmo-fe
NEG_01424,0,0,0,1724,1,0.0021669886,0,0.6877043247,pbouget/AlyraSolidityVoting
NEG_01431,0,0,0,1731,1,0.0017147232,0,0.6877043247,persistenceOne/persistenceWallet
NEG_01432,0,0,0,1732,1,0.0002991166,0,0.6877043247,peter571/crypto-stats
NEG_01435,0,0,0,1735,1,0.00033795656,0,0.6877043247,Phildo/ethbrute
NEG_01436,0,0,0,1736,1,0.0011740548,0,0.6877043247,PhilipAtEmcogma/CryptoKittiesNFTDapp
NEG_01444,0,0,0,1744,1,0.003326738,0,0.6877043247,Plycedes/rps-web3
NEG_01454,0,0,0,1754,1,0.020008396,0,0.6877043247,pragmaxim-com/bitcoin-explorer
NEG_01456,0,0,0,1756,1,0.00019141707,0,0.6877043247,pramaths/simplewallet
NEG_01457,0,0,0,1757,1,0.0029575638,0,0.6877043247,pranah/pranah
NEG_01461,0,0,0,1761,1,0.0001779668,0,0.6877043247,prateek096/OnlinePolling_Blockchain
NEG_01467,0,0,0,1767,1,0.0027956737,0,0.6877043247,problo/DeFireX-Contracts-V2
NEG_01472,0,0,0,1772,1,0.0018901862,0,0.6877043247,prokey-io/prokey-webcore
NEG_01474,0,0,0,1774,1,0.43216825,0,0.6877043247,Promish984/IC-Pad
NEG_01475,0,0,0,1775,1,0.00018835442,0,0.6877043247,protofire/autoglyphs
NEG_01476,0,0,0,1776,1,0.00035279745,0,0.6877043247,provinzio/CoinTaxman
NEG_01480,0,0,0,1780,1,0.0007290307,0,0.6877043247,Pymmdrza/Rich-Address-Wallet
NEG_01483,0,0,0,1783,1,0.0013596424,0,0.6877043247,qianq-jims/SmartBitcoin
NEG_01492,0,0,0,1792,1,0.0004548665,0,0.6877043247,quilime/evm-nft-contract-boilerplate
NEG_01498,0,0,0,1798,1,0.0004784749,0,0.6877043247,radixdlt/radix-dapp-toolkit
NEG_01502,0,0,0,1802,1,0.0018404059,0,0.6877043247,rafafortes/nft-ticket-system-ethereum
NEG_01521,0,0,0,1821,1,0.002272614,0,0.6877043247,raymondfam/defi-nft-marketplace-mumbai
NEG_01526,0,0,0,1826,1,0.00054612366,0,0.6877043247,rchak007/NFTArtMuseum
NEG_01536,0,0,0,1836,1,0.00030915873,0,0.6877043247,remston-dsa/remston-dsa-NFT-token-rendered-on-OpenSea-testnet-using-Brownie-IPFS-Web3-and-ERC721-standard
NEG_01540,0,0,0,1840,1,0.0028314604,0,0.6877043247,repirate/asset-recovery-tool
NEG_01544,0,0,0,1844,1,0.00017114183,0,0.6877043247,richard-ramos/solidity-diagram-gen
NEG_01549,0,0,0,1849,1,0.0012881744,0,0.6877043247,riteesh-ram/DeFi-Group-Insurance
NEG_01556,0,0,0,1856,1,0.00032898923,0,0.6877043247,robertcalvert/vscode-crypto-ticker
NEG_01557,0,0,0,1857,1,0.0005285635,0,0.6877043247,robhato/FFXIV-NFT-Smart-Contract
NEG_01558,0,0,0,1858,1,0.0033707602,0,0.6877043247,robin-rrt/crypto-cares
NEG_01567,0,0,0,1867,1,0.010923944,0,0.6877043247,Rohitw3code/web3-solidity-python
NEG_01572,0,0,0,1872,1,0.0016270183,0,0.6877043247,roxxy-lanre/Conduit
NEG_01578,0,0,0,1878,1,0.00016114765,0,0.6877043247,ruqqq/blockchainparser
NEG_01581,0,0,0,1881,1,0.0009886723,0,0.6877043247,rustyneuron01/NFT-Launchpad-Alkanes
NEG_01582,0,0,0,1882,1,0.00018197336,0,0.6877043247,rwth-acis/las2peer-registry-contracts
NEG_01588,0,0,0,1888,1,0.00051009987,0,0.6877043247,S-Amine/go-uni
NEG_01593,0,0,0,1893,1,0.0011936306,0,0.6877043247,safe-fndn/safe-smart-account
NEG_01596,0,0,0,1896,1,0.013936713,0,0.6877043247,Sahiru2007/Blockchain-based-healthcare-data-system-with-disease-prediction
NEG_01599,0,0,0,1899,1,0.0063699777,0,0.6877043247,Samarth208P/validator0x
NEG_01611,0,0,0,1911,1,0.0004940258,0,0.6877043247,SATO-Technologies/Hordes-Wallet
NEG_01612,0,0,0,1912,1,0.00064178236,0,0.6877043247,SatoshiPortal/bullbitcoin-mobile
NEG_01615,0,0,0,1915,1,0.00044016025,0,0.6877043247,saxenism/cryptoZombiesNFT
NEG_01617,0,0,0,1917,1,0.00020260604,0,0.6877043247,SBIP-Migration/aave-migrator
NEG_01618,0,0,0,1918,1,0.0002887622,0,0.6877043247,scaffold-eth/eth-components
NEG_01621,0,0,0,1921,1,0.00014694559,0,0.6877043247,ScopeLift/endaoment
NEG_01635,0,0,0,1935,1,0.00060613523,0,0.6877043247,setheum/setheum
NEG_01639,0,0,0,1939,1,0.0013539231,0,0.6877043247,Shahroz-Hussain-Dev/Wallet
NEG_01645,0,0,0,1945,1,0.021920143,0,0.6877043247,shapeshift/web
NEG_01655,0,0,0,1955,1,0.00456764,0,0.6877043247,ShredSecurity/protocol-deployment-checklist
NEG_01656,0,0,0,1956,1,0.00039767174,0,0.6877043247,ShrikantaMazumder/crypto-zombie
NEG_01660,0,0,0,1960,1,0.00022630747,0,0.6877043247,SiddharthaBhattacharjee/Python_Script_To_Access_Deployed_Smartcontract
NEG_01674,0,0,0,1974,1,0.00475666,0,0.6877043247,SkyPierIO/skypier-vpn
NEG_01679,0,0,0,1979,1,0.0004057474,0,0.6877043247,smart-account-starter/smart-account-starter
NEG_01686,0,0,0,1986,1,0.00027050855,0,0.6877043247,smartcontractkit/defi-minimal
NEG_01694,0,0,0,1994,1,0.00017940237,0,0.6877043247,solangegueiros/dapp-register
NEG_01696,0,0,0,1996,1,0.049835008,0,0.6877043247,solidityDev05/defi-by-example
NEG_01699,0,0,0,1999,1,0.001272221,0,0.6877043247,Solomon-0xGuardian/solana_guessing_game
NEG_01701,0,0,0,2001,1,0.00029854706,0,0.6877043247,somesh-banerjee/Hospital-Records-Blockchain
NEG_01711,0,0,0,2011,1,0.00030151563,0,0.6877043247,spotlightgroup/DonateDapp
NEG_01713,0,0,0,2013,1,0.0017079276,0,0.6877043247,springmacedonio-sys/Somnia-DeFi-Wallet
NEG_01717,0,0,0,2017,1,0.008733248,0,0.6877043247,SSSami22/Crypto
NEG_01724,0,0,0,2024,1,0.0003659905,0,0.6877043247,stellar/stellar-ledger-data-indexer
NEG_01728,0,0,0,2028,1,0.0004012029,0,0.6877043247,StevenMolina22/cryptocoin
NEG_01729,0,0,0,2029,1,0.0006300747,0,0.6877043247,Stor-Network/stor-blockchain
NEG_01732,0,0,0,2032,1,0.0013084287,0,0.6877043247,Strykr-Prism/realtime-crypto-price-api
NEG_01736,0,0,0,2036,1,0.000539402,0,0.6877043247,Sukoed/nft-minting-engine
NEG_01741,0,0,0,2041,1,0.0014832851,0,0.6877043247,Sunilshah-7/web3-blockchain-curve
NEG_01746,0,0,0,2046,1,0.0003197287,0,0.6877043247,SunWeb3Sec/DeFiVulnLabs
NEG_01760,0,0,0,2060,1,0.0020643706,0,0.6877043247,SwezyDev/MultiExodus
NEG_01763,0,0,0,2063,1,0.0011126021,0,0.6877043247,SXNGE4444/magic-crypto-app
NEG_01771,0,0,0,2071,1,0.0004174019,0,0.6877043247,Talent-Index/StableCoin-Project
NEG_01775,0,0,0,2075,1,0.0013250792,0,0.6877043247,tamjid0x01/awesome-smartcontract-hacking
NEG_01777,0,0,0,2077,1,0.0030429778,0,0.6877043247,tankbottoms/tiles-on-chain
NEG_01782,0,0,0,2082,1,0.000548174,0,0.6877043247,taoteh1221/Slideshow_Crypto_Ticker
NEG_01783,0,0,0,2083,1,0.00046381206,0,0.6877043247,tarun-upadhyay/the-matrix-labs-assignment
NEG_01788,0,0,0,2088,1,0.0006415974,0,0.6877043247,teal-finance/rainbow
NEG_01789,0,0,0,2089,1,0.008812849,0,0.6877043247,teamssUTXO/bitcoin_mcp
NEG_01793,0,0,0,2093,1,0.0002252597,0,0.6877043247,TegroTON/DEX-TON-contracts
NEG_01797,0,0,0,2097,1,0.0015470138,0,0.6877043247,Tenosia/Wallet-Multi-SDK
NEG_01799,0,0,0,2099,1,0.0035450985,0,0.6877043247,tesla809/erc-20-tutorial
NEG_01801,0,0,0,2101,1,0.00074665557,0,0.6877043247,Tezsure/plenty-wallet
NEG_01804,0,0,0,2104,1,0.0012309884,0,0.6877043247,the-sauravkumar/icp_token_wallet
NEG_01808,0,0,0,2108,1,0.0018249995,0,0.6877043247,TheDancingBananas/dancing-bananas-front-end
NEG_01813,0,0,0,2113,1,0.00020998037,0,0.6877043247,thirdweb-dev/thirdweb-cli
NEG_01814,0,0,0,2114,1,0.00021881316,0,0.6877043247,thisiskeanyvy/blocktracker
NEG_01820,0,0,0,2120,1,0.00063042034,0,0.6877043247,timyiu478/cryptocurrencies-blockchain-technologies-stanford
NEG_01822,0,0,0,2122,1,0.0003842745,0,0.6877043247,tintinweb/smart-contract-sanctuary-arbitrum
NEG_01839,0,0,0,2139,1,0.00030287867,0,0.6877043247,tr1sm0s1n/go-dapp-example
NEG_01843,0,0,0,2143,1,0.0004494309,0,0.6877043247,Trapesys/pandoras-box
NEG_01849,0,0,0,2149,1,0.00029963948,0,0.6877043247,trustless-fund/trustless-fund
NEG_01853,0,0,0,2153,1,0.0005203303,0,0.6877043247,tsauvajon/cryptoblobs
NEG_01858,0,0,0,2158,1,0.00095445616,0,0.6877043247,turtlemarket/contract
NEG_01864,0,0,0,2164,1,0.0005868059,0,0.6877043247,uhsr/BlockchainNftRegistryStudioPro
NEG_01865,0,0,0,2165,1,0.0019381092,0,0.6877043247,uhsr/BlockchainNFTVaultManagerCorePro
NEG_01867,0,0,0,2167,1,0.00070576,0,0.6877043247,uhsr/BlockchainNFTVaultManagerPlatformX
NEG_01871,0,0,0,2171,1,0.0021822087,0,0.6877043247,uhsr/CryptoShieldFramework
NEG_01873,0,0,0,2173,1,0.00022480077,0,0.6877043247,UMAprotocol/docs
NEG_01874,0,0,0,2174,1,0.0023472414,0,0.6877043247,UMAprotocol/protocol
NEG_01882,0,0,0,2182,1,0.00054854853,0,0.6877043247,uwu-labs/waifusion-site
NEG_01884,0,0,0,2184,1,0.00025367658,0,0.6877043247,valamicorp/top100token-ape-bot
NEG_01887,0,0,0,2187,1,0.00072034943,0,0.6877043247,VaultLayer/vaultlayer-sdk
NEG_01903,0,0,0,2203,1,0.0032961438,0,0.6877043247,viaweb3/cryptocast-desktop
NEG_01914,0,0,0,2214,1,0.01702053,0,0.6877043247,vishal-kr007/walletSmartContract
NEG_01917,0,0,0,2217,1,0.0002632441,0,0.6877043247,Vitali-workspace/Crypto-Testnet-Faucet
NEG_01918,0,0,0,2218,1,0.00047679624,0,0.6877043247,Vitalik-Hakim/antimony
NEG_01922,0,0,0,2222,1,0.00027521246,0,0.6877043247,vittominacori/solidity-starter-kit
NEG_01927,0,0,0,2227,1,0.0006873256,0,0.6877043247,vjgaur/bitcoin-wallet
NEG_01941,0,0,0,2241,1,0.0038684907,0,0.6877043247,WalletConnect/walletconnect-monorepo
NEG_01944,0,0,0,2244,1,0.0003952742,0,0.6877043247,WalletsTool/WalletsTool
NEG_01954,0,0,0,2254,1,0.0048332047,0,0.6877043247,WeaverFi/api
NEG_01960,0,0,0,2260,1,0.0020849411,0,0.6877043247,web3builder7/Diversehq
NEG_01974,0,0,0,2274,1,0.00068939273,0,0.6877043247,wilhelmagren/ethereum-dev
NEG_01976,0,0,0,2276,1,0.0017590591,0,0.6877043247,wilmacedo/wallet-discover-server
NEG_01983,0,0,0,2283,1,0.0002220413,0,0.6877043247,wslyvh/useWeb3
NEG_01986,0,0,0,2286,1,0.00021941631,0,0.6877043247,xaini-x/cross-chain-Bridge
NEG_01989,0,0,0,2289,1,0.0003137274,0,0.6877043247,xavierzho/dex-sdk
NEG_01990,0,0,0,2290,1,0.00018811283,0,0.6877043247,xBacked-DAO/algorand-wallet-select
NEG_01991,0,0,0,2291,1,0.00050416385,0,0.6877043247,xcncncnddddd/fundme_lesson
NEG_01993,0,0,0,2293,1,0.00265336,0,0.6877043247,xerion12/Dapp-algorand
NEG_01994,0,0,0,2294,1,0.00030650158,0,0.6877043247,xfolio-dao/xfolio-react-chrome
NEG_01996,0,0,0,2296,1,0.0056355987,0,0.6877043247,xPOURY4/crypto-toolkit
NEG_01997,0,0,0,2297,1,0.00043425112,0,0.6877043247,xqyet/BlockchainAddressSpoofer
NEG_02000,0,0,0,2300,1,0.0008638243,0,0.6877043247,xueqianLu/txpress
NEG_02002,0,0,0,2302,1,0.00040248947,0,0.6877043247,xyzerobtc/BitcoinPizzaNFT
NEG_02009,0,0,0,2309,1,0.0003219665,0,0.6877043247,yao-tx/CryptoZombies
NEG_02013,0,0,0,2313,1,0.0077749426,0,0.6877043247,yatharth1444/Token-Wallet-on-ICP-Blockchain
NEG_02015,0,0,0,2315,1,0.00030832514,0,0.6877043247,yeasy/blockchain_guide
NEG_02018,0,0,0,2318,1,0.014397261,0,0.6877043247,YieldHabitat/YieldHabitat_
NEG_02024,0,0,0,2324,1,0.00047950313,0,0.6877043247,YordanPavlov/BlockchainRoulette
NEG_02034,0,0,0,2334,1,0.0047620423,0,0.6877043247,Zaid-maker/web3-nft-game
NEG_02037,0,0,0,2337,1,0.001544002,0,0.6877043247,zenhuzaini/node-js-blockchain-bitcoin
NEG_02045,0,0,0,2345,1,0.0005889331,0,0.6877043247,zircuit-labs/web3-telegram-mini-app
NEG_02046,0,0,0,2346,1,0.040353045,0,0.6877043247,ZIYUT/nft-wallet-frontend
NEG_02049,0,0,0,2349,1,0.00029926834,0,0.6877043247,Zodomo/OrdinalDucks
F5_ai_media_demo,1,1,0,13,2,0.40581137,0,0.6877043247,eferos93/test4
F5_ai_media_demo,1,1,0,27,2,0.07678356,0,0.6877043247,Metaldadisbad/HacxGPT
F5_ai_media_demo,1,1,0,33,2,0.12915497,0,0.6877043247,rizvejoarder/SoraMax
F5_ai_media_demo,1,1,0,34,2,0.19035803,0,0.6877043247,shivas1432/sora2-watermark-remover
NEG_00002,0,0,0,302,2,0.0005485922,0,0.6877043247,0ryX/Blockchain-Miner
NEG_00006,0,0,0,306,2,0.005226265,0,0.6877043247,0xalberto/solana-crash-game
NEG_00015,0,0,0,315,2,0.0029466755,0,0.6877043247,0xGval/evm-mcp-tools
NEG_00018,0,0,0,318,2,0.0009283477,0,0.6877043247,0xisk/awesome-solidity-security
NEG_00031,0,0,0,331,2,0.0001595537,0,0.6877043247,0xTijan/coin-flip
NEG_00043,0,0,0,343,2,0.006710512,0,0.6877043247,339-Labs/wallet-platform-mpc-go
NEG_00048,0,0,0,348,2,0.0002483146,0,0.6877043247,94929/rock-paper-scissors
NEG_00051,0,0,0,351,2,0.00076525076,0,0.6877043247,a6b8/ascii-to-svg-generator-for-ruby
NEG_00054,0,0,0,354,2,0.00035283295,0,0.6877043247,aarambh-darshan/mini-blockchain
NEG_00058,0,0,0,358,2,0.003403552,0,0.6877043247,aawp-ai/aawp
NEG_00071,0,0,0,371,2,0.0005920265,0,0.6877043247,ada173/solidity-template
NEG_00072,0,0,0,372,2,0.017975088,0,0.6877043247,adam-art/SOLANA-PROJECT-v1.0
NEG_00081,0,0,0,381,2,0.03165956,0,0.6877043247,adityajkate/crypto-risk
NEG_00083,0,0,0,383,2,0.00022138303,0,0.6877043247,adrianhajdin/project_crowdfunding
NEG_00084,0,0,0,384,2,0.0002908788,0,0.6877043247,adrianhajdin/project_web3.0
NEG_00086,0,0,0,386,2,0.00025392798,0,0.6877043247,adrianmcli/eth95
NEG_00101,0,0,0,401,2,0.0038087366,0,0.6877043247,aggel008/defi-signal
NEG_00107,0,0,0,407,2,0.0008069836,0,0.6877043247,ahmedali8/hardhat-ts-template
NEG_00113,0,0,0,413,2,0.0021892337,0,0.6877043247,aidevrelagent/nama-repo-lowercase-dengan-dash-v2
NEG_00118,0,0,0,418,2,0.0002976995,0,0.6877043247,ajaysaini-sgvu/cryptocurrency-api
NEG_00141,0,0,0,441,2,0.0005277017,0,0.6877043247,alexharrod/cryptozombies
NEG_00147,0,0,0,447,2,0.0005437176,0,0.6877043247,alice-si/contracts
NEG_00148,0,0,0,448,2,0.025988946,0,0.6877043247,aliezzahn/crypto-chart
NEG_00155,0,0,0,455,2,0.006820362,0,0.6877043247,AllanOtieno254/SmartContractVendingMachine
NEG_00170,0,0,0,470,2,0.0006816042,0,0.6877043247,amurto/cryptoludo
NEG_00174,0,0,0,474,2,0.00023326659,0,0.6877043247,andrarwes/BlockChainApp
NEG_00177,0,0,0,477,2,0.00087901845,0,0.6877043247,andrejrakic/Pied-Piper-DeFi-App-Subspace-Demo-
NEG_00179,0,0,0,479,2,0.0003580717,0,0.6877043247,andycapaldo/hello-blockchain
NEG_00181,0,0,0,481,2,0.0005234081,0,0.6877043247,Aniket-Engg/sol-profiler-vscode
NEG_00182,0,0,0,482,2,0.0029521775,0,0.6877043247,ankitaryan404/nft-marketplace
NEG_00184,0,0,0,484,2,0.012466643,0,0.6877043247,annasudol/multi-signature-wallet
NEG_00192,0,0,0,492,2,0.00053726335,0,0.6877043247,Anugo1/Attest-Nft
NEG_00198,0,0,0,498,2,0.00084096944,0,0.6877043247,apeboard/pools
NEG_00199,0,0,0,499,2,0.00014398873,0,0.6877043247,Aperture-Finance/Aperture-Lens
NEG_00208,0,0,0,508,2,0.00040472392,0,0.6877043247,aranair/pine
NEG_00214,0,0,0,514,2,0.00085693336,0,0.6877043247,armorwallet/armor-crypto-mcp
NEG_00221,0,0,0,521,2,0.00019334698,0,0.6877043247,artem-bayandin/blockchain-samples
NEG_00222,0,0,0,522,2,0.0037892966,0,0.6877043247,arthur-reedy460y/web3cha
NEG_00226,0,0,0,526,2,0.004194911,0,0.6877043247,artimonist/artimonist-cli
NEG_00236,0,0,0,536,2,0.0007390125,0,0.6877043247,ASPPIBRA-DAO/DIGITAL_WORLD_REAL_ESTATE_MARKET
NEG_00240,0,0,0,540,2,0.0010492337,0,0.6877043247,attestate/kiwistand
NEG_00243,0,0,0,543,2,0.0002795932,0,0.6877043247,austintgriffith/burner-wallet
NEG_00244,0,0,0,544,2,0.00035701387,0,0.6877043247,Autosaida/DeFiHackAnalysis
NEG_00250,0,0,0,550,2,0.0021004495,0,0.6877043247,AymaanPathan/ClauseAI
NEG_00259,0,0,0,559,2,0.00055017095,0,0.6877043247,BadakalaYashwanth/Web-3Cryptocurrency-Wallet-Generator-Blockchain
NEG_00261,0,0,0,561,2,0.0070177736,0,0.6877043247,balancer/balancer-v2-monorepo
NEG_00265,0,0,0,565,2,0.010420261,0,0.6877043247,Bananapus/nana-fee-project-deployer
NEG_00271,0,0,0,571,2,0.0001786896,0,0.6877043247,batteringram-dev/Web3
NEG_00272,0,0,0,572,2,0.0024331526,0,0.6877043247,bavix/laravel-wallet
NEG_00273,0,0,0,573,2,0.044214755,0,0.6877043247,bc1plainview/opnet-builder
NEG_00274,0,0,0,574,2,0.006999582,0,0.6877043247,bchainexpt/Blockchain-wallet-andorid-app
NEG_00277,0,0,0,577,2,0.0028624919,0,0.6877043247,BeanstalkFarms/Beanstalk
NEG_00285,0,0,0,585,2,0.0005270251,0,0.6877043247,BertrandConxy/Lottery
NEG_00286,0,0,0,586,2,0.0033704673,0,0.6877043247,BeTechnologyCo/zkevm-boilerplate
NEG_00287,0,0,0,587,2,0.000680991,0,0.6877043247,bevry-archive/emailtowallet
NEG_00292,0,0,0,592,2,0.0033683742,0,0.6877043247,BibliothecaDAO/realms-react
NEG_00308,0,0,0,608,2,0.001993254,0,0.6877043247,bitquery/explorer
NEG_00309,0,0,0,609,2,0.0019258838,0,0.6877043247,bjboss007/flask-web3-solidity
NEG_00310,0,0,0,610,2,0.00021028912,0,0.6877043247,bkrem/react-nft-gallery
NEG_00311,0,0,0,611,2,0.00023998322,0,0.6877043247,blackalbino01/epic-nfts-ui
NEG_00312,0,0,0,612,2,0.0017779599,0,0.6877043247,BlackPeter13/LightningTipBot
NEG_00326,0,0,0,626,2,0.0019005104,0,0.6877043247,bloomwalletio/bloom
NEG_00327,0,0,0,627,2,0.0048598386,0,0.6877043247,Blueforce99/web3-bubble-portfolio
NEG_00329,0,0,0,629,2,0.00055579346,0,0.6877043247,bluewhale-protocol/bluewhale-trust
NEG_00332,0,0,0,632,2,0.00021436284,0,0.6877043247,bomzj/newbits
NEG_00334,0,0,0,634,2,0.00021709311,0,0.6877043247,bostonlink/blockexplorer
NEG_00339,0,0,0,639,2,0.0019107296,0,0.6877043247,BraisCabo/Decentralized-Crypto-Casino
NEG_00341,0,0,0,641,2,0.00022412941,0,0.6877043247,brendansiraky/solidity-nft-mint-contract
NEG_00346,0,0,0,646,2,0.00039054223,0,0.6877043247,btcltceth/crypto_explorer
NEG_00358,0,0,0,658,2,0.0002681692,0,0.6877043247,c-bruce/SharedWallet
NEG_00360,0,0,0,660,2,0.0032528609,0,0.6877043247,caiovicentino/debank-mcp-server
NEG_00363,0,0,0,663,2,0.0013535685,0,0.6877043247,calintzy/evmscope
NEG_00365,0,0,0,665,2,0.00033350475,0,0.6877043247,canyon-network/canyon
NEG_00370,0,0,0,670,2,0.0013333312,0,0.6877043247,carmenbickel/NFT-Collection
NEG_00371,0,0,0,671,2,0.002983955,0,0.6877043247,CateryaTech/tradeforge
NEG_00376,0,0,0,676,2,0.0005000872,0,0.6877043247,Certora/CertoraProver
NEG_00380,0,0,0,680,2,0.0039742175,0,0.6877043247,ChainInsighter/Ondo-Flux-Finance
NEG_00398,0,0,0,698,2,0.051033527,0,0.6877043247,chmajidnaeem/blockchain-bitcoin
NEG_00405,0,0,0,705,2,0.0006081087,0,0.6877043247,citadelgrad/crypto-commando
NEG_00408,0,0,0,708,2,0.0014201921,0,0.6877043247,classicshi/web3-decoder
NEG_00413,0,0,0,713,2,0.0010018989,0,0.6877043247,cmandar24/Ethereum-Private-Key-Generator
NEG_00415,0,0,0,715,2,0.0046765395,0,0.6877043247,coccoinomane/crabada.py
NEG_00423,0,0,0,723,2,0.00070594926,0,0.6877043247,codeVirtuoso21/NFT-marketplace-cryptoBoys
NEG_00425,0,0,0,725,2,0.0007511678,0,0.6877043247,codex-protocol/service.eel
NEG_00426,0,0,0,726,2,0.0050325785,0,0.6877043247,CODEX108/FINAL-BLOCKSPIRIT
NEG_00428,0,0,0,728,2,0.0013429417,0,0.6877043247,coin-worx/ethereum-voting-demo
NEG_00430,0,0,0,730,2,0.0008133046,0,0.6877043247,coinbase/coinbase-wallet-sdk
NEG_00435,0,0,0,735,2,0.0001871084,0,0.6877043247,coming-chat/wallet-SDK
NEG_00436,0,0,0,736,2,0.00054557534,0,0.6877043247,compound-finance/palisade
NEG_00439,0,0,0,739,2,0.00039508656,0,0.6877043247,ConsenSys-archive/vscode-ext
NEG_00442,0,0,0,742,2,0.0003206264,0,0.6877043247,ConsenSysMesh/live-libs
NEG_00445,0,0,0,745,2,0.0007180907,0,0.6877043247,ConstanzaOriana/RealEstate_dApp
NEG_00451,0,0,0,751,2,0.004072595,0,0.6877043247,courtney-haley/SUPERIO-DeFi-Yield-Farm
NEG_00457,0,0,0,757,2,0.012866424,0,0.6877043247,crcristian97/solidity-nft-contract
NEG_00462,0,0,0,762,2,0.00049983914,0,0.6877043247,crpdev/decentralised-ebay
NEG_00465,0,0,0,765,2,0.0006114944,0,0.6877043247,crypto-crawler/crypto-ohlcv
NEG_00468,0,0,0,768,2,0.003224637,0,0.6877043247,crypto1014/NFT-marketplace
NEG_00481,0,0,0,781,2,0.0036697988,0,0.6877043247,Cryptorubic/multi-proxy-rubic
NEG_00482,0,0,0,782,2,0.0016875956,0,0.6877043247,cryptosguru/nft_terra_cosmwasm
NEG_00486,0,0,0,786,2,0.0054634265,0,0.6877043247,cunarist/solie
NEG_00490,0,0,0,790,2,0.0008043044,0,0.6877043247,cypherium/uniswap-interface-cypherium
NEG_00493,0,0,0,793,2,0.00013194607,0,0.6877043247,czhc/bookmarks
NEG_00495,0,0,0,795,2,0.00024776073,0,0.6877043247,D-Y-So/Blockchain_Project
NEG_00497,0,0,0,797,2,0.28037336,0,0.6877043247,Dadel-1/Polymarket-CopyTrading
NEG_00500,0,0,0,800,2,0.0010146323,0,0.6877043247,Daltonic/dappCinemasX
NEG_00505,0,0,0,805,2,0.00019888954,0,0.6877043247,danieltantonio/SharedWallet_Solidity
NEG_00506,0,0,0,806,2,0.00038413258,0,0.6877043247,danielwpz/nft-linkdrop
NEG_00513,0,0,0,813,2,0.0009778789,0,0.6877043247,dappforce/polkaverse
NEG_00518,0,0,0,818,2,0.00019247895,0,0.6877043247,dappuniversity/hd_wallet
NEG_00522,0,0,0,822,2,0.0009907698,0,0.6877043247,darkgrovelabs/sec3hub
NEG_00526,0,0,0,826,2,0.0011651375,0,0.6877043247,daulathussain/nfts-api-starter-file
NEG_00527,0,0,0,827,2,0.00022587655,0,0.6877043247,davdotsol/react-and-web3-demo-app
NEG_00528,0,0,0,828,2,0.00080249534,0,0.6877043247,davdotsol/uniswap-v2-defi-app
NEG_00535,0,0,0,835,2,0.0051564206,0,0.6877043247,DeCleanup-Network/contracts-evm
NEG_00551,0,0,0,851,2,0.0058438405,0,0.6877043247,DemocracyEarth/wallet
NEG_00552,0,0,0,852,2,0.00085902907,0,0.6877043247,Denis345/blockchain-automation-tool
NEG_00557,0,0,0,857,2,0.00020244982,0,0.6877043247,DePayFi/depay-claimable-nft-airdrops
NEG_00560,0,0,0,860,2,0.0010396908,0,0.6877043247,desbenn/defi-arbitrage
NEG_00566,0,0,0,866,2,0.0008012044,0,0.6877043247,DevAyomi/Smart-Wallet-
NEG_00575,0,0,0,875,2,0.011777887,0,0.6877043247,Dharma256/solidity-multisig-wallet-56
NEG_00579,0,0,0,879,2,0.0041051856,0,0.6877043247,dhiraj0911/bitcoin-wallet
NEG_00585,0,0,0,885,2,0.00017487184,0,0.6877043247,DimarcoKevin/CryptoZombies
NEG_00588,0,0,0,888,2,0.0030579227,0,0.6877043247,diorwave/solana-blockchain-development
NEG_00589,0,0,0,889,2,0.00032431094,0,0.6877043247,distbit0/coinStats
NEG_00590,0,0,0,890,2,0.34887427,0,0.6877043247,DixDev1621/BLOCKCHAIN-DeFi-Router
NEG_00591,0,0,0,891,2,0.001383232,0,0.6877043247,DjibrilM/strike-wallet
NEG_00598,0,0,0,898,2,0.0023306534,0,0.6877043247,dojimanetwork/web3fy-go
NEG_00599,0,0,0,899,2,0.00040223726,0,0.6877043247,domechn/track3
NEG_00601,0,0,0,901,2,0.0005020102,0,0.6877043247,donnywin85/defi-yield-aggregator
NEG_00609,0,0,0,909,2,0.0017998068,0,0.6877043247,DrLinuxOfficial/CryptoWallet-Cracker
NEG_00610,0,0,0,910,2,0.0010898318,0,0.6877043247,drpcorg/dshackle
NEG_00617,0,0,0,917,2,0.009592748,0,0.6877043247,dvvrtmshra/StellarPay
NEG_00618,0,0,0,918,2,0.00062860694,0,0.6877043247,dydxprotocol/protocol_v1
NEG_00619,0,0,0,919,2,0.0019148509,0,0.6877043247,Dyslex7c/DefiYieldOptimizer
NEG_00620,0,0,0,920,2,0.00029697834,0,0.6877043247,ebellocchia/erc20_splitter
NEG_00628,0,0,0,928,2,0.0056831283,0,0.6877043247,el-noir/MedicAi
NEG_00629,0,0,0,929,2,0.0054764273,0,0.6877043247,eldorado-Coder/NFT-marketplace-smart-contract
NEG_00631,0,0,0,931,2,0.0034253579,0,0.6877043247,Elmanilov/CastClaim
NEG_00643,0,0,0,943,2,0.0015176487,0,0.6877043247,Emmanuel-213/MyFirstSmartContract
NEG_00651,0,0,0,951,2,0.009817694,0,0.6877043247,Enricrypto/arb-wave-flashloans-arbitrage
NEG_00660,0,0,0,960,2,0.008270151,0,0.6877043247,ERC4626-Alliance/sup-web-4626
NEG_00669,0,0,0,969,2,0.00019824336,0,0.6877043247,EthereumCommonwealth/Auditing
NEG_00674,0,0,0,974,2,0.0002875622,0,0.6877043247,EtherTW/LogoVote2017
NEG_00677,0,0,0,977,2,0.0019821422,0,0.6877043247,Ev3rlasting/Sui-Vanity-Wallet-Generator
NEG_00678,0,0,0,978,2,0.003846936,0,0.6877043247,everstake/wallet-sdk
NEG_00679,0,0,0,979,2,0.0003941514,0,0.6877043247,everx-labs/everdev
NEG_00694,0,0,0,994,2,0.008933998,0,0.6877043247,Fabischu2008/Vinechain
NEG_00700,0,0,0,1000,2,0.0009141533,0,0.6877043247,faizack/Supply-Chain-Blockchain
NEG_00701,0,0,0,1001,2,0.001108304,0,0.6877043247,falila/smart-contract-interpreter
NEG_00706,0,0,0,1006,2,0.0002500363,0,0.6877043247,FazioNico/meta-gotchi
NEG_00707,0,0,0,1007,2,0.000950145,0,0.6877043247,fbsobreira/gotron-sdk
NEG_00710,0,0,0,1010,2,0.0070718764,0,0.6877043247,fewwwww/awesome-uniswap-hooks
NEG_00720,0,0,0,1020,2,0.00042016065,0,0.6877043247,flappyagent/flappy-bird-solidity-2
NEG_00721,0,0,0,1021,2,0.00019569094,0,0.6877043247,flexa/collateral-manager
NEG_00722,0,0,0,1022,2,0.0005129219,0,0.6877043247,floranguyen0/nft-marketplace
NEG_00727,0,0,0,1027,2,0.0022276232,0,0.6877043247,forward0507/Dexordi-BE
NEG_00730,0,0,0,1030,2,0.0018284468,0,0.6877043247,frankdev7/bootcamp-solidity-defi
NEG_00733,0,0,0,1033,2,0.00028410647,0,0.6877043247,FredericRezeau/soroban-snooker
NEG_00743,0,0,0,1043,2,0.0021984715,0,0.6877043247,fxop0218/DEFI-aave-JS-Solidity
NEG_00755,0,0,0,1055,2,0.00066727475,0,0.6877043247,geraldoramos/crypto-bar
NEG_00756,0,0,0,1056,2,0.00025136647,0,0.6877043247,getgems-community-tact/nft-template-editable
NEG_00757,0,0,0,1057,2,0.0012770626,0,0.6877043247,getsafle/safle-identity-wallet
NEG_00764,0,0,0,1064,2,0.0011031181,0,0.6877043247,gizdusum/hermes-blockchain-oracle
NEG_00767,0,0,0,1067,2,0.00019547032,0,0.6877043247,glitznerf/blockchain_banking_system
NEG_00771,0,0,0,1071,2,0.00025236254,0,0.6877043247,gnosis/reth-util
NEG_00772,0,0,0,1072,2,0.0033475778,0,0.6877043247,gobeyondfj-cmd/cryptoagent-ai
NEG_00774,0,0,0,1074,2,0.025893338,0,0.6877043247,gokcearda/OwlToken
NEG_00785,0,0,0,1085,2,0.010451145,0,0.6877043247,gsachin1809/bitcoin_wallet
NEG_00786,0,0,0,1086,2,0.0014401026,0,0.6877043247,gskril/mnemonic-guesser
NEG_00787,0,0,0,1087,2,0.0008438657,0,0.6877043247,guider23/CryptoShare
NEG_00788,0,0,0,1088,2,0.0004005437,0,0.6877043247,guillaumelauzier/rootstock-NFT
NEG_00792,0,0,0,1092,2,0.0001668905,0,0.6877043247,gurnec/btcrecover
NEG_00802,0,0,0,1102,2,0.00048598036,0,0.6877043247,HAECHI-LABS/vvisp
NEG_00806,0,0,0,1106,2,0.0002831241,0,0.6877043247,HandyDudes/ETH-NFT-buildspace
NEG_00807,0,0,0,1107,2,0.0011188708,0,0.6877043247,Hany-Almnaem/Solana-Documents-as-NFTs-in-a-wallet-Project
NEG_00808,0,0,0,1108,2,0.00021839108,0,0.6877043247,hanzopgp/CryptoZombies
NEG_00817,0,0,0,1117,2,0.070072986,0,0.6877043247,harshit180704/aave-credit-scoring
NEG_00818,0,0,0,1118,2,0.00041953768,0,0.6877043247,Harukite/wallets-generate
NEG_00832,0,0,0,1132,2,0.050352495,0,0.6877043247,hi-riddhi/AaveV2-CreditScoring
NEG_00834,0,0,0,1134,2,0.0002768615,0,0.6877043247,hilalsidhic/waveportal-Web3-and-solidity
NEG_00836,0,0,0,1136,2,0.002595881,0,0.6877043247,hilmikt/Web3
NEG_00838,0,0,0,1138,2,0.0005620522,0,0.6877043247,hippogriff-dev/baby-swap
NEG_00845,0,0,0,1145,2,0.003228112,0,0.6877043247,HongThaiPham/plugin-u2u
NEG_00855,0,0,0,1155,2,0.0002773376,0,0.6877043247,hsharshshukla/SmartContractL
NEG_00857,0,0,0,1157,2,0.00047194373,0,0.6877043247,hugoclrd/clearness
NEG_00873,0,0,0,1173,2,0.0018922555,0,0.6877043247,IBQ-SUP/b-rad-coin
NEG_00874,0,0,0,1174,2,0.0007127849,0,0.6877043247,ibrahimjspy/defi-portfolio-tracker
NEG_00881,0,0,0,1181,2,0.00038144135,0,0.6877043247,ihaveCred/OfflineSignProvider
NEG_00887,0,0,0,1187,2,0.00022995837,0,0.6877043247,imfrodobaggins/metabullrage
NEG_00888,0,0,0,1188,2,0.00022569657,0,0.6877043247,Imperial-Group-19/contracts
NEG_00892,0,0,0,1192,2,0.0033513631,0,0.6877043247,input-output-hk/daedalus
NEG_00904,0,0,0,1204,2,0.0001266562,0,0.6877043247,itstargetconfirmed/wrapped-ether
NEG_00907,0,0,0,1207,2,0.0013173097,0,0.6877043247,Ivy-Apps/ivy-wallet
NEG_00921,0,0,0,1221,2,0.00017530691,0,0.6877043247,Jahankohan/NFT-Marketplace
NEG_00922,0,0,0,1222,2,0.00017977206,0,0.6877043247,Jahankohan/NFTWhiteListing
NEG_00923,0,0,0,1223,2,0.0014801781,0,0.6877043247,Jain-Sameer/DecentralizedStableCoin
NEG_00925,0,0,0,1225,2,0.0010599429,0,0.6877043247,JamBrains/jam-docs
NEG_00931,0,0,0,1231,2,0.006833433,0,0.6877043247,Janus-chan/ZkSync_Accounts
NEG_00932,0,0,0,1232,2,0.009435563,0,0.6877043247,jaoleal/chainpass
NEG_00938,0,0,0,1238,2,0.0023977219,0,0.6877043247,jasonjgarcia24/web3-ether-talent-pool
NEG_00941,0,0,0,1241,2,0.00034329377,0,0.6877043247,javascript-pro/crypto-casino
NEG_00943,0,0,0,1243,2,0.0015686316,0,0.6877043247,jay-Anonymous/CryptoLedger
NEG_00948,0,0,0,1248,2,0.0012320933,0,0.6877043247,Jeff1010-web/NFT-marketplace
NEG_00964,0,0,0,1264,2,0.0019636445,0,0.6877043247,jocruz/LostCatsUi
NEG_00965,0,0,0,1265,2,0.0015630019,0,0.6877043247,JoeanSteinbock/crypto-price-tracker
NEG_00968,0,0,0,1268,2,0.00044199196,0,0.6877043247,johnsonstephan/awesome-web3-formal-verification
NEG_00976,0,0,0,1276,2,0.00019169414,0,0.6877043247,joshaustintech/ethereum-portfolio
NEG_00978,0,0,0,1278,2,0.013735898,0,0.6877043247,JoshuaDevCo/defi-arb
NEG_00984,0,0,0,1284,2,0.00017951857,0,0.6877043247,jualexandre/crypto-zombies
NEG_00985,0,0,0,1285,2,0.0010211836,0,0.6877043247,juanemmanuelpd/NFT-Marketplace
NEG_00986,0,0,0,1286,2,0.00038510773,0,0.6877043247,JuanXavier/DEX_React
NEG_00994,0,0,0,1294,2,0.00022137944,0,0.6877043247,junowoz/smartContracts
NEG_00997,0,0,0,1297,2,0.0003073071,0,0.6877043247,kaamil-ahamadh/web3-ico-app
NEG_01000,0,0,0,1300,2,0.002515417,0,0.6877043247,KareimGazer/Blockchain-Sim
NEG_01004,0,0,0,1304,2,0.038715124,0,0.6877043247,Kartikey353/Bitcoin-WalletCmd
NEG_01006,0,0,0,1306,2,0.00023158506,0,0.6877043247,KashifCh-eth/Lottery-Smart-contract
NEG_01007,0,0,0,1307,2,0.0017441523,0,0.6877043247,katya201165/NFT-platform-lending
NEG_01013,0,0,0,1313,2,0.0013688508,0,0.6877043247,Kazopl/nft-marketplace-signatures
NEG_01027,0,0,0,1327,2,0.03901028,0,0.6877043247,keshav200215/SmartBlock
NEG_01029,0,0,0,1329,2,0.0004446804,0,0.6877043247,KevinSmall/blockchain3d
NEG_01034,0,0,0,1334,2,0.000610994,0,0.6877043247,khaled-305/crypto-order-book
NEG_01041,0,0,0,1341,2,0.0001941826,0,0.6877043247,kingstarfly/nft_pendle
NEG_01047,0,0,0,1347,2,0.00031332028,0,0.6877043247,klever-io/kos-rs
NEG_01054,0,0,0,1354,2,0.0041582473,0,0.6877043247,KOSASIH/GEE-Platform
NEG_01061,0,0,0,1361,2,0.00059066876,0,0.6877043247,krushangSk17/Interaction_with_SmartContract
NEG_01063,0,0,0,1363,2,0.0019136219,0,0.6877043247,kshaveen13/vaulte8
NEG_01068,0,0,0,1368,2,0.0013030234,0,0.6877043247,kushal-g/Bitcoin-Wallet
NEG_01084,0,0,0,1384,2,0.008803466,0,0.6877043247,layer3xyz/cubes
NEG_01090,0,0,0,1390,2,0.006917249,0,0.6877043247,lee-seokmin/BlockChainVotingSystem
NEG_01100,0,0,0,1400,2,0.0047617825,0,0.6877043247,lifinance/contracts
NEG_01111,0,0,0,1411,2,0.00077563967,0,0.6877043247,Logarithm-Labs/basis-mcp-server
NEG_01112,0,0,0,1412,2,0.0002512426,0,0.6877043247,LondheShubham153/falcon-nft
NEG_01113,0,0,0,1413,2,0.02697565,0,0.6877043247,Lopes-Marcio/chia-blockchain
NEG_01117,0,0,0,1417,2,0.00033819248,0,0.6877043247,lsw6684/Ethereum
NEG_01118,0,0,0,1418,2,0.091205,0,0.6877043247,luca-nik/Blockchain_ResearchLead_Assignements
NEG_01120,0,0,0,1420,2,0.00033412437,0,0.6877043247,lucaliebenberg/_cryptoKids-solidity-contract
NEG_01121,0,0,0,1421,2,0.0012558127,0,0.6877043247,lucas54neves/crypto-address-generator
NEG_01131,0,0,0,1431,2,0.00029827934,0,0.6877043247,madilraza/BlockChain-Vtraders.pro-Project-
NEG_01134,0,0,0,1434,2,0.0018806538,0,0.6877043247,MahadISL/Web3-App----Smart-Contract
NEG_01146,0,0,0,1446,2,0.000561714,0,0.6877043247,manufy/crypto-experiments
NEG_01151,0,0,0,1451,2,0.0022933893,0,0.6877043247,mariam9woecloud773/Kiichain
NEG_01175,0,0,0,1475,2,0.00044835813,0,0.6877043247,mchtter/zku-web3
NEG_01178,0,0,0,1478,2,0.00035903923,0,0.6877043247,mehmethalis/blockchain-cryptocurrency-implementation
NEG_01181,0,0,0,1481,2,0.0005690329,0,0.6877043247,mellow-finance/mellow-vaults
NEG_01185,0,0,0,1485,2,0.0002530654,0,0.6877043247,merklejerk/flex-contract
NEG_01190,0,0,0,1490,2,0.0031092656,0,0.6877043247,messari/subgraphs
NEG_01193,0,0,0,1493,2,0.00034559684,0,0.6877043247,mexak/bitcoin
NEG_01196,0,0,0,1496,2,0.00071063684,0,0.6877043247,mgysel/nft-ticketing
NEG_01200,0,0,0,1500,2,0.0005538648,0,0.6877043247,michael-spengler/blockchain-technologie-und-anwendungsgebiete-vorlesungsreihe
NEG_01202,0,0,0,1502,2,0.00081748405,0,0.6877043247,michal3pol/tickeDapp
NEG_01206,0,0,0,1506,2,0.00027596657,0,0.6877043247,mikeservices1/wallet_stealer-
NEG_01221,0,0,0,1521,2,0.00030729244,0,0.6877043247,Mo-Ali98/mint-your-nft
NEG_01223,0,0,0,1523,2,0.00086451054,0,0.6877043247,mogipatangan/cryptozombies-sol-101
NEG_01232,0,0,0,1532,2,0.0065511586,0,0.6877043247,Monyancha/Reown-Wallet-Connect
NEG_01233,0,0,0,1533,2,0.0001826245,0,0.6877043247,Mooninghnk/ethreum-wallet
NEG_01234,0,0,0,1534,2,0.01781289,0,0.6877043247,moonsly/crypto-wallets
NEG_01235,0,0,0,1535,2,0.0010469108,0,0.6877043247,moonstream-to/api
NEG_01237,0,0,0,1537,2,0.0049100677,0,0.6877043247,morpho-org/morpho-aavev3-optimizer
NEG_01239,0,0,0,1539,2,0.011081416,0,0.6877043247,motorHillary/polymarket-copy-trading-bot
NEG_01240,0,0,0,1540,2,0.00030219508,0,0.6877043247,Moyintech/First-nft-project
NEG_01242,0,0,0,1542,2,0.00012915138,0,0.6877043247,mradkov/decentralized-dns
NEG_01249,0,0,0,1549,2,0.00034124413,0,0.6877043247,mrsaad07/PropChain
NEG_01251,0,0,0,1551,2,0.00085449615,0,0.6877043247,mrtnetwork/ton_dart
NEG_01255,0,0,0,1555,2,0.00028421349,0,0.6877043247,mtorry225/NFT-Collection
NEG_01258,0,0,0,1558,2,0.000258141,0,0.6877043247,mujtaba1747/wave-eth-solidity
NEG_01259,0,0,0,1559,2,0.00020450633,0,0.6877043247,MukeshMano19/BlockchainApp-CryptoCurrency-Exchange
NEG_01262,0,0,0,1562,2,0.00031658084,0,0.6877043247,Multy-io/Multy-Android
NEG_01263,0,0,0,1563,2,0.000247641,0,0.6877043247,Multy-io/Multy-back
NEG_01265,0,0,0,1565,2,0.003978799,0,0.6877043247,museum-of-war/nft
NEG_01269,0,0,0,1569,2,0.0028942106,0,0.6877043247,mx-space/kami
NEG_01272,0,0,0,1572,2,0.0005592012,0,0.6877043247,MyCryptoHQ/MyCrypto
NEG_01273,0,0,0,1573,2,0.00031102242,0,0.6877043247,MyEtherWallet/MyEtherWallet
NEG_01274,0,0,0,1574,2,0.00058571156,0,0.6877043247,mygo-ecosystem/OSSWallet-non-custodial-crypto-wallet
NEG_01280,0,0,0,1580,2,0.00030309072,0,0.6877043247,naman159/Blockchain_Cryptocurrency
NEG_01281,0,0,0,1581,2,0.00039848668,0,0.6877043247,namesys-eth/istest-eth
NEG_01284,0,0,0,1584,2,0.016733984,0,0.6877043247,nassirou-N/defi_crypto
NEG_01285,0,0,0,1585,2,0.014300836,0,0.6877043247,nathaniel-cmd/defi-native-nft-exchange
NEG_01287,0,0,0,1587,2,0.0008083871,0,0.6877043247,nazar-pc/abundance
NEG_01318,0,0,0,1618,2,0.00026679083,0,0.6877043247,nimiq/php-xpub
NEG_01331,0,0,0,1631,2,0.005379718,0,0.6877043247,nktkas/hyperliquid
NEG_01335,0,0,0,1635,2,0.00046782588,0,0.6877043247,noditlabs/nodit-mcp-server
NEG_01338,0,0,0,1638,2,0.0003810659,0,0.6877043247,Normalizex/1inch-api-v4
NEG_01345,0,0,0,1645,2,0.00033875185,0,0.6877043247,nuts-foundation/crypto-ecies
NEG_01347,0,0,0,1647,2,0.00047630403,0,0.6877043247,NyanyanKat/Crypto_Lottery_Solidity
NEG_01350,0,0,0,1650,2,0.0035901945,0,0.6877043247,ocalvet/bitcoin-wallet
NEG_01357,0,0,0,1657,2,0.00057935406,0,0.6877043247,ohkuku/kurypto-wallet
NEG_01358,0,0,0,1658,2,0.00024218664,0,0.6877043247,oishii-pg-gohan/myCryptoZombie
NEG_01362,0,0,0,1662,2,0.00066800264,0,0.6877043247,okx/js-wallet-sdk
NEG_01366,0,0,0,1666,2,0.0067233397,0,0.6877043247,olivermen/bitcoin-wallet-create-app
NEG_01375,0,0,0,1675,2,0.00034883997,0,0.6877043247,OnGridSystems/erc20_airdrop_cli
NEG_01381,0,0,0,1681,2,0.0054797814,0,0.6877043247,openocean-finance/OpenOcean-API-Examples
NEG_01385,0,0,0,1685,2,0.0026760548,0,0.6877043247,opiethehokie/pfp-template
NEG_01394,0,0,0,1694,2,0.0003265463,0,0.6877043247,orweinberger/blockchain-dashboard
NEG_01401,0,0,0,1701,2,0.00030799874,0,0.6877043247,P4-Games/VeriTrust-SmartContracts
NEG_01425,0,0,0,1725,2,0.00024650837,0,0.6877043247,pcaversaccio/createx
NEG_01427,0,0,0,1727,2,0.00025727268,0,0.6877043247,peace-source/bitcoin-bridge
NEG_01428,0,0,0,1728,2,0.00385896,0,0.6877043247,PeggyJV/sommelier
NEG_01429,0,0,0,1729,2,0.00026185857,0,0.6877043247,pepekingbnb/pepe-contracts
NEG_01441,0,0,0,1741,2,0.0009364925,0,0.6877043247,PL2134/Capstone-Project
NEG_01449,0,0,0,1749,2,0.0076635825,0,0.6877043247,polkadot-js/apps
NEG_01450,0,0,0,1750,2,0.0002052148,0,0.6877043247,Polkaverse/Substrate-Chain-to-deploy-Smart-Contract
NEG_01452,0,0,0,1752,2,0.0010599489,0,0.6877043247,PolymathNetwork/polymath-core-deprecated
NEG_01453,0,0,0,1753,2,0.00026434747,0,0.6877043247,powerpool-finance/power-oracle-contracts
NEG_01455,0,0,0,1755,2,0.0023559637,0,0.6877043247,PrakyathReddy/CryptoDevs-NFT-Collection
NEG_01459,0,0,0,1759,2,0.0011979738,0,0.6877043247,prashantprabhakar/p-ethereum
NEG_01464,0,0,0,1764,2,0.058331948,0,0.6877043247,prental/Defiewallet.crypto
NEG_01465,0,0,0,1765,2,0.00030966967,0,0.6877043247,prgblockweek/prague-blockchain-week
NEG_01468,0,0,0,1768,2,0.0119547825,0,0.6877043247,PROFADAM/defi-token
NEG_01473,0,0,0,1773,2,0.0014630862,0,0.6877043247,PromiseGameFi/cyrrus-contract
NEG_01477,0,0,0,1777,2,0.0001835191,0,0.6877043247,pubkey/eth-crypto
NEG_01487,0,0,0,1787,2,0.0005473718,0,0.6877043247,quang1225/GoFox-Frontend
NEG_01491,0,0,0,1791,2,0.00040731332,0,0.6877043247,Quiark/Roboth.web3
NEG_01494,0,0,0,1794,2,0.0013287979,0,0.6877043247,R3D4NG3L/DebankScripts
NEG_01506,0,0,0,1806,2,0.0008374023,0,0.6877043247,rainbow-me/rainbow
NEG_01509,0,0,0,1809,2,0.0002038069,0,0.6877043247,raj-pranav/learn-solidity
NEG_01517,0,0,0,1817,2,0.00046349433,0,0.6877043247,rarepepi/nft-data
NEG_01518,0,0,0,1818,2,0.00070447044,0,0.6877043247,Rashi1005/Reputation-Forge-Crypto-Credit-Score-DApp
NEG_01519,0,0,0,1819,2,0.00033810866,0,0.6877043247,RavikantShinde05/Ethers_Academy
NEG_01525,0,0,0,1825,2,0.0010328685,0,0.6877043247,RCarmelaVO/qhatuy-wallet
NEG_01530,0,0,0,1830,2,0.00036177246,0,0.6877043247,redacademy/ethereum-graphql
NEG_01537,0,0,0,1837,2,0.0006995221,0,0.6877043247,renpool/renpool-contracts
NEG_01538,0,0,0,1838,2,0.0016453884,0,0.6877043247,reown-com/appkit
NEG_01542,0,0,0,1842,2,0.0002903028,0,0.6877043247,RFMCR/Platzi_ETHDeveloperProgram2023
NEG_01545,0,0,0,1845,2,0.0009402708,0,0.6877043247,rickstewartdev/Dbank
NEG_01546,0,0,0,1846,2,0.0007986196,0,0.6877043247,riglr/riglr
NEG_01554,0,0,0,1854,2,0.0014582388,0,0.6877043247,rm4328-d/web3de4
NEG_01563,0,0,0,1863,2,0.00023563742,0,0.6877043247,rohanhraj/MultiSignature-Wallet-SmartContract
NEG_01573,0,0,0,1873,2,0.00018700905,0,0.6877043247,roysowah/solarwind
NEG_01575,0,0,0,1875,2,0.0019937484,0,0.6877043247,rstkey/whitelist_token
NEG_01583,0,0,0,1883,2,0.0007879039,0,0.6877043247,rxhul18/DeWall
NEG_01591,0,0,0,1891,2,0.0017339265,0,0.6877043247,saaim23/QuantPilot
NEG_01594,0,0,0,1894,2,0.0011364791,0,0.6877043247,safeblock-com/dex_contract
NEG_01600,0,0,0,1900,2,0.0005319833,0,0.6877043247,sambacha/compendium
NEG_01601,0,0,0,1901,2,0.0007950853,0,0.6877043247,sambacha/create-subgraph-app
NEG_01604,0,0,0,1904,2,0.00777779,0,0.6877043247,sanjibbaral435/Ethereum_Solidity_Udemy
NEG_01605,0,0,0,1905,2,0.00036383938,0,0.6877043247,SANTHOSH17-DOT/HODL
NEG_01610,0,0,0,1910,2,0.00023575968,0,0.6877043247,satisfywithmylife/phantom-py
NEG_01622,0,0,0,1922,2,0.00073134375,0,0.6877043247,scotch53/Smart-Contract-for-Token-Minting-in-Solidity
NEG_01623,0,0,0,1923,2,0.0005435536,0,0.6877043247,sdelvalle57/bonding-curves
NEG_01624,0,0,0,1924,2,0.0019384763,0,0.6877043247,sdhosseinabadi/aleo-project
NEG_01626,0,0,0,1926,2,0.00020589195,0,0.6877043247,sebetelist/bitcoin-wallet
NEG_01628,0,0,0,1928,2,0.00080007483,0,0.6877043247,Sebx/blockchain_wallet
NEG_01629,0,0,0,1929,2,0.0003801952,0,0.6877043247,second-state/smart-contract-search-engine
NEG_01644,0,0,0,1944,2,0.0010082341,0,0.6877043247,shape-network/builder-kit
NEG_01646,0,0,0,1946,2,0.015741713,0,0.6877043247,shardeum/shardeum-docs
NEG_01649,0,0,0,1949,2,0.0003552037,0,0.6877043247,shifaj22/Nft_Marketplace_SmartContract
NEG_01650,0,0,0,1950,2,0.009074222,0,0.6877043247,shirley2749-dunn7/ethere1
NEG_01653,0,0,0,1953,2,0.0016755068,0,0.6877043247,ShivRaiGithub/DeFi-Assessment
NEG_01659,0,0,0,1959,2,0.0023426365,0,0.6877043247,shumbushojeanbaptiste/Blockchain-task-2025
NEG_01664,0,0,0,1964,2,0.0001833844,0,0.6877043247,SilentCicero/wafr
NEG_01665,0,0,0,1965,2,0.0009227067,0,0.6877043247,SimonPhoenix96/crypto-website
NEG_01676,0,0,0,1976,2,0.0013863952,0,0.6877043247,slaviquee/monolith
NEG_01680,0,0,0,1980,2,0.0019997556,0,0.6877043247,smart-bsy/web3_crypto-smart-contract
NEG_01681,0,0,0,1981,2,0.00017933139,0,0.6877043247,smartbugs/smartbugs-curated
NEG_01683,0,0,0,1983,2,0.00015472103,0,0.6877043247,smartbugs/smartbugs
NEG_01692,0,0,0,1992,2,0.00045575947,0,0.6877043247,SofianeHamlaoui/Cryto-Minning-Simulator
NEG_01697,0,0,0,1997,2,0.00039258559,0,0.6877043247,solidityj/solidity-antlr4
NEG_01706,0,0,0,2006,2,0.0005004983,0,0.6877043247,sparrowwallet/sparrow
NEG_01718,0,0,0,2018,2,0.015312349,0,0.6877043247,stacks-archive/blockstack-browser
NEG_01723,0,0,0,2023,2,0.0067733526,0,0.6877043247,stellarnodeN/Q3_25_NFT_Staking
NEG_01726,0,0,0,2026,2,0.0003285451,0,0.6877043247,Stephen-Kimoi/NFT-collection
NEG_01727,0,0,0,2027,2,0.0007181988,0,0.6877043247,stevenbooke/decentralized-crowdfunding
NEG_01735,0,0,0,2035,2,0.00032837695,0,0.6877043247,Sudhanmanoharan/MarketPlace-BlockChain
NEG_01738,0,0,0,2038,2,0.0008347995,0,0.6877043247,summa-tx/coins
NEG_01747,0,0,0,2047,2,0.00029134256,0,0.6877043247,supercoolx/NFT-Contract-Utilities
NEG_01749,0,0,0,2049,2,0.0023687852,0,0.6877043247,superfluid-org/protocol-monorepo
NEG_01755,0,0,0,2055,2,0.00045039266,0,0.6877043247,swapkit/SwapKit
NEG_01773,0,0,0,2073,2,0.009365392,0,0.6877043247,talonlab/hdwallet-desktop
NEG_01776,0,0,0,2076,2,0.004174922,0,0.6877043247,tanish35/Blockchain-Tracker
NEG_01781,0,0,0,2081,2,0.001617878,0,0.6877043247,taoteh1221/Open_Crypto_Tracker
NEG_01807,0,0,0,2107,2,0.00044560968,0,0.6877043247,theblockstalk/inter-crypto
NEG_01809,0,0,0,2109,2,0.00057749613,0,0.6877043247,thedarkhorse934/ai-blockchain-explainer
NEG_01816,0,0,0,2116,2,0.0006757382,0,0.6877043247,thomas21-jquerry/Casino
NEG_01825,0,0,0,2125,2,0.00076794013,0,0.6877043247,tmdi123/amazing-cat-
NEG_01830,0,0,0,2130,2,0.0006625061,0,0.6877043247,tonkeeper/ton-console
NEG_01837,0,0,0,2137,2,0.0048334203,0,0.6877043247,TP-Lab/key-generator
NEG_01838,0,0,0,2138,2,0.00027795145,0,0.6877043247,TP-Lab/Mobile-SDK
NEG_01848,0,0,0,2148,2,0.0006655187,0,0.6877043247,Trum3it/bsc-web3-connector
NEG_01852,0,0,0,2152,2,0.000560749,0,0.6877043247,Tsatsch/Web3DevLearn
NEG_01869,0,0,0,2169,2,0.0023909018,0,0.6877043247,uhsr/CryptoLedgerParser
NEG_01876,0,0,0,2176,2,0.0018054922,0,0.6877043247,uola9210-cmd/BTC-or-ETH
NEG_01883,0,0,0,2183,2,0.00057116133,0,0.6877043247,v3xlabs/open-lavatory
NEG_01893,0,0,0,2193,2,0.06251935,0,0.6877043247,Vedant7789/defi_wallet_score
NEG_01900,0,0,0,2200,2,0.00045723421,0,0.6877043247,vgrichina/web4
NEG_01902,0,0,0,2202,2,0.00021100855,0,0.6877043247,viaprotocol/format-crypto
NEG_01906,0,0,0,2206,2,0.00030339454,0,0.6877043247,vigneshbalu96/Inherited-ERC-20-contract
NEG_01913,0,0,0,2213,2,0.0014772951,0,0.6877043247,vipul-69-ax/CryptoFlip
NEG_01915,0,0,0,2215,2,0.0002140132,0,0.6877043247,vishnoitanuj/Blockchain-Cryptocurrency
NEG_01923,0,0,0,2223,2,0.00022071009,0,0.6877043247,vitwit/Multisig-Wallet-ERC20
NEG_01925,0,0,0,2225,2,0.0014845859,0,0.6877043247,Vivojay/De-Fi-Infidelity-Coders
NEG_01926,0,0,0,2226,2,0.013236536,0,0.6877043247,vjbhandari61/web3-authentication
NEG_01929,0,0,0,2229,2,0.00015842277,0,0.6877043247,vm542/bitcoin-wallet-bot
NEG_01931,0,0,0,2231,2,0.0009278538,0,0.6877043247,vmieres/BlockChain-Python
NEG_01933,0,0,0,2233,2,0.0050543747,0,0.6877043247,vrakesh2907/MicroLend
NEG_01940,0,0,0,2240,2,0.0010603332,0,0.6877043247,Wallet3/Wallet3
NEG_01942,0,0,0,2242,2,0.00018945025,0,0.6877043247,walleth/walleth
NEG_01956,0,0,0,2256,2,0.00021967335,0,0.6877043247,WeaverFi/weaverfi
NEG_01968,0,0,0,2268,2,0.00046699648,0,0.6877043247,weichen466/CryptoCrowd
NEG_01972,0,0,0,2272,2,0.0006131104,0,0.6877043247,wevm/awesome-wagmi
NEG_01978,0,0,0,2278,2,0.00085551135,0,0.6877043247,WizardOfAus/WizardsEthereumWorkshop
NEG_01998,0,0,0,2298,2,0.0020448607,0,0.6877043247,XRPLF/xrpl.js
NEG_02019,0,0,0,2319,2,0.0006572085,0,0.6877043247,yigittopm/lkd-web3-blockchain
NEG_02020,0,0,0,2320,2,0.0017014965,0,0.6877043247,YiJie-Zhu/Crypto-Identity
NEG_02021,0,0,0,2321,2,0.0013732702,0,0.6877043247,yippee-ki-yay/CryptoJingles
NEG_02031,0,0,0,2331,2,0.010663572,0,0.6877043247,yurkenchik/Crypto-Ethereum-TTE-blockchain
NEG_02035,0,0,0,2335,2,0.0016153897,0,0.6877043247,zakcroft/shared-wallet-blockchain-solidity
NEG_02036,0,0,0,2336,2,0.0007730338,0,0.6877043247,zama-ai/blockchain-wallet-exporter
NEG_02039,0,0,0,2339,2,0.0005137368,0,0.6877043247,zeriontech/defi-sdk
NEG_02040,0,0,0,2340,2,0.00024645362,0,0.6877043247,zeta-chain/node
NEG_02044,0,0,0,2344,2,0.003289105,0,0.6877043247,zillet/zillet
NEG_02048,0,0,0,2348,2,0.00043052077,0,0.6877043247,zman0225/bitcoinclass
F3_web3_platform_app,1,1,0,7,3,0.014520143,0,0.6877043247,arliawhite/rentverse
F3_web3_platform_app,1,1,0,10,3,0.045924332,0,0.6877043247,clixlogix/blockchain-dev
F3_web3_platform_app,1,1,0,21,3,0.5158994,0,0.6877043247,knightsdex/knightsbridge-dex
F3_web3_platform_app,1,1,0,26,3,0.066874355,0,0.6877043247,MentarisHub121/TokenPresaleApp
F3_web3_platform_app,1,1,0,28,3,0.009005335,0,0.6877043247,mirzamudassir/blocknovas-nyx-public
F3_web3_platform_app,1,1,0,35,3,0.0008015442,0,0.6877043247,SuperDev313/Trading_Platform_Ultrax
F3_web3_platform_app,1,1,0,36,3,0.014643234,0,0.6877043247,ta3pks/Decentralized-Social
F3_web3_platform_app,1,1,0,41,3,0.012971229,0,0.6877043247,xorostar/blocknovas-llc-currency-converter-task
NEG_00000,0,0,0,300,3,0.002309549,0,0.6877043247,007SKRN/crypto-portfolio-tracker
NEG_00003,0,0,0,303,3,0.002832752,0,0.6877043247,0wl3xSec/web3-cryptozombies
NEG_00005,0,0,0,305,3,0.00831509,0,0.6877043247,0x4543/zeta-crypto
NEG_00007,0,0,0,307,3,0.0005072484,0,0.6877043247,0xbitcoin/0xbitcoin-token
NEG_00010,0,0,0,310,3,0.00086541224,0,0.6877043247,0xdevrel/Conditional-NFTs
NEG_00012,0,0,0,312,3,0.00034853548,0,0.6877043247,0xfps/python-solidity-blockchain-smart-contract-course
NEG_00024,0,0,0,324,3,0.0040075574,0,0.6877043247,0xmdrakib/JesseHillClimb
NEG_00027,0,0,0,327,3,0.00067159586,0,0.6877043247,0xpranay/WildCoins-NFT
NEG_00033,0,0,0,333,3,0.00045888513,0,0.6877043247,1-5Pool/RansomwareEschrowService
NEG_00041,0,0,0,341,3,0.0015504934,0,0.6877043247,23Konradbase/altseason-ethereum
NEG_00042,0,0,0,342,3,0.0006276171,0,0.6877043247,2qx/awesome-bitcoin-cash
NEG_00047,0,0,0,347,3,0.000539255,0,0.6877043247,914alexwillett/StochRSI-Crypto-Trading-Algorithm
NEG_00052,0,0,0,352,3,0.00063113694,0,0.6877043247,aankor/wnft
NEG_00055,0,0,0,355,3,0.023557572,0,0.6877043247,aaronajis92/smart-contract-cryptorian
NEG_00060,0,0,0,360,3,0.00020915372,0,0.6877043247,abdullahpichoo/SimpleStorage-using-Brownie
NEG_00066,0,0,0,366,3,0.00072230375,0,0.6877043247,ac12644/ICO-Smart-Contract
NEG_00068,0,0,0,368,3,0.0014654652,0,0.6877043247,AchyuthMohan/Blockchain-Cryptogram
NEG_00074,0,0,0,374,3,0.0007100621,0,0.6877043247,Adamant-im/adamant-im
NEG_00077,0,0,0,377,3,0.0009137266,0,0.6877043247,adeshshukla/MyCryptoFolio
NEG_00080,0,0,0,380,3,0.00030928786,0,0.6877043247,Aditya-alchemist/GFGKIIT-CRYPTOMA-HyperThon
NEG_00082,0,0,0,382,3,0.00021300571,0,0.6877043247,AdrianaMiha/Krypto
NEG_00085,0,0,0,385,3,0.004299045,0,0.6877043247,adrianhajdin/project_web3_battle_game
NEG_00088,0,0,0,388,3,0.0015540866,0,0.6877043247,Adrijan-Petek/gas-fee-optimizer
NEG_00092,0,0,0,392,3,0.00057460024,0,0.6877043247,adw0rd/solidity-create2-web3-example
NEG_00094,0,0,0,394,3,0.0006507802,0,0.6877043247,aelew/cryptotracker
NEG_00096,0,0,0,396,3,0.00042352124,0,0.6877043247,aeternity/aeternity
NEG_00097,0,0,0,397,3,0.0020274925,0,0.6877043247,afacchi0/rpc-inspector
NEG_00102,0,0,0,402,3,0.00045460986,0,0.6877043247,aha-moment-group/braavos
NEG_00104,0,0,0,404,3,0.00078500144,0,0.6877043247,ahester57/private-chain
NEG_00105,0,0,0,405,3,0.0007995714,0,0.6877043247,ahmadbrainworks/fiddi
NEG_00106,0,0,0,406,3,0.0010602984,0,0.6877043247,ahmedali8/hardhat-js-starterkit
NEG_00110,0,0,0,410,3,0.0007487804,0,0.6877043247,ahmetzturk/epic-nfts
NEG_00117,0,0,0,417,3,0.0012955983,0,0.6877043247,aitos-io/BoAT-X-Framework
NEG_00125,0,0,0,425,3,0.00021869199,0,0.6877043247,akiselyoff/defi
NEG_00126,0,0,0,426,3,0.00041278964,0,0.6877043247,Akshat-cs/hardhat-defi-aave-v2
NEG_00129,0,0,0,429,3,0.00034973703,0,0.6877043247,alanpelayoo/FatedEth
NEG_00131,0,0,0,431,3,0.0008339595,0,0.6877043247,AlejandroGV96/web3-test
NEG_00132,0,0,0,432,3,0.0004946426,0,0.6877043247,alejoacosta74/ethereum-erc20token-vault
NEG_00136,0,0,0,436,3,0.0005983927,0,0.6877043247,alesanro/ethereum-smart-contracts
NEG_00137,0,0,0,437,3,0.00022141005,0,0.6877043247,alexandrupele/web3
NEG_00138,0,0,0,438,3,0.0018517729,0,0.6877043247,alexbensimon/pakt
NEG_00139,0,0,0,439,3,0.00022732063,0,0.6877043247,alexbiet/smartwallet
NEG_00140,0,0,0,440,3,0.00053335365,0,0.6877043247,AlexCheema/Tanuki
NEG_00142,0,0,0,442,3,0.002940027,0,0.6877043247,alexia795/Gnosis-wallet-pro
NEG_00144,0,0,0,444,3,0.002601392,0,0.6877043247,alexx855/axie-tools
NEG_00156,0,0,0,456,3,0.00068753137,0,0.6877043247,almonit/almonit-plugin
NEG_00158,0,0,0,458,3,0.00047354566,0,0.6877043247,alpaca-finance/bsc-alpaca-contract
NEG_00164,0,0,0,464,3,0.00037418408,0,0.6877043247,amazingandyyy/leptin
NEG_00165,0,0,0,465,3,0.0002954967,0,0.6877043247,amazingandyyy/solidity-contracts
NEG_00167,0,0,0,467,3,0.0019282227,0,0.6877043247,amnegan/BlockChain-CryptoCurrencies
NEG_00171,0,0,0,471,3,0.0006449881,0,0.6877043247,An4Dev/Solana-Bitcoin-NFT-Dex-Defi-P2EGame-SmartContract-Web3-Projects
NEG_00178,0,0,0,478,3,0.00063091685,0,0.6877043247,andrewinsoul/CadenaCourse-CryptoBank-UI
NEG_00183,0,0,0,483,3,0.001766663,0,0.6877043247,AnnaNX1/create-NFT
NEG_00193,0,0,0,493,3,0.0026137687,0,0.6877043247,anwar-776/gocryp8
NEG_00195,0,0,0,495,3,0.00073712046,0,0.6877043247,aonemd/stakehouse
NEG_00204,0,0,0,504,3,0.0010514265,0,0.6877043247,apoorvm230/web3-vuln-scanner
NEG_00209,0,0,0,509,3,0.00045231305,0,0.6877043247,Aranyani01/Alpha-defi-adapter
NEG_00213,0,0,0,513,3,0.00075102824,0,0.6877043247,armors/armors-solidity
NEG_00215,0,0,0,515,3,0.0005512042,0,0.6877043247,ArnaudBand/nftMarketplace
NEG_00224,0,0,0,524,3,0.00042840914,0,0.6877043247,ArthurAhiyarov/Hardhat-Betting-Smart-Contract-Bsc
NEG_00227,0,0,0,527,3,0.0010863282,0,0.6877043247,Aryan0770/Blockchain-Major-CryptoBox
NEG_00228,0,0,0,528,3,0.0003737582,0,0.6877043247,AS-1312/Crypto-Steps
NEG_00232,0,0,0,532,3,0.00032727025,0,0.6877043247,Ashland-jp/Web3-Projects
NEG_00235,0,0,0,535,3,0.00023479464,0,0.6877043247,asilveira1969/bitcoincashblockchain
NEG_00238,0,0,0,538,3,0.00022573164,0,0.6877043247,atitkh/WebXR---NFT-Viewer
NEG_00242,0,0,0,542,3,0.009915345,0,0.6877043247,aurowallet/auro-wallet-browser-extension
NEG_00248,0,0,0,548,3,0.008176951,0,0.6877043247,axldarealest/crypto-tracker
NEG_00249,0,0,0,549,3,0.0006292876,0,0.6877043247,axone-protocol/contracts
NEG_00258,0,0,0,558,3,0.010200645,0,0.6877043247,baby636/causes.cash
NEG_00260,0,0,0,560,3,0.0013634909,0,0.6877043247,balajipachai/smart-contract-for-fun
NEG_00267,0,0,0,567,3,0.0003227416,0,0.6877043247,banjtheman/polygon_nft_workshop
NEG_00280,0,0,0,580,3,0.020897154,0,0.6877043247,belimad/NftHorizon
NEG_00282,0,0,0,582,3,0.00027219666,0,0.6877043247,benjaminbang987/crypto
NEG_00290,0,0,0,590,3,0.00023776967,0,0.6877043247,bhemen/usdc
NEG_00291,0,0,0,591,3,0.0002651193,0,0.6877043247,BibliothecaDAO/realms-contracts
NEG_00294,0,0,0,594,3,0.00021944017,0,0.6877043247,bigbomio/digital-contracts
NEG_00296,0,0,0,596,3,0.00075286377,0,0.6877043247,bilinearlabs/beacon-contract-indexer
NEG_00302,0,0,0,602,3,0.0032615643,0,0.6877043247,Bitcoin-II/BitcoinII-Core
NEG_00314,0,0,0,614,3,0.003143562,0,0.6877043247,Block-Beats-Estonia/BITCOIN-NFT
NEG_00318,0,0,0,618,3,0.00044928267,0,0.6877043247,blockchain-etl/blockchain-etl-streaming
NEG_00319,0,0,0,619,3,0.00024023712,0,0.6877043247,blockchain-etl/public-datasets
NEG_00323,0,0,0,623,3,0.00032493795,0,0.6877043247,blockchain/My-Wallet-V3
NEG_00325,0,0,0,625,3,0.00020764378,0,0.6877043247,blockstarter/ico-contracts
NEG_00328,0,0,0,628,3,0.0037231003,0,0.6877043247,BlueWallet/BlueWallet
NEG_00333,0,0,0,633,3,0.00036169298,0,0.6877043247,bonedaddy/cryptovendingmachine
NEG_00336,0,0,0,636,3,0.0004939248,0,0.6877043247,BradMoonUESTC/FireWallProject
NEG_00348,0,0,0,648,3,0.0006690258,0,0.6877043247,BTCwalletGen/BTCwalletGen
NEG_00349,0,0,0,649,3,0.00046734363,0,0.6877043247,btq-ag/QRiNG
NEG_00355,0,0,0,655,3,0.000637587,0,0.6877043247,bwire-official/Gastronaut-bot
NEG_00359,0,0,0,659,3,0.002779911,0,0.6877043247,C0A21130/web3-demo-app
NEG_00362,0,0,0,662,3,0.0005492928,0,0.6877043247,cake-tech/cake_wallet
NEG_00364,0,0,0,664,3,0.00092802674,0,0.6877043247,camerodev/Finaomics-Solidity-Web3-React
NEG_00375,0,0,0,675,3,0.00025166597,0,0.6877043247,celer-network/layer2-finance-contracts
NEG_00377,0,0,0,677,3,0.00061381434,0,0.6877043247,ChainAgnostic/CAIPs
NEG_00388,0,0,0,688,3,0.00026217906,0,0.6877043247,chatch/hashed-timelock-contract-ethereum
NEG_00390,0,0,0,690,3,0.00070761197,0,0.6877043247,chawresh/Multi-Currency-Rich-Address-Finder-v1.0
NEG_00404,0,0,0,704,3,0.0010618976,0,0.6877043247,CIpherEE/TECHCRUSHERC-20
NEG_00409,0,0,0,709,3,0.0013309035,0,0.6877043247,cliffhall/in-app-pro-shop
NEG_00410,0,0,0,710,3,0.0007944056,0,0.6877043247,cloudframeworks-blockchain/user-guide-fabric-smart-contract
NEG_00419,0,0,0,719,3,0.0010597728,0,0.6877043247,codeesura/Arbitrage-uniswap-sushiswap
NEG_00421,0,0,0,721,3,0.0034322534,0,0.6877043247,CodeMachine0121/EthereumWallet_local_API
NEG_00424,0,0,0,724,3,0.0006840028,0,0.6877043247,codewithmide/FlowPrice-Oracle
NEG_00434,0,0,0,734,3,0.0007327417,0,0.6877043247,ColonySatoshi/BTCME.WEB3
NEG_00440,0,0,0,740,3,0.000537574,0,0.6877043247,ConsenSysDiligence/0x-review
NEG_00446,0,0,0,746,3,0.008098498,0,0.6877043247,coral-xyz/backpack
NEG_00447,0,0,0,747,3,0.0008685315,0,0.6877043247,cordovaem/solana-nft
NEG_00448,0,0,0,748,3,0.0005396501,0,0.6877043247,cosmostation/cosmostation-android
NEG_00458,0,0,0,758,3,0.00690005,0,0.6877043247,crestalnetwork/intentkit
NEG_00461,0,0,0,761,3,0.0003143879,0,0.6877043247,crossclaim/btcrelay-sol
NEG_00467,0,0,0,767,3,0.00026937897,0,0.6877043247,Crypto0390/nft-airdrops
NEG_00477,0,0,0,777,3,0.0003047469,0,0.6877043247,cryptoleadxyz/demo-infura-web3py
NEG_00503,0,0,0,803,3,0.00060495955,0,0.6877043247,DanielCM2001/SendCrypto-Blockchain-App-web3
NEG_00516,0,0,0,816,3,0.00057638536,0,0.6877043247,dappros/nfmt
NEG_00523,0,0,0,823,3,0.00038491812,0,0.6877043247,darrylyeo/blockhead
NEG_00525,0,0,0,825,3,0.00047096895,0,0.6877043247,Daudxu/eth-wallet-modal
NEG_00531,0,0,0,831,3,0.00025899522,0,0.6877043247,DE-labtory/zulu
NEG_00533,0,0,0,833,3,0.0032209943,0,0.6877043247,DealAiFind/DealAiFind-Ai-DEX-FrontRun-JS-V4
NEG_00536,0,0,0,836,3,0.00040698083,0,0.6877043247,Decurity/semgrep-smart-contracts
NEG_00541,0,0,0,841,3,0.00024049127,0,0.6877043247,Defi-Pool-Share/DefiPoolShare.LendingContract
NEG_00542,0,0,0,842,3,0.0004315708,0,0.6877043247,DeFiCh/defiscan.live
NEG_00545,0,0,0,845,3,0.00020371522,0,0.6877043247,DeFiNecromancer/Basic-Name-Storage
NEG_00547,0,0,0,847,3,0.00083005615,0,0.6877043247,DEFIProtocol/Web3
NEG_00549,0,0,0,849,3,0.0018139596,0,0.6877043247,delvtech/agent0
NEG_00553,0,0,0,853,3,0.0004661168,0,0.6877043247,DenisZS/cckat
NEG_00558,0,0,0,858,3,0.00038025103,0,0.6877043247,DePayFi/web3-wallets
NEG_00571,0,0,0,871,3,0.0014154979,0,0.6877043247,devridge0/aave-core
NEG_00573,0,0,0,873,3,0.00026535196,0,0.6877043247,dex-guru/assets
NEG_00578,0,0,0,878,3,0.001634104,0,0.6877043247,dherranzf/CryptoBank
NEG_00594,0,0,0,894,3,0.00023177303,0,0.6877043247,dkrsgood/ETH_Wallet
NEG_00597,0,0,0,897,3,0.0033659486,0,0.6877043247,dogecoin/dogecoin
NEG_00603,0,0,0,903,3,0.0003148117,0,0.6877043247,dorianbayart/DexPairs
NEG_00605,0,0,0,905,3,0.021607878,0,0.6877043247,Dpost-George/foundry-web3-wallet-security-Advanced
NEG_00615,0,0,0,915,3,0.0013527444,0,0.6877043247,duytacong24895/smart-contract-lesson-1
NEG_00621,0,0,0,921,3,0.002745672,0,0.6877043247,EdgeApp/edge-react-gui
NEG_00622,0,0,0,922,3,0.00026776476,0,0.6877043247,edubrunaldi/generic-wallet
NEG_00624,0,0,0,924,3,0.003072138,0,0.6877043247,edwintyx/Blockchain-Cryptocurrency-Project
NEG_00626,0,0,0,926,3,0.0018280587,0,0.6877043247,eka0789/nft-marketplace
NEG_00634,0,0,0,934,3,0.0047166455,0,0.6877043247,Elytro-eth/ETHShanghai2022
NEG_00636,0,0,0,936,3,0.0002263556,0,0.6877043247,emerald-dao/float
NEG_00638,0,0,0,938,3,0.00060305925,0,0.6877043247,emiliosheinz/vue-js-crypto-wallet
NEG_00644,0,0,0,944,3,0.00046985355,0,0.6877043247,Emmanuel-Samuel/Alchemy-projects
NEG_00649,0,0,0,949,3,0.00039186937,0,0.6877043247,enricobottazzi/Zeko
NEG_00661,0,0,0,961,3,0.00031828223,0,0.6877043247,Erfaniaa/crypto-portfolio-optimizer
NEG_00664,0,0,0,964,3,0.00089991966,0,0.6877043247,esolidar/web3
NEG_00665,0,0,0,965,3,0.00040371725,0,0.6877043247,estevaopbs/bitcoin-rs
NEG_00666,0,0,0,966,3,0.00038497426,0,0.6877043247,ethaccount/vue-dapp
NEG_00668,0,0,0,968,3,0.0011022745,0,0.6877043247,ethereum-boilerplate/ethereum-prediction-market-boilerplate
NEG_00672,0,0,0,972,3,0.00036524548,0,0.6877043247,ethers-io/ethers.js
NEG_00673,0,0,0,973,3,0.00089887885,0,0.6877043247,ethersphere/swap-swear-and-swindle
NEG_00676,0,0,0,976,3,0.058976527,0,0.6877043247,euphonious-raisinnutcookie575/ethwizc
NEG_00682,0,0,0,982,3,0.0024048474,0,0.6877043247,evm-tooling/viem-go
NEG_00688,0,0,0,988,3,0.002692915,0,0.6877043247,ExodusMovement/bitcoind-zmq
NEG_00691,0,0,0,991,3,0.0004974529,0,0.6877043247,explorills/expl-nodes-dashboard
NEG_00695,0,0,0,995,3,0.0007109125,0,0.6877043247,Fabomarche/ethereum-viewer
NEG_00711,0,0,0,1011,3,0.07636908,0,0.6877043247,Fida-Kainth/Block-Chain-A-Decentralized-Cryptocurrency-Wallet-System-with-Automated-Zakat-Deduction
NEG_00714,0,0,0,1014,3,0.00027996342,0,0.6877043247,filips123/BlogChain
NEG_00716,0,0,0,1016,3,0.00060738204,0,0.6877043247,FinHubRotman/eth-blockchain-data
NEG_00718,0,0,0,1018,3,0.00081496825,0,0.6877043247,Flame-eth/Multiparty-Solidity-Wallet-
NEG_00723,0,0,0,1023,3,0.0014626413,0,0.6877043247,fomoweth/flashloan-aggregator
NEG_00724,0,0,0,1024,3,0.00023456394,0,0.6877043247,ForcingVaporizer/Blockchain-Dapp-Crypto
NEG_00737,0,0,0,1037,3,0.0048748716,0,0.6877043247,Freya-Lark/Chainlink-2024-17hours-Web3-tutorial
NEG_00754,0,0,0,1054,3,0.0002660722,0,0.6877043247,geovgy/smart-wallet
NEG_00762,0,0,0,1062,3,0.0006607361,0,0.6877043247,giogam/Gopher-Wallet
NEG_00770,0,0,0,1070,3,0.0004328736,0,0.6877043247,gnidan/abi-to-sol
NEG_00778,0,0,0,1078,3,0.00023239838,0,0.6877043247,govi-dao/cvi-contracts
NEG_00793,0,0,0,1093,3,0.00145895,0,0.6877043247,gweidart/evm-flashswap-arb
NEG_00796,0,0,0,1096,3,0.0071777618,0,0.6877043247,Gzeu/hero-forge-monorepo
NEG_00798,0,0,0,1098,3,0.0005947568,0,0.6877043247,Hackathons-w-Rapto/RugRader
NEG_00799,0,0,0,1099,3,0.0010431147,0,0.6877043247,hacksdark/cybersecurity_hack
NEG_00803,0,0,0,1103,3,0.0012156178,0,0.6877043247,Haehnchen/uniswap-arbitrage-flash-swap
NEG_00810,0,0,0,1110,3,0.001134518,0,0.6877043247,Hardchat/Web3.py-Transaction
NEG_00811,0,0,0,1111,3,0.0017993384,0,0.6877043247,harishummam/CryptoKet-NFT-Marketplace
NEG_00813,0,0,0,1113,3,0.0002875559,0,0.6877043247,HariVP03/nft-kart
NEG_00816,0,0,0,1116,3,0.007551089,0,0.6877043247,harshiit1/ethereumChecker
NEG_00820,0,0,0,1120,3,0.00034768257,0,0.6877043247,hashemabad/MultiSigWallet
NEG_00839,0,0,0,1139,3,0.00033760667,0,0.6877043247,hiromaily/go-crypto-wallet
NEG_00841,0,0,0,1141,3,0.0010568429,0,0.6877043247,hobbleabbas/Bitcoin-RPC-API
NEG_00842,0,0,0,1142,3,0.00033160314,0,0.6877043247,HODLorg/HODLbot
NEG_00843,0,0,0,1143,3,0.0023099838,0,0.6877043247,holder-bot/wallet-testnet
NEG_00844,0,0,0,1144,3,0.00020915372,0,0.6877043247,holyblock/blockchain-piaic-q4-solution
NEG_00846,0,0,0,1146,3,0.0008616056,0,0.6877043247,HopefulHeart2020/Finaomics-Solidity-Web3-React
NEG_00847,0,0,0,1147,3,0.00059970445,0,0.6877043247,hoprnet/hopr-ethereum
NEG_00858,0,0,0,1158,3,0.001491844,0,0.6877043247,hululuzhu/solidity-t5
NEG_00864,0,0,0,1164,3,0.0005424848,0,0.6877043247,Hyperledger-TWGC/GM-interoperability
NEG_00867,0,0,0,1167,3,0.0013865246,0,0.6877043247,Iamdungx/denigma-cracker
NEG_00893,0,0,0,1193,3,0.00072411983,0,0.6877043247,input-output-hk/mantis-wallet
NEG_00898,0,0,0,1198,3,0.00027945277,0,0.6877043247,ismailbangee/smart-contracts
NEG_00899,0,0,0,1199,3,0.0005883869,0,0.6877043247,itaikeren/Crypto-Fighters
NEG_00901,0,0,0,1201,3,0.00023818648,0,0.6877043247,ithunter0428/solidity2terrachian_rust
NEG_00903,0,0,0,1203,3,0.0004614631,0,0.6877043247,itstargetconfirmed/flash-loan-sample
NEG_00905,0,0,0,1205,3,0.0005420726,0,0.6877043247,ivanzhelyazkov/ethereum-wallet-manager
NEG_00909,0,0,0,1209,3,0.00021089069,0,0.6877043247,J12ATA/my-wave-portal
NEG_00910,0,0,0,1210,3,0.00046967264,0,0.6877043247,jaayperez/btc-wallet
NEG_00915,0,0,0,1215,3,0.042812746,0,0.6877043247,Jackhuang166/evm-dex-swap-staking-liquidity
NEG_00916,0,0,0,1216,3,0.00056967087,0,0.6877043247,JACKORARO12/BlockChainVoting
NEG_00917,0,0,0,1217,3,0.00035563894,0,0.6877043247,JackyVerse/SmartContractSolidityEth
NEG_00918,0,0,0,1218,3,0.00055444264,0,0.6877043247,jacobdmn/iWallet
NEG_00936,0,0,0,1236,3,0.0014676591,0,0.6877043247,jarrodwatts/nft-drop-with-smart-wallet
NEG_00942,0,0,0,1242,3,0.00021869199,0,0.6877043247,jawedzaid/jawed
NEG_00944,0,0,0,1244,3,0.0005764299,0,0.6877043247,jdogresorg/freewallet-mobile
NEG_00946,0,0,0,1246,3,0.0015560944,0,0.6877043247,jeanne-cortes725n/ethere8
NEG_00962,0,0,0,1262,3,0.0004014112,0,0.6877043247,jjtiger/Blockchain_Business_Crypto_-DevPack
NEG_00966,0,0,0,1266,3,0.00028790702,0,0.6877043247,john-lawniczak/Smart-Contract-Resources
NEG_00973,0,0,0,1273,3,0.0005847263,0,0.6877043247,jon4hz/ethconvert
NEG_00983,0,0,0,1283,3,0.00060507894,0,0.6877043247,jseanchuang/web3py_example
NEG_00989,0,0,0,1289,3,0.00034709802,0,0.6877043247,JulyIghor/QtBitcoinTrader
NEG_00999,0,0,0,1299,3,0.0007447248,0,0.6877043247,kansel-dev/solana-nft-sniper
NEG_01010,0,0,0,1310,3,0.0012512649,0,0.6877043247,kaymen99/Dex-aggregator
NEG_01022,0,0,0,1322,3,0.00021689077,0,0.6877043247,kenpoon94/ethdenver-bootcamp-2022
NEG_01023,0,0,0,1323,3,0.00025839562,0,0.6877043247,kerala-blockchain-academy/ethereum-developer-program
NEG_01026,0,0,0,1326,3,0.00047603805,0,0.6877043247,keshav-poojary/NFT-on-Ethereum
NEG_01030,0,0,0,1330,3,0.00027909834,0,0.6877043247,KevzPeter/EduBlocks
NEG_01040,0,0,0,1340,3,0.00028210992,0,0.6877043247,Kingscliq/nuking-nfts
NEG_01043,0,0,0,1343,3,0.0014562558,0,0.6877043247,KittenYang/SafeSnap
NEG_01044,0,0,0,1344,3,0.00023860246,0,0.6877043247,kittyshiba/contracts
NEG_01046,0,0,0,1346,3,0.0004362795,0,0.6877043247,klever-io/klever-go
NEG_01049,0,0,0,1349,3,0.0017773067,0,0.6877043247,kochavalabs/xchng-solidity
NEG_01050,0,0,0,1350,3,0.0007482354,0,0.6877043247,koh-gt/ferrite-wallet
NEG_01052,0,0,0,1352,3,0.00021300571,0,0.6877043247,konradcodes/Web-3.0-Blockchain-App
NEG_01067,0,0,0,1367,3,0.0047831535,0,0.6877043247,kuroroLuciferPhantom/cryptopredict
NEG_01074,0,0,0,1374,3,0.009025839,0,0.6877043247,LanceHez/Blockchain_Army_Knife-wallet-cracker-with-multichian
NEG_01075,0,0,0,1375,3,0.00025016195,0,0.6877043247,lapismyt/ston-fi.py
NEG_01079,0,0,0,1379,3,0.0004456235,0,0.6877043247,Laszlo23/deficrown
NEG_01080,0,0,0,1380,3,0.0024981985,0,0.6877043247,latoya4xfishn/spankcb
NEG_01091,0,0,0,1391,3,0.00063842675,0,0.6877043247,leeshuzheng/destroyer
NEG_01094,0,0,0,1394,3,0.0004442535,0,0.6877043247,Lemonio1Official/privateKey
NEG_01096,0,0,0,1396,3,0.00069780624,0,0.6877043247,lephleg/cryptocerts-contracts
NEG_01101,0,0,0,1401,3,0.0009591802,0,0.6877043247,Lilypad-Tech/lilypad
NEG_01102,0,0,0,1402,3,0.0005512336,0,0.6877043247,LinuxKunaL/gigalate-crypto-wallet
NEG_01103,0,0,0,1403,3,0.0016256379,0,0.6877043247,lionello/secp256k1-js
NEG_01105,0,0,0,1405,3,0.0009470333,0,0.6877043247,ljubisnikolic0/NFT-Ethereum-Game
NEG_01106,0,0,0,1406,3,0.0021392705,0,0.6877043247,lmacken/binance-chain-python
NEG_01108,0,0,0,1408,3,0.0002678618,0,0.6877043247,lnardon/BlockChainExchange
NEG_01125,0,0,0,1425,3,0.000422528,0,0.6877043247,lynx-xdg/block
NEG_01132,0,0,0,1432,3,0.00042840914,0,0.6877043247,MaelRibes/Crypto-Kids
NEG_01137,0,0,0,1437,3,0.00062535057,0,0.6877043247,ManaanAnsari/MultiSigWallet-Solidity-Foundry
NEG_01157,0,0,0,1457,3,0.0008778224,0,0.6877043247,masa-finance/arcomia-contracts
NEG_01159,0,0,0,1459,3,0.0006770826,0,0.6877043247,mascarenhaswanja/Winter-2020-Introduction-To-Smart-Contracts
NEG_01160,0,0,0,1460,3,0.00029763905,0,0.6877043247,MassDotMoney/nested-core-lego
NEG_01163,0,0,0,1463,3,0.000247095,0,0.6877043247,matheusroleal/solidity-cookbook
NEG_01165,0,0,0,1465,3,0.001143088,0,0.6877043247,maticnetwork/pos-commit-poc
NEG_01173,0,0,0,1473,3,0.00091942836,0,0.6877043247,mayurimulay789/cryptocurrency_landingpage
NEG_01176,0,0,0,1476,3,0.00021652073,0,0.6877043247,mdsalman729/ethBucket
NEG_01177,0,0,0,1477,3,0.00029084188,0,0.6877043247,Medicyp/NFT_Marketplace_using_Ethereum_Smart_Contracts
NEG_01179,0,0,0,1479,3,0.00043155538,0,0.6877043247,mehtaAnsh/BlockChainVoting
NEG_01187,0,0,0,1487,3,0.00050131616,0,0.6877043247,Merou1/Blockchain_Edh_cryptoCoin
NEG_01189,0,0,0,1489,3,0.00054985116,0,0.6877043247,merynoseth/moje-wlasne-sui
NEG_01192,0,0,0,1492,3,0.00077117566,0,0.6877043247,metafy-social/web3-smart-contracts
NEG_01198,0,0,0,1498,3,0.0005235224,0,0.6877043247,mhxw/crypto-sdk
NEG_01204,0,0,0,1504,3,0.0005477886,0,0.6877043247,microgift/my-web3-projects
NEG_01210,0,0,0,1510,3,0.0017315157,0,0.6877043247,mili12321/misterCrypto
NEG_01211,0,0,0,1511,3,0.0065042763,0,0.6877043247,militarandroid/cybersecurity_hack
NEG_01216,0,0,0,1516,3,0.00041383575,0,0.6877043247,MitchPierias/advanced-eos-examples
NEG_01222,0,0,0,1522,3,0.0015116106,0,0.6877043247,modagavr/pancake-wizard
NEG_01226,0,0,0,1526,3,0.00080946466,0,0.6877043247,mohitchandel/treasury-contract
NEG_01229,0,0,0,1529,3,0.0005683898,0,0.6877043247,mokshyaprotocol/aptos-nft-random-mint
NEG_01244,0,0,0,1544,3,0.0053562243,0,0.6877043247,mrfomoweb3/nft-wallet-tracker
NEG_01245,0,0,0,1545,3,0.001875051,0,0.6877043247,MrinalSingh04/solidity-production-contracts
NEG_01261,0,0,0,1561,3,0.0007416617,0,0.6877043247,multiversx/mx-sdk-dapp-sc-explorer
NEG_01271,0,0,0,1571,3,0.0052402234,0,0.6877043247,mycelium-com/wallet-android
NEG_01283,0,0,0,1583,3,0.00042840914,0,0.6877043247,nashidahmed/registry-core
NEG_01289,0,0,0,1589,3,0.00081641675,0,0.6877043247,NCRadtke00/Web3CryptoExchange
NEG_01290,0,0,0,1590,3,0.0002651193,0,0.6877043247,ndsvw/Ethereum-Web3-SmartContract-HelloWorld
NEG_01292,0,0,0,1592,3,0.00080605096,0,0.6877043247,nedasma/solidity-vuln-tests
NEG_01298,0,0,0,1598,3,0.0011275709,0,0.6877043247,net2devcrypto/Soroban-NextJS-Vote-dApp-with-Freighter
NEG_01299,0,0,0,1599,3,0.00064635545,0,0.6877043247,NetSepio/evmcontracts
NEG_01301,0,0,0,1601,3,0.021976804,0,0.6877043247,Neurproject/NeurProjects
NEG_01303,0,0,0,1603,3,0.00030563612,0,0.6877043247,Nexis-Network/nexis-network
NEG_01313,0,0,0,1613,3,0.00055892195,0,0.6877043247,nicolasdelira/Projeto-de-cria-a-de-carteiras-bitcoin-na-testnet
NEG_01317,0,0,0,1617,3,0.00035489484,0,0.6877043247,nikunjtilva/cryptocoin-test-faucet-frontend
NEG_01323,0,0,0,1623,3,0.004691164,0,0.6877043247,nirholas/lyra-web3-playground
NEG_01328,0,0,0,1628,3,0.004783333,0,0.6877043247,Niweera/opensear
NEG_01334,0,0,0,1634,3,0.00035943874,0,0.6877043247,NodeFactoryIo/solidity-node-docker-starter
NEG_01336,0,0,0,1636,3,0.00047508336,0,0.6877043247,noman-land/relike
NEG_01340,0,0,0,1640,3,0.0023693556,0,0.6877043247,Novus-Tech-LLC/Casino-Games
NEG_01342,0,0,0,1642,3,0.00044829617,0,0.6877043247,nshmadhani/zkNFT
NEG_01344,0,0,0,1644,3,0.00064842793,0,0.6877043247,null-none/django-eth-fields
NEG_01355,0,0,0,1655,3,0.00023713235,0,0.6877043247,ogDAO/Optino
NEG_01361,0,0,0,1661,3,0.00053330587,0,0.6877043247,okx/go-wallet-sdk
NEG_01364,0,0,0,1664,3,0.00022702996,0,0.6877043247,olegerr/currency
NEG_01370,0,0,0,1670,3,0.0013792141,0,0.6877043247,omsaraykar/crypto-wallet
NEG_01378,0,0,0,1678,3,0.00044937115,0,0.6877043247,oparex/crypto_trader
NEG_01379,0,0,0,1679,3,0.0006983795,0,0.6877043247,opencodeiiita/CryptoWallet
NEG_01380,0,0,0,1680,3,0.00081085856,0,0.6877043247,opencodeiiita/Learning-Smart-Contracts
NEG_01393,0,0,0,1693,3,0.0007512587,0,0.6877043247,oritwoen/ubichain
NEG_01412,0,0,0,1712,3,0.00048315703,0,0.6877043247,parsaaba/FukiPay
NEG_01414,0,0,0,1714,3,0.000295692,0,0.6877043247,pat3icki/ExzoCoin-2-0
NEG_01417,0,0,0,1717,3,0.0010147435,0,0.6877043247,paulgconlon/blockchain-solidity-multi-sig-wallet
NEG_01419,0,0,0,1719,3,0.000550161,0,0.6877043247,paulmillr/noble-curves
NEG_01446,0,0,0,1746,3,0.001876014,0,0.6877043247,pmontaguevans/ethereum-angular6-cryptogap
NEG_01447,0,0,0,1747,3,0.0004214425,0,0.6877043247,Pobepto/walle
NEG_01448,0,0,0,1748,3,0.00403994,0,0.6877043247,pointbiz/bitaddress.org
NEG_01460,0,0,0,1760,3,0.0004769567,0,0.6877043247,prashantsingh55/ERC20-Tokens
NEG_01463,0,0,0,1763,3,0.00043270446,0,0.6877043247,pratikshappai/cryptos
NEG_01469,0,0,0,1769,3,0.00035197136,0,0.6877043247,ProgrammingPirates/Free_NFT_Drawing
NEG_01471,0,0,0,1771,3,0.0013161666,0,0.6877043247,ProjectOpenSea/nft-tutorial
NEG_01481,0,0,0,1781,3,0.0006379803,0,0.6877043247,pysznybimber/BASE-crypto-chain-killer
NEG_01490,0,0,0,1790,3,0.00054200285,0,0.6877043247,QuanTumfuryxl/ethereum-arbitrage-suite-1
NEG_01493,0,0,0,1793,3,0.0005353987,0,0.6877043247,Quillhash/QuillAudit_smart_contract_audit_Reports
NEG_01501,0,0,0,1801,3,0.0002836707,0,0.6877043247,rafaelfgx/Blockchain
NEG_01503,0,0,0,1803,3,0.00030621214,0,0.6877043247,raft-fi/contracts
NEG_01505,0,0,0,1805,3,0.0004562361,0,0.6877043247,Raiden1411/zabi
NEG_01507,0,0,0,1807,3,0.0012509034,0,0.6877043247,rainbow-me/rainbowkit
NEG_01510,0,0,0,1810,3,0.00047865827,0,0.6877043247,Rajeshwarkanawat/CryptoWallet
NEG_01512,0,0,0,1812,3,0.0030082662,0,0.6877043247,Rami8612/liquidity-orchestrator
NEG_01524,0,0,0,1824,3,0.00038027333,0,0.6877043247,rbubyr777/Ethereum
NEG_01532,0,0,0,1832,3,0.0002591506,0,0.6877043247,RektifyAI/attack-playbook
NEG_01543,0,0,0,1843,3,0.0007500688,0,0.6877043247,rgab1508/cryptoTSEC
NEG_01547,0,0,0,1847,3,0.00026609754,0,0.6877043247,RigoBlock/v3-contracts
NEG_01548,0,0,0,1848,3,0.0002568401,0,0.6877043247,risc0/risc0-ethereum
NEG_01550,0,0,0,1850,3,0.003324026,0,0.6877043247,ritikhzb/blockchain_SmartContracts
NEG_01551,0,0,0,1851,3,0.00044071843,0,0.6877043247,ritwik-1994/Blockchain
NEG_01552,0,0,0,1852,3,0.0014821197,0,0.6877043247,riyagoel192/Define-Blockchain-Python-
NEG_01553,0,0,0,1853,3,0.0014471035,0,0.6877043247,rk98991439/Cryptocurrency-Wallet
NEG_01559,0,0,0,1859,3,0.0007463084,0,0.6877043247,Robin2164/nft1
NEG_01561,0,0,0,1861,3,0.00077538734,0,0.6877043247,rocksanen/crypto_smart_contracts
NEG_01562,0,0,0,1862,3,0.00037592728,0,0.6877043247,RocktimRajkumar/CrowdFunding-Ethereum
NEG_01565,0,0,0,1865,3,0.00045921662,0,0.6877043247,rohanranjan25061996/Wallet
NEG_01566,0,0,0,1866,3,0.036066476,0,0.6877043247,Rohit04052004/aave-credit-scoring-analysis
NEG_01571,0,0,0,1871,3,0.0009510833,0,0.6877043247,RoseBayConsulting/Titan
NEG_01574,0,0,0,1874,3,0.0005549864,0,0.6877043247,rpardela/SmartContractAPIGenerator
NEG_01580,0,0,0,1880,3,0.0008512249,0,0.6877043247,rusty-web3-developer/Solana-Bitcoin-NFT-Dex-Defi-P2EGame-SmartContract-Web3-Projects
NEG_01586,0,0,0,1886,3,0.00028951647,0,0.6877043247,Ryu204/crypto_rocket
NEG_01592,0,0,0,1892,3,0.00056245114,0,0.6877043247,saddle-finance/saddle-frontend
NEG_01607,0,0,0,1907,3,0.0002269674,0,0.6877043247,sanyamdogra/crypto-wall-et
NEG_01608,0,0,0,1908,3,0.00032943962,0,0.6877043247,SarathAdhi/Online_Poll_Creator_Blockchain
NEG_01609,0,0,0,1909,3,0.00093961525,0,0.6877043247,satansdeer/ethereum-token-tutorial
NEG_01613,0,0,0,1913,3,0.003199696,0,0.6877043247,sava2109/Cryptography_project_PKI_smart_contract
NEG_01619,0,0,0,1919,3,0.005671734,0,0.6877043247,scholtz/wallet
NEG_01625,0,0,0,1925,3,0.0004682841,0,0.6877043247,SebastienLeger02/CryptoZombies
NEG_01627,0,0,0,1927,3,0.0003142201,0,0.6877043247,sebitokazu/wave-and-token-ranking-dApp
NEG_01640,0,0,0,1940,3,0.00040422418,0,0.6877043247,shaikat010/Gamefi-Chess-Dapp
NEG_01642,0,0,0,1942,3,0.0009681812,0,0.6877043247,Shakedash-dev/ReverseBlockChainShell
NEG_01652,0,0,0,1952,3,0.0007596185,0,0.6877043247,ShivankK26/Solidity-Smart-Contracts
NEG_01657,0,0,0,1957,3,0.0020309833,0,0.6877043247,shriya-upadhyay/fight-on-chain
NEG_01658,0,0,0,1958,3,0.00033013633,0,0.6877043247,shubhamguptaiitd/bitcoin
NEG_01662,0,0,0,1962,3,0.00095488405,0,0.6877043247,sidebetxyz/crypto-chess
NEG_01666,0,0,0,1966,3,0.0006094127,0,0.6877043247,simplito/elliptic-php
NEG_01667,0,0,0,1967,3,0.00046131003,0,0.6877043247,SimSimButDifferent/hardhat-defi-fcc
NEG_01668,0,0,0,1968,3,0.0018708595,0,0.6877043247,sincerely91/simple-defi
NEG_01669,0,0,0,1969,3,0.00021351181,0,0.6877043247,sirlopu/defi-stake-yield-brownie
NEG_01670,0,0,0,1970,3,0.0004500227,0,0.6877043247,SkSamreen3/Organ-Matching-Transplantation-Blockchain-
NEG_01689,0,0,0,1989,3,0.00020969687,0,0.6877043247,snannamu/E-Voting-System-Based-on-Ethereum-Blockchain-
NEG_01690,0,0,0,1990,3,0.0006471197,0,0.6877043247,sntsabode/daisweb3.ts
NEG_01703,0,0,0,2003,3,0.0017368591,0,0.6877043247,SoshiCrmProject/btcyield-platform
NEG_01708,0,0,0,2008,3,0.002725886,0,0.6877043247,spesmilo/electrum
NEG_01716,0,0,0,2016,3,0.00035741486,0,0.6877043247,sripwoud/ethernaut
NEG_01719,0,0,0,2019,3,0.00023986952,0,0.6877043247,Stacktical/stacktical-dsla-developer-toolkit
NEG_01720,0,0,0,2020,3,0.0003399902,0,0.6877043247,stater-co/nft-lending-contracts
NEG_01737,0,0,0,2037,3,0.0006826707,0,0.6877043247,sumit03guha/smart-contracts-development-boilerplate
NEG_01744,0,0,0,2044,3,0.0004932856,0,0.6877043247,sunshineioxzc/nft-sales-tracking-bot
NEG_01756,0,0,0,2056,3,0.00034564032,0,0.6877043247,swaponline/MultiCurrencyWallet
NEG_01761,0,0,0,2061,3,0.00056499155,0,0.6877043247,Swizec/blockchain-redux
NEG_01764,0,0,0,2064,3,0.0017188895,0,0.6877043247,sxnuru/FentaCode
NEG_01767,0,0,0,2067,3,0.00081552996,0,0.6877043247,Synthetixio/SIPs
NEG_01778,0,0,0,2078,3,0.00029753664,0,0.6877043247,tanujajoshi1/solidityContracts
NEG_01779,0,0,0,2079,3,0.0007857259,0,0.6877043247,TanujJha/OpenD-NFT-Marketplace
NEG_01784,0,0,0,2084,3,0.0018366072,0,0.6877043247,TasmeTime/yt-react-next-ui-crypto-nft
NEG_01786,0,0,0,2086,3,0.04992824,0,0.6877043247,tayyabappoly/bitcoin-wallet-that-uses-Neutrino
NEG_01791,0,0,0,2091,3,0.0013384675,0,0.6877043247,teefeh-07/DefiDungeons
NEG_01803,0,0,0,2103,3,0.0017270902,0,0.6877043247,The-Poolz/LockDealNFT.Builders
NEG_01811,0,0,0,2111,3,0.0005684364,0,0.6877043247,TheODDYSEY/Vending-Machine-Smart-Contract
NEG_01812,0,0,0,2112,3,0.00027616054,0,0.6877043247,theshefer/NFT-lazy-minting
NEG_01815,0,0,0,2115,3,0.0011927532,0,0.6877043247,thoangln/Blockchain-SmartContract
NEG_01817,0,0,0,2117,3,0.0005175652,0,0.6877043247,threshold-network/tbtc-v2
NEG_01824,0,0,0,2124,3,0.00037878088,0,0.6877043247,TJ-2004/dechai
NEG_01828,0,0,0,2128,3,0.0056921216,0,0.6877043247,tomerweller/exp-tempo-clones
NEG_01833,0,0,0,2133,3,0.0006722926,0,0.6877043247,Topten1004/DoubleDice-Platform
NEG_01840,0,0,0,2140,3,0.0008037493,0,0.6877043247,tradingstrategy-ai/trade-executor
NEG_01854,0,0,0,2154,3,0.023498666,0,0.6877043247,TShanku/linked-chain
NEG_01856,0,0,0,2156,3,0.0007774879,0,0.6877043247,tunnckoCore/bitcoin-connect
NEG_01857,0,0,0,2157,3,0.00029631171,0,0.6877043247,turbo-eth/template-bank-app
NEG_01859,0,0,0,2159,3,0.0020173811,0,0.6877043247,TW2541/Solidity_Web3_Practice_Python
NEG_01870,0,0,0,2170,3,0.0053838296,0,0.6877043247,uhsr/CryptoSecurityToolkit
NEG_01872,0,0,0,2172,3,0.0012443888,0,0.6877043247,uhsr/NftMetadataIndexerTechNext
NEG_01879,0,0,0,2179,3,0.0007775164,0,0.6877043247,UssCalSst41/Xyn-SeedWatcher-Crypto-Balance-Checker-Searcher-MultiCoin
NEG_01889,0,0,0,2189,3,0.0012196603,0,0.6877043247,vdsalexandre/CryptoZombies
NEG_01892,0,0,0,2192,3,0.00021125135,0,0.6877043247,ved-et9/Blockchain_web3
NEG_01897,0,0,0,2197,3,0.00035295842,0,0.6877043247,VeloraDEX/sdk
NEG_01910,0,0,0,2210,3,0.007292429,0,0.6877043247,vilicvane/megnat
NEG_01911,0,0,0,2211,3,0.0017701555,0,0.6877043247,vinnyhoward/rn-crypto-wallet
NEG_01912,0,0,0,2212,3,0.000724852,0,0.6877043247,viperadnan-git/blockdoc
NEG_01916,0,0,0,2216,3,0.0016349318,0,0.6877043247,VishviThrimavithana/crypto-arbitrage-bot
NEG_01920,0,0,0,2220,3,0.00057767285,0,0.6877043247,VitalR/NFTLazyMinting
NEG_01921,0,0,0,2221,3,0.00029472634,0,0.6877043247,VitalR/Uniswap
NEG_01928,0,0,0,2228,3,0.0002682229,0,0.6877043247,vjgaur/NFT-Ethereum-Polygon-Marketplace
NEG_01930,0,0,0,2230,3,0.0013850069,0,0.6877043247,vmeazevedo/myCrypto_MercadoBitcoin
NEG_01943,0,0,0,2243,3,0.0012217037,0,0.6877043247,Walletika/walletika-contracts
NEG_01950,0,0,0,2250,3,0.00032201133,0,0.6877043247,wardu/Crypto-Resources
NEG_01953,0,0,0,2253,3,0.0016686479,0,0.6877043247,wcoelho/BitcoinMinerPrototype
NEG_01959,0,0,0,2259,3,0.00021387429,0,0.6877043247,web3brasil/web3brasil
NEG_01962,0,0,0,2262,3,0.0014439945,0,0.6877043247,web3gamesofficial/web3games-contract-solidity
NEG_01963,0,0,0,2263,3,0.0007412547,0,0.6877043247,web3inventor/web3-wallet-brute-force-cracking
NEG_01970,0,0,0,2270,3,0.00028683248,0,0.6877043247,wencio/python_solidity_Web3_examples
NEG_01971,0,0,0,2271,3,0.035862662,0,0.6877043247,westhoronhp15/HOW-TO-MINING-BTC-2025
NEG_01979,0,0,0,2279,3,0.0014500432,0,0.6877043247,wizardsardine/liana
NEG_01980,0,0,0,2280,3,0.00066976075,0,0.6877043247,wpdas/kibi-greeting-contract
NEG_01981,0,0,0,2281,3,0.00021689077,0,0.6877043247,wsdt/WavectToken
NEG_01985,0,0,0,2285,3,0.00087059423,0,0.6877043247,xabzxbt/brass-hands
NEG_01988,0,0,0,2288,3,0.0064922175,0,0.6877043247,xaviersins/CryptoMesh
NEG_01992,0,0,0,2292,3,0.0014138301,0,0.6877043247,xeoneux/generation-blockchain-crypto-tracker
NEG_02003,0,0,0,2303,3,0.00023288502,0,0.6877043247,y-chan/handmade_blockchain
NEG_02006,0,0,0,2306,3,0.00032515673,0,0.6877043247,yann1ckv/Marketplace_dapp
NEG_02012,0,0,0,2312,3,0.000483654,0,0.6877043247,YassineMharrek/Phenicia-Metaverse
NEG_02022,0,0,0,2322,3,0.00025740862,0,0.6877043247,yogdaan/blockchain-certification
NEG_02025,0,0,0,2325,3,0.00040336483,0,0.6877043247,YosephKS/moralis-opensea-plugins
NEG_02028,0,0,0,2328,3,0.0004099581,0,0.6877043247,ysongh/blockchain-on-restaurant-client
NEG_02032,0,0,0,2332,3,0.00026244816,0,0.6877043247,yuzushioh/EthereumKit
NEG_02038,0,0,0,2338,3,0.00044259295,0,0.6877043247,zeriontech/defi-sdk-js
NEG_02050,0,0,0,2350,3,0.0002147374,0,0.6877043247,ZuInnoTe/spark-hadoopcryptoledger-ds
NEG_02051,0,0,0,2351,3,0.0035683447,0,0.6877043247,Zynora06JaA7/Arb-Script
F1_pumpfun_clone,1,1,0,0,4,0.89586085,1,0.6877043247,2723799947qq2022/solana-pumpfun-bot
F1_pumpfun_clone,1,1,0,1,4,0.89586085,1,0.6877043247,2kwkkk/solana-pumpfun-bot
F1_pumpfun_clone,1,1,0,2,4,0.89586085,1,0.6877043247,790659193qqch/solana-pumpfun-bot
F1_pumpfun_clone,1,1,0,3,4,0.89586085,1,0.6877043247,7arlystar/solana-pumpfun-bot
F1_pumpfun_clone,1,1,0,4,4,0.89586085,1,0.6877043247,918715c83/solana-pumpfun-bot
F1_pumpfun_clone,1,1,0,6,4,0.89586085,1,0.6877043247,AmirhBeigi7zch6f/solana-pumpfun-bot
F1_pumpfun_clone,1,1,0,8,4,0.89586085,1,0.6877043247,asmaamohamed0264/solana-pumpfun-bot
F1_pumpfun_clone,1,1,0,9,4,0.89586085,1,0.6877043247,bog-us/solana-pumpfun-bot
F1_pumpfun_clone,1,1,0,12,4,0.89586085,1,0.6877043247,edparker89/solana-pumpfun-bot
F1_pumpfun_clone,1,1,0,16,4,0.89586085,1,0.6877043247,ii4272/solana-pumpfun-bot
F1_pumpfun_clone,1,1,0,17,4,0.89586085,1,0.6877043247,ijtye/solana-pumpfun-bot
F1_pumpfun_clone,1,1,0,18,4,0.89586085,1,0.6877043247,iwanjunaids/solana-pumpfun-bot
F1_pumpfun_clone,1,1,0,19,4,0.89586085,1,0.6877043247,janmalece/solana-pumpfun-bot
F1_pumpfun_clone,1,1,0,20,4,0.89586085,1,0.6877043247,kay2x4/solana-pumpfun-bot
F1_pumpfun_clone,1,1,0,22,4,0.89586085,1,0.6877043247,lan666as2dfur/solana-pumpfun-bot
F1_pumpfun_clone,1,1,0,23,4,0.82432914,1,0.6877043247,loveccat/solana-pumpfun-bot
F1_pumpfun_clone,1,1,0,24,4,0.89586085,1,0.6877043247,lukgria/solana-pumpfun-bot
F1_pumpfun_clone,1,1,0,25,4,0.89586085,1,0.6877043247,mdemetrial26rvk9w/solana-pumpfun-bot
F1_pumpfun_clone,1,1,0,31,4,0.89586085,1,0.6877043247,oumengwas/solana-pumpfun-bot
F1_pumpfun_clone,1,1,0,32,4,0.89586085,1,0.6877043247,Rain-Rave5/solana-pumpfun-bot
F1_pumpfun_clone,1,1,0,38,4,0.89586085,1,0.6877043247,wc64561673347375/solana-pumpfun-bot
F1_pumpfun_clone,1,1,0,39,4,0.89586085,1,0.6877043247,wj6942/solana-pumpfun-bot
F1_pumpfun_clone,1,1,0,40,4,0.89586085,1,0.6877043247,xnaotutu77765/solana-pumpfun-bot
F1_pumpfun_clone,1,1,0,42,4,0.89586085,1,0.6877043247,yvagSirKt/solana-pumpfun-bot
NEG_00004,0,0,0,304,4,0.02805963,0,0.6877043247,0x-Crisbanks/panda-Web3-smart-contract-auditor-
NEG_00009,0,0,0,309,4,0.0010753169,0,0.6877043247,0xDeadList/0xDeadList
NEG_00011,0,0,0,311,4,0.00014864503,0,0.6877043247,0xefrain/Bsc-bootcamp
NEG_00016,0,0,0,316,4,0.0037272377,0,0.6877043247,0xhappydev/evm-explorer-uniswap
NEG_00017,0,0,0,317,4,0.00048820907,0,0.6877043247,0xinevitable/bento
NEG_00019,0,0,0,319,4,0.0002063957,0,0.6877043247,0xJonaseb11/Meta-suite
NEG_00022,0,0,0,322,4,0.0004844555,0,0.6877043247,0xLabs-Org/DeHarvest
NEG_00028,0,0,0,328,4,0.00016646537,0,0.6877043247,0xRajkumar/damn-vulnerable-defi-solutions
NEG_00035,0,0,0,335,4,0.0010202986,0,0.6877043247,10gic/vanitygen-plusplus
NEG_00036,0,0,0,336,4,0.00023398676,0,0.6877043247,1200wd/bitcoinlib
NEG_00038,0,0,0,338,4,0.0010420787,0,0.6877043247,1Crazymoney/ethNearMarketplace
NEG_00046,0,0,0,346,4,0.0006978698,0,0.6877043247,6sl3pt/ethereum-data-analytics
NEG_00050,0,0,0,350,4,0.0017561995,0,0.6877043247,a3igner/dixie-coin
NEG_00057,0,0,0,357,4,0.0004504169,0,0.6877043247,aave/governance-crosschain-bridges
NEG_00061,0,0,0,361,4,0.004562147,0,0.6877043247,abdurrazzak5621/neonops-ai
NEG_00062,0,0,0,362,4,0.0024424721,0,0.6877043247,abhi-rawal/aave_credit_scoring
NEG_00075,0,0,0,375,4,0.00060768717,0,0.6877043247,adameth2900/ETH
NEG_00079,0,0,0,379,4,0.0011366826,0,0.6877043247,adilsachwani/web3ForSmartContracts
NEG_00089,0,0,0,389,4,0.056523614,0,0.6877043247,Adrijan-Petek/onchain-nft-art
NEG_00090,0,0,0,390,4,0.0013413203,0,0.6877043247,Adrijan-Petek/portfolio-tracker-pnl
NEG_00093,0,0,0,393,4,0.00019249547,0,0.6877043247,adwait2001/Mint-NFT
NEG_00108,0,0,0,408,4,0.031701412,0,0.6877043247,ahmedali8/solspeakai
NEG_00114,0,0,0,414,4,0.0021665804,0,0.6877043247,AidosKuneen/aidos-wallet-v1
NEG_00116,0,0,0,416,4,0.0061191465,0,0.6877043247,aiLeonardo/cryptotips
NEG_00119,0,0,0,419,4,0.0004713581,0,0.6877043247,Ajitabh-Kalia/Ethereum-Wallet
NEG_00127,0,0,0,427,4,0.0025426876,0,0.6877043247,akshit0201/Web3-Ethereum
NEG_00133,0,0,0,433,4,0.00083764247,0,0.6877043247,alejoacosta74/ethereum-farming-example
NEG_00145,0,0,0,445,4,0.00029289213,0,0.6877043247,alfonsrv/crypto-tracker
NEG_00149,0,0,0,449,4,0.0015902756,0,0.6877043247,aliezzahn/crypto-price-correlation-matrix
NEG_00153,0,0,0,453,4,0.00028684587,0,0.6877043247,alisidaniel/Defi
NEG_00154,0,0,0,454,4,0.008638643,0,0.6877043247,alissonfernandes/bitcoin-wallet
NEG_00157,0,0,0,457,4,0.010440277,0,0.6877043247,aloshai/aequi-monorepo
NEG_00159,0,0,0,459,4,0.00020314244,0,0.6877043247,alpdevcode/ethereum-multisig-wallet
NEG_00169,0,0,0,469,4,0.00066953996,0,0.6877043247,Amr-9/HexHunter
NEG_00172,0,0,0,472,4,0.0007509996,0,0.6877043247,AnalytixAudit/Solidity
NEG_00176,0,0,0,476,4,0.00017908312,0,0.6877043247,andreitoma8/legendary-owls-smart-contract
NEG_00180,0,0,0,480,4,0.00022355572,0,0.6877043247,angelcatanzariti1/web3_py_example
NEG_00190,0,0,0,490,4,0.0001654171,0,0.6877043247,antoniopgs/tangible
NEG_00191,0,0,0,491,4,0.0027355056,0,0.6877043247,anudeeep4/Decentralized-Identity-Project
NEG_00217,0,0,0,517,4,0.009384626,0,0.6877043247,Arowolokehinde/STX-TIP
NEG_00223,0,0,0,523,4,0.0002474838,0,0.6877043247,arthur0725/CryptoZombie
NEG_00234,0,0,0,534,4,0.00064085267,0,0.6877043247,AshutoshShekharProjects/Blockchain-Solidity
NEG_00245,0,0,0,545,4,0.0002223078,0,0.6877043247,AuxillaryLord/Smart-Contracts
NEG_00255,0,0,0,555,4,0.00063217245,0,0.6877043247,azerpas/prescurity-blockchain
NEG_00257,0,0,0,557,4,0.00013832134,0,0.6877043247,Baat-Maan/defiBasic
NEG_00263,0,0,0,563,4,0.010774571,0,0.6877043247,balancer/scaffold-balancer-v3
NEG_00264,0,0,0,564,4,9.806265e-05,0,0.6877043247,balive053/blockchainFromScratch
NEG_00268,0,0,0,568,4,0.000253656,0,0.6877043247,bansaltushar014/Chapter-Solidity
NEG_00278,0,0,0,578,4,0.004845419,0,0.6877043247,beeman/solana-mobile-seeker-genesis-holders
NEG_00284,0,0,0,584,4,0.00057934964,0,0.6877043247,benzemeze1-art/nft-rarity-tracker-2
NEG_00301,0,0,0,601,4,0.0022258668,0,0.6877043247,bitcoin-flasher/flasher-smart-contracts
NEG_00304,0,0,0,604,4,0.00038979595,0,0.6877043247,bitcoinaverage/api-integration-examples
NEG_00313,0,0,0,613,4,0.00024209314,0,0.6877043247,blakewood84/react-metamask-medium
NEG_00320,0,0,0,620,4,0.00077825395,0,0.6877043247,Blockchain-for-Developers/sp18-midterm-pt2
NEG_00335,0,0,0,635,4,0.0004672895,0,0.6877043247,Bottom-Labs/wallet-core
NEG_00338,0,0,0,638,4,0.00012140381,0,0.6877043247,BraianVaylet/buildspace-epic-nfts-ui
NEG_00340,0,0,0,640,4,0.0006173474,0,0.6877043247,brendanjryan/crypto-keystore-rs
NEG_00347,0,0,0,647,4,0.0011982808,0,0.6877043247,btcsuite/btcwallet
NEG_00356,0,0,0,656,4,0.021771858,0,0.6877043247,Bytez3/MEDiscordBuySell
NEG_00357,0,0,0,657,4,0.0010088364,0,0.6877043247,bzthelmaeddins54/headlee
NEG_00369,0,0,0,669,4,0.0009990504,0,0.6877043247,carlosgauci/crypto-track
NEG_00372,0,0,0,672,4,0.00066385645,0,0.6877043247,catze-labs/jury-dao-web
NEG_00373,0,0,0,673,4,0.0006432551,0,0.6877043247,cawfree/web3-react-native
NEG_00386,0,0,0,686,4,0.004074957,0,0.6877043247,charlo1492charlo14928/NFT-Yield-Farming
NEG_00389,0,0,0,689,4,0.0012131961,0,0.6877043247,chauhan-varun/Account-abstraction
NEG_00395,0,0,0,695,4,0.00052491174,0,0.6877043247,Chirag21/CryptoZombies-solidity-v0.8.16
NEG_00396,0,0,0,696,4,0.00024746446,0,0.6877043247,chjj/mako
NEG_00399,0,0,0,699,4,0.06452248,0,0.6877043247,ChocoChichia/bitcoin-wallet
NEG_00407,0,0,0,707,4,0.0006677719,0,0.6877043247,CJpaekil/nft-marketplace-ERC721
NEG_00412,0,0,0,712,4,0.00033928806,0,0.6877043247,ClusterH/Memories-NFT
NEG_00417,0,0,0,717,4,0.00088418665,0,0.6877043247,Code-Decoders/specter-defi-near
NEG_00431,0,0,0,731,4,0.0004102605,0,0.6877043247,CoinSpace/CoinSpace
NEG_00443,0,0,0,743,4,0.006218681,0,0.6877043247,Consensys/defi-score
NEG_00444,0,0,0,744,4,0.007442055,0,0.6877043247,Consensys/eth-lightwallet
NEG_00449,0,0,0,749,4,0.0006368488,0,0.6877043247,coti-io/coti-ethers
NEG_00454,0,0,0,754,4,0.00022593253,0,0.6877043247,Cr0mb/Crypto-Sweeper
NEG_00456,0,0,0,756,4,0.001688191,0,0.6877043247,craftBrainLLC/ethereum-indexer
NEG_00460,0,0,0,760,4,0.0065743225,0,0.6877043247,critfinds/Web3CRIT-Scanner
NEG_00470,0,0,0,770,4,0.0013733284,0,0.6877043247,CryptoApex23/mnemonic-balance-checker
NEG_00473,0,0,0,773,4,0.0012347437,0,0.6877043247,cryptodance/cryptodance-backend
NEG_00475,0,0,0,775,4,0.00036896355,0,0.6877043247,CryptoFist/MemeMarketplace-contract
NEG_00476,0,0,0,776,4,0.008218017,0,0.6877043247,cryptoforge318/NFT-Marketplace
NEG_00487,0,0,0,787,4,0.0035009421,0,0.6877043247,curvefi/curve-contract
NEG_00489,0,0,0,789,4,0.0039199255,0,0.6877043247,cyforge/Orbis-Wallet
NEG_00491,0,0,0,791,4,0.00023551121,0,0.6877043247,cypherpunk-symposium/web3-starter-rs
NEG_00496,0,0,0,796,4,0.0014021337,0,0.6877043247,d3or/eth-vanity-gen
NEG_00498,0,0,0,798,4,0.001324053,0,0.6877043247,Dakii03/crypto-project-v2
NEG_00499,0,0,0,799,4,0.0014330667,0,0.6877043247,dalloglio/nft-pokemon
NEG_00501,0,0,0,801,4,0.00044345323,0,0.6877043247,Daltonic/dappFundsX
NEG_00504,0,0,0,804,4,0.00019514815,0,0.6877043247,DanielDimitrov5/NFT-Marketplace-FE
NEG_00511,0,0,0,811,4,0.0001498127,0,0.6877043247,dapperlabs/dapper-contracts
NEG_00512,0,0,0,812,4,0.00039790876,0,0.6877043247,DappFactory/CryptoTrivia
NEG_00515,0,0,0,815,4,0.000370545,0,0.6877043247,DappioLab/navigator
NEG_00517,0,0,0,817,4,0.0007170717,0,0.6877043247,dappteacher/smart-contract-audit-portfolio
NEG_00521,0,0,0,821,4,0.0045615733,0,0.6877043247,Darkbladecr/cryptoWallet
NEG_00537,0,0,0,837,4,0.00063958234,0,0.6877043247,Deed3Labs/Protocol-DApp
NEG_00539,0,0,0,839,4,0.0015121202,0,0.6877043247,Deeppanchal2108/metaflex-nft-lab
NEG_00546,0,0,0,846,4,0.0002966843,0,0.6877043247,defiprime/defiprime1
NEG_00559,0,0,0,859,4,0.00020192814,0,0.6877043247,DePayFi/widgets
NEG_00568,0,0,0,868,4,0.0005486499,0,0.6877043247,develrocket/NFT-Smart-Contract
NEG_00569,0,0,0,869,4,0.009477276,0,0.6877043247,DevJihwan/SmartContractSample_RentCar
NEG_00574,0,0,0,874,4,0.0035032453,0,0.6877043247,dgrmunch/docuten-blockchain-proof-dapp
NEG_00580,0,0,0,880,4,0.00012503991,0,0.6877043247,dhiraj0911/defi-uniswap
NEG_00587,0,0,0,887,4,0.04050665,0,0.6877043247,Dineshv0311/Web3.0-CryptoTransfer
NEG_00595,0,0,0,895,4,0.0029756578,0,0.6877043247,dmakarov-dev/Ethereum-Solidity-token
NEG_00604,0,0,0,904,4,0.04038699,0,0.6877043247,dozerokz/polymarket_monitor
NEG_00606,0,0,0,906,4,0.003027995,0,0.6877043247,drips-network/app
NEG_00616,0,0,0,916,4,0.00082386367,0,0.6877043247,dvinubius/tiny-multisig-typescript
NEG_00625,0,0,0,925,4,0.0014036889,0,0.6877043247,EjaraApp/trustdart
NEG_00633,0,0,0,933,4,0.00092311995,0,0.6877043247,elxor/jetum-wallet
NEG_00635,0,0,0,935,4,0.0010565922,0,0.6877043247,EmanHerawy/web3Drive
NEG_00652,0,0,0,952,4,0.00049538154,0,0.6877043247,EnridoZanoge/Layer-1
NEG_00653,0,0,0,953,4,0.0016332445,0,0.6877043247,enzymefinance/protocol
NEG_00655,0,0,0,955,4,0.07804709,0,0.6877043247,epacrypt25/Web3BlockchainVooting
NEG_00656,0,0,0,956,4,0.061699595,0,0.6877043247,EpicVillage/Ore-Blue-Miner
NEG_00657,0,0,0,957,4,0.00018572553,0,0.6877043247,eprbell/dali-rp2
NEG_00658,0,0,0,958,4,0.0004800011,0,0.6877043247,eprbell/rp2
NEG_00662,0,0,0,962,4,0.0015818035,0,0.6877043247,ernestognw/ethereum_signature
NEG_00667,0,0,0,967,4,0.00019807086,0,0.6877043247,EtherAuthority/Portfolio
NEG_00671,0,0,0,971,4,0.0012908495,0,0.6877043247,Ethernal-Tech/bridge-web-test-suite
NEG_00675,0,0,0,975,4,0.0008011956,0,0.6877043247,ETsCalrskj/Kypt-MultiSig-Wallet-Transactions-Tron-Ethereum
NEG_00684,0,0,0,984,4,0.0006650711,0,0.6877043247,exactly/liquidation-bot
NEG_00685,0,0,0,985,4,0.000258913,0,0.6877043247,exactly/protocol
NEG_00689,0,0,0,989,4,0.00019197528,0,0.6877043247,Expandergraph/crypto-crawler
NEG_00690,0,0,0,990,4,0.015555056,0,0.6877043247,ExpertVagabond/mango-v4
NEG_00696,0,0,0,996,4,0.00065485825,0,0.6877043247,FACINGS/collection-manager
NEG_00697,0,0,0,997,4,0.010796101,0,0.6877043247,fadedreams/wallet_go_blockchain_concepts
NEG_00703,0,0,0,1003,4,0.0005781424,0,0.6877043247,Farber98/MultiSigWallet
NEG_00708,0,0,0,1008,4,0.00029465274,0,0.6877043247,feeeei/vanity-generator
NEG_00713,0,0,0,1013,4,0.0019846333,0,0.6877043247,FIFA0313/sui-mcp-server-wallet-management
NEG_00717,0,0,0,1017,4,0.0002868363,0,0.6877043247,FIT-DNU/Blockchain-Technology
NEG_00726,0,0,0,1026,4,0.0009905607,0,0.6877043247,formysister/crosschain-mixer-solidity
NEG_00728,0,0,0,1028,4,0.049545668,0,0.6877043247,foxxcn/Arkham_API_test
NEG_00731,0,0,0,1031,4,0.00085088104,0,0.6877043247,frankiefab100/Blockchain-Development-Resources
NEG_00732,0,0,0,1032,4,0.00012995211,0,0.6877043247,frankiefab100/Web3.0-Roadmap
NEG_00734,0,0,0,1034,4,0.00041247832,0,0.6877043247,FrederikBolding/chainlist
NEG_00735,0,0,0,1035,4,0.0006176685,0,0.6877043247,freight-trust/deployments-solidity
NEG_00738,0,0,0,1038,4,0.00012895878,0,0.6877043247,FriendlyUser/solidity-smart-contracts
NEG_00739,0,0,0,1039,4,0.002292194,0,0.6877043247,FujiwaraChoki/CoinWizard
NEG_00740,0,0,0,1040,4,0.004489039,0,0.6877043247,fullstack-development/blockchain-wiki-en
NEG_00750,0,0,0,1050,4,0.011952446,0,0.6877043247,gear5labs/chenpilot
NEG_00753,0,0,0,1053,4,0.00012929122,0,0.6877043247,Generic35/Ethereum-Wallet-Dai-Token-Clone
NEG_00758,0,0,0,1058,4,0.019623023,0,0.6877043247,gfsxyz/lamina
NEG_00760,0,0,0,1060,4,0.00024797913,0,0.6877043247,GHODA-crypto/shatranj
NEG_00761,0,0,0,1061,4,0.0022907255,0,0.6877043247,ghulamrabbanimedium-dotcom/VerseBet-dapp
NEG_00768,0,0,0,1068,4,0.00064798683,0,0.6877043247,gmh5225/awesome-crypto-wallet-address
NEG_00773,0,0,0,1073,4,0.00378478,0,0.6877043247,GobyWallet/openapi
NEG_00783,0,0,0,1083,4,0.00015868948,0,0.6877043247,GridexProtocol/core
NEG_00784,0,0,0,1084,4,0.0012334666,0,0.6877043247,gridgentoo/graph-node
NEG_00789,0,0,0,1089,4,0.016073821,0,0.6877043247,GuiTeK/bip39-splitter
NEG_00790,0,0,0,1090,4,0.0001883406,0,0.6877043247,guoshijiang/blockchain-wallet-sdk
NEG_00801,0,0,0,1101,4,0.00022462939,0,0.6877043247,HadhemiBM/SmartContract_NFT-Marketplace
NEG_00814,0,0,0,1114,4,0.00026265145,0,0.6877043247,HarryR/shwop
NEG_00822,0,0,0,1122,4,0.00021074497,0,0.6877043247,HashLips/nft_collection_minter
NEG_00823,0,0,0,1123,4,0.00054697075,0,0.6877043247,HassanA632/blockchain-wallet-risk-analyser
NEG_00825,0,0,0,1125,4,0.00068492425,0,0.6877043247,haxpor/contractdiff
NEG_00826,0,0,0,1126,4,0.00022723936,0,0.6877043247,haxpor/inoutflow
NEG_00827,0,0,0,1127,4,0.0144519815,0,0.6877043247,hclivess/qtrader
NEG_00828,0,0,0,1128,4,0.00088064355,0,0.6877043247,hdwaIIet-io/python-hdwallet
NEG_00830,0,0,0,1130,4,0.0020636448,0,0.6877043247,henesaud/bitcoin-cryptography
NEG_00833,0,0,0,1133,4,0.0011285385,0,0.6877043247,hiero-ledger/hiero-consensus-node
NEG_00837,0,0,0,1137,4,0.00036325178,0,0.6877043247,HimanshuGupta-p1/ETHIFY
NEG_00848,0,0,0,1148,4,0.00021084586,0,0.6877043247,horizontalsystems/bitcoin-kit-android
NEG_00850,0,0,0,1150,4,0.00016897146,0,0.6877043247,horizontalsystems/ethereum-kit-android
NEG_00851,0,0,0,1151,4,0.00028665533,0,0.6877043247,horizontalsystems/unstoppable-wallet-android
NEG_00852,0,0,0,1152,4,0.00029430768,0,0.6877043247,horizontalsystems/unstoppable-wallet-ios
NEG_00853,0,0,0,1153,4,0.00046618926,0,0.6877043247,hoseadevops/edec-nft-market
NEG_00866,0,0,0,1166,4,0.004350436,0,0.6877043247,hzblab/NFT-Minting-dApp
NEG_00868,0,0,0,1168,4,0.00028030743,0,0.6877043247,iamnotstatic/multichain-crypto-wallet
NEG_00872,0,0,0,1172,4,0.0034412357,0,0.6877043247,IBM/loyalty-points-evm-fabric
NEG_00875,0,0,0,1175,4,0.0011233783,0,0.6877043247,IcarusCan/CryptoSimsNFT
NEG_00876,0,0,0,1176,4,0.00032520012,0,0.6877043247,icebert04/Defi-Dashboard
NEG_00882,0,0,0,1182,4,0.06571601,0,0.6877043247,illia-fz/defi-python-nft-staking-rewards-v2
NEG_00884,0,0,0,1184,4,0.0011655538,0,0.6877043247,ilyarolf/AiogramShopBot
NEG_00885,0,0,0,1185,4,0.0015553738,0,0.6877043247,imanmousaei/coinexpy
NEG_00890,0,0,0,1190,4,0.001513527,0,0.6877043247,Infinite-Null/Wallet-Master
NEG_00894,0,0,0,1194,4,0.00023409922,0,0.6877043247,instant-coffee/cryptoZombies
NEG_00895,0,0,0,1195,4,0.010341853,0,0.6877043247,invis2912/TokenTrail
NEG_00902,0,0,0,1202,4,0.0003071463,0,0.6877043247,itsSauravK/Election-Voting-Blockchain
NEG_00908,0,0,0,1208,4,0.0037338804,0,0.6877043247,Iwai88961997/Electrum-Fake-Balance
NEG_00911,0,0,0,1211,4,0.00011620554,0,0.6877043247,jaayperez/coin
NEG_00912,0,0,0,1212,4,0.00050023594,0,0.6877043247,jackey1510/MyNFT
NEG_00919,0,0,0,1219,4,0.00015446954,0,0.6877043247,JacobZavita/nfts-react
NEG_00920,0,0,0,1220,4,0.00019286071,0,0.6877043247,jagadeeshgatla/simple-cryptocurrency-wallet
NEG_00924,0,0,0,1224,4,0.000770931,0,0.6877043247,jamaltheatlantean/DeFi-Staking
NEG_00927,0,0,0,1227,4,0.000185863,0,0.6877043247,JamesANZ/learn-solidity-with-examples
NEG_00933,0,0,0,1233,4,0.42653605,0,0.6877043247,Jared351/Blockchain-crypto-currencies
NEG_00934,0,0,0,1234,4,0.00041206132,0,0.6877043247,jarrettyew/web3.0
NEG_00935,0,0,0,1235,4,0.00028088875,0,0.6877043247,jarrodwatts/evmkit
NEG_00945,0,0,0,1245,4,0.00027674856,0,0.6877043247,jdogresorg/freewallet
NEG_00947,0,0,0,1247,4,0.00019530805,0,0.6877043247,jeet-patel313/NFTStaking
NEG_00953,0,0,0,1253,4,0.002456635,0,0.6877043247,jenil04/auction
NEG_00958,0,0,0,1258,4,0.0006343095,0,0.6877043247,jitendragangwar123/Crowd-Sale-ICO-Dapp
NEG_00959,0,0,0,1259,4,0.00010208051,0,0.6877043247,jitendragangwar123/Crypto-Zombies-Game
NEG_00961,0,0,0,1261,4,0.0004121564,0,0.6877043247,jjanczur/SolidityDrive
NEG_00967,0,0,0,1267,4,0.00021236167,0,0.6877043247,johnnyshankman/xtznftswap-contracts
NEG_00969,0,0,0,1269,4,0.0024518918,0,0.6877043247,jokeradms/Electrum-ADA
NEG_00970,0,0,0,1270,4,0.00022831002,0,0.6877043247,jolly-roger-eth/ethereum-indexer
NEG_00971,0,0,0,1271,4,0.00039757887,0,0.6877043247,Jolsho/eth_wallet
NEG_00977,0,0,0,1277,4,0.12678652,0,0.6877043247,joshH94/NFT-Marketplace-Solidity-Hardhat-NexJS-Web3js-Tailwind
NEG_00980,0,0,0,1280,4,0.00019339804,0,0.6877043247,jp-co-decoo-shirato/solidity-cryptozombies
NEG_00991,0,0,0,1291,4,0.005143855,0,0.6877043247,jun1sen1/solidityone1
NEG_00992,0,0,0,1292,4,0.00013294924,0,0.6877043247,Juniorduc44/brownie_fund_me
NEG_00996,0,0,0,1296,4,0.0007398137,0,0.6877043247,k1-c/ethereum-wallet-manager
NEG_01002,0,0,0,1302,4,0.05905583,0,0.6877043247,karmaizmyb1tch/Crypto-Wallet
NEG_01003,0,0,0,1303,4,0.0035603447,0,0.6877043247,kartik78946/Bank-Wallet-SmartContract
NEG_01008,0,0,0,1308,4,0.0001433577,0,0.6877043247,kausikds/ethereum-onChain-wallet
NEG_01011,0,0,0,1311,4,0.0013893876,0,0.6877043247,kaymen99/uniswap-sushiswap-arbitrage
NEG_01015,0,0,0,1315,4,0.00026365227,0,0.6877043247,keewenaw/Ethereum-Wallet-Cracker
NEG_01019,0,0,0,1319,4,0.0030632203,0,0.6877043247,Kelvyne/starknet-storage-proof-solidity
NEG_01024,0,0,0,1324,4,0.00019417205,0,0.6877043247,kerala-blockchain-academy/SmartKYC
NEG_01031,0,0,0,1331,4,0.020478759,0,0.6877043247,Keya-Moradi/Cryptopunk
NEG_01032,0,0,0,1332,4,0.00446264,0,0.6877043247,keyhunters/Biggest-Lost-Bitcoin-Wallets-List
NEG_01035,0,0,0,1335,4,0.00021520718,0,0.6877043247,khanjasir90/Secure-Shared-Wallet-Solidity
NEG_01039,0,0,0,1339,4,0.00062496716,0,0.6877043247,kinggongzilla/Stable_GME_SmartContract
NEG_01042,0,0,0,1342,4,0.00053194404,0,0.6877043247,kingsudo1004/Wallet-EVM
NEG_01048,0,0,0,1348,4,0.00047094852,0,0.6877043247,klntsky/sec.cyou
NEG_01062,0,0,0,1362,4,0.0005996181,0,0.6877043247,krypc-code/krypcore-web3-sdk
NEG_01065,0,0,0,1365,4,0.018729912,0,0.6877043247,kunalsinghdadhwal/LiqX
NEG_01066,0,0,0,1366,4,0.0021189142,0,0.6877043247,Kuprovskiy/defi.finance
NEG_01069,0,0,0,1369,4,0.0033578146,0,0.6877043247,kvmizu/transfer_eth
NEG_01070,0,0,0,1370,4,0.006452035,0,0.6877043247,KYVENetwork/kyvejs
NEG_01072,0,0,0,1372,4,0.00075831404,0,0.6877043247,LaChance-Lab/EVM-Solana-Casino-Games
NEG_01077,0,0,0,1377,4,0.0006594999,0,0.6877043247,laser-wallet/laser-wallet-contracts
NEG_01081,0,0,0,1381,4,0.008464904,0,0.6877043247,Lavkush3411/nft-backend
NEG_01088,0,0,0,1388,4,0.00028303044,0,0.6877043247,LeandroHugo/EtherJoint-Decentralized-Finance-for-Shared-Prosperity
NEG_01092,0,0,0,1392,4,0.009919298,0,0.6877043247,lefajmofokeng/Cryptocurrencies
NEG_01093,0,0,0,1393,4,0.0002299303,0,0.6877043247,Lego1st/VotingDapp
NEG_01097,0,0,0,1397,4,0.00015697248,0,0.6877043247,leukaemiamedtech/hiasbch
NEG_01098,0,0,0,1398,4,0.00015995128,0,0.6877043247,levintech/CryptoZombie
NEG_01099,0,0,0,1399,4,0.00027998773,0,0.6877043247,life-itself/web3
NEG_01115,0,0,0,1415,4,0.00019855493,0,0.6877043247,Louis-XWB/ICP_Web3Jobs
NEG_01119,0,0,0,1419,4,0.00013635634,0,0.6877043247,lucabizza/cryptozombies
NEG_01126,0,0,0,1426,4,0.0002158856,0,0.6877043247,m1guelpf/laravel-web3-login
NEG_01127,0,0,0,1427,4,0.000587108,0,0.6877043247,maAPPsDEV/dex-attack
NEG_01139,0,0,0,1439,4,0.00041125822,0,0.6877043247,manifoldfinance/kb
NEG_01140,0,0,0,1440,4,0.0029468448,0,0.6877043247,manifoldfinance/multicall-framework
NEG_01141,0,0,0,1441,4,0.00039235156,0,0.6877043247,manifoldfinance/tscli
NEG_01142,0,0,0,1442,4,0.0020399196,0,0.6877043247,manifoldx/typed-sdk
NEG_01145,0,0,0,1445,4,0.0008136503,0,0.6877043247,manuelpires/nft-collection-generator
NEG_01148,0,0,0,1448,4,0.021195736,0,0.6877043247,MarcoBrian/damn-vulnerable-defi
NEG_01149,0,0,0,1449,4,0.0017101681,0,0.6877043247,margelo/react-native-graph
NEG_01150,0,0,0,1450,4,0.00022228618,0,0.6877043247,marginalfriend/brownie_fund_me
NEG_01155,0,0,0,1455,4,0.0004375583,0,0.6877043247,MartinSerafini/Solidity
NEG_01156,0,0,0,1456,4,0.00020602233,0,0.6877043247,martycodes333/crypto_zombies
NEG_01166,0,0,0,1466,4,0.00025482656,0,0.6877043247,matprime/ERC-1155-NFT-demo
NEG_01167,0,0,0,1467,4,0.00018613931,0,0.6877043247,mattdf/RingCrypto
NEG_01168,0,0,0,1468,4,0.00094831904,0,0.6877043247,matthias-wyss/crypto-carry-trade-strategies
NEG_01172,0,0,0,1472,4,0.00022392585,0,0.6877043247,maximebrugel/YokaiChain
NEG_01174,0,0,0,1474,4,0.000516121,0,0.6877043247,mchalise/mero_crypto_finance
NEG_01188,0,0,0,1488,4,0.00015353355,0,0.6877043247,mervanerenci/Jumpy-PlayToEarn-BlockchainGame
NEG_01191,0,0,0,1491,4,0.0002764885,0,0.6877043247,Meta-Dragons/CronoSafe
NEG_01195,0,0,0,1495,4,0.000397372,0,0.6877043247,MGM103/CDP_Stable_Coin
NEG_01197,0,0,0,1497,4,0.0041377074,0,0.6877043247,MhmdNdri/XCryptoDApp
NEG_01199,0,0,0,1499,4,0.0002325123,0,0.6877043247,mic0des/simple-multisig-wallet
NEG_01201,0,0,0,1501,4,0.00047493578,0,0.6877043247,Michal2SAB/Ethereum-Stealer
NEG_01203,0,0,0,1503,4,0.005282667,0,0.6877043247,michelle5013-guilloryn/polye
NEG_01205,0,0,0,1505,4,0.0004067338,0,0.6877043247,midas92/lottery-casino-crypto-game
NEG_01209,0,0,0,1509,4,0.00030828518,0,0.6877043247,milan338/totally-secure-dapp
NEG_01212,0,0,0,1512,4,0.00074712996,0,0.6877043247,mimani68/TRON-network-smart-contract-integration
NEG_01213,0,0,0,1513,4,0.0013104291,0,0.6877043247,mimic-fi/cross-chain-subscription-payments-with-mimic
NEG_01214,0,0,0,1514,4,0.017723354,0,0.6877043247,mimic-protocol/contracts
NEG_01217,0,0,0,1517,4,0.002129208,0,0.6877043247,Mizogg/GUI_keyhunt
NEG_01219,0,0,0,1519,4,0.00022631157,0,0.6877043247,Mizogg/Tkinter-Power-Mini
NEG_01227,0,0,0,1527,4,0.018188631,0,0.6877043247,moisestech/web3crypto.mx
NEG_01236,0,0,0,1536,4,0.0019152527,0,0.6877043247,MoralisWeb3/unity-web3-game-kit
NEG_01243,0,0,0,1543,4,0.0004949001,0,0.6877043247,mrazoriginal/Ali-Crypto-House-HardFork
NEG_01246,0,0,0,1546,4,0.03831405,0,0.6877043247,mrkkyatilla/omus-wallet
NEG_01252,0,0,0,1552,4,0.0037442462,0,0.6877043247,mstable/mStable-app
NEG_01253,0,0,0,1553,4,0.00024307244,0,0.6877043247,mstable/mStable-contracts
NEG_01260,0,0,0,1560,4,0.0028209449,0,0.6877043247,multiavatar/multiavatar-solidity
NEG_01276,0,0,0,1576,4,0.0025351355,0,0.6877043247,n4bi10p/aptos-meme-nft-minter
NEG_01277,0,0,0,1577,4,0.00017787822,0,0.6877043247,Nachoxt17/Blockchain-Memory-Game-with-ERC-721-Tokens
NEG_01279,0,0,0,1579,4,0.0015675118,0,0.6877043247,nakandakare/cryptopay-smart-contract
NEG_01295,0,0,0,1595,4,0.00012414531,0,0.6877043247,Neph-dev/EpicNFT
NEG_01296,0,0,0,1596,4,0.00028032347,0,0.6877043247,NEST-Protocol/NEST-Oracle-V4.0
NEG_01307,0,0,0,1607,4,0.00027812694,0,0.6877043247,nicehash/NiceHashQuickMiner
NEG_01308,0,0,0,1608,4,0.0005853215,0,0.6877043247,nicholashc/uniswap-skim
NEG_01311,0,0,0,1611,4,0.0006515246,0,0.6877043247,nicolaiort/stonx-backend
NEG_01312,0,0,0,1612,4,0.0015751559,0,0.6877043247,nicolas-sanch/web3.py-dapp
NEG_01322,0,0,0,1622,4,0.01449197,0,0.6877043247,nirholas/free-crypto-news
NEG_01324,0,0,0,1624,4,0.010417276,0,0.6877043247,nirholas/x402-stablecoin
NEG_01325,0,0,0,1625,4,0.0004630816,0,0.6877043247,Nishantthapa4591/Smart-Wallet-with-Blockchain
NEG_01343,0,0,0,1643,4,0.001407193,0,0.6877043247,ntourne/nft-crypto-punks-contract
NEG_01346,0,0,0,1646,4,0.001050598,0,0.6877043247,nxm-rs/nexum
NEG_01348,0,0,0,1648,4,0.002835919,0,0.6877043247,oasislabs/oasis.js
NEG_01365,0,0,0,1665,4,0.0009882037,0,0.6877043247,olegsinavski/voting_system_web3
NEG_01373,0,0,0,1673,4,0.00054965547,0,0.6877043247,OneKeyHQ/app-monorepo
NEG_01377,0,0,0,1677,4,0.0125258565,0,0.6877043247,onoka-ship-it/kogwasys
NEG_01389,0,0,0,1689,4,0.0015814217,0,0.6877043247,Opty1712/nft-opensea-search
NEG_01391,0,0,0,1691,4,0.0003066945,0,0.6877043247,orelkabets/eth-wallet-notify
NEG_01392,0,0,0,1692,4,0.001832841,0,0.6877043247,OriginProtocol/origin-dollar
NEG_01399,0,0,0,1699,4,0.002686614,0,0.6877043247,Oxdevonchain/ethereum-nft-marketplace
NEG_01402,0,0,0,1702,4,0.00037067026,0,0.6877043247,p4u/blockmessage
NEG_01416,0,0,0,1716,4,0.0008150852,0,0.6877043247,patrana/cryptographic-parcel-ledger
NEG_01420,0,0,0,1720,4,0.0029520204,0,0.6877043247,PaulRBerg/prb-math
NEG_01433,0,0,0,1733,4,0.0016481917,0,0.6877043247,PeterVermeulen01123/NFT-cryptoDevs
NEG_01440,0,0,0,1740,4,0.0017961714,0,0.6877043247,Pixie1234/BlockchainCrypto
NEG_01442,0,0,0,1742,4,0.000121091645,0,0.6877043247,Planxnx/defi-tx-kit
NEG_01458,0,0,0,1758,4,0.00019700744,0,0.6877043247,prasanna-rkumar/Cryptocurrency-Widgets-by-Wallet.app
NEG_01466,0,0,0,1766,4,0.006556974,0,0.6877043247,pRizz/CryptoNoter
NEG_01470,0,0,0,1770,4,0.007792852,0,0.6877043247,project-serum/spl-token-wallet
NEG_01486,0,0,0,1786,4,0.0030021342,0,0.6877043247,qtumproject/qtum
NEG_01488,0,0,0,1788,4,0.08724211,0,0.6877043247,QuantForgeOrg/PineTS
NEG_01489,0,0,0,1789,4,0.00022247447,0,0.6877043247,QuantLet/Blockchain_mechanism
NEG_01497,0,0,0,1797,4,0.0007936089,0,0.6877043247,Racks-Community/MrCryptoIndexer
NEG_01504,0,0,0,1804,4,0.0007966062,0,0.6877043247,RageTrade/core
NEG_01511,0,0,0,1811,4,0.00028173547,0,0.6877043247,raketic-ognjen/ZombieCrypto
NEG_01514,0,0,0,1814,4,0.00014199872,0,0.6877043247,ramyhardan/proof-of-existence
NEG_01516,0,0,0,1816,4,0.0041169557,0,0.6877043247,rango-exchange/rango-sdk
NEG_01523,0,0,0,1823,4,0.120076425,0,0.6877043247,RazDwa1923/ML_Pred_Crypto
NEG_01531,0,0,0,1831,4,0.0061234343,0,0.6877043247,redbuttonsa/crypt
NEG_01535,0,0,0,1835,4,0.00030681997,0,0.6877043247,remston-dsa/ETH-USD-price-feed-using-Chainlink-oracle-Web3-Brownie-Python-and-Solidity
NEG_01539,0,0,0,1839,4,0.0026358527,0,0.6877043247,reown-com/reown_flutter
NEG_01541,0,0,0,1841,4,0.009192612,0,0.6877043247,reshma149/crypto
NEG_01555,0,0,0,1855,4,0.00048937806,0,0.6877043247,ro61zzy/crypto_zombies
NEG_01560,0,0,0,1860,4,0.0012836086,0,0.6877043247,Robocular/defi-mcp
NEG_01564,0,0,0,1864,4,0.0005336631,0,0.6877043247,rohanjsh/nft-marketplace
NEG_01568,0,0,0,1868,4,0.0010333704,0,0.6877043247,rolod0x/rolod0x
NEG_01569,0,0,0,1869,4,0.0013403051,0,0.6877043247,romanzaikin/From-Zero-to-Hero-in-Blockchain-Security-DefCon30-Workshop
NEG_01576,0,0,0,1876,4,0.037595175,0,0.6877043247,rtb-12/PolkaGuard
NEG_01587,0,0,0,1887,4,0.00048252626,0,0.6877043247,Ryz0nd/useWeb3Wallet
NEG_01602,0,0,0,1902,4,0.00046139953,0,0.6877043247,Sammers21/crypto-owl
NEG_01606,0,0,0,1906,4,0.015117801,0,0.6877043247,santiellena/air-flatcoin-protocol
NEG_01614,0,0,0,1914,4,0.0003780693,0,0.6877043247,Savjee/SavjeeCoin
NEG_01616,0,0,0,1916,4,0.0020672362,0,0.6877043247,sayandas-sd/Scan_and_pay_Crypto
NEG_01620,0,0,0,1920,4,0.011837174,0,0.6877043247,sciencemanepsilon/Blockchain_DeFi_Gaming
NEG_01630,0,0,0,1930,4,0.0072268634,0,0.6877043247,SecorD0/evm-mnemonic-generator
NEG_01637,0,0,0,1937,4,0.00014611092,0,0.6877043247,ShackAmeri/brownie-koalaStaking
NEG_01641,0,0,0,1941,4,0.001344222,0,0.6877043247,Shaivpidadi/NFT-Dapp-Boilerplate
NEG_01647,0,0,0,1947,4,0.014345799,0,0.6877043247,Shashwat-Manglam-Jain/NFT-Blockchain
NEG_01651,0,0,0,1951,4,0.0002038209,0,0.6877043247,ShivankK26/Crypto-Wallet-Extension
NEG_01654,0,0,0,1954,4,0.0006164773,0,0.6877043247,shlima/fortune
NEG_01671,0,0,0,1971,4,0.00020393521,0,0.6877043247,skundu42/CryptoWarz
NEG_01673,0,0,0,1973,4,0.0006560301,0,0.6877043247,skydream118/NFTMarketplace
NEG_01677,0,0,0,1977,4,0.0013033752,0,0.6877043247,sletizia/serverless-trading-bot
NEG_01684,0,0,0,1984,4,0.00017477533,0,0.6877043247,smartcontract123/-Smart-Contract-Based-Cryptocurrency-MlM-Software-Development-On-Tron-Ethereum-Smart-contract-Deve
NEG_01688,0,0,0,1988,4,0.00027884886,0,0.6877043247,smolgroot/prometheus-vanity-generator
NEG_01691,0,0,0,1991,4,0.00018641674,0,0.6877043247,sobi983/Binance-Marketplace-NFT-transfer-automation
NEG_01693,0,0,0,1993,4,0.00019951253,0,0.6877043247,softstack/Smart-Contract-Security-Audits
NEG_01704,0,0,0,2004,4,0.00047111083,0,0.6877043247,sounxk/Web3Escrow
NEG_01709,0,0,0,2009,4,0.009093008,0,0.6877043247,spesmulla/electrum
NEG_01710,0,0,0,2010,4,0.0019672213,0,0.6877043247,SpiderOak/Encryptr
NEG_01721,0,0,0,2021,4,0.00031800804,0,0.6877043247,status-im/status-legacy
NEG_01731,0,0,0,2031,4,0.0002363196,0,0.6877043247,stravid87/nft_mgt_protocol
NEG_01739,0,0,0,2039,4,0.0022209997,0,0.6877043247,sun-blockchain/harmony-pet
NEG_01740,0,0,0,2040,4,0.0008206317,0,0.6877043247,sunby16/web3-portfolio
NEG_01743,0,0,0,2043,4,0.0007453372,0,0.6877043247,sunnyRK/EthIndia-HackJaipur
NEG_01745,0,0,0,2045,4,0.00033363292,0,0.6877043247,SunWeb3Sec/DeFiHackLabs
NEG_01753,0,0,0,2053,4,0.0003976854,0,0.6877043247,svanas/migratooor
NEG_01758,0,0,0,2058,4,0.0010872254,0,0.6877043247,sweetmantech/nft-factory
NEG_01765,0,0,0,2065,4,0.00020018595,0,0.6877043247,syedsimanta03/solana-NFT
NEG_01766,0,0,0,2066,4,0.0023214899,0,0.6877043247,syncrao/blockchain-rust
NEG_01769,0,0,0,2069,4,0.0013588326,0,0.6877043247,Synthetixio/synthetix
NEG_01770,0,0,0,2070,4,0.0011990372,0,0.6877043247,tahowallet/extension
NEG_01774,0,0,0,2074,4,0.0006534717,0,0.6877043247,tamago-labs/legato-finance
NEG_01780,0,0,0,2080,4,0.003727254,0,0.6877043247,tanviedev/AaveV2-BehavIQ
NEG_01787,0,0,0,2087,4,0.0012112557,0,0.6877043247,tcyeee/PixWallet
NEG_01794,0,0,0,2094,4,0.0017781943,0,0.6877043247,TegroTON/ton3-client
NEG_01798,0,0,0,2098,4,0.00028110764,0,0.6877043247,terrygmk/NFT-Collection
NEG_01818,0,0,0,2118,4,0.0002578441,0,0.6877043247,Throvn/web3-multi-signature-wallet
NEG_01827,0,0,0,2127,4,0.004262149,0,0.6877043247,tnkerer/vestingVault
NEG_01831,0,0,0,2131,4,0.00026001682,0,0.6877043247,Toporin/Satodime-Applet
NEG_01835,0,0,0,2135,4,0.0004303238,0,0.6877043247,tosynthegeek/mcw
NEG_01841,0,0,0,2141,4,0.0013657445,0,0.6877043247,tradingstrategy-ai/web3-ethereum-defi
NEG_01844,0,0,0,2144,4,0.00022833767,0,0.6877043247,treejer/contract
NEG_01846,0,0,0,2146,4,0.024351832,0,0.6877043247,TrinetixHubs/PixelVerse
NEG_01847,0,0,0,2147,4,0.04966254,0,0.6877043247,tronprotocol/wallet-cli
NEG_01851,0,0,0,2151,4,0.0002477402,0,0.6877043247,trustwallet/wallet-core
NEG_01855,0,0,0,2155,4,0.0052903546,0,0.6877043247,Tswaanda/tswaanda-marketplace
NEG_01860,0,0,0,2160,4,0.0004760451,0,0.6877043247,txtx/txtx
NEG_01861,0,0,0,2161,4,0.003444033,0,0.6877043247,uhsr/BlockchainNFTCertificateAuthority
NEG_01868,0,0,0,2168,4,0.004749115,0,0.6877043247,uhsr/CryptoKeyVaultManager
NEG_01875,0,0,0,2175,4,0.012508334,0,0.6877043247,unobrandon/DefiWallet
NEG_01881,0,0,0,2181,4,0.007857896,0,0.6877043247,utsavempiric20/token-wallet-solidity
NEG_01885,0,0,0,2185,4,0.0008802191,0,0.6877043247,vancelin/ethereum-event-tracker
NEG_01888,0,0,0,2188,4,0.00039669545,0,0.6877043247,vdimitriad/Uncuffed
NEG_01905,0,0,0,2205,4,0.0031421473,0,0.6877043247,ViditGalav/NFT-Synthesizer-Sol-Breeder
NEG_01908,0,0,0,2208,4,0.00015245256,0,0.6877043247,Viken-Blockchain-Solutions/Solidity-files
NEG_01909,0,0,0,2209,4,0.0013494253,0,0.6877043247,ViktorVL584/Crypto-News-Aggregator
NEG_01924,0,0,0,2224,4,0.0074109472,0,0.6877043247,vivekananand-cpu/web3-blockchain-nft-drop-app
NEG_01932,0,0,0,2232,4,0.00030163725,0,0.6877043247,vorburger/awesome-decentralized-internet-web3-blockchain-p2p-security-world-cloud
NEG_01935,0,0,0,2235,4,0.0011788281,0,0.6877043247,vvizardev/pump-smart-contract-solidity
NEG_01936,0,0,0,2236,4,0.0013309828,0,0.6877043247,vvizardev/wizardev
NEG_01946,0,0,0,2246,4,0.0006160391,0,0.6877043247,walt-id/waltid-walletkit
NEG_01947,0,0,0,2247,4,0.00049289386,0,0.6877043247,wanglinyang/nft-collection
NEG_01949,0,0,0,2249,4,0.00058994576,0,0.6877043247,wangtengjiao1997/Encode-Solidity-Bootcamp
NEG_01961,0,0,0,2261,4,0.00037344784,0,0.6877043247,web3crafter/NFTCollection_Crypto-Devs
NEG_01964,0,0,0,2264,4,0.00021921306,0,0.6877043247,Web3Philippines/homepage
NEG_01965,0,0,0,2265,4,0.0005198313,0,0.6877043247,web3privacy/web3privacy
NEG_01967,0,0,0,2267,4,0.00029700692,0,0.6877043247,weex/Live-bitcoin-transactions
NEG_01969,0,0,0,2269,4,0.0004261796,0,0.6877043247,weiweiyeih/web3.0-lottery-frontend-app
NEG_01975,0,0,0,2275,4,0.004605378,0,0.6877043247,WilliamMassalino/foundry-app
NEG_01977,0,0,0,2277,4,0.0020357545,0,0.6877043247,WISEPLAT/backtrader_bybit
NEG_01982,0,0,0,2282,4,0.00016012586,0,0.6877043247,wslyvh/clean-contracts
NEG_01995,0,0,0,2295,4,0.00027843443,0,0.6877043247,xlnfinance/xln
NEG_01999,0,0,0,2299,4,0.0054979264,0,0.6877043247,xsen215/Web3-Solana-Bitcoin-NFT-Dex-Defi-P2EGame-SmartContract-Projects
NEG_02004,0,0,0,2304,4,0.00096179923,0,0.6877043247,Y-Xiang-hub/Crowdsourcing-With-Smart-Contract
NEG_02005,0,0,0,2305,4,0.00043459775,0,0.6877043247,yakiyahi/projet-web3
NEG_02008,0,0,0,2308,4,0.0014179298,0,0.6877043247,yanukadeneth99/Meme-NFT
NEG_02014,0,0,0,2314,4,0.0004859271,0,0.6877043247,yearn/NFTreasury
NEG_02016,0,0,0,2316,4,0.00016414006,0,0.6877043247,yessGlory17/nft-marketplace
NEG_02017,0,0,0,2317,4,0.0005689383,0,0.6877043247,yeswadams/CryptoKitty
NEG_02023,0,0,0,2323,4,0.00066746806,0,0.6877043247,yokeld/solgo
NEG_02027,0,0,0,2327,4,0.0009045993,0,0.6877043247,Yourmix0x/webwag-tiri
NEG_02030,0,0,0,2330,4,0.004197055,0,0.6877043247,yunanah/nft-wallet-yoorabaek
NEG_02033,0,0,0,2333,4,0.00013111303,0,0.6877043247,zafar-saleem/blockchain-node
NEG_02042,0,0,0,2342,4,0.0011029436,0,0.6877043247,Zheaoli/awesome-coins
NEG_02043,0,0,0,2343,4,0.00038932078,0,0.6877043247,zillehuma75/lottery-smart-contract-
NEG_02047,0,0,0,2347,4,0.002905012,0,0.6877043247,zktx-io/sui-extension
NEG_02053,0,0,0,2353,4,0.00024411711,0,0.6877043247,zzzizo/cig-chain
F4_security_osint_cve,1,1,0,5,5,0.29656976,0,0.6877043247,adminlove520/VulnWatchDog
F4_security_osint_cve,1,1,0,30,5,0.036065836,0,0.6877043247,nocomp/poc-CVE-2001-1473
F4_security_osint_cve,1,1,0,37,5,0.7520453,1,0.6877043247,themaxlpalfaboy/CVE-2025-54897-LAB
F4_security_osint_cve,1,1,0,43,5,0.23367366,0,0.6877043247,Zeeeepa/spyder-osint
F4_security_osint_cve,1,1,0,44,5,0.26793495,0,0.6877043247,Zeeeepa/spyder-osint2
NEG_00001,0,0,0,301,5,0.00089924503,0,0.6877043247,00hello/solidity-experiments
NEG_00008,0,0,0,308,5,0.00015802869,0,0.6877043247,0xcregis/anychain
NEG_00013,0,0,0,313,5,0.00089929777,0,0.6877043247,0xfrosty/leverade-nft
NEG_00014,0,0,0,314,5,0.00047240415,0,0.6877043247,0xGeegZ/defi-gambler
NEG_00020,0,0,0,320,5,0.0009315494,0,0.6877043247,0xJonaseb11/shared_wallet.3.0
NEG_00021,0,0,0,321,5,0.00027131417,0,0.6877043247,0xJonaseb11/solidity_L
NEG_00026,0,0,0,326,5,0.011246183,0,0.6877043247,0xPleiades/switch-trade-coin
NEG_00034,0,0,0,334,5,0.0006853254,0,0.6877043247,10ap17/Damn-Vulnerable-DeFi-Foundry
NEG_00037,0,0,0,337,5,0.00038272346,0,0.6877043247,1983shiv/blockchain-crypto-smart-contract-example
NEG_00040,0,0,0,340,5,0.011191911,0,0.6877043247,2303A51405/solidity-smart_contract
NEG_00053,0,0,0,353,5,0.0004832909,0,0.6877043247,aaquib8700/Wallet-SmartContract
NEG_00064,0,0,0,364,5,0.0014907895,0,0.6877043247,AbioyeSamuel/DBANK_DeFi_DApp
NEG_00087,0,0,0,387,5,0.00020102122,0,0.6877043247,adrianmcli/ganache-jest-example
NEG_00091,0,0,0,391,5,0.008245953,0,0.6877043247,Adrijan-Petek/token-correlation-analyzer
NEG_00095,0,0,0,395,5,0.00022851626,0,0.6877043247,aeminium-labs/nextjs-solana-starter-kit
NEG_00098,0,0,0,398,5,0.0002341461,0,0.6877043247,afroze93/smart-contract-1
NEG_00103,0,0,0,403,5,0.00033083046,0,0.6877043247,aha-moment-group/wallet
NEG_00112,0,0,0,412,5,0.0009244169,0,0.6877043247,aidear3/smart-contracts
NEG_00122,0,0,0,422,5,0.0009708165,0,0.6877043247,akbarwijayaa/simple-defi-flash
NEG_00130,0,0,0,430,5,0.0005209682,0,0.6877043247,alebeta06/chainlink-bootcampES-2024
NEG_00134,0,0,0,434,5,0.0011202445,0,0.6877043247,alejoacosta74/token-swap-exchange
NEG_00143,0,0,0,443,5,0.0038776225,0,0.6877043247,AlexNa-Holdings/web3pro
NEG_00146,0,0,0,446,5,0.025478292,0,0.6877043247,algonomad571/CryptoHFT
NEG_00150,0,0,0,450,5,0.001143149,0,0.6877043247,aliezzahn/yield-farming-optimization-calculator
NEG_00151,0,0,0,451,5,0.0025018514,0,0.6877043247,Alikhan-Shanbay/AegisScan
NEG_00152,0,0,0,452,5,0.0002662397,0,0.6877043247,aliraza944/MultiSig-Wallet-
NEG_00160,0,0,0,460,5,0.0004862869,0,0.6877043247,alpha-sol/alpha-frontend
NEG_00161,0,0,0,461,5,0.0010359447,0,0.6877043247,alpinelab-it/BuyMeABeer-Solidity-DeFi-Tipping-smart-contract-
NEG_00166,0,0,0,466,5,0.00015427642,0,0.6877043247,amdonatusprince/brownie_simple_storage-application
NEG_00186,0,0,0,486,5,0.001020233,0,0.6877043247,Anonymous961/NFTClaimApp
NEG_00187,0,0,0,487,5,0.0008427343,0,0.6877043247,ant-design/ant-design-web3
NEG_00189,0,0,0,489,5,0.0015965474,0,0.6877043247,Anton1636/crypto-wallet
NEG_00197,0,0,0,497,5,0.00030990032,0,0.6877043247,apalowski688-art/ethereum-bitcoin
NEG_00200,0,0,0,500,5,0.0022500975,0,0.6877043247,ApeWorX/ape-ganache
NEG_00201,0,0,0,501,5,0.0023328764,0,0.6877043247,ApeWorX/ape-ledger
NEG_00202,0,0,0,502,5,0.00074032106,0,0.6877043247,ApeWorX/evm-trace
NEG_00205,0,0,0,505,5,0.0065765027,0,0.6877043247,aptos-labs/petra-vault
NEG_00206,0,0,0,506,5,0.02343112,0,0.6877043247,aqemal/owasp-sc-token-
NEG_00207,0,0,0,507,5,0.00032743663,0,0.6877043247,aragon/use-wallet
NEG_00216,0,0,0,516,5,0.00028898916,0,0.6877043247,arokvic/FundMeProject-SmartContracts-Web3-Brownie-Solidity-2022
NEG_00219,0,0,0,519,5,0.00069103163,0,0.6877043247,ArrjunPradeep/safeCryptoWallet
NEG_00225,0,0,0,525,5,0.00089372066,0,0.6877043247,arthuravianna/uff-web3-course
NEG_00229,0,0,0,529,5,0.00024352153,0,0.6877043247,as3360/ReinforcementLearntTradingBot
NEG_00230,0,0,0,530,5,0.00046306927,0,0.6877043247,ashbz/CryptoSharp
NEG_00241,0,0,0,541,5,0.008247213,0,0.6877043247,atul24112001/trackpack
NEG_00246,0,0,0,546,5,0.00015506426,0,0.6877043247,Axentro/Axentro
NEG_00252,0,0,0,552,5,0.020874696,0,0.6877043247,ayushi030709/aave-credit-scorer
NEG_00253,0,0,0,553,5,0.012013829,0,0.6877043247,ayushn2/market_maker
NEG_00262,0,0,0,562,5,0.004758279,0,0.6877043247,balancer/frontend-v2
NEG_00269,0,0,0,569,5,0.00016071077,0,0.6877043247,banteg/multicall.py
NEG_00276,0,0,0,576,5,0.00024604535,0,0.6877043247,BeanstalkFarms/Basin
NEG_00279,0,0,0,579,5,0.0011347758,0,0.6877043247,bekatom/awesome-ethereum
NEG_00283,0,0,0,583,5,0.0005835232,0,0.6877043247,benruseau/Inhetherit
NEG_00288,0,0,0,588,5,0.00044105042,0,0.6877043247,BeycanPress/cryptopay-lite
NEG_00293,0,0,0,593,5,0.00027550544,0,0.6877043247,bifrost-platform/solidity-contract-configs
NEG_00295,0,0,0,595,5,0.0020467064,0,0.6877043247,bigint/hey
NEG_00315,0,0,0,615,5,0.00046229365,0,0.6877043247,Block-Chen/blocksdk-go
NEG_00317,0,0,0,617,5,0.0007475117,0,0.6877043247,blockchain-certificates/cert-issuer
NEG_00330,0,0,0,630,5,0.00022156104,0,0.6877043247,bob-collective/bob
NEG_00337,0,0,0,637,5,0.12452245,0,0.6877043247,braedonsaunders/homerun
NEG_00343,0,0,0,643,5,0.00030551053,0,0.6877043247,brlojam4932/usdc-app
NEG_00345,0,0,0,645,5,0.0002848988,0,0.6877043247,BSN-DDC/taianchain
NEG_00378,0,0,0,678,5,0.00048227108,0,0.6877043247,chainapsis/keplr-wallet
NEG_00379,0,0,0,679,5,0.00015088561,0,0.6877043247,ChainEasy/ChainEasy-Wallet
NEG_00384,0,0,0,684,5,0.06227983,0,0.6877043247,ChainsQueen/web3dashboard
NEG_00385,0,0,0,685,5,0.021129077,0,0.6877043247,charanbalaji2005/CryptoView-solidity
NEG_00387,0,0,0,687,5,0.00017954218,0,0.6877043247,chase-manning/debt-farming
NEG_00391,0,0,0,691,5,0.013022549,0,0.6877043247,chellscript/bitLeaf
NEG_00392,0,0,0,692,5,0.00030902465,0,0.6877043247,cherti/bitcoin-analysis
NEG_00397,0,0,0,697,5,0.00067098293,0,0.6877043247,chjj/termcoin
NEG_00400,0,0,0,700,5,0.0006193081,0,0.6877043247,chrisalexadams/balancer
NEG_00401,0,0,0,701,5,0.00023952992,0,0.6877043247,ChrisdeWolf/blockchain-attack-probabilities
NEG_00402,0,0,0,702,5,0.0006162238,0,0.6877043247,chrisstef/defi-staking
NEG_00403,0,0,0,703,5,0.023995722,0,0.6877043247,ChrisZyy3/presale-nft-web3-app
NEG_00406,0,0,0,706,5,0.00091974693,0,0.6877043247,citizenweb3/validatorinfo
NEG_00418,0,0,0,718,5,0.013438587,0,0.6877043247,codebatine/Chores-for-Crypto
NEG_00437,0,0,0,737,5,0.006750835,0,0.6877043247,conka8/Solana-Dexterity
NEG_00441,0,0,0,741,5,0.00030098401,0,0.6877043247,ConsenSysDiligence/mythril
NEG_00452,0,0,0,752,5,0.00037465774,0,0.6877043247,covir-io/cvr-contract
NEG_00455,0,0,0,755,5,0.0002459806,0,0.6877043247,Cr0mb/Satoshi-Sweeper
NEG_00459,0,0,0,759,5,0.00025633152,0,0.6877043247,cristiandbetancurg/fulgol
NEG_00463,0,0,0,763,5,0.0007251709,0,0.6877043247,crypto-balance-checker-seed-phrases/crypto-balance-checker-seed-phrases
NEG_00466,0,0,0,766,5,0.0014415001,0,0.6877043247,crypto-org-chain/cronos
NEG_00469,0,0,0,769,5,0.002048468,0,0.6877043247,cryptoadvance/specter-desktop
NEG_00472,0,0,0,772,5,0.00030281718,0,0.6877043247,CryptoCreams/Crypto-Creams
NEG_00474,0,0,0,774,5,0.0035636227,0,0.6877043247,CryptoExplor/CeloNFT
NEG_00484,0,0,0,784,5,0.0013040886,0,0.6877043247,cshep4/crypto-dot-com-exchange-go
NEG_00488,0,0,0,788,5,0.0007777591,0,0.6877043247,CutupAngel/nft-marketplace
NEG_00492,0,0,0,792,5,0.00179664,0,0.6877043247,czeti/shamus
NEG_00502,0,0,0,802,5,0.00046391846,0,0.6877043247,Damian-Sanchez/CryptoTextAlert
NEG_00508,0,0,0,808,5,0.0011643864,0,0.6877043247,danilych/token-sale
NEG_00509,0,0,0,809,5,0.00082694093,0,0.6877043247,danpatrocinio/web3-api
NEG_00510,0,0,0,810,5,0.017885271,0,0.6877043247,dante4rt/t3rn-airdrop-bot
NEG_00520,0,0,0,820,5,0.0026287895,0,0.6877043247,dariocast/algorand-nft-loan
NEG_00524,0,0,0,824,5,0.002035773,0,0.6877043247,datmedevil17/hack-web3conf
NEG_00540,0,0,0,840,5,0.00030511495,0,0.6877043247,Defi-Pool-Share/DefiPoolShare.DPSTContract
NEG_00550,0,0,0,850,5,0.00016951206,0,0.6877043247,DemocracyEarth/exodus
NEG_00556,0,0,0,856,5,0.0009941828,0,0.6877043247,DePayFi/buttons
NEG_00562,0,0,0,862,5,0.002471271,0,0.6877043247,desoul-labs/soulhub-contracts
NEG_00563,0,0,0,863,5,0.0027949002,0,0.6877043247,deusfinance/deus-interface-v2
NEG_00564,0,0,0,864,5,0.00046837292,0,0.6877043247,dev-x-master/Election-Blockchain-App
NEG_00565,0,0,0,865,5,0.006293987,0,0.6877043247,devano12/Kryptex-miner
NEG_00577,0,0,0,877,5,0.00019133842,0,0.6877043247,dharmaprotocol/experimental
NEG_00586,0,0,0,886,5,0.0007855447,0,0.6877043247,DimensionDev/Maskbook
NEG_00592,0,0,0,892,5,0.013711662,0,0.6877043247,Dklish/trading-lab
NEG_00600,0,0,0,900,5,0.0020445152,0,0.6877043247,DonggeunYu/MEV-Attack-on-the-BSC
NEG_00608,0,0,0,908,5,0.001179156,0,0.6877043247,Drix10/ai-resources
NEG_00612,0,0,0,912,5,0.00022979047,0,0.6877043247,ducga1998/tai-xiu-smart-contract
NEG_00623,0,0,0,923,5,0.00020978306,0,0.6877043247,educoin/notarypoc
NEG_00627,0,0,0,927,5,0.00035344955,0,0.6877043247,el-noir/ethereum-defi-app
NEG_00632,0,0,0,932,5,0.10308858,0,0.6877043247,ElromEvedElElyon/bitcoinbrasil
NEG_00639,0,0,0,939,5,0.0002848203,0,0.6877043247,emilyhon/foundry-defi-stablecoin-f23
NEG_00640,0,0,0,940,5,0.00046797845,0,0.6877043247,Emivvvvv/btc-vanity
NEG_00641,0,0,0,941,5,0.00038113186,0,0.6877043247,emlynazuma/blockchainCrawler
NEG_00642,0,0,0,942,5,0.0012036425,0,0.6877043247,Emmahchinonso/web3-bridge-contract
NEG_00645,0,0,0,945,5,0.00049039366,0,0.6877043247,emograms/nft-marketplace
NEG_00646,0,0,0,946,5,0.00022214996,0,0.6877043247,emtinanseo/dApp-Refund-by-Location-Smart-Contract
NEG_00647,0,0,0,947,5,0.000618712,0,0.6877043247,energychain/CorrentlyWallet
NEG_00648,0,0,0,948,5,0.00023284018,0,0.6877043247,Enkhai/crypto-blockchain-python
NEG_00659,0,0,0,959,5,0.00019105514,0,0.6877043247,eq-lab/marginly
NEG_00663,0,0,0,963,5,0.0006500184,0,0.6877043247,ervikassingh/nft-market
NEG_00681,0,0,0,981,5,0.0012818829,0,0.6877043247,EveryThinUknow/BlockchainPrototype
NEG_00683,0,0,0,983,5,0.00017862419,0,0.6877043247,EWCunha/brownie-fund-me
NEG_00686,0,0,0,986,5,0.0016951511,0,0.6877043247,exekerey/3xpl-mcp
NEG_00687,0,0,0,987,5,0.00034585706,0,0.6877043247,exglos/wallet
NEG_00698,0,0,0,998,5,0.00054842985,0,0.6877043247,fadliferdian28/MyCryptoToken
NEG_00699,0,0,0,999,5,0.00067552476,0,0.6877043247,fairrustana/Sports-Betting-Sportsbook
NEG_00702,0,0,0,1002,5,0.00042224536,0,0.6877043247,Faouzijedidi1/NFT-Game
NEG_00709,0,0,0,1009,5,0.0017891516,0,0.6877043247,felipeserrano05/one-sol-protocol
NEG_00719,0,0,0,1019,5,0.00019279966,0,0.6877043247,flannerychristopher/web3_py_simple_storage
NEG_00725,0,0,0,1025,5,0.0018047756,0,0.6877043247,Formyselfonly/smart-contract-quickstart
NEG_00729,0,0,0,1029,5,0.00041666324,0,0.6877043247,frangio/hardhat-exposed
NEG_00742,0,0,0,1042,5,0.0005339009,0,0.6877043247,fvictorio/ganache-explorer-poc
NEG_00747,0,0,0,1047,5,0.0009204609,0,0.6877043247,gasparllamazares/Bitcoin-Virus
NEG_00748,0,0,0,1048,5,0.109161295,0,0.6877043247,gauryvg98/Bitcoin-Indexer
NEG_00749,0,0,0,1049,5,0.000299316,0,0.6877043247,gbto/web3-everything
NEG_00751,0,0,0,1051,5,0.00035824502,0,0.6877043247,Gearbox-protocol/gearbox-protocol-description
NEG_00763,0,0,0,1063,5,0.00027644556,0,0.6877043247,gitthekid/Ethereum-Flashloan-DEX-Arbitrage-Contracts
NEG_00766,0,0,0,1066,5,0.00029244486,0,0.6877043247,glitchnsec/cryptozombies-solutions
NEG_00769,0,0,0,1069,5,0.0026533473,0,0.6877043247,gmtech-xyz/safe-cex
NEG_00775,0,0,0,1075,5,0.0008498791,0,0.6877043247,Gola-k/jsm_nft_marketplace
NEG_00776,0,0,0,1076,5,0.001317299,0,0.6877043247,GoodDollar/GoodDAPP
NEG_00779,0,0,0,1079,5,0.0003868653,0,0.6877043247,gprateek93/Sikka--A-Simple-Bitcoin-Implementation
NEG_00791,0,0,0,1091,5,0.02482308,0,0.6877043247,Gupta-4699/crypto_gallery
NEG_00794,0,0,0,1094,5,0.00019507634,0,0.6877043247,gyro-defi/gyro-v1-contracts
NEG_00795,0,0,0,1095,5,0.0028182236,0,0.6877043247,gysr-io/core
NEG_00797,0,0,0,1097,5,0.0003273726,0,0.6877043247,ha-bhai-noob-hoon/Solidity-task
NEG_00800,0,0,0,1100,5,0.010003313,0,0.6877043247,HackUnderway/BlockChain
NEG_00804,0,0,0,1104,5,0.0006386635,0,0.6877043247,haf-decent/bArb
NEG_00805,0,0,0,1105,5,0.00027793265,0,0.6877043247,HalfSuperNate/BalanceOfBatchDataToString
NEG_00815,0,0,0,1115,5,0.00022565482,0,0.6877043247,harsh6768/web3-basics
NEG_00821,0,0,0,1121,5,0.00027473952,0,0.6877043247,HashLips/hashlips_nft_contract
NEG_00831,0,0,0,1131,5,0.00037726658,0,0.6877043247,hexoul/aws-lambda-eth-proxy
NEG_00835,0,0,0,1135,5,0.001392413,0,0.6877043247,HilliamT/foundry-web3-monorepo
NEG_00840,0,0,0,1140,5,0.00021836799,0,0.6877043247,hiwadrashad/Crypto-Currency
NEG_00854,0,0,0,1154,5,0.00042301725,0,0.6877043247,hovig/web3-fabric-voting-dapp
NEG_00856,0,0,0,1156,5,0.0003749634,0,0.6877043247,HugoBrunet13/NFT-Marketplace-Auction
NEG_00860,0,0,0,1160,5,0.00032287824,0,0.6877043247,hundredwz/BlockchainInfo
NEG_00863,0,0,0,1163,5,0.00018545937,0,0.6877043247,hyp3r5pace/crowdfunding-platform-avalanche
NEG_00870,0,0,0,1170,5,0.00029323413,0,0.6877043247,ianmah/cryptostory
NEG_00871,0,0,0,1171,5,0.0019826225,0,0.6877043247,IaroslavTitov/OnchainVestingService
NEG_00877,0,0,0,1177,5,0.0019826998,0,0.6877043247,idimetrix/next-jobs
NEG_00878,0,0,0,1178,5,0.0010657944,0,0.6877043247,idrabenia/SublimeLinter-contrib-solhint
NEG_00880,0,0,0,1180,5,0.0003300086,0,0.6877043247,igorlourenco/nft-marketplace-smart-contract
NEG_00883,0,0,0,1183,5,0.019408673,0,0.6877043247,illia-fz/defi-ts-wallet-connect-v23
NEG_00891,0,0,0,1191,5,0.0002562741,0,0.6877043247,inghong06/Solidity_Whitelist
NEG_00896,0,0,0,1196,5,0.016714426,0,0.6877043247,iotaledger-archive/legacy-wallet-use-trinity-wallet-instead
NEG_00897,0,0,0,1197,5,0.0011519333,0,0.6877043247,Isaacdelly/Plutus
NEG_00913,0,0,0,1213,5,0.0003132256,0,0.6877043247,JackG-eth/CryptoZombieEthSC
NEG_00928,0,0,0,1228,5,0.023195282,0,0.6877043247,jammy928/CoinExchange_CryptoExchange_Java
NEG_00929,0,0,0,1229,5,0.00014690468,0,0.6877043247,janfilips/blockchain-poker
NEG_00951,0,0,0,1251,5,0.00020626507,0,0.6877043247,Jeiwan/zuniswapv2
NEG_00954,0,0,0,1254,5,0.000747651,0,0.6877043247,JennEYoon/DeFi-ml
NEG_00955,0,0,0,1255,5,0.00091346493,0,0.6877043247,jevinjivani2507/casino-web3
NEG_00956,0,0,0,1256,5,0.00074891455,0,0.6877043247,jgyy/solarjun
NEG_00957,0,0,0,1257,5,0.0014526069,0,0.6877043247,jianminggit/NFT_BOT
NEG_00960,0,0,0,1260,5,0.00032266497,0,0.6877043247,JJ-Top/Despliegue-en-Ganache-de-SmartContract
NEG_00972,0,0,0,1272,5,0.00022973528,0,0.6877043247,Jon-Becker/heimdall-rs
NEG_00975,0,0,0,1275,5,0.00047753466,0,0.6877043247,joseoscarcc/TaqueriaCryptoChain
NEG_00981,0,0,0,1281,5,0.0051540625,0,0.6877043247,jpromamen/sat-stacker-quiz
NEG_00995,0,0,0,1295,5,0.0037891583,0,0.6877043247,jwinterm/cryptonoteRPCwalletGUI
NEG_01012,0,0,0,1312,5,0.0005827022,0,0.6877043247,Kazopl/mpc-agent-wallet
NEG_01014,0,0,0,1314,5,0.00038951827,0,0.6877043247,keep-network/tbtc-website
NEG_01016,0,0,0,1316,5,0.0028861703,0,0.6877043247,KehindeA533/CryptoDev_NFTCollection_Frontend
NEG_01017,0,0,0,1317,5,0.0006268463,0,0.6877043247,kelvincup/base-commit
NEG_01020,0,0,0,1320,5,0.0006083713,0,0.6877043247,KenatSF/NFT-Marketplace
NEG_01021,0,0,0,1321,5,0.00036713897,0,0.6877043247,keng42/xwallet
NEG_01025,0,0,0,1325,5,0.0003991779,0,0.6877043247,KernelFailure/blockchain
NEG_01028,0,0,0,1328,5,0.0002391486,0,0.6877043247,Kevaljagani/NFT-Market
NEG_01038,0,0,0,1338,5,0.00015220899,0,0.6877043247,Kimxons/generate-btc-keys
NEG_01045,0,0,0,1345,5,0.005347675,0,0.6877043247,klaim-dev/solana-programs
NEG_01051,0,0,0,1351,5,0.00028336607,0,0.6877043247,kokomoji/CryptoCoinPaperWallet
NEG_01056,0,0,0,1356,5,0.00026150103,0,0.6877043247,Kr1ptal/ethers-kt
NEG_01059,0,0,0,1359,5,0.0067100194,0,0.6877043247,KrishGitVerse/speedrun-multisig-msu
NEG_01060,0,0,0,1360,5,0.016282678,0,0.6877043247,krrish-sehgal/nwc-playground
NEG_01064,0,0,0,1364,5,0.00022511909,0,0.6877043247,Kula529/-nft-collectible-frontend
NEG_01071,0,0,0,1371,5,0.00021222644,0,0.6877043247,l3lackcurtains/solo-coin-cryptocurrency
NEG_01076,0,0,0,1376,5,0.0007223795,0,0.6877043247,laramiedunlap/blockchain-wallets
NEG_01082,0,0,0,1382,5,0.020110587,0,0.6877043247,lawlietu0/EnigmaCracker
NEG_01086,0,0,0,1386,5,0.0091214385,0,0.6877043247,lbryio/lbry-desktop
NEG_01095,0,0,0,1395,5,0.0003538037,0,0.6877043247,Lemury1/wallet_stealer
NEG_01104,0,0,0,1404,5,0.0010586109,0,0.6877043247,liquality/wallet
NEG_01109,0,0,0,1409,5,0.00039882076,0,0.6877043247,LoboVH/NFT-contract-NEAR-PROTOCOL
NEG_01122,0,0,0,1422,5,0.0043585855,0,0.6877043247,Lucifer666XD/ZenDesk
NEG_01123,0,0,0,1423,5,0.00021700704,0,0.6877043247,LuckyPigeon/Smart-Contract-Playground
NEG_01129,0,0,0,1429,5,0.0006110613,0,0.6877043247,maazgora/Multi-Sig-Wallet-using-Solidity
NEG_01130,0,0,0,1430,5,0.007828108,0,0.6877043247,machenxi/Dodging-Turtis-NFT-game-Polygon
NEG_01135,0,0,0,1435,5,0.0007292545,0,0.6877043247,maikon9824-lab/giftcard-dapp-arc-
NEG_01136,0,0,0,1436,5,0.00023706163,0,0.6877043247,mainnetblockchain/sendEtherThroughSmartContract
NEG_01143,0,0,0,1443,5,0.00018126819,0,0.6877043247,Manuel-yang/BlockChainSelfLearning
NEG_01147,0,0,0,1447,5,0.00049599126,0,0.6877043247,maprob/nft-mint-site
NEG_01152,0,0,0,1452,5,0.0002492891,0,0.6877043247,markjinhua/SmartContract
NEG_01153,0,0,0,1453,5,0.0010253453,0,0.6877043247,Markkop/markkop-defi
NEG_01154,0,0,0,1454,5,0.00028483983,0,0.6877043247,MartinoTruppini/LegalTech-SmartContract.it
NEG_01158,0,0,0,1458,5,0.00063425663,0,0.6877043247,masaun/governorAlpha-with-proof-of-voting-NFT
NEG_01162,0,0,0,1462,5,0.00015333443,0,0.6877043247,mateolafalce/MonthlySubscriptionSolana
NEG_01171,0,0,0,1471,5,0.04846746,0,0.6877043247,MauriceBoendermaker/kraken_forge_hackathon_2025
NEG_01180,0,0,0,1480,5,0.0013251051,0,0.6877043247,Melchizedek4ever/Time-Lock-Wallet
NEG_01183,0,0,0,1483,5,0.0040189074,0,0.6877043247,MeoMunDep/Fintopio
NEG_01184,0,0,0,1484,5,0.00036445455,0,0.6877043247,MeoMunDep/OG-Labs
NEG_01186,0,0,0,1486,5,0.004875892,0,0.6877043247,merofinance/webapp
NEG_01194,0,0,0,1494,5,0.00015937959,0,0.6877043247,mg98/arbitrary-data-on-blockchains
NEG_01207,0,0,0,1507,5,0.00062761264,0,0.6877043247,mikke555/eth-wallets-generator
NEG_01215,0,0,0,1515,5,0.0014754954,0,0.6877043247,mirrorworld-universe/mirrorworld-sdk-js
NEG_01218,0,0,0,1518,5,0.0010610896,0,0.6877043247,Mizogg/Mizogg-Tools
NEG_01224,0,0,0,1524,5,0.002884797,0,0.6877043247,MohaiminulEraj/Indicium
NEG_01238,0,0,0,1538,5,0.0047710678,0,0.6877043247,moseuh/blockchain-nft
NEG_01241,0,0,0,1541,5,0.0006818895,0,0.6877043247,Mr-Malik-Aryan/LendVault
NEG_01248,0,0,0,1548,5,0.0002543222,0,0.6877043247,mrozdolski/ink-flipper
NEG_01250,0,0,0,1550,5,0.000783035,0,0.6877043247,mrsmookie/btcrecover
NEG_01254,0,0,0,1554,5,0.002289639,0,0.6877043247,mtechee/libax
NEG_01256,0,0,0,1556,5,0.0017982175,0,0.6877043247,mucolon/gemini-interface
NEG_01257,0,0,0,1557,5,0.0004542826,0,0.6877043247,muhammadshiraz/dex-frontend-react
NEG_01264,0,0,0,1564,5,0.00039015358,0,0.6877043247,MuscleBunny/NFT_MarketPlace
NEG_01266,0,0,0,1566,5,0.00200038,0,0.6877043247,muzikoud/cryptoZombies_smart_contract
NEG_01267,0,0,0,1567,5,0.0019196961,0,0.6877043247,Muziris-Labs/fusion-smart-contracts
NEG_01275,0,0,0,1575,5,0.0010924714,0,0.6877043247,Mystique85/Hub-Portal-Chat
NEG_01282,0,0,0,1582,5,0.007411989,0,0.6877043247,NancenFrelly/crypto_wallet
NEG_01291,0,0,0,1591,5,0.00064917956,0,0.6877043247,NecroNexus/Blocklog
NEG_01294,0,0,0,1594,5,0.000562951,0,0.6877043247,neoguias/tutorial-wallet-multifirma
NEG_01297,0,0,0,1597,5,0.0007641442,0,0.6877043247,NesterZz/NFT-Wallet
NEG_01300,0,0,0,1600,5,0.00064366445,0,0.6877043247,Neufund/ledger-wallet-provider
NEG_01306,0,0,0,1606,5,0.00033699136,0,0.6877043247,nguyenj27/CSC299
NEG_01321,0,0,0,1621,5,0.008148353,0,0.6877043247,nirholas/bnbchain-mcp
NEG_01327,0,0,0,1627,5,0.00028581428,0,0.6877043247,Nitin2489/simple-wallet-solidity
NEG_01332,0,0,0,1632,5,0.0007234625,0,0.6877043247,Noahendriks/CryptoTokens
NEG_01337,0,0,0,1637,5,0.0054787626,0,0.6877043247,NoNameNo1F/Blockchain-Applied_BitcoinScripts
NEG_01349,0,0,0,1649,5,0.00805126,0,0.6877043247,Obalfour/CryptoPokes
NEG_01354,0,0,0,1654,5,0.00020952518,0,0.6877043247,ofojichigozie/multisig-smart-contract
NEG_01363,0,0,0,1663,5,0.00015462471,0,0.6877043247,Olanetsoft/buymeacoffee-be
NEG_01367,0,0,0,1667,5,0.0005224409,0,0.6877043247,Om-Mishra7/KRMU-OS-Expo_2023
NEG_01369,0,0,0,1669,5,0.0003825564,0,0.6877043247,OmarChefrad/HourZero
NEG_01371,0,0,0,1671,5,0.0037612075,0,0.6877043247,OnChainMee/evm-base-pumfun-smart-contract-v1
NEG_01372,0,0,0,1672,5,0.0003289008,0,0.6877043247,onee-io/crypto-zombies
NEG_01382,0,0,0,1682,5,0.0003017891,0,0.6877043247,openocean-finance/Security-Audit-Report
NEG_01388,0,0,0,1688,5,0.00035541627,0,0.6877043247,Opty-Fi/defi-adapters
NEG_01390,0,0,0,1690,5,0.0023128144,0,0.6877043247,opynfinance/squeeth-monorepo
NEG_01396,0,0,0,1696,5,0.0020711895,0,0.6877043247,oumaoumag/smart-wallet-skeleton
NEG_01397,0,0,0,1697,5,0.0008479672,0,0.6877043247,Outlier1217/stellar-ai-escrow-commerce-hackathon
NEG_01398,0,0,0,1698,5,0.0008423441,0,0.6877043247,Overtorment/cli-cold-wallet
NEG_01400,0,0,0,1700,5,0.00027905125,0,0.6877043247,oxofonime/Celo
NEG_01408,0,0,0,1708,5,0.00028173442,0,0.6877043247,paniaguaadrian/nft-marketplace
NEG_01409,0,0,0,1709,5,0.011632949,0,0.6877043247,pantunes/xtcryptosignals
NEG_01410,0,0,0,1710,5,0.0016277265,0,0.6877043247,paradigmxyz/solar
NEG_01411,0,0,0,1711,5,0.0012242711,0,0.6877043247,Parkhomets/crypto_solidity
NEG_01413,0,0,0,1713,5,0.00043902293,0,0.6877043247,parv3213/Multi-Signature-Wallet
NEG_01415,0,0,0,1715,5,0.0025343795,0,0.6877043247,patilom342/poc-stake
NEG_01426,0,0,0,1726,5,0.00015616257,0,0.6877043247,pcaversaccio/solidity-games
NEG_01430,0,0,0,1730,5,0.0002851488,0,0.6877043247,PepperWatch/rust
NEG_01434,0,0,0,1734,5,0.0001659359,0,0.6877043247,Petrosdevri/Solidity-Token-Contract
NEG_01437,0,0,0,1737,5,0.0006540112,0,0.6877043247,PiDAOLab/Pi-NFT-CryptoDragonKing
NEG_01438,0,0,0,1738,5,0.0047748825,0,0.6877043247,PigCharid/ethereum-codeAnalysis
NEG_01439,0,0,0,1739,5,0.008077094,0,0.6877043247,piske-level/multi-chain-payment-gateway
NEG_01443,0,0,0,1743,5,0.00030902287,0,0.6877043247,Planxnx/ethereum-wallet-generator
NEG_01445,0,0,0,1745,5,0.00066200213,0,0.6877043247,pmaji/crypto-whale-watching-app
NEG_01451,0,0,0,1751,5,0.0015197768,0,0.6877043247,Polygon-Academy/basicnfts
NEG_01462,0,0,0,1762,5,0.0004961189,0,0.6877043247,prathameshbelurkar/Blockchains
NEG_01478,0,0,0,1778,5,0.0004196473,0,0.6877043247,pulkitpal/defi-protocol-sdk
NEG_01479,0,0,0,1779,5,0.00068143796,0,0.6877043247,pvedha/HackIT_IX_Server
NEG_01482,0,0,0,1782,5,0.0011980913,0,0.6877043247,pythoninthegrasses/nft_meetup
NEG_01484,0,0,0,1784,5,0.00022542666,0,0.6877043247,qlyde/peek
NEG_01485,0,0,0,1785,5,0.0004728136,0,0.6877043247,qshuai/blockchain-wallet
NEG_01495,0,0,0,1795,5,0.00013300857,0,0.6877043247,ra0321/CryptoZombies
NEG_01496,0,0,0,1796,5,0.00063029723,0,0.6877043247,RabbyHub/Rabby
NEG_01499,0,0,0,1799,5,0.0007274314,0,0.6877043247,RafaBlockDev/Lending-Pool
NEG_01500,0,0,0,1800,5,0.029314341,0,0.6877043247,rafaelfariasbsb/polymarket
NEG_01508,0,0,0,1808,5,0.0037547573,0,0.6877043247,RainbowMiner/RainbowMiner
NEG_01513,0,0,0,1813,5,0.015508387,0,0.6877043247,Ramprakash852/Proofify-Smart-Contract
NEG_01515,0,0,0,1815,5,0.0002646493,0,0.6877043247,ranchimall/blockchainbonds
NEG_01520,0,0,0,1820,5,0.000727913,0,0.6877043247,rawalraj022/One-Universal-Identity
NEG_01522,0,0,0,1822,5,0.0008339293,0,0.6877043247,raytsangGitHub/Cryptocurrency
NEG_01527,0,0,0,1827,5,0.00079997844,0,0.6877043247,RDCH106/pycoinmon
NEG_01528,0,0,0,1828,5,0.00017337246,0,0.6877043247,re-nft/_v2_.sdk
NEG_01529,0,0,0,1829,5,0.0012528129,0,0.6877043247,reaperdragon/kittos-nft-marketplace
NEG_01533,0,0,0,1833,5,0.0015030575,0,0.6877043247,RelapsedCode/qa-assuring-ethereum-tspvak
NEG_01534,0,0,0,1834,5,0.0006690211,0,0.6877043247,relyt29/Bubki-For-Ukraine-Contracts
NEG_01570,0,0,0,1870,5,0.0001458132,0,0.6877043247,ronylucca/nft-dungeons-slayers
NEG_01577,0,0,0,1877,5,0.00028300428,0,0.6877043247,ruppysuppy/Crypto-Crowdfund
NEG_01579,0,0,0,1879,5,0.0027319202,0,0.6877043247,rustjesty/bubblemaps-bypass-tool-rust
NEG_01584,0,0,0,1884,5,0.00030147942,0,0.6877043247,RyanHaraki/ethereumjs
NEG_01585,0,0,0,1885,5,0.0004088156,0,0.6877043247,RyanKoech/Crypto_Fund
NEG_01589,0,0,0,1889,5,0.0007562617,0,0.6877043247,s-damian/hardhat-nft-ticketing
NEG_01590,0,0,0,1890,5,0.003163509,0,0.6877043247,s4larie/walletool
NEG_01595,0,0,0,1895,5,0.0035100838,0,0.6877043247,sahilrohera10/Fusion_Wallet
NEG_01597,0,0,0,1897,5,0.00076164806,0,0.6877043247,saikun0293/gige-web3
NEG_01598,0,0,0,1898,5,0.00016617769,0,0.6877043247,salmanbao/tic-tac-toe
NEG_01603,0,0,0,1903,5,0.0010327416,0,0.6877043247,Samuellyworld/Tippers
NEG_01631,0,0,0,1931,5,0.0005747029,0,0.6877043247,secp256k2/secp256k2
NEG_01632,0,0,0,1932,5,0.0005339226,0,0.6877043247,seekerpig/nftSmartContract
NEG_01633,0,0,0,1933,5,0.0036238388,0,0.6877043247,sefaosm/Stake-X
NEG_01634,0,0,0,1934,5,0.0044780183,0,0.6877043247,SergioCifuentes/mpl-core-staking-frontend
NEG_01636,0,0,0,1936,5,0.0008779299,0,0.6877043247,sevdakeskin/Solidity-CryptoZombies
NEG_01638,0,0,0,1938,5,0.003712773,0,0.6877043247,ShadowGuardAI/crypto-hdwallet-analyzer
NEG_01643,0,0,0,1943,5,0.00090491737,0,0.6877043247,shanefontaine/ethfinex-python
NEG_01648,0,0,0,1948,5,0.00057374133,0,0.6877043247,shawakash/payBox
NEG_01661,0,0,0,1961,5,0.00021099689,0,0.6877043247,siddot/Wallet
NEG_01663,0,0,0,1963,5,0.00039908546,0,0.6877043247,SilentCicero/MultiSignatureWallet
NEG_01672,0,0,0,1972,5,0.006622224,0,0.6877043247,Sky4Master/JS-DEX-TrackBot-Sky4Master
NEG_01675,0,0,0,1975,5,0.00088564574,0,0.6877043247,skysor/digital-assets
NEG_01678,0,0,0,1978,5,0.00030705554,0,0.6877043247,Slidebits/ethereum-smart-contracts
NEG_01682,0,0,0,1982,5,0.00029197655,0,0.6877043247,smartbugs/smartbugs-wild
NEG_01685,0,0,0,1985,5,0.00047536925,0,0.6877043247,smartcontractkit/chainlink-ruby
NEG_01687,0,0,0,1987,5,0.0013688151,0,0.6877043247,SmolDapp/smoldapp
NEG_01695,0,0,0,1995,5,0.0064926483,0,0.6877043247,solguru310/solana-wallet-tracking-bot
NEG_01698,0,0,0,1998,5,0.00033314567,0,0.6877043247,solidstate-network/solidstate-solidity
NEG_01700,0,0,0,2000,5,0.00019400162,0,0.6877043247,solomoncools/nft-minter-bep721
NEG_01702,0,0,0,2002,5,0.00037913618,0,0.6877043247,SonOfMosiah/maxx-finance-subgraph
NEG_01705,0,0,0,2005,5,0.00024541112,0,0.6877043247,spareleg/bitcoin-ticker
NEG_01707,0,0,0,2007,5,0.00090342097,0,0.6877043247,Spectral-Finance/scraped-sol-files
NEG_01712,0,0,0,2012,5,0.0021005315,0,0.6877043247,Springbock99/hd-wallet
NEG_01714,0,0,0,2014,5,0.00034275354,0,0.6877043247,SqueezerIO/squeezer
NEG_01715,0,0,0,2015,5,0.0009691862,0,0.6877043247,sr2echa/DMD
NEG_01722,0,0,0,2022,5,0.0002941276,0,0.6877043247,stefannovasky/cryptocurrency-smart-contract
NEG_01725,0,0,0,2025,5,0.00046302006,0,0.6877043247,StephanAkkerman/crypto-ohlcv
NEG_01730,0,0,0,2030,5,0.00018826661,0,0.6877043247,StratosGrig/BlockchainProjects
NEG_01733,0,0,0,2033,5,0.011301018,0,0.6877043247,suarja/memoria-eterna-nft
NEG_01734,0,0,0,2034,5,0.0013719342,0,0.6877043247,subsixx/Pinsurance
NEG_01742,0,0,0,2042,5,0.0012570226,0,0.6877043247,sunjiangjun/supernode
NEG_01748,0,0,0,2048,5,0.0006559757,0,0.6877043247,superDev427/BlockChain-Tra
NEG_01750,0,0,0,2050,5,0.00018960873,0,0.6877043247,SuperRich/soliditywallet
NEG_01751,0,0,0,2051,5,0.0010947385,0,0.6877043247,supragya/CryptographyResearch
NEG_01752,0,0,0,2052,5,0.00030990032,0,0.6877043247,suribartek9/btc-eth
NEG_01754,0,0,0,2054,5,0.00013906656,0,0.6877043247,Swap76/Supply-Chain-Using-Blockchain
NEG_01757,0,0,0,2057,5,0.0013155914,0,0.6877043247,swarupyeole11/BlockchainCryptography
NEG_01759,0,0,0,2059,5,0.00021076767,0,0.6877043247,sweetmantech/NFT-Polygon-Minting
NEG_01762,0,0,0,2062,5,0.00086947135,0,0.6877043247,swrno/adopt-pet
NEG_01768,0,0,0,2068,5,0.0021287885,0,0.6877043247,Synthetixio/synthetix-js
NEG_01772,0,0,0,2072,5,0.0058801933,0,0.6877043247,TaliaKaza/CryptoSentinel
NEG_01785,0,0,0,2085,5,0.000245578,0,0.6877043247,taylorjdawson/eth-chains
NEG_01790,0,0,0,2090,5,0.00030333584,0,0.6877043247,TechRate/Smart-Contract-Audits
NEG_01792,0,0,0,2092,5,0.0068788435,0,0.6877043247,tega-tahir/ArtBridge
NEG_01795,0,0,0,2095,5,0.00046461524,0,0.6877043247,TeleportDAO/teleswap-contracts-evm
NEG_01796,0,0,0,2096,5,0.004174841,0,0.6877043247,ten-protocol/go-ten
NEG_01800,0,0,0,2100,5,0.002878935,0,0.6877043247,Teyik0/solidity-order-book
NEG_01802,0,0,0,2102,5,0.00043035788,0,0.6877043247,ThalesBMC/crypto-wallet
NEG_01805,0,0,0,2105,5,0.0011579798,0,0.6877043247,theblockbrain/ai-safeguard
NEG_01806,0,0,0,2106,5,0.00014954951,0,0.6877043247,theblockchainchief/web3-hub
NEG_01810,0,0,0,2110,5,0.00034459867,0,0.6877043247,thenua3bhai/backend-nft-marketplace-ethereum
NEG_01819,0,0,0,2119,5,0.0025116296,0,0.6877043247,timxor/payment-api
NEG_01821,0,0,0,2121,5,0.004184616,0,0.6877043247,tinovyatkin/pass-js
NEG_01823,0,0,0,2123,5,0.00030168213,0,0.6877043247,tiwarisakshi28/Multisignature-wallet
NEG_01826,0,0,0,2126,5,0.00027062566,0,0.6877043247,tmiess/CryptoBase
NEG_01829,0,0,0,2129,5,0.00028167988,0,0.6877043247,tomteman/attendr
NEG_01832,0,0,0,2132,5,0.0028018674,0,0.6877043247,topsecretagent007/smart-contract-web3-projects
NEG_01834,0,0,0,2134,5,0.00202173,0,0.6877043247,Topten1004/NFT-Marketplace-ERC1155
NEG_01836,0,0,0,2136,5,0.00016361705,0,0.6877043247,toto-1010/nft-smart-contracts-basic1
NEG_01842,0,0,0,2142,5,0.00086086494,0,0.6877043247,TradMod/awesome-audits-checklists
NEG_01845,0,0,0,2145,5,0.00072670873,0,0.6877043247,TrentPierce/Ethereum-Address-Collider
NEG_01850,0,0,0,2150,5,0.00033457574,0,0.6877043247,trustwallet/trust-wallet-ios
NEG_01862,0,0,0,2162,5,0.0009511513,0,0.6877043247,uhsr/BlockchainNFTRegistryPlatformX
NEG_01863,0,0,0,2163,5,0.005715793,0,0.6877043247,uhsr/BlockchainNftRegistrySolutionsX
NEG_01866,0,0,0,2166,5,0.0049447306,0,0.6877043247,uhsr/BlockchainNFTVaultManagerPlatformUltra
NEG_01877,0,0,0,2177,5,0.00036859632,0,0.6877043247,uport-project/uport-connect
NEG_01878,0,0,0,2178,5,0.0028765313,0,0.6877043247,UraniumCorporation/solana-payout-action
NEG_01880,0,0,0,2180,5,0.002288733,0,0.6877043247,utsavempiric20/multi-signature-wallet-factory-solidity
NEG_01886,0,0,0,2186,5,0.00062774785,0,0.6877043247,vanchoy/nft-collection
NEG_01890,0,0,0,2190,5,0.00041021788,0,0.6877043247,vdutts7/ai-generated-nfts
NEG_01891,0,0,0,2191,5,0.00024316167,0,0.6877043247,vechain/web3-gear
NEG_01894,0,0,0,2194,5,0.01776375,0,0.6877043247,VedikaaSankhe/ds_VedikaSankhe
NEG_01895,0,0,0,2195,5,0.0013726915,0,0.6877043247,Velocity-BPA/n8n-nodes-aztec
NEG_01896,0,0,0,2196,5,0.004785633,0,0.6877043247,Velocity-BPA/n8n-nodes-pendle
NEG_01898,0,0,0,2198,5,0.0057655443,0,0.6877043247,vergecurrency/verge
NEG_01899,0,0,0,2199,5,0.0012925405,0,0.6877043247,VersoriumX/web3
NEG_01901,0,0,0,2201,5,0.00048956886,0,0.6877043247,vhidvz/crypto-aio
NEG_01904,0,0,0,2204,5,0.00016654571,0,0.6877043247,victorykop/Buildspace-Wave-Portal-Backend
NEG_01907,0,0,0,2207,5,0.00021545088,0,0.6877043247,Vikash-8090-Yadav/Learn-Earn-in-WEB3
NEG_01919,0,0,0,2219,5,0.00025446626,0,0.6877043247,vitalkamuntu/Crypto-wallet
NEG_01934,0,0,0,2234,5,0.0006339182,0,0.6877043247,VulnPlanet/l3x
NEG_01937,0,0,0,2237,5,0.0003303854,0,0.6877043247,vykuntaharsha/cryptocurrency-and-smart-contract
NEG_01938,0,0,0,2238,5,0.00067749247,0,0.6877043247,wallet-agent/wallet-agent
NEG_01939,0,0,0,2239,5,0.0022590056,0,0.6877043247,Wallet3/Wallet3-Desktop
NEG_01945,0,0,0,2245,5,0.00092648104,0,0.6877043247,WalletWasabi/WalletWasabi
NEG_01948,0,0,0,2248,5,0.0005088935,0,0.6877043247,wangshijun/ethereum-lottery-dapp
NEG_01951,0,0,0,2251,5,0.0003566582,0,0.6877043247,warmkey-finance/bitcoin-cryptocurrency-tutorial
NEG_01952,0,0,0,2252,5,0.0029878363,0,0.6877043247,wasiiff/blokk-lens
NEG_01955,0,0,0,2255,5,0.0008253228,0,0.6877043247,WeaverFi/cookietrack-api
NEG_01957,0,0,0,2257,5,0.00014443687,0,0.6877043247,Web3-Club/Blockchain-Developer-roadmap_Chinese
NEG_01958,0,0,0,2258,5,0.00057027035,0,0.6877043247,Web3Auth/Auth
NEG_01966,0,0,0,2266,5,0.00053335057,0,0.6877043247,web3p/web3.php
NEG_01973,0,0,0,2273,5,0.0008800782,0,0.6877043247,whoaryu/cryptozombies
NEG_01984,0,0,0,2284,5,0.0006072567,0,0.6877043247,WTFAcademy/WTF-CTF
NEG_01987,0,0,0,2287,5,0.00016298487,0,0.6877043247,Xalt8/Vyper
NEG_02001,0,0,0,2301,5,0.0025235922,0,0.6877043247,XXXGutierrezXXX/defi-staking-smart-contract-solana
NEG_02007,0,0,0,2307,5,0.00026311236,0,0.6877043247,yannvr/lendx
NEG_02010,0,0,0,2310,5,0.00025811887,0,0.6877043247,YarovoyVladimir09/rust-solana-NftLoanPlatform
NEG_02011,0,0,0,2311,5,0.0006323291,0,0.6877043247,Yassin-MT/EETP
NEG_02026,0,0,0,2326,5,0.00061669317,0,0.6877043247,YosephKS/truffle-opensea-nft
NEG_02029,0,0,0,2329,5,0.0004655604,0,0.6877043247,yuichiroaoki/typescript-hardhat
NEG_02041,0,0,0,2341,5,0.0015506551,0,0.6877043247,ZetiAi/defi
NEG_02052,0,0,0,2352,5,0.00047325305,0,0.6877043247,zypher-game/bevy-web3
