sample_id,label,family,repo_full_name,source_type,fold,split,prob,pred_label,error_type
pos_0,1,F1_pumpfun_clone,2723799947qq2022/solana-pumpfun-bot,original,0,test,0.07477005,1,correct
pos_1,1,F1_pumpfun_clone,2kwkkk/solana-pumpfun-bot,original,0,test,0.72056496,1,correct
pos_2,1,F1_pumpfun_clone,790659193qqch/solana-pumpfun-bot,original,0,test,0.045268096,1,correct
pos_3,1,F1_pumpfun_clone,7arlystar/solana-pumpfun-bot,original,0,test,0.20689406,1,correct
pos_4,1,F1_pumpfun_clone,918715c83/solana-pumpfun-bot,original,0,test,0.7666432,1,correct
pos_6,1,F1_pumpfun_clone,AmirhBeigi7zch6f/solana-pumpfun-bot,original,0,test,0.30569732,1,correct
pos_8,1,F1_pumpfun_clone,asmaamohamed0264/solana-pumpfun-bot,original,0,test,0.199308,1,correct
pos_9,1,F1_pumpfun_clone,bog-us/solana-pumpfun-bot,original,0,test,0.04304285,1,correct
pos_12,1,F1_pumpfun_clone,edparker89/solana-pumpfun-bot,original,0,test,0.41489884,1,correct
pos_16,1,F1_pumpfun_clone,ii4272/solana-pumpfun-bot,original,0,test,0.056861546,1,correct
pos_17,1,F1_pumpfun_clone,ijtye/solana-pumpfun-bot,original,0,test,0.15203224,1,correct
pos_18,1,F1_pumpfun_clone,iwanjunaids/solana-pumpfun-bot,original,0,test,0.1561049,1,correct
pos_19,1,F1_pumpfun_clone,janmalece/solana-pumpfun-bot,original,0,test,0.052618954,1,correct
pos_20,1,F1_pumpfun_clone,kay2x4/solana-pumpfun-bot,original,0,test,0.036769465,1,correct
pos_22,1,F1_pumpfun_clone,lan666as2dfur/solana-pumpfun-bot,original,0,test,0.019308086,1,correct
pos_23,1,F1_pumpfun_clone,loveccat/solana-pumpfun-bot,original,0,test,0.7981868,1,correct
pos_24,1,F1_pumpfun_clone,lukgria/solana-pumpfun-bot,original,0,test,0.13117322,1,correct
pos_25,1,F1_pumpfun_clone,mdemetrial26rvk9w/solana-pumpfun-bot,original,0,test,0.018761085,1,correct
pos_31,1,F1_pumpfun_clone,oumengwas/solana-pumpfun-bot,original,0,test,0.038683496,1,correct
pos_32,1,F1_pumpfun_clone,Rain-Rave5/solana-pumpfun-bot,original,0,test,0.16026603,1,correct
pos_38,1,F1_pumpfun_clone,wc64561673347375/solana-pumpfun-bot,original,0,test,0.07696084,1,correct
pos_39,1,F1_pumpfun_clone,wj6942/solana-pumpfun-bot,original,0,test,0.046378206,1,correct
pos_40,1,F1_pumpfun_clone,xnaotutu77765/solana-pumpfun-bot,original,0,test,0.7150262,1,correct
pos_42,1,F1_pumpfun_clone,yvagSirKt/solana-pumpfun-bot,original,0,test,0.03567855,1,correct
pos_45,1,F1_pumpfun_clone,2723799947qq2022t/solana-pumpfun-bot,synthetic,0,test,0.31195062,1,correct
pos_46,1,F1_pumpfun_clone,2kwkk/solana-pumpfun-bot,synthetic,0,test,0.04867657,1,correct
pos_47,1,F1_pumpfun_clone,790659193qqch2/solana-pumpfun-bot,synthetic,0,test,0.25386098,1,correct
pos_48,1,F1_pumpfun_clone,7arlysta/solana-pumpfun-bot,synthetic,0,test,0.19682619,1,correct
pos_49,1,F1_pumpfun_clone,918715c8/solana-pumpfun-bot,synthetic,0,test,0.3684057,1,correct
pos_50,1,F1_pumpfun_clone,AmirhBeigi7zch6ff/solana-pumpfun-bot,synthetic,0,test,0.2893717,1,correct
pos_51,1,F1_pumpfun_clone,asmaamohamed0264a/solana-pumpfun-bot,synthetic,0,test,0.46295857,1,correct
pos_52,1,F1_pumpfun_clone,bogus/solana-pumpfun-bot,synthetic,0,test,0.040692955,1,correct
pos_53,1,F1_pumpfun_clone,edparker89t/solana-pumpfun-bot,synthetic,0,test,0.37754068,1,correct
pos_54,1,F1_pumpfun_clone,ii427/solana-pumpfun-bot,synthetic,0,test,0.55012405,1,correct
pos_55,1,F1_pumpfun_clone,ijty/solana-pumpfun-bot,synthetic,0,test,0.63973606,1,correct
pos_56,1,F1_pumpfun_clone,iwanjunaid/solana-pumpfun-bot,synthetic,0,test,0.15405756,1,correct
pos_57,1,F1_pumpfun_clone,janmalece2/solana-pumpfun-bot,synthetic,0,test,0.20181322,1,correct
pos_58,1,F1_pumpfun_clone,kay2x42/solana-pumpfun-bot,synthetic,0,test,0.03846619,1,correct
pos_59,1,F1_pumpfun_clone,lan666as2dfu/solana-pumpfun-bot,synthetic,0,test,0.01883313,1,correct
pos_60,1,F1_pumpfun_clone,loveccat2/solana-pumpfun-bot,synthetic,0,test,0.034880888,1,correct
pos_61,1,F1_pumpfun_clone,lukgrial/solana-pumpfun-bot,synthetic,0,test,0.12252322,1,correct
pos_62,1,F1_pumpfun_clone,mdemetrial26rvk9wz/solana-pumpfun-bot,synthetic,0,test,0.027506804,1,correct
pos_63,1,F1_pumpfun_clone,oumengwas2/solana-pumpfun-bot,synthetic,0,test,0.5607338,1,correct
pos_64,1,F1_pumpfun_clone,RainRave5/solana-pumpfun-bot,synthetic,0,test,0.1732882,1,correct
pos_65,1,F1_pumpfun_clone,wc645616733473752/solana-pumpfun-bot,synthetic,0,test,0.29665425,1,correct
pos_66,1,F1_pumpfun_clone,wj69422/solana-pumpfun-bot,synthetic,0,test,0.037750274,1,correct
pos_67,1,F1_pumpfun_clone,xnaotutu777652/solana-pumpfun-bot,synthetic,0,test,0.03608394,1,correct
pos_68,1,F1_pumpfun_clone,yvagSirKt6/solana-pumpfun-bot,synthetic,0,test,0.021206118,1,correct
pos_69,1,F1_pumpfun_clone,2723799947qq202/solana-pumpfun-bot,synthetic,0,test,0.1732882,1,correct
pos_70,1,F1_pumpfun_clone,2kwkkk2/solana-pumpfun-bot,synthetic,0,test,0.5621765,1,correct
pos_71,1,F1_pumpfun_clone,790659193qqch3/solana-pumpfun-bot,synthetic,0,test,0.25683197,1,correct
pos_72,1,F1_pumpfun_clone,7arlystart/solana-pumpfun-bot,synthetic,0,test,0.1732882,1,correct
pos_73,1,F1_pumpfun_clone,918715c832/solana-pumpfun-bot,synthetic,0,test,0.0451627,1,correct
pos_74,1,F1_pumpfun_clone,AmirhBeigi7zch6f2/solana-pumpfun-bot,synthetic,0,test,0.7102265,1,correct
pos_75,1,F1_pumpfun_clone,asmaamohamed026/solana-pumpfun-bot,synthetic,0,test,0.060307633,1,correct
pos_76,1,F1_pumpfun_clone,bogusyc/solana-pumpfun-bot,synthetic,0,test,0.040237945,1,correct
pos_77,1,F1_pumpfun_clone,edparker8/solana-pumpfun-bot,synthetic,0,test,0.1710612,1,correct
pos_78,1,F1_pumpfun_clone,ii4273/solana-pumpfun-bot,synthetic,0,test,0.050705362,1,correct
pos_79,1,F1_pumpfun_clone,ijtye2/solana-pumpfun-bot,synthetic,0,test,0.39420095,1,correct
pos_80,1,F1_pumpfun_clone,iwanjunaidst/solana-pumpfun-bot,synthetic,0,test,0.15817435,1,correct
neg_2,0,NEG::0ryX__Blockchain-Miner.json,0ryX/Blockchain-Miner,real_negative,0,test,0.00039204178,0,correct
neg_5,0,NEG::0x4543__zeta-crypto.json,0x4543/zeta-crypto,real_negative,0,test,0.9759464,1,false_positive
neg_9,0,NEG::0xDeadList__0xDeadList.json,0xDeadList/0xDeadList,real_negative,0,test,0.88563144,1,false_positive
neg_15,0,NEG::0xGval__evm-mcp-tools.json,0xGval/evm-mcp-tools,real_negative,0,test,0.19193278,1,false_positive
neg_17,0,NEG::0xinevitable__bento.json,0xinevitable/bento,real_negative,0,test,0.05921025,1,false_positive
neg_19,0,NEG::0xJonaseb11__Meta-suite.json,0xJonaseb11/Meta-suite,real_negative,0,test,0.05439932,1,false_positive
neg_28,0,NEG::0xRajkumar__damn-vulnerable-defi-solutions.json,0xRajkumar/damn-vulnerable-defi-solutions,real_negative,0,test,0.003707253,0,correct
neg_30,0,NEG::0xTaoDev__Wallet-Trades-Tracker.json,0xTaoDev/Wallet-Trades-Tracker,real_negative,0,test,4.936989e-06,0,correct
neg_33,0,NEG::1-5Pool__RansomwareEschrowService.json,1-5Pool/RansomwareEschrowService,real_negative,0,test,0.22405545,1,false_positive
neg_38,0,NEG::1Crazymoney__ethNearMarketplace.json,1Crazymoney/ethNearMarketplace,real_negative,0,test,0.0017546144,0,correct
neg_39,0,NEG::1poolfinance__1Pool-Strategy.json,1poolfinance/1Pool-Strategy,real_negative,0,test,5.1442214e-05,0,correct
neg_47,0,NEG::914alexwillett__StochRSI-Crypto-Trading-Algorithm.json,914alexwillett/StochRSI-Crypto-Trading-Algorithm,real_negative,0,test,0.011508149,0,correct
neg_48,0,NEG::94929__rock-paper-scissors.json,94929/rock-paper-scissors,real_negative,0,test,0.0010817152,0,correct
neg_62,0,NEG::abhi-rawal__aave_credit_scoring.json,abhi-rawal/aave_credit_scoring,real_negative,0,test,0.00012731104,0,correct
neg_65,0,NEG::AbushakerJamil__Hardhat-Test.json,AbushakerJamil/Hardhat-Test,real_negative,0,test,5.1442214e-05,0,correct
neg_69,0,NEG::AchyuthMohan__cryptogram-nmit-block-chain-.json,AchyuthMohan/cryptogram-nmit-block-chain-,real_negative,0,test,0.7424217,1,false_positive
neg_70,0,NEG::ACINQ__phoenix.json,ACINQ/phoenix,real_negative,0,test,0.078078166,1,false_positive
neg_78,0,NEG::adhithim09__Dsurv---Crypto_Token.json,adhithim09/Dsurv---Crypto_Token,real_negative,0,test,0.6513549,1,false_positive
neg_83,0,NEG::adrianhajdin__project_crowdfunding.json,adrianhajdin/project_crowdfunding,real_negative,0,test,5.225227e-05,0,correct
neg_93,0,NEG::adwait2001__Mint-NFT.json,adwait2001/Mint-NFT,real_negative,0,test,0.00036829791,0,correct
neg_96,0,NEG::aeternity__aeternity.json,aeternity/aeternity,real_negative,0,test,0.001867566,0,correct
neg_98,0,NEG::afroze93__smart-contract-1.json,afroze93/smart-contract-1,real_negative,0,test,0.0031974867,0,correct
neg_103,0,NEG::aha-moment-group__wallet.json,aha-moment-group/wallet,real_negative,0,test,9.915273e-05,0,correct
neg_107,0,NEG::ahmedali8__hardhat-ts-template.json,ahmedali8/hardhat-ts-template,real_negative,0,test,0.0025509126,0,correct
neg_110,0,NEG::ahmetzturk__epic-nfts.json,ahmetzturk/epic-nfts,real_negative,0,test,4.264747e-05,0,correct
neg_112,0,NEG::aidear3__smart-contracts.json,aidear3/smart-contracts,real_negative,0,test,0.0050998176,0,correct
neg_115,0,NEG::AiKay96__Bitcoin-Wallet.json,AiKay96/Bitcoin-Wallet,real_negative,0,test,0.64779824,1,false_positive
neg_119,0,NEG::Ajitabh-Kalia__Ethereum-Wallet.json,Ajitabh-Kalia/Ethereum-Wallet,real_negative,0,test,0.008916127,0,correct
neg_129,0,NEG::alanpelayoo__FatedEth.json,alanpelayoo/FatedEth,real_negative,0,test,0.00030061635,0,correct
neg_130,0,NEG::alebeta06__chainlink-bootcampES-2024.json,alebeta06/chainlink-bootcampES-2024,real_negative,0,test,0.0007495314,0,correct
neg_132,0,NEG::alejoacosta74__ethereum-erc20token-vault.json,alejoacosta74/ethereum-erc20token-vault,real_negative,0,test,0.00034599163,0,correct
neg_136,0,NEG::alesanro__ethereum-smart-contracts.json,alesanro/ethereum-smart-contracts,real_negative,0,test,0.00031258783,0,correct
neg_143,0,NEG::AlexNa-Holdings__web3pro.json,AlexNa-Holdings/web3pro,real_negative,0,test,0.18126322,1,false_positive
neg_147,0,NEG::alice-si__contracts.json,alice-si/contracts,real_negative,0,test,0.21733752,1,false_positive
neg_168,0,NEG::amonrak__rustychain.json,amonrak/rustychain,real_negative,0,test,0.00016603847,0,correct
neg_170,0,NEG::amurto__cryptoludo.json,amurto/cryptoludo,real_negative,0,test,0.22541662,1,false_positive
neg_171,0,NEG::An4Dev__Solana-Bitcoin-NFT-Dex-Defi-P2EGame-SmartContract-Web3-Projects.json,An4Dev/Solana-Bitcoin-NFT-Dex-Defi-P2EGame-SmartContract-Web3-Projects,real_negative,0,test,0.008694534,0,correct
neg_178,0,NEG::andrewinsoul__CadenaCourse-CryptoBank-UI.json,andrewinsoul/CadenaCourse-CryptoBank-UI,real_negative,0,test,0.0024726235,0,correct
neg_181,0,NEG::Aniket-Engg__sol-profiler-vscode.json,Aniket-Engg/sol-profiler-vscode,real_negative,0,test,0.01461567,0,correct
neg_183,0,NEG::AnnaNX1__create-NFT.json,AnnaNX1/create-NFT,real_negative,0,test,0.0016743994,0,correct
neg_188,0,NEG::AntoineBastide47__Blockchain.json,AntoineBastide47/Blockchain,real_negative,0,test,0.0018530595,0,correct
neg_195,0,NEG::aonemd__stakehouse.json,aonemd/stakehouse,real_negative,0,test,0.0032730647,0,correct
neg_202,0,NEG::ApeWorX__evm-trace.json,ApeWorX/evm-trace,real_negative,0,test,0.15817435,1,false_positive
neg_220,0,NEG::ArshS1__sengh-nft.json,ArshS1/sengh-nft,real_negative,0,test,0.00039821307,0,correct
neg_221,0,NEG::artem-bayandin__blockchain-samples.json,artem-bayandin/blockchain-samples,real_negative,0,test,0.0006070755,0,correct
neg_222,0,NEG::arthur-reedy460y__web3cha.json,arthur-reedy460y/web3cha,real_negative,0,test,2.3923509e-05,0,correct
neg_225,0,NEG::arthuravianna__uff-web3-course.json,arthuravianna/uff-web3-course,real_negative,0,test,0.00021995336,0,correct
neg_227,0,NEG::Aryan0770__Blockchain-Major-CryptoBox.json,Aryan0770/Blockchain-Major-CryptoBox,real_negative,0,test,0.0061450917,0,correct
neg_231,0,NEG::ashelkovnykov__offline-wallet-generator.json,ashelkovnykov/offline-wallet-generator,real_negative,0,test,0.105948284,1,false_positive
neg_235,0,NEG::asilveira1969__bitcoincashblockchain.json,asilveira1969/bitcoincashblockchain,real_negative,0,test,5.649793e-05,0,correct
neg_242,0,NEG::aurowallet__auro-wallet-browser-extension.json,aurowallet/auro-wallet-browser-extension,real_negative,0,test,0.6757646,1,false_positive
neg_244,0,NEG::Autosaida__DeFiHackAnalysis.json,Autosaida/DeFiHackAnalysis,real_negative,0,test,0.009936419,0,correct
neg_251,0,NEG::Aytaditya__NFT_Staking_app.json,Aytaditya/NFT_Staking_app,real_negative,0,test,0.0051797125,0,correct
neg_254,0,NEG::azerpas__Crypto2discord.json,azerpas/Crypto2discord,real_negative,0,test,0.68763,1,false_positive
neg_259,0,NEG::BadakalaYashwanth__Web-3Cryptocurrency-Wallet-Generator-Blockchain.json,BadakalaYashwanth/Web-3Cryptocurrency-Wallet-Generator-Blockchain,real_negative,0,test,0.0050211498,0,correct
neg_271,0,NEG::batteringram-dev__Web3.json,batteringram-dev/Web3,real_negative,0,test,2.586743e-05,0,correct
neg_274,0,NEG::bchainexpt__Blockchain-wallet-andorid-app.json,bchainexpt/Blockchain-wallet-andorid-app,real_negative,0,test,0.93991333,1,false_positive
neg_276,0,NEG::BeanstalkFarms__Basin.json,BeanstalkFarms/Basin,real_negative,0,test,0.00048029723,0,correct
neg_285,0,NEG::BertrandConxy__Lottery.json,BertrandConxy/Lottery,real_negative,0,test,0.11279541,1,false_positive
neg_290,0,NEG::bhemen__usdc.json,bhemen/usdc,real_negative,0,test,0.0021489493,0,correct
neg_294,0,NEG::bigbomio__digital-contracts.json,bigbomio/digital-contracts,real_negative,0,test,0.0001634647,0,correct
neg_302,0,NEG::Bitcoin-II__BitcoinII-Core.json,Bitcoin-II/BitcoinII-Core,real_negative,0,test,0.06008665,1,false_positive
neg_306,0,NEG::bitpay__wallet.json,bitpay/wallet,real_negative,0,test,0.004297939,0,correct
neg_307,0,NEG::BitPortal__bitportal-client.json,BitPortal/bitportal-client,real_negative,0,test,0.03384404,1,false_positive
neg_308,0,NEG::bitquery__explorer.json,bitquery/explorer,real_negative,0,test,0.0029810332,0,correct
neg_311,0,NEG::blackalbino01__epic-nfts-ui.json,blackalbino01/epic-nfts-ui,real_negative,0,test,0.0015011822,0,correct
neg_322,0,NEG::blockchain__blockchain-wallet-v4-frontend.json,blockchain/blockchain-wallet-v4-frontend,real_negative,0,test,0.037892424,1,false_positive
neg_326,0,NEG::bloomwalletio__bloom.json,bloomwalletio/bloom,real_negative,0,test,0.0064882697,0,correct
neg_327,0,NEG::Blueforce99__web3-bubble-portfolio.json,Blueforce99/web3-bubble-portfolio,real_negative,0,test,0.0001088969,0,correct
neg_328,0,NEG::BlueWallet__BlueWallet.json,BlueWallet/BlueWallet,real_negative,0,test,0.0038844768,0,correct
neg_334,0,NEG::bostonlink__blockexplorer.json,bostonlink/blockexplorer,real_negative,0,test,0.00015598026,0,correct
neg_343,0,NEG::brlojam4932__usdc-app.json,brlojam4932/usdc-app,real_negative,0,test,0.0005033356,0,correct
neg_347,0,NEG::btcsuite__btcwallet.json,btcsuite/btcwallet,real_negative,0,test,0.0017007225,0,correct
neg_348,0,NEG::BTCwalletGen__BTCwalletGen.json,BTCwalletGen/BTCwalletGen,real_negative,0,test,7.031184e-05,0,correct
neg_362,0,NEG::cake-tech__cake_wallet.json,cake-tech/cake_wallet,real_negative,0,test,0.007345827,0,correct
neg_370,0,NEG::carmenbickel__NFT-Collection.json,carmenbickel/NFT-Collection,real_negative,0,test,8.7503e-05,0,correct
neg_375,0,NEG::celer-network__layer2-finance-contracts.json,celer-network/layer2-finance-contracts,real_negative,0,test,0.026556572,1,false_positive
neg_378,0,NEG::chainapsis__keplr-wallet.json,chainapsis/keplr-wallet,real_negative,0,test,0.029760094,1,false_positive
neg_388,0,NEG::chatch__hashed-timelock-contract-ethereum.json,chatch/hashed-timelock-contract-ethereum,real_negative,0,test,0.14414886,1,false_positive
neg_391,0,NEG::chellscript__bitLeaf.json,chellscript/bitLeaf,real_negative,0,test,0.02517884,1,false_positive
neg_393,0,NEG::cherylwilson314__web3py_crypto.json,cherylwilson314/web3py_crypto,real_negative,0,test,0.00034062934,0,correct
neg_395,0,NEG::Chirag21__CryptoZombies-solidity-v0.8.16.json,Chirag21/CryptoZombies-solidity-v0.8.16,real_negative,0,test,0.00025315638,0,correct
neg_396,0,NEG::chjj__mako.json,chjj/mako,real_negative,0,test,0.0030753699,0,correct
neg_399,0,NEG::ChocoChichia__bitcoin-wallet.json,ChocoChichia/bitcoin-wallet,real_negative,0,test,0.000115919334,0,correct
neg_409,0,NEG::cliffhall__in-app-pro-shop.json,cliffhall/in-app-pro-shop,real_negative,0,test,0.018905448,1,false_positive
neg_415,0,NEG::coccoinomane__crabada.py.json,coccoinomane/crabada.py,real_negative,0,test,0.040237945,1,false_positive
neg_422,0,NEG::coderasha__NFT-Marketplace--EThereum-Polygon.json,coderasha/NFT-Marketplace--EThereum-Polygon,real_negative,0,test,0.7248703,1,false_positive
neg_424,0,NEG::codewithmide__FlowPrice-Oracle.json,codewithmide/FlowPrice-Oracle,real_negative,0,test,0.01048909,0,correct
neg_425,0,NEG::codex-protocol__service.eel.json,codex-protocol/service.eel,real_negative,0,test,0.03410043,1,false_positive
neg_428,0,NEG::coin-worx__ethereum-voting-demo.json,coin-worx/ethereum-voting-demo,real_negative,0,test,0.04885778,1,false_positive
neg_442,0,NEG::ConsenSysMesh__live-libs.json,ConsenSysMesh/live-libs,real_negative,0,test,0.7606507,1,false_positive
neg_444,0,NEG::Consensys__eth-lightwallet.json,Consensys/eth-lightwallet,real_negative,0,test,0.004943689,0,correct
neg_448,0,NEG::cosmostation__cosmostation-android.json,cosmostation/cosmostation-android,real_negative,0,test,0.012624948,0,correct
neg_454,0,NEG::Cr0mb__Crypto-Sweeper.json,Cr0mb/Crypto-Sweeper,real_negative,0,test,0.0015487612,0,correct
neg_465,0,NEG::crypto-crawler__crypto-ohlcv.json,crypto-crawler/crypto-ohlcv,real_negative,0,test,0.007937994,0,correct
neg_466,0,NEG::crypto-org-chain__cronos.json,crypto-org-chain/cronos,real_negative,0,test,0.20689406,1,false_positive
neg_470,0,NEG::CryptoApex23__mnemonic-balance-checker.json,CryptoApex23/mnemonic-balance-checker,real_negative,0,test,0.0053432565,0,correct
neg_471,0,NEG::cryptococks-xyz__cryptococks-contract.json,cryptococks-xyz/cryptococks-contract,real_negative,0,test,0.019124037,1,false_positive
neg_472,0,NEG::CryptoCreams__Crypto-Creams.json,CryptoCreams/Crypto-Creams,real_negative,0,test,0.56985265,1,false_positive
neg_482,0,NEG::cryptosguru__nft_terra_cosmwasm.json,cryptosguru/nft_terra_cosmwasm,real_negative,0,test,0.0002959571,0,correct
neg_489,0,NEG::cyforge__Orbis-Wallet.json,cyforge/Orbis-Wallet,real_negative,0,test,0.4130036,1,false_positive
neg_491,0,NEG::cypherpunk-symposium__web3-starter-rs.json,cypherpunk-symposium/web3-starter-rs,real_negative,0,test,0.00085590064,0,correct
neg_501,0,NEG::Daltonic__dappFundsX.json,Daltonic/dappFundsX,real_negative,0,test,0.284576,1,false_positive
neg_502,0,NEG::Damian-Sanchez__CryptoTextAlert.json,Damian-Sanchez/CryptoTextAlert,real_negative,0,test,0.024053553,1,false_positive
neg_504,0,NEG::DanielDimitrov5__NFT-Marketplace-FE.json,DanielDimitrov5/NFT-Marketplace-FE,real_negative,0,test,0.8929365,1,false_positive
neg_505,0,NEG::danieltantonio__SharedWallet_Solidity.json,danieltantonio/SharedWallet_Solidity,real_negative,0,test,1.2219075e-05,0,correct
neg_506,0,NEG::danielwpz__nft-linkdrop.json,danielwpz/nft-linkdrop,real_negative,0,test,0.0040385914,0,correct
neg_510,0,NEG::dante4rt__t3rn-airdrop-bot.json,dante4rt/t3rn-airdrop-bot,real_negative,0,test,0.06008665,1,false_positive
neg_513,0,NEG::dappforce__polkaverse.json,dappforce/polkaverse,real_negative,0,test,0.07585818,1,false_positive
neg_515,0,NEG::DappioLab__navigator.json,DappioLab/navigator,real_negative,0,test,0.02211659,1,false_positive
neg_520,0,NEG::dariocast__algorand-nft-loan.json,dariocast/algorand-nft-loan,real_negative,0,test,0.14223188,1,false_positive
neg_524,0,NEG::datmedevil17__hack-web3conf.json,datmedevil17/hack-web3conf,real_negative,0,test,0.12852514,1,false_positive
neg_526,0,NEG::daulathussain__nfts-api-starter-file.json,daulathussain/nfts-api-starter-file,real_negative,0,test,0.9202897,1,false_positive
neg_527,0,NEG::davdotsol__react-and-web3-demo-app.json,davdotsol/react-and-web3-demo-app,real_negative,0,test,0.00029137006,0,correct
neg_528,0,NEG::davdotsol__uniswap-v2-defi-app.json,davdotsol/uniswap-v2-defi-app,real_negative,0,test,0.012241275,0,correct
neg_534,0,NEG::decentralized-identity__element.json,decentralized-identity/element,real_negative,0,test,0.0075772414,0,correct
neg_542,0,NEG::DeFiCh__defiscan.live.json,DeFiCh/defiscan.live,real_negative,0,test,0.17217186,1,false_positive
neg_557,0,NEG::DePayFi__depay-claimable-nft-airdrops.json,DePayFi/depay-claimable-nft-airdrops,real_negative,0,test,0.005220126,0,correct
neg_558,0,NEG::DePayFi__web3-wallets.json,DePayFi/web3-wallets,real_negative,0,test,0.031499382,1,false_positive
neg_563,0,NEG::deusfinance__deus-interface-v2.json,deusfinance/deus-interface-v2,real_negative,0,test,0.0028009268,0,correct
neg_571,0,NEG::devridge0__aave-core.json,devridge0/aave-core,real_negative,0,test,0.001264422,0,correct
neg_580,0,NEG::dhiraj0911__defi-uniswap.json,dhiraj0911/defi-uniswap,real_negative,0,test,0.00030061635,0,correct
neg_590,0,NEG::DixDev1621__BLOCKCHAIN-DeFi-Router.json,DixDev1621/BLOCKCHAIN-DeFi-Router,real_negative,0,test,0.9394706,1,false_positive
neg_599,0,NEG::domechn__track3.json,domechn/track3,real_negative,0,test,0.092687786,1,false_positive
neg_622,0,NEG::edubrunaldi__generic-wallet.json,edubrunaldi/generic-wallet,real_negative,0,test,0.057493284,1,false_positive
neg_623,0,NEG::educoin__notarypoc.json,educoin/notarypoc,real_negative,0,test,0.00030534895,0,correct
neg_626,0,NEG::eka0789__nft-marketplace.json,eka0789/nft-marketplace,real_negative,0,test,0.0039454065,0,correct
neg_630,0,NEG::elkoutwest__bitcoin_browser.json,elkoutwest/bitcoin_browser,real_negative,0,test,0.00016865275,0,correct
neg_631,0,NEG::Elmanilov__CastClaim.json,Elmanilov/CastClaim,real_negative,0,test,4.664451e-07,0,correct
neg_642,0,NEG::Emmahchinonso__web3-bridge-contract.json,Emmahchinonso/web3-bridge-contract,real_negative,0,test,0.0061450917,0,correct
neg_657,0,NEG::eprbell__dali-rp2.json,eprbell/dali-rp2,real_negative,0,test,0.028220987,1,false_positive
neg_658,0,NEG::eprbell__rp2.json,eprbell/rp2,real_negative,0,test,0.06608538,1,false_positive
neg_661,0,NEG::Erfaniaa__crypto-portfolio-optimizer.json,Erfaniaa/crypto-portfolio-optimizer,real_negative,0,test,0.07751766,1,false_positive
neg_669,0,NEG::EthereumCommonwealth__Auditing.json,EthereumCommonwealth/Auditing,real_negative,0,test,0.00577493,0,correct
neg_670,0,NEG::EthereumCommonwealth__multi-geth.json,EthereumCommonwealth/multi-geth,real_negative,0,test,0.044514425,1,false_positive
neg_676,0,NEG::euphonious-raisinnutcookie575__ethwizc.json,euphonious-raisinnutcookie575/ethwizc,real_negative,0,test,0.012455653,0,correct
neg_682,0,NEG::evm-tooling__viem-go.json,evm-tooling/viem-go,real_negative,0,test,0.0034564096,0,correct
neg_689,0,NEG::Expandergraph__crypto-crawler.json,Expandergraph/crypto-crawler,real_negative,0,test,8.220189e-05,0,correct
neg_693,0,NEG::fabianorodrigo__defiamm.json,fabianorodrigo/defiamm,real_negative,0,test,0.00048029723,0,correct
neg_694,0,NEG::Fabischu2008__Vinechain.json,Fabischu2008/Vinechain,real_negative,0,test,0.19436781,1,false_positive
neg_702,0,NEG::Faouzijedidi1__NFT-Game.json,Faouzijedidi1/NFT-Game,real_negative,0,test,0.009898064,0,correct
neg_706,0,NEG::FazioNico__meta-gotchi.json,FazioNico/meta-gotchi,real_negative,0,test,0.10230471,1,false_positive
neg_721,0,NEG::flexa__collateral-manager.json,flexa/collateral-manager,real_negative,0,test,0.0057302467,0,correct
neg_724,0,NEG::ForcingVaporizer__Blockchain-Dapp-Crypto.json,ForcingVaporizer/Blockchain-Dapp-Crypto,real_negative,0,test,0.0002415663,0,correct
neg_725,0,NEG::Formyselfonly__smart-contract-quickstart.json,Formyselfonly/smart-contract-quickstart,real_negative,0,test,2.2827997e-05,0,correct
neg_727,0,NEG::forward0507__Dexordi-BE.json,forward0507/Dexordi-BE,real_negative,0,test,0.013121271,0,correct
neg_743,0,NEG::fxop0218__DEFI-aave-JS-Solidity.json,fxop0218/DEFI-aave-JS-Solidity,real_negative,0,test,0.0011695102,0,correct
neg_744,0,NEG::gabidi__bismuth-js-crypto.json,gabidi/bismuth-js-crypto,real_negative,0,test,6.402007e-05,0,correct
neg_748,0,NEG::gauryvg98__Bitcoin-Indexer.json,gauryvg98/Bitcoin-Indexer,real_negative,0,test,0.05582314,1,false_positive
neg_754,0,NEG::geovgy__smart-wallet.json,geovgy/smart-wallet,real_negative,0,test,0.004264634,0,correct
neg_755,0,NEG::geraldoramos__crypto-bar.json,geraldoramos/crypto-bar,real_negative,0,test,0.05910154,1,false_positive
neg_757,0,NEG::getsafle__safle-identity-wallet.json,getsafle/safle-identity-wallet,real_negative,0,test,0.22815649,1,false_positive
neg_764,0,NEG::gizdusum__hermes-blockchain-oracle.json,gizdusum/hermes-blockchain-oracle,real_negative,0,test,0.00037702857,0,correct
neg_770,0,NEG::gnidan__abi-to-sol.json,gnidan/abi-to-sol,real_negative,0,test,0.008124709,0,correct
neg_771,0,NEG::gnosis__reth-util.json,gnosis/reth-util,real_negative,0,test,0.004198795,0,correct
neg_776,0,NEG::GoodDollar__GoodDAPP.json,GoodDollar/GoodDAPP,real_negative,0,test,0.025957355,1,false_positive
neg_797,0,NEG::ha-bhai-noob-hoon__Solidity-task.json,ha-bhai-noob-hoon/Solidity-task,real_negative,0,test,3.883111e-05,0,correct
neg_821,0,NEG::HashLips__hashlips_nft_contract.json,HashLips/hashlips_nft_contract,real_negative,0,test,0.025858777,1,false_positive
neg_824,0,NEG::HawkTahir1__ZENC.json,HawkTahir1/ZENC,real_negative,0,test,0.04401865,1,false_positive
neg_827,0,NEG::hclivess__qtrader.json,hclivess/qtrader,real_negative,0,test,0.99856746,1,false_positive
neg_835,0,NEG::HilliamT__foundry-web3-monorepo.json,HilliamT/foundry-web3-monorepo,real_negative,0,test,0.023870835,1,false_positive
neg_838,0,NEG::hippogriff-dev__baby-swap.json,hippogriff-dev/baby-swap,real_negative,0,test,0.0045032725,0,correct
neg_845,0,NEG::HongThaiPham__plugin-u2u.json,HongThaiPham/plugin-u2u,real_negative,0,test,0.24508502,1,false_positive
neg_847,0,NEG::hoprnet__hopr-ethereum.json,hoprnet/hopr-ethereum,real_negative,0,test,0.008061991,0,correct
neg_848,0,NEG::horizontalsystems__bitcoin-kit-android.json,horizontalsystems/bitcoin-kit-android,real_negative,0,test,0.007937994,0,correct
neg_850,0,NEG::horizontalsystems__ethereum-kit-android.json,horizontalsystems/ethereum-kit-android,real_negative,0,test,0.030444348,1,false_positive
neg_862,0,NEG::huynhtuandat05december__Crypto-Zombie.json,huynhtuandat05december/Crypto-Zombie,real_negative,0,test,0.00017952798,0,correct
neg_864,0,NEG::Hyperledger-TWGC__GM-interoperability.json,Hyperledger-TWGC/GM-interoperability,real_negative,0,test,0.17441027,1,false_positive
neg_871,0,NEG::IaroslavTitov__OnchainVestingService.json,IaroslavTitov/OnchainVestingService,real_negative,0,test,0.00044421837,0,correct
neg_872,0,NEG::IBM__loyalty-points-evm-fabric.json,IBM/loyalty-points-evm-fabric,real_negative,0,test,0.00035697062,0,correct
neg_881,0,NEG::ihaveCred__OfflineSignProvider.json,ihaveCred/OfflineSignProvider,real_negative,0,test,0.25534365,1,false_positive
neg_883,0,NEG::illia-fz__defi-ts-wallet-connect-v23.json,illia-fz/defi-ts-wallet-connect-v23,real_negative,0,test,9.610242e-05,0,correct
neg_884,0,NEG::ilyarolf__AiogramShopBot.json,ilyarolf/AiogramShopBot,real_negative,0,test,0.009898064,0,correct
neg_890,0,NEG::Infinite-Null__Wallet-Master.json,Infinite-Null/Wallet-Master,real_negative,0,test,0.024423089,1,false_positive
neg_895,0,NEG::invis2912__TokenTrail.json,invis2912/TokenTrail,real_negative,0,test,0.18184364,1,false_positive
neg_901,0,NEG::ithunter0428__solidity2terrachian_rust.json,ithunter0428/solidity2terrachian_rust,real_negative,0,test,2.0145691e-05,0,correct
neg_906,0,NEG::ivopetiz__crypto-exchange-cli.json,ivopetiz/crypto-exchange-cli,real_negative,0,test,0.020215968,1,false_positive
neg_907,0,NEG::Ivy-Apps__ivy-wallet.json,Ivy-Apps/ivy-wallet,real_negative,0,test,0.20689406,1,false_positive
neg_909,0,NEG::J12ATA__my-wave-portal.json,J12ATA/my-wave-portal,real_negative,0,test,0.0003799845,0,correct
neg_911,0,NEG::jaayperez__coin.json,jaayperez/coin,real_negative,0,test,0.00016865275,0,correct
neg_918,0,NEG::jacobdmn__iWallet.json,jacobdmn/iWallet,real_negative,0,test,0.00017400544,0,correct
neg_919,0,NEG::JacobZavita__nfts-react.json,JacobZavita/nfts-react,real_negative,0,test,0.00018522574,0,correct
neg_921,0,NEG::Jahankohan__NFT-Marketplace.json,Jahankohan/NFT-Marketplace,real_negative,0,test,0.0005112579,0,correct
neg_923,0,NEG::Jain-Sameer__DecentralizedStableCoin.json,Jain-Sameer/DecentralizedStableCoin,real_negative,0,test,0.0002415663,0,correct
neg_928,0,NEG::jammy928__CoinExchange_CryptoExchange_Java.json,jammy928/CoinExchange_CryptoExchange_Java,real_negative,0,test,0.032100707,1,false_positive
neg_932,0,NEG::jaoleal__chainpass.json,jaoleal/chainpass,real_negative,0,test,0.05033063,1,false_positive
neg_933,0,NEG::Jared351__Blockchain-crypto-currencies.json,Jared351/Blockchain-crypto-currencies,real_negative,0,test,0.008380454,0,correct
neg_938,0,NEG::jasonjgarcia24__web3-ether-talent-pool.json,jasonjgarcia24/web3-ether-talent-pool,real_negative,0,test,0.12592277,1,false_positive
neg_943,0,NEG::jay-Anonymous__CryptoLedger.json,jay-Anonymous/CryptoLedger,real_negative,0,test,0.00026119032,0,correct
neg_944,0,NEG::jdogresorg__freewallet-mobile.json,jdogresorg/freewallet-mobile,real_negative,0,test,0.3415825,1,false_positive
neg_949,0,NEG::jeffprestes__rust-smart-contract-example-connection.json,jeffprestes/rust-smart-contract-example-connection,real_negative,0,test,0.00086936745,0,correct
neg_956,0,NEG::jgyy__solarjun.json,jgyy/solarjun,real_negative,0,test,0.00028685408,0,correct
neg_958,0,NEG::jitendragangwar123__Crowd-Sale-ICO-Dapp.json,jitendragangwar123/Crowd-Sale-ICO-Dapp,real_negative,0,test,6.302759e-05,0,correct
neg_961,0,NEG::jjanczur__SolidityDrive.json,jjanczur/SolidityDrive,real_negative,0,test,8.547617e-05,0,correct
neg_962,0,NEG::jjtiger__Blockchain_Business_Crypto_-DevPack.json,jjtiger/Blockchain_Business_Crypto_-DevPack,real_negative,0,test,0.0015854306,0,correct
neg_964,0,NEG::jocruz__LostCatsUi.json,jocruz/LostCatsUi,real_negative,0,test,0.01812472,1,false_positive
neg_967,0,NEG::johnnyshankman__xtznftswap-contracts.json,johnnyshankman/xtznftswap-contracts,real_negative,0,test,0.0025509126,0,correct
neg_977,0,NEG::joshH94__NFT-Marketplace-Solidity-Hardhat-NexJS-Web3js-Tailwind.json,joshH94/NFT-Marketplace-Solidity-Hardhat-NexJS-Web3js-Tailwind,real_negative,0,test,0.032344334,1,false_positive
neg_978,0,NEG::JoshuaDevCo__defi-arb.json,JoshuaDevCo/defi-arb,real_negative,0,test,6.8148714e-05,0,correct
neg_979,0,NEG::jovijovi__ether-goblin.json,jovijovi/ether-goblin,real_negative,0,test,0.09401018,1,false_positive
neg_982,0,NEG::jptsantossilva__BEC.json,jptsantossilva/BEC,real_negative,0,test,0.034358688,1,false_positive
neg_984,0,NEG::jualexandre__crypto-zombies.json,jualexandre/crypto-zombies,real_negative,0,test,3.0241958e-05,0,correct
neg_987,0,NEG::JulieGibbs__NFT1155_Contract_Test_Assignment.json,JulieGibbs/NFT1155_Contract_Test_Assignment,real_negative,0,test,0.27435136,1,false_positive
neg_989,0,NEG::JulyIghor__QtBitcoinTrader.json,JulyIghor/QtBitcoinTrader,real_negative,0,test,0.019568678,1,false_positive
neg_993,0,NEG::JunoNode__juno.json,JunoNode/juno,real_negative,0,test,0.07004896,1,false_positive
neg_994,0,NEG::junowoz__smartContracts.json,junowoz/smartContracts,real_negative,0,test,3.2192333e-05,0,correct
neg_1002,0,NEG::karmaizmyb1tch__Crypto-Wallet.json,karmaizmyb1tch/Crypto-Wallet,real_negative,0,test,0.5389832,1,false_positive
neg_1005,0,NEG::kartikver15gr8__WEB3-For-All.json,kartikver15gr8/WEB3-For-All,real_negative,0,test,0.042245496,1,false_positive
neg_1007,0,NEG::katya201165__NFT-platform-lending.json,katya201165/NFT-platform-lending,real_negative,0,test,3.0241958e-05,0,correct
neg_1021,0,NEG::keng42__xwallet.json,keng42/xwallet,real_negative,0,test,0.009708476,0,correct
neg_1024,0,NEG::kerala-blockchain-academy__SmartKYC.json,kerala-blockchain-academy/SmartKYC,real_negative,0,test,0.0022872274,0,correct
neg_1025,0,NEG::KernelFailure__blockchain.json,KernelFailure/blockchain,real_negative,0,test,0.00047285447,0,correct
neg_1027,0,NEG::keshav200215__SmartBlock.json,keshav200215/SmartBlock,real_negative,0,test,0.00057031563,0,correct
neg_1028,0,NEG::Kevaljagani__NFT-Market.json,Kevaljagani/NFT-Market,real_negative,0,test,0.46879065,1,false_positive
neg_1034,0,NEG::khaled-305__crypto-order-book.json,khaled-305/crypto-order-book,real_negative,0,test,0.062445294,1,false_positive
neg_1036,0,NEG::kheopskit__kheopskit.json,kheopskit/kheopskit,real_negative,0,test,0.86339164,1,false_positive
neg_1040,0,NEG::Kingscliq__nuking-nfts.json,Kingscliq/nuking-nfts,real_negative,0,test,0.001016244,0,correct
neg_1043,0,NEG::KittenYang__SafeSnap.json,KittenYang/SafeSnap,real_negative,0,test,0.017712297,1,false_positive
neg_1045,0,NEG::klaim-dev__solana-programs.json,klaim-dev/solana-programs,real_negative,0,test,0.011375601,0,correct
neg_1049,0,NEG::kochavalabs__xchng-solidity.json,kochavalabs/xchng-solidity,real_negative,0,test,0.011115013,0,correct
neg_1062,0,NEG::krypc-code__krypcore-web3-sdk.json,krypc-code/krypcore-web3-sdk,real_negative,0,test,0.0017821962,0,correct
neg_1063,0,NEG::kshaveen13__vaulte8.json,kshaveen13/vaulte8,real_negative,0,test,0.011642225,0,correct
neg_1064,0,NEG::Kula529__-nft-collectible-frontend.json,Kula529/-nft-collectible-frontend,real_negative,0,test,0.10087862,1,false_positive
neg_1065,0,NEG::kunalsinghdadhwal__LiqX.json,kunalsinghdadhwal/LiqX,real_negative,0,test,0.0064882697,0,correct
neg_1066,0,NEG::Kuprovskiy__defi.finance.json,Kuprovskiy/defi.finance,real_negative,0,test,0.009859855,0,correct
neg_1078,0,NEG::lastbattle__ordinal_inscription.netcore.json,lastbattle/ordinal_inscription.netcore,real_negative,0,test,0.44552955,1,false_positive
neg_1080,0,NEG::latoya4xfishn__spankcb.json,latoya4xfishn/spankcb,real_negative,0,test,4.264747e-05,0,correct
neg_1082,0,NEG::lawlietu0__EnigmaCracker.json,lawlietu0/EnigmaCracker,real_negative,0,test,0.0355444,1,false_positive
neg_1085,0,NEG::lbryio__lbry-android.json,lbryio/lbry-android,real_negative,0,test,0.70089483,1,false_positive
neg_1088,0,NEG::LeandroHugo__EtherJoint-Decentralized-Finance-for-Shared-Prosperity.json,LeandroHugo/EtherJoint-Decentralized-Finance-for-Shared-Prosperity,real_negative,0,test,0.0006462033,0,correct
neg_1089,0,NEG::LearnWeb3DAO__14-Days-of-Solidity.json,LearnWeb3DAO/14-Days-of-Solidity,real_negative,0,test,0.0020348171,0,correct
neg_1102,0,NEG::LinuxKunaL__gigalate-crypto-wallet.json,LinuxKunaL/gigalate-crypto-wallet,real_negative,0,test,0.016914913,1,false_positive
neg_1110,0,NEG::LocalCryptos__LocalCryptosWalletBackupExplorer.json,LocalCryptos/LocalCryptosWalletBackupExplorer,real_negative,0,test,0.0057302467,0,correct
neg_1112,0,NEG::LondheShubham153__falcon-nft.json,LondheShubham153/falcon-nft,real_negative,0,test,0.007011795,0,correct
neg_1113,0,NEG::Lopes-Marcio__chia-blockchain.json,Lopes-Marcio/chia-blockchain,real_negative,0,test,0.12085323,1,false_positive
neg_1114,0,NEG::lordbasilaiassistant-sudo__thryx-launchpad.json,lordbasilaiassistant-sudo/thryx-launchpad,real_negative,0,test,0.0019877742,0,correct
neg_1123,0,NEG::LuckyPigeon__Smart-Contract-Playground.json,LuckyPigeon/Smart-Contract-Playground,real_negative,0,test,0.0017821962,0,correct
neg_1124,0,NEG::luzhenqian__web3-examples.json,luzhenqian/web3-examples,real_negative,0,test,1.1843139e-05,0,correct
neg_1126,0,NEG::m1guelpf__laravel-web3-login.json,m1guelpf/laravel-web3-login,real_negative,0,test,0.0035936027,0,correct
neg_1129,0,NEG::maazgora__Multi-Sig-Wallet-using-Solidity.json,maazgora/Multi-Sig-Wallet-using-Solidity,real_negative,0,test,0.00019716944,0,correct
neg_1132,0,NEG::MaelRibes__Crypto-Kids.json,MaelRibes/Crypto-Kids,real_negative,0,test,2.0785172e-05,0,correct
neg_1142,0,NEG::manifoldx__typed-sdk.json,manifoldx/typed-sdk,real_negative,0,test,0.0021657674,0,correct
neg_1146,0,NEG::manufy__crypto-experiments.json,manufy/crypto-experiments,real_negative,0,test,0.0058653387,0,correct
neg_1149,0,NEG::margelo__react-native-graph.json,margelo/react-native-graph,real_negative,0,test,0.022457054,1,false_positive
neg_1154,0,NEG::MartinoTruppini__LegalTech-SmartContract.it.json,MartinoTruppini/LegalTech-SmartContract.it,real_negative,0,test,2.430024e-05,0,correct
neg_1157,0,NEG::masa-finance__arcomia-contracts.json,masa-finance/arcomia-contracts,real_negative,0,test,0.037821285,1,false_positive
neg_1158,0,NEG::masaun__governorAlpha-with-proof-of-voting-NFT.json,masaun/governorAlpha-with-proof-of-voting-NFT,real_negative,0,test,0.018404892,1,false_positive
neg_1163,0,NEG::matheusroleal__solidity-cookbook.json,matheusroleal/solidity-cookbook,real_negative,0,test,0.00096975197,0,correct
neg_1165,0,NEG::maticnetwork__pos-commit-poc.json,maticnetwork/pos-commit-poc,real_negative,0,test,0.006121282,0,correct
neg_1168,0,NEG::matthias-wyss__crypto-carry-trade-strategies.json,matthias-wyss/crypto-carry-trade-strategies,real_negative,0,test,0.027795624,1,false_positive
neg_1169,0,NEG::Mattjhagen__P3-Lending.json,Mattjhagen/P3-Lending,real_negative,0,test,0.71977776,1,false_positive
neg_1177,0,NEG::Medicyp__NFT_Marketplace_using_Ethereum_Smart_Contracts.json,Medicyp/NFT_Marketplace_using_Ethereum_Smart_Contracts,real_negative,0,test,0.00013982208,0,correct
neg_1182,0,NEG::memoriaXII__create-web3-turbo.json,memoriaXII/create-web3-turbo,real_negative,0,test,0.021125194,1,false_positive
neg_1189,0,NEG::merynoseth__moje-wlasne-sui.json,merynoseth/moje-wlasne-sui,real_negative,0,test,0.00018522574,0,correct
neg_1195,0,NEG::MGM103__CDP_Stable_Coin.json,MGM103/CDP_Stable_Coin,real_negative,0,test,1.5057016e-06,0,correct
neg_1199,0,NEG::mic0des__simple-multisig-wallet.json,mic0des/simple-multisig-wallet,real_negative,0,test,5.8291265e-05,0,correct
neg_1202,0,NEG::michal3pol__tickeDapp.json,michal3pol/tickeDapp,real_negative,0,test,0.0123361,0,correct
neg_1203,0,NEG::michelle5013-guilloryn__polye.json,michelle5013-guilloryn/polye,real_negative,0,test,0.0067449897,0,correct
neg_1209,0,NEG::milan338__totally-secure-dapp.json,milan338/totally-secure-dapp,real_negative,0,test,0.96432143,1,false_positive
neg_1210,0,NEG::mili12321__misterCrypto.json,mili12321/misterCrypto,real_negative,0,test,0.06325053,1,false_positive
neg_1213,0,NEG::mimic-fi__cross-chain-subscription-payments-with-mimic.json,mimic-fi/cross-chain-subscription-payments-with-mimic,real_negative,0,test,0.027795624,1,false_positive
neg_1214,0,NEG::mimic-protocol__contracts.json,mimic-protocol/contracts,real_negative,0,test,0.109705776,1,false_positive
neg_1216,0,NEG::MitchPierias__advanced-eos-examples.json,MitchPierias/advanced-eos-examples,real_negative,0,test,0.00011959858,0,correct
neg_1223,0,NEG::mogipatangan__cryptozombies-sol-101.json,mogipatangan/cryptozombies-sol-101,real_negative,0,test,4.6838886e-05,0,correct
neg_1226,0,NEG::mohitchandel__treasury-contract.json,mohitchandel/treasury-contract,real_negative,0,test,0.026861202,1,false_positive
neg_1231,0,NEG::monjuik__go-octopi.json,monjuik/go-octopi,real_negative,0,test,0.010902373,0,correct
neg_1232,0,NEG::Monyancha__Reown-Wallet-Connect.json,Monyancha/Reown-Wallet-Connect,real_negative,0,test,0.0973904,1,false_positive
neg_1249,0,NEG::mrsaad07__PropChain.json,mrsaad07/PropChain,real_negative,0,test,0.9814534,1,false_positive
neg_1251,0,NEG::mrtnetwork__ton_dart.json,mrtnetwork/ton_dart,real_negative,0,test,0.01048909,0,correct
neg_1259,0,NEG::MukeshMano19__BlockchainApp-CryptoCurrency-Exchange.json,MukeshMano19/BlockchainApp-CryptoCurrency-Exchange,real_negative,0,test,0.00048785715,0,correct
neg_1262,0,NEG::Multy-io__Multy-Android.json,Multy-io/Multy-Android,real_negative,0,test,0.02865267,1,false_positive
neg_1271,0,NEG::mycelium-com__wallet-android.json,mycelium-com/wallet-android,real_negative,0,test,0.0034296038,0,correct
neg_1276,0,NEG::n4bi10p__aptos-meme-nft-minter.json,n4bi10p/aptos-meme-nft-minter,real_negative,0,test,0.025371313,1,false_positive
neg_1280,0,NEG::naman159__Blockchain_Cryptocurrency.json,naman159/Blockchain_Cryptocurrency,real_negative,0,test,0.0021489493,0,correct
neg_1282,0,NEG::NancenFrelly__crypto_wallet.json,NancenFrelly/crypto_wallet,real_negative,0,test,0.0001355208,0,correct
neg_1284,0,NEG::nassirou-N__defi_crypto.json,nassirou-N/defi_crypto,real_negative,0,test,0.030214587,1,false_positive
neg_1289,0,NEG::NCRadtke00__Web3CryptoExchange.json,NCRadtke00/Web3CryptoExchange,real_negative,0,test,0.01798621,1,false_positive
neg_1295,0,NEG::Neph-dev__EpicNFT.json,Neph-dev/EpicNFT,real_negative,0,test,0.00037409563,0,correct
neg_1296,0,NEG::NEST-Protocol__NEST-Oracle-V4.0.json,NEST-Protocol/NEST-Oracle-V4.0,real_negative,0,test,0.001032231,0,correct
neg_1303,0,NEG::Nexis-Network__nexis-network.json,Nexis-Network/nexis-network,real_negative,0,test,0.0027576222,0,correct
neg_1313,0,NEG::nicolasdelira__Projeto-de-cria-a-de-carteiras-bitcoin-na-testnet.json,nicolasdelira/Projeto-de-cria-a-de-carteiras-bitcoin-na-testnet,real_negative,0,test,4.0929112e-06,0,correct
neg_1318,0,NEG::nimiq__php-xpub.json,nimiq/php-xpub,real_negative,0,test,0.002631674,0,correct
neg_1339,0,NEG::notbank-com__notbank-node.json,notbank-com/notbank-node,real_negative,0,test,0.03846619,1,false_positive
neg_1342,0,NEG::nshmadhani__zkNFT.json,nshmadhani/zkNFT,real_negative,0,test,0.024845436,1,false_positive
neg_1354,0,NEG::ofojichigozie__multisig-smart-contract.json,ofojichigozie/multisig-smart-contract,real_negative,0,test,1.8342893e-05,0,correct
neg_1356,0,NEG::oguzhnatly__Cryptocurrency-Trade-FrontEnd-HTML-Page.json,oguzhnatly/Cryptocurrency-Trade-FrontEnd-HTML-Page,real_negative,0,test,0.0013885231,0,correct
neg_1357,0,NEG::ohkuku__kurypto-wallet.json,ohkuku/kurypto-wallet,real_negative,0,test,0.0035936027,0,correct
neg_1365,0,NEG::olegsinavski__voting_system_web3.json,olegsinavski/voting_system_web3,real_negative,0,test,0.0021157034,0,correct
neg_1369,0,NEG::OmarChefrad__HourZero.json,OmarChefrad/HourZero,real_negative,0,test,0.00023050672,0,correct
neg_1373,0,NEG::OneKeyHQ__app-monorepo.json,OneKeyHQ/app-monorepo,real_negative,0,test,0.0027576222,0,correct
neg_1375,0,NEG::OnGridSystems__erc20_airdrop_cli.json,OnGridSystems/erc20_airdrop_cli,real_negative,0,test,0.028870907,1,false_positive
neg_1376,0,NEG::ong__awesome-decentralized-finance.json,ong/awesome-decentralized-finance,real_negative,0,test,0.0025114634,0,correct
neg_1377,0,NEG::onoka-ship-it__kogwasys.json,onoka-ship-it/kogwasys,real_negative,0,test,0.58604914,1,false_positive
neg_1380,0,NEG::opencodeiiita__Learning-Smart-Contracts.json,opencodeiiita/Learning-Smart-Contracts,real_negative,0,test,0.01757688,1,false_positive
neg_1385,0,NEG::opiethehokie__pfp-template.json,opiethehokie/pfp-template,real_negative,0,test,0.013376605,0,correct
neg_1397,0,NEG::Outlier1217__stellar-ai-escrow-commerce-hackathon.json,Outlier1217/stellar-ai-escrow-commerce-hackathon,real_negative,0,test,0.07004896,1,false_positive
neg_1401,0,NEG::P4-Games__VeriTrust-SmartContracts.json,P4-Games/VeriTrust-SmartContracts,real_negative,0,test,0.010013569,0,correct
neg_1403,0,NEG::pablopoggiog__polygon-name-service.json,pablopoggiog/polygon-name-service,real_negative,0,test,0.00086936745,0,correct
neg_1411,0,NEG::Parkhomets__crypto_solidity.json,Parkhomets/crypto_solidity,real_negative,0,test,0.00016865275,0,correct
neg_1419,0,NEG::paulmillr__noble-curves.json,paulmillr/noble-curves,real_negative,0,test,0.0038244836,0,correct
neg_1429,0,NEG::pepekingbnb__pepe-contracts.json,pepekingbnb/pepe-contracts,real_negative,0,test,8.398072e-06,0,correct
neg_1447,0,NEG::Pobepto__walle.json,Pobepto/walle,real_negative,0,test,0.017712297,1,false_positive
neg_1452,0,NEG::PolymathNetwork__polymath-core-deprecated.json,PolymathNetwork/polymath-core-deprecated,real_negative,0,test,0.008124709,0,correct
neg_1458,0,NEG::prasanna-rkumar__Cryptocurrency-Widgets-by-Wallet.app.json,prasanna-rkumar/Cryptocurrency-Widgets-by-Wallet.app,real_negative,0,test,0.00015118199,0,correct
neg_1467,0,NEG::problo__DeFireX-Contracts-V2.json,problo/DeFireX-Contracts-V2,real_negative,0,test,5.475977e-05,0,correct
neg_1475,0,NEG::protofire__autoglyphs.json,protofire/autoglyphs,real_negative,0,test,0.0045032725,0,correct
neg_1478,0,NEG::pulkitpal__defi-protocol-sdk.json,pulkitpal/defi-protocol-sdk,real_negative,0,test,0.0037217084,0,correct
neg_1481,0,NEG::pysznybimber__BASE-crypto-chain-killer.json,pysznybimber/BASE-crypto-chain-killer,real_negative,0,test,0.15052764,1,false_positive
neg_1490,0,NEG::QuanTumfuryxl__ethereum-arbitrage-suite-1.json,QuanTumfuryxl/ethereum-arbitrage-suite-1,real_negative,0,test,0.00030061635,0,correct
neg_1492,0,NEG::quilime__evm-nft-contract-boilerplate.json,quilime/evm-nft-contract-boilerplate,real_negative,0,test,0.00052747846,0,correct
neg_1499,0,NEG::RafaBlockDev__Lending-Pool.json,RafaBlockDev/Lending-Pool,real_negative,0,test,0.0076362165,0,correct
neg_1503,0,NEG::raft-fi__contracts.json,raft-fi/contracts,real_negative,0,test,0.0051797125,0,correct
neg_1508,0,NEG::RainbowMiner__RainbowMiner.json,RainbowMiner/RainbowMiner,real_negative,0,test,0.4263216,1,false_positive
neg_1519,0,NEG::RavikantShinde05__Ethers_Academy.json,RavikantShinde05/Ethers_Academy,real_negative,0,test,0.0026939143,0,correct
neg_1527,0,NEG::RDCH106__pycoinmon.json,RDCH106/pycoinmon,real_negative,0,test,0.23934935,1,false_positive
neg_1537,0,NEG::renpool__renpool-contracts.json,renpool/renpool-contracts,real_negative,0,test,0.009708476,0,correct
neg_1548,0,NEG::risc0__risc0-ethereum.json,risc0/risc0-ethereum,real_negative,0,test,0.00045831295,0,correct
neg_1551,0,NEG::ritwik-1994__Blockchain.json,ritwik-1994/Blockchain,real_negative,0,test,1.520684e-05,0,correct
neg_1553,0,NEG::rk98991439__Cryptocurrency-Wallet.json,rk98991439/Cryptocurrency-Wallet,real_negative,0,test,0.99293363,1,false_positive
neg_1560,0,NEG::Robocular__defi-mcp.json,Robocular/defi-mcp,real_negative,0,test,0.0031236487,0,correct
neg_1562,0,NEG::RocktimRajkumar__CrowdFunding-Ethereum.json,RocktimRajkumar/CrowdFunding-Ethereum,real_negative,0,test,0.019124037,1,false_positive
neg_1565,0,NEG::rohanranjan25061996__Wallet.json,rohanranjan25061996/Wallet,real_negative,0,test,8.220189e-05,0,correct
neg_1571,0,NEG::RoseBayConsulting__Titan.json,RoseBayConsulting/Titan,real_negative,0,test,0.0001088969,0,correct
neg_1572,0,NEG::roxxy-lanre__Conduit.json,roxxy-lanre/Conduit,real_negative,0,test,6.0141516e-05,0,correct
neg_1591,0,NEG::saaim23__QuantPilot.json,saaim23/QuantPilot,real_negative,0,test,0.16344546,1,false_positive
neg_1604,0,NEG::sanjibbaral435__Ethereum_Solidity_Udemy.json,sanjibbaral435/Ethereum_Solidity_Udemy,real_negative,0,test,0.00031503866,0,correct
neg_1608,0,NEG::SarathAdhi__Online_Poll_Creator_Blockchain.json,SarathAdhi/Online_Poll_Creator_Blockchain,real_negative,0,test,0.01107216,0,correct
neg_1614,0,NEG::Savjee__SavjeeCoin.json,Savjee/SavjeeCoin,real_negative,0,test,0.0008231385,0,correct
neg_1615,0,NEG::saxenism__cryptoZombiesNFT.json,saxenism/cryptoZombiesNFT,real_negative,0,test,0.0145035805,0,correct
neg_1616,0,NEG::sayandas-sd__Scan_and_pay_Crypto.json,sayandas-sd/Scan_and_pay_Crypto,real_negative,0,test,0.007815888,0,correct
neg_1617,0,NEG::SBIP-Migration__aave-migrator.json,SBIP-Migration/aave-migrator,real_negative,0,test,0.2501793,1,false_positive
neg_1619,0,NEG::scholtz__wallet.json,scholtz/wallet,real_negative,0,test,0.03308598,1,false_positive
neg_1620,0,NEG::sciencemanepsilon__Blockchain_DeFi_Gaming.json,sciencemanepsilon/Blockchain_DeFi_Gaming,real_negative,0,test,0.00010229986,0,correct
neg_1623,0,NEG::sdelvalle57__bonding-curves.json,sdelvalle57/bonding-curves,real_negative,0,test,1.1478769e-05,0,correct
neg_1626,0,NEG::sebetelist__bitcoin-wallet.json,sebetelist/bitcoin-wallet,real_negative,0,test,8.220189e-05,0,correct
neg_1635,0,NEG::setheum__setheum.json,setheum/setheum,real_negative,0,test,0.009125638,0,correct
neg_1637,0,NEG::ShackAmeri__brownie-koalaStaking.json,ShackAmeri/brownie-koalaStaking,real_negative,0,test,3.7636444e-05,0,correct
neg_1638,0,NEG::ShadowGuardAI__crypto-hdwallet-analyzer.json,ShadowGuardAI/crypto-hdwallet-analyzer,real_negative,0,test,0.14608724,1,false_positive
neg_1640,0,NEG::shaikat010__Gamefi-Chess-Dapp.json,shaikat010/Gamefi-Chess-Dapp,real_negative,0,test,0.0020348171,0,correct
neg_1650,0,NEG::shirley2749-dunn7__ethere1.json,shirley2749-dunn7/ethere1,real_negative,0,test,0.908618,1,false_positive
neg_1658,0,NEG::shubhamguptaiitd__bitcoin.json,shubhamguptaiitd/bitcoin,real_negative,0,test,0.3415825,1,false_positive
neg_1659,0,NEG::shumbushojeanbaptiste__Blockchain-task-2025.json,shumbushojeanbaptiste/Blockchain-task-2025,real_negative,0,test,0.03704717,1,false_positive
neg_1663,0,NEG::SilentCicero__MultiSignatureWallet.json,SilentCicero/MultiSignatureWallet,real_negative,0,test,0.036493763,1,false_positive
neg_1667,0,NEG::SimSimButDifferent__hardhat-defi-fcc.json,SimSimButDifferent/hardhat-defi-fcc,real_negative,0,test,4.264747e-05,0,correct
neg_1676,0,NEG::slaviquee__monolith.json,slaviquee/monolith,real_negative,0,test,0.14414886,1,false_positive
neg_1680,0,NEG::smart-bsy__web3_crypto-smart-contract.json,smart-bsy/web3_crypto-smart-contract,real_negative,0,test,0.04256273,1,false_positive
neg_1682,0,NEG::smartbugs__smartbugs-wild.json,smartbugs/smartbugs-wild,real_negative,0,test,0.03410043,1,false_positive
neg_1693,0,NEG::softstack__Smart-Contract-Security-Audits.json,softstack/Smart-Contract-Security-Audits,real_negative,0,test,0.0027576222,0,correct
neg_1698,0,NEG::solidstate-network__solidstate-solidity.json,solidstate-network/solidstate-solidity,real_negative,0,test,0.07751766,1,false_positive
neg_1703,0,NEG::SoshiCrmProject__btcyield-platform.json,SoshiCrmProject/btcyield-platform,real_negative,0,test,0.00015118199,0,correct
neg_1704,0,NEG::sounxk__Web3Escrow.json,sounxk/Web3Escrow,real_negative,0,test,0.09434342,1,false_positive
neg_1738,0,NEG::summa-tx__coins.json,summa-tx/coins,real_negative,0,test,0.26894143,1,false_positive
neg_1755,0,NEG::swapkit__SwapKit.json,swapkit/SwapKit,real_negative,0,test,0.006003596,0,correct
neg_1766,0,NEG::syncrao__blockchain-rust.json,syncrao/blockchain-rust,real_negative,0,test,0.033716537,1,false_positive
neg_1767,0,NEG::Synthetixio__SIPs.json,Synthetixio/SIPs,real_negative,0,test,0.029760094,1,false_positive
neg_1768,0,NEG::Synthetixio__synthetix-js.json,Synthetixio/synthetix-js,real_negative,0,test,0.0021157034,0,correct
neg_1770,0,NEG::tahowallet__extension.json,tahowallet/extension,real_negative,0,test,0.063714996,1,false_positive
neg_1774,0,NEG::tamago-labs__legato-finance.json,tamago-labs/legato-finance,real_negative,0,test,0.7718435,1,false_positive
neg_1797,0,NEG::Tenosia__Wallet-Multi-SDK.json,Tenosia/Wallet-Multi-SDK,real_negative,0,test,0.9324533,1,false_positive
neg_1800,0,NEG::Teyik0__solidity-order-book.json,Teyik0/solidity-order-book,real_negative,0,test,0.021615336,1,false_positive
neg_1804,0,NEG::the-sauravkumar__icp_token_wallet.json,the-sauravkumar/icp_token_wallet,real_negative,0,test,0.08756384,1,false_positive
neg_1806,0,NEG::theblockchainchief__web3-hub.json,theblockchainchief/web3-hub,real_negative,0,test,0.027376488,1,false_positive
neg_1809,0,NEG::thedarkhorse934__ai-blockchain-explainer.json,thedarkhorse934/ai-blockchain-explainer,real_negative,0,test,0.065604836,1,false_positive
neg_1815,0,NEG::thoangln__Blockchain-SmartContract.json,thoangln/Blockchain-SmartContract,real_negative,0,test,7.967302e-05,0,correct
neg_1816,0,NEG::thomas21-jquerry__Casino.json,thomas21-jquerry/Casino,real_negative,0,test,0.5544705,1,false_positive
neg_1823,0,NEG::tiwarisakshi28__Multisignature-wallet.json,tiwarisakshi28/Multisignature-wallet,real_negative,0,test,0.00069867563,0,correct
neg_1834,0,NEG::Topten1004__NFT-Marketplace-ERC1155.json,Topten1004/NFT-Marketplace-ERC1155,real_negative,0,test,0.018404892,1,false_positive
neg_1840,0,NEG::tradingstrategy-ai__trade-executor.json,tradingstrategy-ai/trade-executor,real_negative,0,test,0.028436033,1,false_positive
neg_1841,0,NEG::tradingstrategy-ai__web3-ethereum-defi.json,tradingstrategy-ai/web3-ethereum-defi,real_negative,0,test,0.0035936027,0,correct
neg_1845,0,NEG::TrentPierce__Ethereum-Address-Collider.json,TrentPierce/Ethereum-Address-Collider,real_negative,0,test,0.021125194,1,false_positive
neg_1846,0,NEG::TrinetixHubs__PixelVerse.json,TrinetixHubs/PixelVerse,real_negative,0,test,0.5544705,1,false_positive
neg_1849,0,NEG::trustless-fund__trustless-fund.json,trustless-fund/trustless-fund,real_negative,0,test,0.0003799845,0,correct
neg_1850,0,NEG::trustwallet__trust-wallet-ios.json,trustwallet/trust-wallet-ios,real_negative,0,test,0.004348382,0,correct
neg_1855,0,NEG::Tswaanda__tswaanda-marketplace.json,Tswaanda/tswaanda-marketplace,real_negative,0,test,0.12765263,1,false_positive
neg_1857,0,NEG::turbo-eth__template-bank-app.json,turbo-eth/template-bank-app,real_negative,0,test,0.10374863,1,false_positive
neg_1859,0,NEG::TW2541__Solidity_Web3_Practice_Python.json,TW2541/Solidity_Web3_Practice_Python,real_negative,0,test,0.0001088969,0,correct
neg_1861,0,NEG::uhsr__BlockchainNFTCertificateAuthority.json,uhsr/BlockchainNFTCertificateAuthority,real_negative,0,test,0.0493136,1,false_positive
neg_1863,0,NEG::uhsr__BlockchainNftRegistrySolutionsX.json,uhsr/BlockchainNftRegistrySolutionsX,real_negative,0,test,0.039158374,1,false_positive
neg_1865,0,NEG::uhsr__BlockchainNFTVaultManagerCorePro.json,uhsr/BlockchainNFTVaultManagerCorePro,real_negative,0,test,0.0766838,1,false_positive
neg_1867,0,NEG::uhsr__BlockchainNFTVaultManagerPlatformX.json,uhsr/BlockchainNFTVaultManagerPlatformX,real_negative,0,test,0.08509905,1,false_positive
neg_1872,0,NEG::uhsr__NftMetadataIndexerTechNext.json,uhsr/NftMetadataIndexerTechNext,real_negative,0,test,0.21733752,1,false_positive
neg_1879,0,NEG::UssCalSst41__Xyn-SeedWatcher-Crypto-Balance-Checker-Searcher-MultiCoin.json,UssCalSst41/Xyn-SeedWatcher-Crypto-Balance-Checker-Searcher-MultiCoin,real_negative,0,test,0.002019014,0,correct
neg_1881,0,NEG::utsavempiric20__token-wallet-solidity.json,utsavempiric20/token-wallet-solidity,real_negative,0,test,0.0011513996,0,correct
neg_1891,0,NEG::vechain__web3-gear.json,vechain/web3-gear,real_negative,0,test,0.044680875,1,false_positive
neg_1900,0,NEG::vgrichina__web4.json,vgrichina/web4,real_negative,0,test,0.0015731123,0,correct
neg_1910,0,NEG::vilicvane__megnat.json,vilicvane/megnat,real_negative,0,test,0.0034030052,0,correct
neg_1917,0,NEG::Vitali-workspace__Crypto-Testnet-Faucet.json,Vitali-workspace/Crypto-Testnet-Faucet,real_negative,0,test,0.00025315638,0,correct
neg_1919,0,NEG::vitalkamuntu__Crypto-wallet.json,vitalkamuntu/Crypto-wallet,real_negative,0,test,1.8342893e-05,0,correct
neg_1936,0,NEG::vvizardev__wizardev.json,vvizardev/wizardev,real_negative,0,test,0.0057302467,0,correct
neg_1937,0,NEG::vykuntaharsha__cryptocurrency-and-smart-contract.json,vykuntaharsha/cryptocurrency-and-smart-contract,real_negative,0,test,0.00028685408,0,correct
neg_1938,0,NEG::wallet-agent__wallet-agent.json,wallet-agent/wallet-agent,real_negative,0,test,0.018546565,1,false_positive
neg_1939,0,NEG::Wallet3__Wallet3-Desktop.json,Wallet3/Wallet3-Desktop,real_negative,0,test,0.0074606435,0,correct
neg_1940,0,NEG::Wallet3__Wallet3.json,Wallet3/Wallet3,real_negative,0,test,0.06754669,1,false_positive
neg_1942,0,NEG::walleth__walleth.json,walleth/walleth,real_negative,0,test,0.006400731,0,correct
neg_1943,0,NEG::Walletika__walletika-contracts.json,Walletika/walletika-contracts,real_negative,0,test,0.00012931562,0,correct
neg_1945,0,NEG::WalletWasabi__WalletWasabi.json,WalletWasabi/WalletWasabi,real_negative,0,test,0.73411953,1,false_positive
neg_1953,0,NEG::wcoelho__BitcoinMinerPrototype.json,wcoelho/BitcoinMinerPrototype,real_negative,0,test,0.00048029723,0,correct
neg_1960,0,NEG::web3builder7__Diversehq.json,web3builder7/Diversehq,real_negative,0,test,0.00066670234,0,correct
neg_1964,0,NEG::Web3Philippines__homepage.json,Web3Philippines/homepage,real_negative,0,test,0.0013250223,0,correct
neg_1968,0,NEG::weichen466__CryptoCrowd.json,weichen466/CryptoCrowd,real_negative,0,test,0.00045121062,0,correct
neg_1973,0,NEG::whoaryu__cryptozombies.json,whoaryu/cryptozombies,real_negative,0,test,3.0241958e-05,0,correct
neg_1974,0,NEG::wilhelmagren__ethereum-dev.json,wilhelmagren/ethereum-dev,real_negative,0,test,0.001133569,0,correct
neg_1979,0,NEG::wizardsardine__liana.json,wizardsardine/liana,real_negative,0,test,0.64779824,1,false_positive
neg_1981,0,NEG::wsdt__WavectToken.json,wsdt/WavectToken,real_negative,0,test,0.00035697062,0,correct
neg_1994,0,NEG::xfolio-dao__xfolio-react-chrome.json,xfolio-dao/xfolio-react-chrome,real_negative,0,test,0.00031503866,0,correct
neg_1996,0,NEG::xPOURY4__crypto-toolkit.json,xPOURY4/crypto-toolkit,real_negative,0,test,0.8311431,1,false_positive
neg_1997,0,NEG::xqyet__BlockchainAddressSpoofer.json,xqyet/BlockchainAddressSpoofer,real_negative,0,test,0.19744444,1,false_positive
neg_2014,0,NEG::yearn__NFTreasury.json,yearn/NFTreasury,real_negative,0,test,0.18359362,1,false_positive
neg_2015,0,NEG::yeasy__blockchain_guide.json,yeasy/blockchain_guide,real_negative,0,test,0.0006474658,0,correct
neg_2021,0,NEG::yippee-ki-yay__CryptoJingles.json,yippee-ki-yay/CryptoJingles,real_negative,0,test,0.0019570168,0,correct
neg_2028,0,NEG::ysongh__blockchain-on-restaurant-client.json,ysongh/blockchain-on-restaurant-client,real_negative,0,test,0.36296922,1,false_positive
neg_2034,0,NEG::Zaid-maker__web3-nft-game.json,Zaid-maker/web3-nft-game,real_negative,0,test,0.00081673806,0,correct
neg_2037,0,NEG::zenhuzaini__node-js-blockchain-bitcoin.json,zenhuzaini/node-js-blockchain-bitcoin,real_negative,0,test,0.0012448432,0,correct
neg_2042,0,NEG::Zheaoli__awesome-coins.json,Zheaoli/awesome-coins,real_negative,0,test,0.010986943,0,correct
neg_2044,0,NEG::zillet__zillet.json,zillet/zillet,real_negative,0,test,0.68763,1,false_positive
neg_2049,0,NEG::Zodomo__OrdinalDucks.json,Zodomo/OrdinalDucks,real_negative,0,test,0.00017952798,0,correct
pos_11,1,F2_crypto_trading_bot,dev-protocol/polymarket-copytrading-bot-sport,original,1,test,0.43974736,1,correct
pos_14,1,F2_crypto_trading_bot,FaceOFWood/SniperBot-Solana-PumpSwap,original,1,test,0.0005614787,0,false_negative
pos_15,1,F2_crypto_trading_bot,harshith-vaddiparthy/quant-bot,original,1,test,0.04401865,1,correct
pos_29,1,F2_crypto_trading_bot,Morning-Star213/Solana-pumpfun-bot,original,1,test,0.9993333,1,correct
pos_188,1,F2_crypto_trading_bot,labs-market/polymarket-copytrading-bot-sport,synthetic,1,test,0.45326182,1,correct
pos_189,1,F2_crypto_trading_bot,FaceOFWoo/SniperBot-Solana-PumpSwap,synthetic,1,test,0.015906392,1,correct
pos_190,1,F2_crypto_trading_bot,harshithvaddiparthyy/quant-bot,synthetic,1,test,0.036220055,1,correct
pos_191,1,F2_crypto_trading_bot,MorningStar213ry/Solana-pumpfun-bot,synthetic,1,test,0.99895155,1,correct
pos_192,1,F2_crypto_trading_bot,dex-copy/polymarket-copytrading-bot-sport,synthetic,1,test,0.6706083,1,correct
pos_193,1,F2_crypto_trading_bot,FaceOFWoodv/SniperBot-Solana-PumpSwap,synthetic,1,test,0.10631887,1,correct
pos_194,1,F2_crypto_trading_bot,harshithvaddiparthy4/quant-bot,synthetic,1,test,0.81640637,1,correct
pos_195,1,F2_crypto_trading_bot,MorningStar213/Solana-pumpfun-bot,synthetic,1,test,0.9998233,1,correct
pos_196,1,F2_crypto_trading_bot,dex-bot/polymarket-copytrading-bot-sport,synthetic,1,test,0.05834584,1,correct
pos_197,1,F2_crypto_trading_bot,FaceOFWood2/SniperBot-Solana-PumpSwap,synthetic,1,test,0.05340333,1,correct
pos_198,1,F2_crypto_trading_bot,harshithvaddiparthy42/quant-bot,synthetic,1,test,0.8244619,1,correct
pos_199,1,F2_crypto_trading_bot,MorningStar2132/Solana-pumpfun-bot,synthetic,1,test,0.9996724,1,correct
pos_200,1,F2_crypto_trading_bot,dex-trade/polymarket-copytrading-bot-sport,synthetic,1,test,0.7106283,1,correct
pos_201,1,F2_crypto_trading_bot,FaceOFWoodk/SniperBot-Solana-PumpSwap,synthetic,1,test,0.0433658,1,correct
pos_202,1,F2_crypto_trading_bot,harshithvaddiparthyu/quant-bot,synthetic,1,test,0.7745834,1,correct
pos_203,1,F2_crypto_trading_bot,MorningStar2133/Solana-pumpfun-bot,synthetic,1,test,0.9998029,1,correct
pos_204,1,F2_crypto_trading_bot,bot-trade/polymarket-copytrading-bot-sport,synthetic,1,test,0.6531269,1,correct
pos_205,1,F2_crypto_trading_bot,FaceOFWood3/SniperBot-Solana-PumpSwap,synthetic,1,test,0.045352582,1,correct
pos_206,1,F2_crypto_trading_bot,harshithvaddiparthy/quant-bot,synthetic,1,test,0.80685264,1,correct
pos_207,1,F2_crypto_trading_bot,MorningStar213o3/Solana-pumpfun-bot,synthetic,1,test,0.9995956,1,correct
pos_208,1,F2_crypto_trading_bot,dex-signal/polymarket-copytrading-bot-sport,synthetic,1,test,0.50195307,1,correct
pos_209,1,F2_crypto_trading_bot,FaceOFWood4/SniperBot-Solana-PumpSwap,synthetic,1,test,0.3268083,1,correct
pos_210,1,F2_crypto_trading_bot,harshithvaddiparthyy2/quant-bot,synthetic,1,test,0.8244619,1,correct
pos_211,1,F2_crypto_trading_bot,MorningStar213gg/Solana-pumpfun-bot,synthetic,1,test,0.9975274,1,correct
pos_212,1,F2_crypto_trading_bot,signal-labs/polymarket-copytrading-bot-sport,synthetic,1,test,0.85195273,1,correct
pos_213,1,F2_crypto_trading_bot,FaceOFWoo2/SniperBot-Solana-PumpSwap,synthetic,1,test,0.028870907,1,correct
pos_214,1,F2_crypto_trading_bot,harshithvaddiparthy2/quant-bot,synthetic,1,test,0.84695786,1,correct
pos_215,1,F2_crypto_trading_bot,MorningStar2132q/Solana-pumpfun-bot,synthetic,1,test,0.99346113,1,correct
pos_216,1,F2_crypto_trading_bot,copy-trade/polymarket-copytrading-bot-sport,synthetic,1,test,0.5253688,1,correct
pos_217,1,F2_crypto_trading_bot,FaceOFWood5/SniperBot-Solana-PumpSwap,synthetic,1,test,0.04401865,1,correct
pos_218,1,F2_crypto_trading_bot,harshithvaddiparthy3/quant-bot,synthetic,1,test,0.10087862,1,correct
pos_219,1,F2_crypto_trading_bot,MorningStar213q/Solana-pumpfun-bot,synthetic,1,test,0.9999825,1,correct
pos_220,1,F2_crypto_trading_bot,signal-marke/polymarket-copytrading-bot-sport,synthetic,1,test,0.048496004,1,correct
pos_221,1,F2_crypto_trading_bot,FaceOFWoo3/SniperBot-Solana-PumpSwap,synthetic,1,test,0.07751766,1,correct
pos_222,1,F2_crypto_trading_bot,harshithvaddiparthy32/quant-bot,synthetic,1,test,0.715424,1,correct
pos_223,1,F2_crypto_trading_bot,MorningStar213j/Solana-pumpfun-bot,synthetic,1,test,0.99989104,1,correct
pos_224,1,F2_crypto_trading_bot,bot-market/polymarket-copytrading-bot-sport,synthetic,1,test,0.6206216,1,correct
pos_225,1,F2_crypto_trading_bot,FaceOFWoodh/SniperBot-Solana-PumpSwap,synthetic,1,test,0.09859886,1,correct
pos_226,1,F2_crypto_trading_bot,harshithvaddiparthyv/quant-bot,synthetic,1,test,0.78133065,1,correct
pos_227,1,F2_crypto_trading_bot,MorningStar213h/Solana-pumpfun-bot,synthetic,1,test,0.9999795,1,correct
pos_228,1,F2_crypto_trading_bot,dex-copy2/polymarket-copytrading-bot-sport,synthetic,1,test,0.34334174,1,correct
pos_229,1,F2_crypto_trading_bot,FaceOFWood6/SniperBot-Solana-PumpSwap,synthetic,1,test,0.0011695102,0,false_negative
pos_230,1,F2_crypto_trading_bot,harshithvaddiparthyo/quant-bot,synthetic,1,test,0.035144847,1,correct
pos_231,1,F2_crypto_trading_bot,MorningStar2131/Solana-pumpfun-bot,synthetic,1,test,0.99997115,1,correct
pos_232,1,F2_crypto_trading_bot,bot-market2/polymarket-copytrading-bot-sport,synthetic,1,test,0.68257374,1,correct
pos_233,1,F2_crypto_trading_bot,FaceOFWood7/SniperBot-Solana-PumpSwap,synthetic,1,test,0.6951311,1,correct
pos_234,1,F2_crypto_trading_bot,harshithvaddiparthyt/quant-bot,synthetic,1,test,0.7490872,1,correct
pos_235,1,F2_crypto_trading_bot,MorningStar213mf/Solana-pumpfun-bot,synthetic,1,test,0.99999404,1,correct
pos_236,1,F2_crypto_trading_bot,copy-signal/polymarket-copytrading-bot-sport,synthetic,1,test,0.8311431,1,correct
pos_237,1,F2_crypto_trading_bot,FaceOFWood8/SniperBot-Solana-PumpSwap,synthetic,1,test,0.0715912,1,correct
pos_238,1,F2_crypto_trading_bot,harshithvaddiparthy5/quant-bot,synthetic,1,test,0.7634837,1,correct
pos_239,1,F2_crypto_trading_bot,MorningStar21397/Solana-pumpfun-bot,synthetic,1,test,0.99997854,1,correct
pos_240,1,F2_crypto_trading_bot,bot-market3/polymarket-copytrading-bot-sport,synthetic,1,test,0.96095175,1,correct
pos_241,1,F2_crypto_trading_bot,FaceOFWood9/SniperBot-Solana-PumpSwap,synthetic,1,test,0.0062899017,0,false_negative
pos_242,1,F2_crypto_trading_bot,harshithvaddiparthyp/quant-bot,synthetic,1,test,0.035144847,1,correct
pos_243,1,F2_crypto_trading_bot,MorningStar2134v/Solana-pumpfun-bot,synthetic,1,test,0.99999726,1,correct
neg_0,0,NEG::007SKRN__crypto-portfolio-tracker.json,007SKRN/crypto-portfolio-tracker,real_negative,1,test,4.832564e-05,0,correct
neg_3,0,NEG::0wl3xSec__web3-cryptozombies.json,0wl3xSec/web3-cryptozombies,real_negative,1,test,1.05717e-07,0,correct
neg_8,0,NEG::0xcregis__anychain.json,0xcregis/anychain,real_negative,1,test,0.0004044815,0,correct
neg_11,0,NEG::0xefrain__Bsc-bootcamp.json,0xefrain/Bsc-bootcamp,real_negative,1,test,3.8070144e-07,0,correct
neg_12,0,NEG::0xfps__python-solidity-blockchain-smart-contract-course.json,0xfps/python-solidity-blockchain-smart-contract-course,real_negative,1,test,0.00097354373,0,correct
neg_14,0,NEG::0xGeegZ__defi-gambler.json,0xGeegZ/defi-gambler,real_negative,1,test,0.00018814208,0,correct
neg_16,0,NEG::0xhappydev__evm-explorer-uniswap.json,0xhappydev/evm-explorer-uniswap,real_negative,1,test,2.1233784e-06,0,correct
neg_32,0,NEG::0xwagmi__bitcoin_wallet.json,0xwagmi/bitcoin_wallet,real_negative,1,test,5.1442214e-05,0,correct
neg_35,0,NEG::10gic__vanitygen-plusplus.json,10gic/vanitygen-plusplus,real_negative,1,test,0.00037409563,0,correct
neg_44,0,NEG::3Dpass__wallet.json,3Dpass/wallet,real_negative,1,test,4.7850945e-06,0,correct
neg_45,0,NEG::5ajaki__safe-mcp-server.json,5ajaki/safe-mcp-server,real_negative,1,test,9.516251e-06,0,correct
neg_50,0,NEG::a3igner__dixie-coin.json,a3igner/dixie-coin,real_negative,1,test,6.144174e-06,0,correct
neg_54,0,NEG::aarambh-darshan__mini-blockchain.json,aarambh-darshan/mini-blockchain,real_negative,1,test,0.00048029723,0,correct
neg_55,0,NEG::aaronajis92__smart-contract-cryptorian.json,aaronajis92/smart-contract-cryptorian,real_negative,1,test,2.9480163e-06,0,correct
neg_66,0,NEG::ac12644__ICO-Smart-Contract.json,ac12644/ICO-Smart-Contract,real_negative,1,test,2.1444948e-05,0,correct
neg_73,0,NEG::Adamant-im__adamant-api-jsclient.json,Adamant-im/adamant-api-jsclient,real_negative,1,test,0.00041731578,0,correct
neg_75,0,NEG::adameth2900__ETH.json,adameth2900/ETH,real_negative,1,test,3.8891116e-08,0,correct
neg_79,0,NEG::adilsachwani__web3ForSmartContracts.json,adilsachwani/web3ForSmartContracts,real_negative,1,test,4.0990935e-09,0,correct
neg_94,0,NEG::aelew__cryptotracker.json,aelew/cryptotracker,real_negative,1,test,0.0012255674,0,correct
neg_99,0,NEG::Afrozllm__Web3-Wallet-Connect.json,Afrozllm/Web3-Wallet-Connect,real_negative,1,test,1.805852e-05,0,correct
neg_111,0,NEG::AICoin-io__AICoin.json,AICoin-io/AICoin,real_negative,1,test,5.3687495e-07,0,correct
neg_123,0,NEG::akhileshthite__dtube.json,akhileshthite/dtube,real_negative,1,test,0.9105454,1,false_positive
neg_124,0,NEG::akinncar__ar-nft.json,akinncar/ar-nft,real_negative,1,test,1.602811e-06,0,correct
neg_126,0,NEG::Akshat-cs__hardhat-defi-aave-v2.json,Akshat-cs/hardhat-defi-aave-v2,real_negative,1,test,4.993718e-08,0,correct
neg_127,0,NEG::akshit0201__Web3-Ethereum.json,akshit0201/Web3-Ethereum,real_negative,1,test,0.0006932423,0,correct
neg_141,0,NEG::alexharrod__cryptozombies.json,alexharrod/cryptozombies,real_negative,1,test,2.0816914e-08,0,correct
neg_142,0,NEG::alexia795__Gnosis-wallet-pro.json,alexia795/Gnosis-wallet-pro,real_negative,1,test,4.9086615e-05,0,correct
neg_148,0,NEG::aliezzahn__crypto-chart.json,aliezzahn/crypto-chart,real_negative,1,test,1.235957e-07,0,correct
neg_154,0,NEG::alissonfernandes__bitcoin-wallet.json,alissonfernandes/bitcoin-wallet,real_negative,1,test,0.00014883847,0,correct
neg_165,0,NEG::amazingandyyy__solidity-contracts.json,amazingandyyy/solidity-contracts,real_negative,1,test,5.9551394e-06,0,correct
neg_182,0,NEG::ankitaryan404__nft-marketplace.json,ankitaryan404/nft-marketplace,real_negative,1,test,3.6119832e-06,0,correct
neg_200,0,NEG::ApeWorX__ape-ganache.json,ApeWorX/ape-ganache,real_negative,1,test,1.8738754e-06,0,correct
neg_203,0,NEG::apoorvlathey__Crypto-Car-Battle.json,apoorvlathey/Crypto-Car-Battle,real_negative,1,test,5.6941026e-05,0,correct
neg_204,0,NEG::apoorvm230__web3-vuln-scanner.json,apoorvm230/web3-vuln-scanner,real_negative,1,test,2.6274774e-05,0,correct
neg_205,0,NEG::aptos-labs__petra-vault.json,aptos-labs/petra-vault,real_negative,1,test,4.0929112e-06,0,correct
neg_206,0,NEG::aqemal__owasp-sc-token-.json,aqemal/owasp-sc-token-,real_negative,1,test,0.33458945,1,false_positive
neg_207,0,NEG::aragon__use-wallet.json,aragon/use-wallet,real_negative,1,test,8.939696e-06,0,correct
neg_209,0,NEG::Aranyani01__Alpha-defi-adapter.json,Aranyani01/Alpha-defi-adapter,real_negative,1,test,0.00013765463,0,correct
neg_211,0,NEG::aridder__pengekrukka.json,aridder/pengekrukka,real_negative,1,test,0.00052747846,0,correct
neg_215,0,NEG::ArnaudBand__nftMarketplace.json,ArnaudBand/nftMarketplace,real_negative,1,test,2.7264703e-06,0,correct
neg_218,0,NEG::arpesh28__solidity-wallet-contract-collections.json,arpesh28/solidity-wallet-contract-collections,real_negative,1,test,3.581748e-10,0,correct
neg_237,0,NEG::AssetifyLabsTeams__Assetifily.json,AssetifyLabsTeams/Assetifily,real_negative,1,test,0.0020667946,0,correct
neg_241,0,NEG::atul24112001__trackpack.json,atul24112001/trackpack,real_negative,1,test,0.00045831295,0,correct
neg_245,0,NEG::AuxillaryLord__Smart-Contracts.json,AuxillaryLord/Smart-Contracts,real_negative,1,test,1.7087564e-09,0,correct
neg_247,0,NEG::axiomchronicles__blockchain_simulation.json,axiomchronicles/blockchain_simulation,real_negative,1,test,0.0075772414,0,correct
neg_252,0,NEG::ayushi030709__aave-credit-scorer.json,ayushi030709/aave-credit-scorer,real_negative,1,test,0.17781086,1,false_positive
neg_257,0,NEG::Baat-Maan__defiBasic.json,Baat-Maan/defiBasic,real_negative,1,test,2.335593e-09,0,correct
neg_260,0,NEG::balajipachai__smart-contract-for-fun.json,balajipachai/smart-contract-for-fun,real_negative,1,test,1.621223e-08,0,correct
neg_263,0,NEG::balancer__scaffold-balancer-v3.json,balancer/scaffold-balancer-v3,real_negative,1,test,1.571343e-08,0,correct
neg_267,0,NEG::banjtheman__polygon_nft_workshop.json,banjtheman/polygon_nft_workshop,real_negative,1,test,0.00077936606,0,correct
neg_272,0,NEG::bavix__laravel-wallet.json,bavix/laravel-wallet,real_negative,1,test,7.194133e-09,0,correct
neg_273,0,NEG::bc1plainview__opnet-builder.json,bc1plainview/opnet-builder,real_negative,1,test,0.00095473166,0,correct
neg_278,0,NEG::beeman__solana-mobile-seeker-genesis-holders.json,beeman/solana-mobile-seeker-genesis-holders,real_negative,1,test,0.0013045068,0,correct
neg_283,0,NEG::benruseau__Inhetherit.json,benruseau/Inhetherit,real_negative,1,test,2.2827997e-05,0,correct
neg_284,0,NEG::benzemeze1-art__nft-rarity-tracker-2.json,benzemeze1-art/nft-rarity-tracker-2,real_negative,1,test,5.26334e-09,0,correct
neg_286,0,NEG::BeTechnologyCo__zkevm-boilerplate.json,BeTechnologyCo/zkevm-boilerplate,real_negative,1,test,0.00039204178,0,correct
neg_288,0,NEG::BeycanPress__cryptopay-lite.json,BeycanPress/cryptopay-lite,real_negative,1,test,7.967302e-05,0,correct
neg_295,0,NEG::bigint__hey.json,bigint/hey,real_negative,1,test,0.5621765,1,false_positive
neg_298,0,NEG::Bill171991__SATFLOW-.json,Bill171991/SATFLOW-,real_negative,1,test,1.621223e-08,0,correct
neg_301,0,NEG::bitcoin-flasher__flasher-smart-contracts.json,bitcoin-flasher/flasher-smart-contracts,real_negative,1,test,0.009196552,0,correct
neg_312,0,NEG::BlackPeter13__LightningTipBot.json,BlackPeter13/LightningTipBot,real_negative,1,test,0.9839091,1,false_positive
neg_315,0,NEG::Block-Chen__blocksdk-go.json,Block-Chen/blocksdk-go,real_negative,1,test,1.621223e-08,0,correct
neg_316,0,NEG::block-foundation__solidity-digital-twin.json,block-foundation/solidity-digital-twin,real_negative,1,test,1.855391e-07,0,correct
neg_323,0,NEG::blockchain__My-Wallet-V3.json,blockchain/My-Wallet-V3,real_negative,1,test,0.0018243828,0,correct
neg_324,0,NEG::blockonomics__prestashop-plugin.json,blockonomics/prestashop-plugin,real_negative,1,test,2.0145691e-05,0,correct
neg_339,0,NEG::BraisCabo__Decentralized-Crypto-Casino.json,BraisCabo/Decentralized-Crypto-Casino,real_negative,1,test,0.0034834242,0,correct
neg_340,0,NEG::brendanjryan__crypto-keystore-rs.json,brendanjryan/crypto-keystore-rs,real_negative,1,test,2.7264703e-06,0,correct
neg_344,0,NEG::Brunomike__cryptopunk-clone-web3.json,Brunomike/cryptopunk-clone-web3,real_negative,1,test,0.00012731104,0,correct
neg_346,0,NEG::btcltceth__crypto_explorer.json,btcltceth/crypto_explorer,real_negative,1,test,7.658115e-09,0,correct
neg_350,0,NEG::buihuudong19__E-Wallet-Blockchain-sourcecode.json,buihuudong19/E-Wallet-Blockchain-sourcecode,real_negative,1,test,8.7642476e-08,0,correct
neg_352,0,NEG::ButterDevelop__AutoBlumSmartContract.json,ButterDevelop/AutoBlumSmartContract,real_negative,1,test,0.00026530237,0,correct
neg_363,0,NEG::calintzy__evmscope.json,calintzy/evmscope,real_negative,1,test,2.0580492e-06,0,correct
neg_365,0,NEG::canyon-network__canyon.json,canyon-network/canyon,real_negative,1,test,0.00033797944,0,correct
neg_383,0,NEG::ChainShot__AAVEDaiEscrow.json,ChainShot/AAVEDaiEscrow,real_negative,1,test,1.0348531e-06,0,correct
neg_389,0,NEG::chauhan-varun__Account-abstraction.json,chauhan-varun/Account-abstraction,real_negative,1,test,2.5071595e-05,0,correct
neg_390,0,NEG::chawresh__Multi-Currency-Rich-Address-Finder-v1.0.json,chawresh/Multi-Currency-Rich-Address-Finder-v1.0,real_negative,1,test,0.0011695102,0,correct
neg_397,0,NEG::chjj__termcoin.json,chjj/termcoin,real_negative,1,test,4.9859584e-05,0,correct
neg_400,0,NEG::chrisalexadams__balancer.json,chrisalexadams/balancer,real_negative,1,test,4.2228335e-06,0,correct
neg_402,0,NEG::chrisstef__defi-staking.json,chrisstef/defi-staking,real_negative,1,test,0.00021318757,0,correct
neg_405,0,NEG::citadelgrad__crypto-commando.json,citadelgrad/crypto-commando,real_negative,1,test,0.002019014,0,correct
neg_406,0,NEG::citizenweb3__validatorinfo.json,citizenweb3/validatorinfo,real_negative,1,test,3.535625e-05,0,correct
neg_416,0,NEG::Cocodrilette__DeFi-Staking-SolidityContracts.json,Cocodrilette/DeFi-Staking-SolidityContracts,real_negative,1,test,6.691586e-10,0,correct
neg_418,0,NEG::codebatine__Chores-for-Crypto.json,codebatine/Chores-for-Crypto,real_negative,1,test,1.689353e-07,0,correct
neg_419,0,NEG::codeesura__Arbitrage-uniswap-sushiswap.json,codeesura/Arbitrage-uniswap-sushiswap,real_negative,1,test,1.593662e-05,0,correct
neg_426,0,NEG::CODEX108__FINAL-BLOCKSPIRIT.json,CODEX108/FINAL-BLOCKSPIRIT,real_negative,1,test,1.8342893e-05,0,correct
neg_430,0,NEG::coinbase__coinbase-wallet-sdk.json,coinbase/coinbase-wallet-sdk,real_negative,1,test,0.0027149855,0,correct
neg_434,0,NEG::ColonySatoshi__BTCME.WEB3.json,ColonySatoshi/BTCME.WEB3,real_negative,1,test,2.6729447e-08,0,correct
neg_437,0,NEG::conka8__Solana-Dexterity.json,conka8/Solana-Dexterity,real_negative,1,test,0.05582314,1,false_positive
neg_445,0,NEG::ConstanzaOriana__RealEstate_dApp.json,ConstanzaOriana/RealEstate_dApp,real_negative,1,test,6.339211e-06,0,correct
neg_452,0,NEG::covir-io__cvr-contract.json,covir-io/cvr-contract,real_negative,1,test,0.0050260313,0,correct
neg_460,0,NEG::critfinds__Web3CRIT-Scanner.json,critfinds/Web3CRIT-Scanner,real_negative,1,test,0.0008231385,0,correct
neg_483,0,NEG::CryptoSnowPrince__CryptoGame_Backend.json,CryptoSnowPrince/CryptoGame_Backend,real_negative,1,test,1.344041e-08,0,correct
neg_485,0,NEG::csimbana__suiguard.json,csimbana/suiguard,real_negative,1,test,0.008061991,0,correct
neg_499,0,NEG::dalloglio__nft-pokemon.json,dalloglio/nft-pokemon,real_negative,1,test,0.01243165,0,correct
neg_514,0,NEG::dapphub__ds-math.json,dapphub/ds-math,real_negative,1,test,0.0019418169,0,correct
neg_518,0,NEG::dappuniversity__hd_wallet.json,dappuniversity/hd_wallet,real_negative,1,test,1.6052281e-09,0,correct
neg_536,0,NEG::Decurity__semgrep-smart-contracts.json,Decurity/semgrep-smart-contracts,real_negative,1,test,9.22347e-06,0,correct
neg_537,0,NEG::Deed3Labs__Protocol-DApp.json,Deed3Labs/Protocol-DApp,real_negative,1,test,3.927862e-07,0,correct
neg_541,0,NEG::Defi-Pool-Share__DefiPoolShare.LendingContract.json,Defi-Pool-Share/DefiPoolShare.LendingContract,real_negative,1,test,1.5079722e-09,0,correct
neg_552,0,NEG::Denis345__blockchain-automation-tool.json,Denis345/blockchain-automation-tool,real_negative,1,test,4.993718e-08,0,correct
neg_556,0,NEG::DePayFi__buttons.json,DePayFi/buttons,real_negative,1,test,3.6478537e-05,0,correct
neg_567,0,NEG::developeruche__hybrid.json,developeruche/hybrid,real_negative,1,test,0.0067975316,0,correct
neg_569,0,NEG::DevJihwan__SmartContractSample_RentCar.json,DevJihwan/SmartContractSample_RentCar,real_negative,1,test,9.042454e-08,0,correct
neg_578,0,NEG::dherranzf__CryptoBank.json,dherranzf/CryptoBank,real_negative,1,test,2.0145691e-05,0,correct
neg_579,0,NEG::dhiraj0911__bitcoin-wallet.json,dhiraj0911/bitcoin-wallet,real_negative,1,test,2.0816914e-08,0,correct
neg_582,0,NEG::didil__stone-dapp.json,didil/stone-dapp,real_negative,1,test,0.01883313,1,false_positive
neg_587,0,NEG::Dineshv0311__Web3.0-CryptoTransfer.json,Dineshv0311/Web3.0-CryptoTransfer,real_negative,1,test,1.8162224e-06,0,correct
neg_589,0,NEG::distbit0__coinStats.json,distbit0/coinStats,real_negative,1,test,7.496458e-08,0,correct
neg_592,0,NEG::Dklish__trading-lab.json,Dklish/trading-lab,real_negative,1,test,0.2509128,1,false_positive
neg_594,0,NEG::dkrsgood__ETH_Wallet.json,dkrsgood/ETH_Wallet,real_negative,1,test,2.2827997e-05,0,correct
neg_618,0,NEG::dydxprotocol__protocol_v1.json,dydxprotocol/protocol_v1,real_negative,1,test,1.0289514e-05,0,correct
neg_625,0,NEG::EjaraApp__trustdart.json,EjaraApp/trustdart,real_negative,1,test,0.00017400544,0,correct
neg_634,0,NEG::Elytro-eth__ETHShanghai2022.json,Elytro-eth/ETHShanghai2022,real_negative,1,test,6.153468e-09,0,correct
neg_638,0,NEG::emiliosheinz__vue-js-crypto-wallet.json,emiliosheinz/vue-js-crypto-wallet,real_negative,1,test,0.00031015597,0,correct
neg_643,0,NEG::Emmanuel-213__MyFirstSmartContract.json,Emmanuel-213/MyFirstSmartContract,real_negative,1,test,0.0015854306,0,correct
neg_644,0,NEG::Emmanuel-Samuel__Alchemy-projects.json,Emmanuel-Samuel/Alchemy-projects,real_negative,1,test,1.6052281e-09,0,correct
neg_645,0,NEG::emograms__nft-marketplace.json,emograms/nft-marketplace,real_negative,1,test,1.9555682e-08,0,correct
neg_646,0,NEG::emtinanseo__dApp-Refund-by-Location-Smart-Contract.json,emtinanseo/dApp-Refund-by-Location-Smart-Contract,real_negative,1,test,0.0021489493,0,correct
neg_651,0,NEG::Enricrypto__arb-wave-flashloans-arbitrage.json,Enricrypto/arb-wave-flashloans-arbitrage,real_negative,1,test,0.0015978455,0,correct
neg_660,0,NEG::ERC4626-Alliance__sup-web-4626.json,ERC4626-Alliance/sup-web-4626,real_negative,1,test,1.7330516e-06,0,correct
neg_666,0,NEG::ethaccount__vue-dapp.json,ethaccount/vue-dapp,real_negative,1,test,8.939696e-06,0,correct
neg_667,0,NEG::EtherAuthority__Portfolio.json,EtherAuthority/Portfolio,real_negative,1,test,1.4166088e-09,0,correct
neg_668,0,NEG::ethereum-boilerplate__ethereum-prediction-market-boilerplate.json,ethereum-boilerplate/ethereum-prediction-market-boilerplate,real_negative,1,test,0.014728613,0,correct
neg_671,0,NEG::Ethernal-Tech__bridge-web-test-suite.json,Ethernal-Tech/bridge-web-test-suite,real_negative,1,test,1.4510478e-05,0,correct
neg_680,0,NEG::everx-labs__evernode-se.json,everx-labs/evernode-se,real_negative,1,test,0.00048029723,0,correct
neg_687,0,NEG::exglos__wallet.json,exglos/wallet,real_negative,1,test,0.00027372167,0,correct
neg_688,0,NEG::ExodusMovement__bitcoind-zmq.json,ExodusMovement/bitcoind-zmq,real_negative,1,test,0.0068771075,0,correct
neg_690,0,NEG::ExpertVagabond__mango-v4.json,ExpertVagabond/mango-v4,real_negative,1,test,2.2827997e-05,0,correct
neg_695,0,NEG::Fabomarche__ethereum-viewer.json,Fabomarche/ethereum-viewer,real_negative,1,test,7.496458e-08,0,correct
neg_699,0,NEG::fairrustana__Sports-Betting-Sportsbook.json,fairrustana/Sports-Betting-Sportsbook,real_negative,1,test,0.00019411318,0,correct
neg_701,0,NEG::falila__smart-contract-interpreter.json,falila/smart-contract-interpreter,real_negative,1,test,0.00012533751,0,correct
neg_707,0,NEG::fbsobreira__gotron-sdk.json,fbsobreira/gotron-sdk,real_negative,1,test,0.0028449094,0,correct
neg_708,0,NEG::feeeei__vanity-generator.json,feeeei/vanity-generator,real_negative,1,test,0.042722195,1,false_positive
neg_710,0,NEG::fewwwww__awesome-uniswap-hooks.json,fewwwww/awesome-uniswap-hooks,real_negative,1,test,2.295919e-06,0,correct
neg_712,0,NEG::FIFA0313__blockchain-wallet-adapter-designe.json,FIFA0313/blockchain-wallet-adapter-designe,real_negative,1,test,0.00053578056,0,correct
neg_715,0,NEG::FilOzone__synapse-sdk.json,FilOzone/synapse-sdk,real_negative,1,test,0.0145035805,0,correct
neg_716,0,NEG::FinHubRotman__eth-blockchain-data.json,FinHubRotman/eth-blockchain-data,real_negative,1,test,8.15202e-09,0,correct
neg_720,0,NEG::flappyagent__flappy-bird-solidity-2.json,flappyagent/flappy-bird-solidity-2,real_negative,1,test,3.8891116e-08,0,correct
neg_726,0,NEG::formysister__crosschain-mixer-solidity.json,formysister/crosschain-mixer-solidity,real_negative,1,test,1.3631346e-05,0,correct
neg_728,0,NEG::foxxcn__Arkham_API_test.json,foxxcn/Arkham_API_test,real_negative,1,test,0.0013670255,0,correct
neg_730,0,NEG::frankdev7__bootcamp-solidity-defi.json,frankdev7/bootcamp-solidity-defi,real_negative,1,test,8.15202e-09,0,correct
neg_735,0,NEG::freight-trust__deployments-solidity.json,freight-trust/deployments-solidity,real_negative,1,test,2.0580492e-06,0,correct
neg_736,0,NEG::Frenzoid__DAPP_Bank.json,Frenzoid/DAPP_Bank,real_negative,1,test,3.0718184e-05,0,correct
neg_742,0,NEG::fvictorio__ganache-explorer-poc.json,fvictorio/ganache-explorer-poc,real_negative,1,test,6.502816e-05,0,correct
neg_747,0,NEG::gasparllamazares__Bitcoin-Virus.json,gasparllamazares/Bitcoin-Virus,real_negative,1,test,0.0062899017,0,correct
neg_752,0,NEG::gemwalletcom__gem-android.json,gemwalletcom/gem-android,real_negative,1,test,0.00088304584,0,correct
neg_760,0,NEG::GHODA-crypto__shatranj.json,GHODA-crypto/shatranj,real_negative,1,test,0.00095473166,0,correct
neg_766,0,NEG::glitchnsec__cryptozombies-solutions.json,glitchnsec/cryptozombies-solutions,real_negative,1,test,9.042454e-08,0,correct
neg_777,0,NEG::GoogleEnginer__defi-yield-calculator.json,GoogleEnginer/defi-yield-calculator,real_negative,1,test,0.0064882697,0,correct
neg_784,0,NEG::gridgentoo__graph-node.json,gridgentoo/graph-node,real_negative,1,test,7.368593e-05,0,correct
neg_791,0,NEG::Gupta-4699__crypto_gallery.json,Gupta-4699/crypto_gallery,real_negative,1,test,5.649793e-05,0,correct
neg_795,0,NEG::gysr-io__core.json,gysr-io/core,real_negative,1,test,0.0007672925,0,correct
neg_796,0,NEG::Gzeu__hero-forge-monorepo.json,Gzeu/hero-forge-monorepo,real_negative,1,test,0.00093994394,0,correct
neg_803,0,NEG::Haehnchen__uniswap-arbitrage-flash-swap.json,Haehnchen/uniswap-arbitrage-flash-swap,real_negative,1,test,0.00066931,0,correct
neg_805,0,NEG::HalfSuperNate__BalanceOfBatchDataToString.json,HalfSuperNate/BalanceOfBatchDataToString,real_negative,1,test,1.0030142e-06,0,correct
neg_808,0,NEG::hanzopgp__CryptoZombies.json,hanzopgp/CryptoZombies,real_negative,1,test,0.0018386653,0,correct
neg_812,0,NEG::haritsmedina__web3.0_krypto.json,haritsmedina/web3.0_krypto,real_negative,1,test,1.621223e-08,0,correct
neg_816,0,NEG::harshiit1__ethereumChecker.json,harshiit1/ethereumChecker,real_negative,1,test,1.2029639e-05,0,correct
neg_823,0,NEG::HassanA632__blockchain-wallet-risk-analyser.json,HassanA632/blockchain-wallet-risk-analyser,real_negative,1,test,0.03963884,1,false_positive
neg_832,0,NEG::hi-riddhi__AaveV2-CreditScoring.json,hi-riddhi/AaveV2-CreditScoring,real_negative,1,test,0.0004044815,0,correct
neg_834,0,NEG::hilalsidhic__waveportal-Web3-and-solidity.json,hilalsidhic/waveportal-Web3-and-solidity,real_negative,1,test,2.0611537e-09,0,correct
neg_842,0,NEG::HODLorg__HODLbot.json,HODLorg/HODLbot,real_negative,1,test,7.4112804e-06,0,correct
neg_844,0,NEG::holyblock__blockchain-piaic-q4-solution.json,holyblock/blockchain-piaic-q4-solution,real_negative,1,test,2.3588655e-08,0,correct
neg_851,0,NEG::horizontalsystems__unstoppable-wallet-android.json,horizontalsystems/unstoppable-wallet-android,real_negative,1,test,0.0003250359,0,correct
neg_855,0,NEG::hsharshshukla__SmartContractL.json,hsharshshukla/SmartContractL,real_negative,1,test,7.58256e-10,0,correct
neg_858,0,NEG::hululuzhu__solidity-t5.json,hululuzhu/solidity-t5,real_negative,1,test,0.00074370287,0,correct
neg_866,0,NEG::hzblab__NFT-Minting-dApp.json,hzblab/NFT-Minting-dApp,real_negative,1,test,8.3152804e-07,0,correct
neg_876,0,NEG::icebert04__Defi-Dashboard.json,icebert04/Defi-Dashboard,real_negative,1,test,3.288749e-06,0,correct
neg_879,0,NEG::IgorAugust0__blockchain-security-labs.json,IgorAugust0/blockchain-security-labs,real_negative,1,test,2.3320745e-06,0,correct
neg_887,0,NEG::imfrodobaggins__metabullrage.json,imfrodobaggins/metabullrage,real_negative,1,test,7.5711495e-07,0,correct
neg_892,0,NEG::input-output-hk__daedalus.json,input-output-hk/daedalus,real_negative,1,test,0.0034564096,0,correct
neg_896,0,NEG::iotaledger-archive__legacy-wallet-use-trinity-wallet-instead.json,iotaledger-archive/legacy-wallet-use-trinity-wallet-instead,real_negative,1,test,0.0017821962,0,correct
neg_898,0,NEG::ismailbangee__smart-contracts.json,ismailbangee/smart-contracts,real_negative,1,test,0.009268014,0,correct
neg_899,0,NEG::itaikeren__Crypto-Fighters.json,itaikeren/Crypto-Fighters,real_negative,1,test,0.0086441785,0,correct
neg_900,0,NEG::Itheum__sdk-mx-data-nft.json,Itheum/sdk-mx-data-nft,real_negative,1,test,2.3187476e-05,0,correct
neg_908,0,NEG::Iwai88961997__Electrum-Fake-Balance.json,Iwai88961997/Electrum-Fake-Balance,real_negative,1,test,0.013742321,0,correct
neg_913,0,NEG::JackG-eth__CryptoZombieEthSC.json,JackG-eth/CryptoZombieEthSC,real_negative,1,test,1.1189429e-06,0,correct
neg_915,0,NEG::Jackhuang166__evm-dex-swap-staking-liquidity.json,Jackhuang166/evm-dex-swap-staking-liquidity,real_negative,1,test,0.00045831295,0,correct
neg_935,0,NEG::jarrodwatts__evmkit.json,jarrodwatts/evmkit,real_negative,1,test,1.8738754e-06,0,correct
neg_937,0,NEG::JasminDreasond__Dohpw.json,JasminDreasond/Dohpw,real_negative,1,test,4.691164e-08,0,correct
neg_940,0,NEG::JavaCardOS__BitcoinWallet.json,JavaCardOS/BitcoinWallet,real_negative,1,test,0.010986943,0,correct
neg_948,0,NEG::Jeff1010-web__NFT-marketplace.json,Jeff1010-web/NFT-marketplace,real_negative,1,test,1.8738754e-06,0,correct
neg_952,0,NEG::jeloooooo__solidity-cryptozombies.json,jeloooooo/solidity-cryptozombies,real_negative,1,test,0.93439513,1,false_positive
neg_960,0,NEG::JJ-Top__Despliegue-en-Ganache-de-SmartContract.json,JJ-Top/Despliegue-en-Ganache-de-SmartContract,real_negative,1,test,9.1463137e-10,0,correct
neg_963,0,NEG::jlandyr__web3solidity.json,jlandyr/web3solidity,real_negative,1,test,1.0467401e-08,0,correct
neg_965,0,NEG::JoeanSteinbock__crypto-price-tracker.json,JoeanSteinbock/crypto-price-tracker,real_negative,1,test,8.7503e-05,0,correct
neg_971,0,NEG::Jolsho__eth_wallet.json,Jolsho/eth_wallet,real_negative,1,test,6.4759485e-07,0,correct
neg_972,0,NEG::Jon-Becker__heimdall-rs.json,Jon-Becker/heimdall-rs,real_negative,1,test,0.0001634647,0,correct
neg_974,0,NEG::jonluxson__very-basic-form-of-cryptocurrency.json,jonluxson/very-basic-form-of-cryptocurrency,real_negative,1,test,1.186112e-08,0,correct
neg_981,0,NEG::jpromamen__sat-stacker-quiz.json,jpromamen/sat-stacker-quiz,real_negative,1,test,3.822911e-05,0,correct
neg_990,0,NEG::JumpCrypto__crypto-reading-list.json,JumpCrypto/crypto-reading-list,real_negative,1,test,4.363462e-09,0,correct
neg_1009,0,NEG::kaymen99__aave-flashloan-arbitrage.json,kaymen99/aave-flashloan-arbitrage,real_negative,1,test,0.0010649626,0,correct
neg_1010,0,NEG::kaymen99__Dex-aggregator.json,kaymen99/Dex-aggregator,real_negative,1,test,1.2219075e-05,0,correct
neg_1015,0,NEG::keewenaw__Ethereum-Wallet-Cracker.json,keewenaw/Ethereum-Wallet-Cracker,real_negative,1,test,0.00018522574,0,correct
neg_1035,0,NEG::khanjasir90__Secure-Shared-Wallet-Solidity.json,khanjasir90/Secure-Shared-Wallet-Solidity,real_negative,1,test,1.2501529e-09,0,correct
neg_1041,0,NEG::kingstarfly__nft_pendle.json,kingstarfly/nft_pendle,real_negative,1,test,2.5071595e-05,0,correct
neg_1042,0,NEG::kingsudo1004__Wallet-EVM.json,kingsudo1004/Wallet-EVM,real_negative,1,test,6.205049e-05,0,correct
neg_1046,0,NEG::klever-io__klever-go.json,klever-io/klever-go,real_negative,1,test,0.000107208805,0,correct
neg_1047,0,NEG::klever-io__kos-rs.json,klever-io/kos-rs,real_negative,1,test,0.00019716944,0,correct
neg_1068,0,NEG::kushal-g__Bitcoin-Wallet.json,kushal-g/Bitcoin-Wallet,real_negative,1,test,7.265816e-08,0,correct
neg_1070,0,NEG::KYVENetwork__kyvejs.json,KYVENetwork/kyvejs,real_negative,1,test,4.0063693e-05,0,correct
neg_1072,0,NEG::LaChance-Lab__EVM-Solana-Casino-Games.json,LaChance-Lab/EVM-Solana-Casino-Games,real_negative,1,test,0.00012533751,0,correct
neg_1073,0,NEG::lacrypta__lottery-front.json,lacrypta/lottery-front,real_negative,1,test,1.8925148e-05,0,correct
neg_1075,0,NEG::lapismyt__ston-fi.py.json,lapismyt/ston-fi.py,real_negative,1,test,0.011687259,0,correct
neg_1077,0,NEG::laser-wallet__laser-wallet-contracts.json,laser-wallet/laser-wallet-contracts,real_negative,1,test,5.475977e-05,0,correct
neg_1083,0,NEG::lawofambak-research__decentralized-speculations-market.json,lawofambak-research/decentralized-speculations-market,real_negative,1,test,6.4759485e-07,0,correct
neg_1091,0,NEG::leeshuzheng__destroyer.json,leeshuzheng/destroyer,real_negative,1,test,0.00018814208,0,correct
neg_1099,0,NEG::life-itself__web3.json,life-itself/web3,real_negative,1,test,2.0816914e-08,0,correct
neg_1100,0,NEG::lifinance__contracts.json,lifinance/contracts,real_negative,1,test,9.833213e-09,0,correct
neg_1119,0,NEG::lucabizza__cryptozombies.json,lucabizza/cryptozombies,real_negative,1,test,7.194133e-09,0,correct
neg_1120,0,NEG::lucaliebenberg___cryptoKids-solidity-contract.json,lucaliebenberg/_cryptoKids-solidity-contract,real_negative,1,test,4.6448814e-09,0,correct
neg_1122,0,NEG::Lucifer666XD__ZenDesk.json,Lucifer666XD/ZenDesk,real_negative,1,test,0.007876707,0,correct
neg_1130,0,NEG::machenxi__Dodging-Turtis-NFT-game-Polygon.json,machenxi/Dodging-Turtis-NFT-game-Polygon,real_negative,1,test,0.003707253,0,correct
neg_1140,0,NEG::manifoldfinance__multicall-framework.json,manifoldfinance/multicall-framework,real_negative,1,test,1.8631748e-05,0,correct
neg_1143,0,NEG::Manuel-yang__BlockChainSelfLearning.json,Manuel-yang/BlockChainSelfLearning,real_negative,1,test,6.0235735e-08,0,correct
neg_1144,0,NEG::manuelinfosec__flash-arb-bot.json,manuelinfosec/flash-arb-bot,real_negative,1,test,0.00020662982,0,correct
neg_1147,0,NEG::maprob__nft-mint-site.json,maprob/nft-mint-site,real_negative,1,test,1.04515475e-05,0,correct
neg_1161,0,NEG::mastrmind-dev__DeFi-App---A-Cryptocurrency-Bank.json,mastrmind-dev/DeFi-App---A-Cryptocurrency-Bank,real_negative,1,test,5.26334e-09,0,correct
neg_1166,0,NEG::matprime__ERC-1155-NFT-demo.json,matprime/ERC-1155-NFT-demo,real_negative,1,test,7.265816e-08,0,correct
neg_1180,0,NEG::Melchizedek4ever__Time-Lock-Wallet.json,Melchizedek4ever/Time-Lock-Wallet,real_negative,1,test,1.5229979e-08,0,correct
neg_1190,0,NEG::messari__subgraphs.json,messari/subgraphs,real_negative,1,test,3.3405393e-06,0,correct
neg_1191,0,NEG::Meta-Dragons__CronoSafe.json,Meta-Dragons/CronoSafe,real_negative,1,test,3.653482e-08,0,correct
neg_1194,0,NEG::mg98__arbitrary-data-on-blockchains.json,mg98/arbitrary-data-on-blockchains,real_negative,1,test,0.008847355,0,correct
neg_1200,0,NEG::michael-spengler__blockchain-technologie-und-anwendungsgebiete-vorlesungsreihe.json,michael-spengler/blockchain-technologie-und-anwendungsgebiete-vorlesungsreihe,real_negative,1,test,1.723157e-05,0,correct
neg_1211,0,NEG::militarandroid__cybersecurity_hack.json,militarandroid/cybersecurity_hack,real_negative,1,test,0.0042315875,0,correct
neg_1219,0,NEG::Mizogg__Tkinter-Power-Mini.json,Mizogg/Tkinter-Power-Mini,real_negative,1,test,1.3925464e-06,0,correct
neg_1220,0,NEG::mja2001__SolCipher-iExec.json,mja2001/SolCipher-iExec,real_negative,1,test,3.3596785e-07,0,correct
neg_1221,0,NEG::Mo-Ali98__mint-your-nft.json,Mo-Ali98/mint-your-nft,real_negative,1,test,1.7603431e-06,0,correct
neg_1229,0,NEG::mokshyaprotocol__aptos-nft-random-mint.json,mokshyaprotocol/aptos-nft-random-mint,real_negative,1,test,3.5559847e-06,0,correct
neg_1234,0,NEG::moonsly__crypto-wallets.json,moonsly/crypto-wallets,real_negative,1,test,4.406941e-08,0,correct
neg_1239,0,NEG::motorHillary__polymarket-copy-trading-bot.json,motorHillary/polymarket-copy-trading-bot,real_negative,1,test,7.8114834e-07,0,correct
neg_1242,0,NEG::mradkov__decentralized-dns.json,mradkov/decentralized-dns,real_negative,1,test,0.9963642,1,false_positive
neg_1244,0,NEG::mrfomoweb3__nft-wallet-tracker.json,mrfomoweb3/nft-wallet-tracker,real_negative,1,test,4.069458e-05,0,correct
neg_1252,0,NEG::mstable__mStable-app.json,mstable/mStable-app,real_negative,1,test,7.658115e-09,0,correct
neg_1257,0,NEG::muhammadshiraz__dex-frontend-react.json,muhammadshiraz/dex-frontend-react,real_negative,1,test,0.00047285447,0,correct
neg_1260,0,NEG::multiavatar__multiavatar-solidity.json,multiavatar/multiavatar-solidity,real_negative,1,test,7.496458e-08,0,correct
neg_1281,0,NEG::namesys-eth__istest-eth.json,namesys-eth/istest-eth,real_negative,1,test,8.5921664e-10,0,correct
neg_1283,0,NEG::nashidahmed__registry-core.json,nashidahmed/registry-core,real_negative,1,test,1.186112e-08,0,correct
neg_1285,0,NEG::nathaniel-cmd__defi-native-nft-exchange.json,nathaniel-cmd/defi-native-nft-exchange,real_negative,1,test,6.7582624e-09,0,correct
neg_1287,0,NEG::nazar-pc__abundance.json,nazar-pc/abundance,real_negative,1,test,0.0007096704,0,correct
neg_1290,0,NEG::ndsvw__Ethereum-Web3-SmartContract-HelloWorld.json,ndsvw/Ethereum-Web3-SmartContract-HelloWorld,real_negative,1,test,2.461697e-10,0,correct
neg_1293,0,NEG::NenadBolovic__Cryptography_project_PKI_smart_contract.json,NenadBolovic/Cryptography_project_PKI_smart_contract,real_negative,1,test,0.0007096704,0,correct
neg_1294,0,NEG::neoguias__tutorial-wallet-multifirma.json,neoguias/tutorial-wallet-multifirma,real_negative,1,test,8.059446e-07,0,correct
neg_1297,0,NEG::NesterZz__NFT-Wallet.json,NesterZz/NFT-Wallet,real_negative,1,test,5.26334e-09,0,correct
neg_1300,0,NEG::Neufund__ledger-wallet-provider.json,Neufund/ledger-wallet-provider,real_negative,1,test,0.0003799845,0,correct
neg_1304,0,NEG::nftfy__nftfy-v1-periphery.json,nftfy/nftfy-v1-periphery,real_negative,1,test,0.00031015597,0,correct
neg_1305,0,NEG::ngmisl__etherml.json,ngmisl/etherml,real_negative,1,test,0.030444348,1,false_positive
neg_1308,0,NEG::nicholashc__uniswap-skim.json,nicholashc/uniswap-skim,real_negative,1,test,0.00018814208,0,correct
neg_1309,0,NEG::nicholasmgoldstein__Persona256.json,nicholasmgoldstein/Persona256,real_negative,1,test,4.539787e-05,0,correct
neg_1312,0,NEG::nicolas-sanch__web3.py-dapp.json,nicolas-sanch/web3.py-dapp,real_negative,1,test,2.1233784e-06,0,correct
neg_1315,0,NEG::NikhilSehgal123__coinbase-execution-algorithm.json,NikhilSehgal123/coinbase-execution-algorithm,real_negative,1,test,6.339211e-06,0,correct
neg_1320,0,NEG::nirhoIas__Top-5-Cryptocurrency-APIs-for-Developers.json,nirhoIas/Top-5-Cryptocurrency-APIs-for-Developers,real_negative,1,test,0.00010554686,0,correct
neg_1321,0,NEG::nirholas__bnbchain-mcp.json,nirholas/bnbchain-mcp,real_negative,1,test,0.0043994132,0,correct
neg_1324,0,NEG::nirholas__x402-stablecoin.json,nirholas/x402-stablecoin,real_negative,1,test,0.00052337564,0,correct
neg_1327,0,NEG::Nitin2489__simple-wallet-solidity.json,Nitin2489/simple-wallet-solidity,real_negative,1,test,2.9773113e-05,0,correct
neg_1331,0,NEG::nktkas__hyperliquid.json,nktkas/hyperliquid,real_negative,1,test,1.0129991e-05,0,correct
neg_1333,0,NEG::Noahflx__ghost-wallets.json,Noahflx/ghost-wallets,real_negative,1,test,0.21076632,1,false_positive
neg_1334,0,NEG::NodeFactoryIo__solidity-node-docker-starter.json,NodeFactoryIo/solidity-node-docker-starter,real_negative,1,test,0.00041731578,0,correct
neg_1340,0,NEG::Novus-Tech-LLC__Casino-Games.json,Novus-Tech-LLC/Casino-Games,real_negative,1,test,8.2332484e-08,0,correct
neg_1341,0,NEG::nrgapple__crypto-canvas-fe.json,nrgapple/crypto-canvas-fe,real_negative,1,test,7.4102235e-07,0,correct
neg_1348,0,NEG::oasislabs__oasis.js.json,oasislabs/oasis.js,real_negative,1,test,0.05184547,1,false_positive
neg_1350,0,NEG::ocalvet__bitcoin-wallet.json,ocalvet/bitcoin-wallet,real_negative,1,test,1.2751904e-07,0,correct
neg_1352,0,NEG::OffcierCia__tips-solidity-code-auditors.json,OffcierCia/tips-solidity-code-auditors,real_negative,1,test,9.761566e-05,0,correct
neg_1358,0,NEG::oishii-pg-gohan__myCryptoZombie.json,oishii-pg-gohan/myCryptoZombie,real_negative,1,test,1.482358e-06,0,correct
neg_1364,0,NEG::olegerr__currency.json,olegerr/currency,real_negative,1,test,4.0990935e-09,0,correct
neg_1368,0,NEG::omarakhmedov-web__metridex-showcase.json,omarakhmedov-web/metridex-showcase,real_negative,1,test,0.00014425987,0,correct
neg_1370,0,NEG::omsaraykar__crypto-wallet.json,omsaraykar/crypto-wallet,real_negative,1,test,4.4694072e-05,0,correct
neg_1372,0,NEG::onee-io__crypto-zombies.json,onee-io/crypto-zombies,real_negative,1,test,4.3139121e-07,0,correct
neg_1382,0,NEG::openocean-finance__Security-Audit-Report.json,openocean-finance/Security-Audit-Report,real_negative,1,test,1.32119585e-05,0,correct
neg_1384,0,NEG::Operaconga14__llama_flux.json,Operaconga14/llama_flux,real_negative,1,test,0.14223188,1,false_positive
neg_1389,0,NEG::Opty1712__nft-opensea-search.json,Opty1712/nft-opensea-search,real_negative,1,test,1.2606946e-05,0,correct
neg_1390,0,NEG::opynfinance__squeeth-monorepo.json,opynfinance/squeeth-monorepo,real_negative,1,test,2.6165208e-07,0,correct
neg_1391,0,NEG::orelkabets__eth-wallet-notify.json,orelkabets/eth-wallet-notify,real_negative,1,test,2.3552617e-05,0,correct
neg_1395,0,NEG::osmanballi__Clock_app_that_tracks_Bitcoin_and_Ethereum.json,osmanballi/Clock_app_that_tracks_Bitcoin_and_Ethereum,real_negative,1,test,6.0141516e-05,0,correct
neg_1398,0,NEG::Overtorment__cli-cold-wallet.json,Overtorment/cli-cold-wallet,real_negative,1,test,0.001264422,0,correct
neg_1405,0,NEG::Pallavii-dev__Crypto-Transfer-web3.json,Pallavii-dev/Crypto-Transfer-web3,real_negative,1,test,2.3737339e-05,0,correct
neg_1409,0,NEG::pantunes__xtcryptosignals.json,pantunes/xtcryptosignals,real_negative,1,test,0.0015978455,0,correct
neg_1414,0,NEG::pat3icki__ExzoCoin-2-0.json,pat3icki/ExzoCoin-2-0,real_negative,1,test,1.3307808e-09,0,correct
neg_1430,0,NEG::PepperWatch__rust.json,PepperWatch/rust,real_negative,1,test,0.0019418169,0,correct
neg_1432,0,NEG::peter571__crypto-stats.json,peter571/crypto-stats,real_negative,1,test,0.00068785116,0,correct
neg_1438,0,NEG::PigCharid__ethereum-codeAnalysis.json,PigCharid/ethereum-codeAnalysis,real_negative,1,test,5.3687495e-07,0,correct
neg_1445,0,NEG::pmaji__crypto-whale-watching-app.json,pmaji/crypto-whale-watching-app,real_negative,1,test,0.0015247865,0,correct
neg_1446,0,NEG::pmontaguevans__ethereum-angular6-cryptogap.json,pmontaguevans/ethereum-angular6-cryptogap,real_negative,1,test,0.00016997529,0,correct
neg_1449,0,NEG::polkadot-js__apps.json,polkadot-js/apps,real_negative,1,test,1.1478769e-05,0,correct
neg_1451,0,NEG::Polygon-Academy__basicnfts.json,Polygon-Academy/basicnfts,real_negative,1,test,3.3596785e-07,0,correct
neg_1454,0,NEG::pragmaxim-com__bitcoin-explorer.json,pragmaxim-com/bitcoin-explorer,real_negative,1,test,0.00013982208,0,correct
neg_1459,0,NEG::prashantprabhakar__p-ethereum.json,prashantprabhakar/p-ethereum,real_negative,1,test,1.568955e-05,0,correct
neg_1461,0,NEG::prateek096__OnlinePolling_Blockchain.json,prateek096/OnlinePolling_Blockchain,real_negative,1,test,0.0008295892,0,correct
neg_1462,0,NEG::prathameshbelurkar__Blockchains.json,prathameshbelurkar/Blockchains,real_negative,1,test,1.0677029e-06,0,correct
neg_1468,0,NEG::PROFADAM__defi-token.json,PROFADAM/defi-token,real_negative,1,test,0.0035657366,0,correct
neg_1470,0,NEG::project-serum__spl-token-wallet.json,project-serum/spl-token-wallet,real_negative,1,test,0.0017821962,0,correct
neg_1472,0,NEG::prokey-io__prokey-webcore.json,prokey-io/prokey-webcore,real_negative,1,test,0.0335895,1,false_positive
neg_1484,0,NEG::qlyde__peek.json,qlyde/peek,real_negative,1,test,0.052618954,1,false_positive
neg_1491,0,NEG::Quiark__Roboth.web3.json,Quiark/Roboth.web3,real_negative,1,test,0.019719128,1,false_positive
neg_1496,0,NEG::RabbyHub__Rabby.json,RabbyHub/Rabby,real_negative,1,test,7.7221914e-05,0,correct
neg_1497,0,NEG::Racks-Community__MrCryptoIndexer.json,Racks-Community/MrCryptoIndexer,real_negative,1,test,0.000115919334,0,correct
neg_1500,0,NEG::rafaelfariasbsb__polymarket.json,rafaelfariasbsb/polymarket,real_negative,1,test,0.0064882697,0,correct
neg_1501,0,NEG::rafaelfgx__Blockchain.json,rafaelfgx/Blockchain,real_negative,1,test,1.1478769e-05,0,correct
neg_1505,0,NEG::Raiden1411__zabi.json,Raiden1411/zabi,real_negative,1,test,0.0006932423,0,correct
neg_1523,0,NEG::RazDwa1923__ML_Pred_Crypto.json,RazDwa1923/ML_Pred_Crypto,real_negative,1,test,0.7279754,1,false_positive
neg_1524,0,NEG::rbubyr777__Ethereum.json,rbubyr777/Ethereum,real_negative,1,test,6.691586e-10,0,correct
neg_1525,0,NEG::RCarmelaVO__qhatuy-wallet.json,RCarmelaVO/qhatuy-wallet,real_negative,1,test,0.27357438,1,false_positive
neg_1529,0,NEG::reaperdragon__kittos-nft-marketplace.json,reaperdragon/kittos-nft-marketplace,real_negative,1,test,3.581748e-10,0,correct
neg_1533,0,NEG::RelapsedCode__qa-assuring-ethereum-tspvak.json,RelapsedCode/qa-assuring-ethereum-tspvak,real_negative,1,test,0.0001823546,0,correct
neg_1534,0,NEG::relyt29__Bubki-For-Ukraine-Contracts.json,relyt29/Bubki-For-Ukraine-Contracts,real_negative,1,test,1.1142491e-08,0,correct
neg_1535,0,NEG::remston-dsa__ETH-USD-price-feed-using-Chainlink-oracle-Web3-Brownie-Python-and-Solidity.json,remston-dsa/ETH-USD-price-feed-using-Chainlink-oracle-Web3-Brownie-Python-and-Solidity,real_negative,1,test,2.1691717e-07,0,correct
neg_1538,0,NEG::reown-com__appkit.json,reown-com/appkit,real_negative,1,test,4.35688e-06,0,correct
neg_1554,0,NEG::rm4328-d__web3de4.json,rm4328-d/web3de4,real_negative,1,test,0.0001355208,0,correct
neg_1556,0,NEG::robertcalvert__vscode-crypto-ticker.json,robertcalvert/vscode-crypto-ticker,real_negative,1,test,2.8453348e-08,0,correct
neg_1558,0,NEG::robin-rrt__crypto-cares.json,robin-rrt/crypto-cares,real_negative,1,test,0.0001823546,0,correct
neg_1559,0,NEG::Robin2164__nft1.json,Robin2164/nft1,real_negative,1,test,4.546832e-08,0,correct
neg_1561,0,NEG::rocksanen__crypto_smart_contracts.json,rocksanen/crypto_smart_contracts,real_negative,1,test,0.0010484692,0,correct
neg_1563,0,NEG::rohanhraj__MultiSignature-Wallet-SmartContract.json,rohanhraj/MultiSignature-Wallet-SmartContract,real_negative,1,test,2.1940867e-09,0,correct
neg_1574,0,NEG::rpardela__SmartContractAPIGenerator.json,rpardela/SmartContractAPIGenerator,real_negative,1,test,4.9859584e-05,0,correct
neg_1592,0,NEG::saddle-finance__saddle-frontend.json,saddle-finance/saddle-frontend,real_negative,1,test,1.9947297e-06,0,correct
neg_1610,0,NEG::satisfywithmylife__phantom-py.json,satisfywithmylife/phantom-py,real_negative,1,test,0.0074606435,0,correct
neg_1611,0,NEG::SATO-Technologies__Hordes-Wallet.json,SATO-Technologies/Hordes-Wallet,real_negative,1,test,0.006003596,0,correct
neg_1613,0,NEG::sava2109__Cryptography_project_PKI_smart_contract.json,sava2109/Cryptography_project_PKI_smart_contract,real_negative,1,test,0.97879136,1,false_positive
neg_1621,0,NEG::ScopeLift__endaoment.json,ScopeLift/endaoment,real_negative,1,test,4.5990553e-10,0,correct
neg_1624,0,NEG::sdhosseinabadi__aleo-project.json,sdhosseinabadi/aleo-project,real_negative,1,test,1.248271e-06,0,correct
neg_1631,0,NEG::secp256k2__secp256k2.json,secp256k2/secp256k2,real_negative,1,test,1.1726421e-06,0,correct
neg_1639,0,NEG::Shahroz-Hussain-Dev__Wallet.json,Shahroz-Hussain-Dev/Wallet,real_negative,1,test,4.1335396e-05,0,correct
neg_1642,0,NEG::Shakedash-dev__ReverseBlockChainShell.json,Shakedash-dev/ReverseBlockChainShell,real_negative,1,test,2.994441e-06,0,correct
neg_1645,0,NEG::shapeshift__web.json,shapeshift/web,real_negative,1,test,0.0010987311,0,correct
neg_1646,0,NEG::shardeum__shardeum-docs.json,shardeum/shardeum-docs,real_negative,1,test,2.6995778e-07,0,correct
neg_1647,0,NEG::Shashwat-Manglam-Jain__NFT-Blockchain.json,Shashwat-Manglam-Jain/NFT-Blockchain,real_negative,1,test,2.3588655e-08,0,correct
neg_1648,0,NEG::shawakash__payBox.json,shawakash/payBox,real_negative,1,test,0.019124037,1,false_positive
neg_1654,0,NEG::shlima__fortune.json,shlima/fortune,real_negative,1,test,0.0022872274,0,correct
neg_1664,0,NEG::SilentCicero__wafr.json,SilentCicero/wafr,real_negative,1,test,9.931193e-08,0,correct
neg_1665,0,NEG::SimonPhoenix96__crypto-website.json,SimonPhoenix96/crypto-website,real_negative,1,test,6.7092245e-05,0,correct
neg_1671,0,NEG::skundu42__CryptoWarz.json,skundu42/CryptoWarz,real_negative,1,test,0.00053161324,0,correct
neg_1674,0,NEG::SkyPierIO__skypier-vpn.json,SkyPierIO/skypier-vpn,real_negative,1,test,0.02096424,1,false_positive
neg_1679,0,NEG::smart-account-starter__smart-account-starter.json,smart-account-starter/smart-account-starter,real_negative,1,test,1.0145354e-08,0,correct
neg_1684,0,NEG::smartcontract123__-Smart-Contract-Based-Cryptocurrency-MlM-Software-Development-On-Tron-Ethereum-Smart-contract-Deve.json,smartcontract123/-Smart-Contract-Based-Cryptocurrency-MlM-Software-Development-On-Tron-Ethereum-Smart-contract-Deve,real_negative,1,test,2.9989609e-09,0,correct
neg_1686,0,NEG::smartcontractkit__defi-minimal.json,smartcontractkit/defi-minimal,real_negative,1,test,0.0004044815,0,correct
neg_1694,0,NEG::solangegueiros__dapp-register.json,solangegueiros/dapp-register,real_negative,1,test,4.539787e-05,0,correct
neg_1712,0,NEG::Springbock99__hd-wallet.json,Springbock99/hd-wallet,real_negative,1,test,2.0408185e-10,0,correct
neg_1717,0,NEG::SSSami22__Crypto.json,SSSami22/Crypto,real_negative,1,test,3.7266393e-06,0,correct
neg_1721,0,NEG::status-im__status-legacy.json,status-im/status-legacy,real_negative,1,test,3.0894944e-06,0,correct
neg_1724,0,NEG::stellar__stellar-ledger-data-indexer.json,stellar/stellar-ledger-data-indexer,real_negative,1,test,1.8342893e-05,0,correct
neg_1726,0,NEG::Stephen-Kimoi__NFT-collection.json,Stephen-Kimoi/NFT-collection,real_negative,1,test,0.0001823546,0,correct
neg_1727,0,NEG::stevenbooke__decentralized-crowdfunding.json,stevenbooke/decentralized-crowdfunding,real_negative,1,test,0.00022693387,0,correct
neg_1732,0,NEG::Strykr-Prism__realtime-crypto-price-api.json,Strykr-Prism/realtime-crypto-price-api,real_negative,1,test,0.0020829707,0,correct
neg_1737,0,NEG::sumit03guha__smart-contracts-development-boilerplate.json,sumit03guha/smart-contracts-development-boilerplate,real_negative,1,test,0.0001313518,0,correct
neg_1741,0,NEG::Sunilshah-7__web3-blockchain-curve.json,Sunilshah-7/web3-blockchain-curve,real_negative,1,test,2.3588655e-08,0,correct
neg_1743,0,NEG::sunnyRK__EthIndia-HackJaipur.json,sunnyRK/EthIndia-HackJaipur,real_negative,1,test,5.101404e-09,0,correct
neg_1744,0,NEG::sunshineioxzc__nft-sales-tracking-bot.json,sunshineioxzc/nft-sales-tracking-bot,real_negative,1,test,0.0015487612,0,correct
neg_1745,0,NEG::SunWeb3Sec__DeFiHackLabs.json,SunWeb3Sec/DeFiHackLabs,real_negative,1,test,0.00028685408,0,correct
neg_1746,0,NEG::SunWeb3Sec__DeFiVulnLabs.json,SunWeb3Sec/DeFiVulnLabs,real_negative,1,test,2.5071595e-05,0,correct
neg_1762,0,NEG::swrno__adopt-pet.json,swrno/adopt-pet,real_negative,1,test,0.00018814208,0,correct
neg_1765,0,NEG::syedsimanta03__solana-NFT.json,syedsimanta03/solana-NFT,real_negative,1,test,6.89361e-07,0,correct
neg_1769,0,NEG::Synthetixio__synthetix.json,Synthetixio/synthetix,real_negative,1,test,6.439038e-06,0,correct
neg_1775,0,NEG::tamjid0x01__awesome-smartcontract-hacking.json,tamjid0x01/awesome-smartcontract-hacking,real_negative,1,test,3.0288433e-08,0,correct
neg_1779,0,NEG::TanujJha__OpenD-NFT-Marketplace.json,TanujJha/OpenD-NFT-Marketplace,real_negative,1,test,0.0047552,0,correct
neg_1786,0,NEG::tayyabappoly__bitcoin-wallet-that-uses-Neutrino.json,tayyabappoly/bitcoin-wallet-that-uses-Neutrino,real_negative,1,test,6.227859e-07,0,correct
neg_1788,0,NEG::teal-finance__rainbow.json,teal-finance/rainbow,real_negative,1,test,0.00048029723,0,correct
neg_1792,0,NEG::tega-tahir__ArtBridge.json,tega-tahir/ArtBridge,real_negative,1,test,2.6465736e-09,0,correct
neg_1798,0,NEG::terrygmk__NFT-Collection.json,terrygmk/NFT-Collection,real_negative,1,test,3.192377e-09,0,correct
neg_1812,0,NEG::theshefer__NFT-lazy-minting.json,theshefer/NFT-lazy-minting,real_negative,1,test,0.00029137006,0,correct
neg_1821,0,NEG::tinovyatkin__pass-js.json,tinovyatkin/pass-js,real_negative,1,test,0.015906392,1,false_positive
neg_1832,0,NEG::topsecretagent007__smart-contract-web3-projects.json,topsecretagent007/smart-contract-web3-projects,real_negative,1,test,5.101404e-09,0,correct
neg_1833,0,NEG::Topten1004__DoubleDice-Platform.json,Topten1004/DoubleDice-Platform,real_negative,1,test,5.9209164e-05,0,correct
neg_1835,0,NEG::tosynthegeek__mcw.json,tosynthegeek/mcw,real_negative,1,test,0.00025714198,0,correct
neg_1836,0,NEG::toto-1010__nft-smart-contracts-basic1.json,toto-1010/nft-smart-contracts-basic1,real_negative,1,test,0.20497774,1,false_positive
neg_1838,0,NEG::TP-Lab__Mobile-SDK.json,TP-Lab/Mobile-SDK,real_negative,1,test,0.00053578056,0,correct
neg_1852,0,NEG::Tsatsch__Web3DevLearn.json,Tsatsch/Web3DevLearn,real_negative,1,test,1.8370862e-08,0,correct
neg_1868,0,NEG::uhsr__CryptoKeyVaultManager.json,uhsr/CryptoKeyVaultManager,real_negative,1,test,0.95976204,1,false_positive
neg_1903,0,NEG::viaweb3__cryptocast-desktop.json,viaweb3/cryptocast-desktop,real_negative,1,test,7.112437e-07,0,correct
neg_1908,0,NEG::Viken-Blockchain-Solutions__Solidity-files.json,Viken-Blockchain-Solutions/Solidity-files,real_negative,1,test,9.368717e-06,0,correct
neg_1915,0,NEG::vishnoitanuj__Blockchain-Cryptocurrency.json,vishnoitanuj/Blockchain-Cryptocurrency,real_negative,1,test,0.00036829791,0,correct
neg_1928,0,NEG::vjgaur__NFT-Ethereum-Polygon-Marketplace.json,vjgaur/NFT-Ethereum-Polygon-Marketplace,real_negative,1,test,7.1231565e-10,0,correct
neg_1934,0,NEG::VulnPlanet__l3x.json,VulnPlanet/l3x,real_negative,1,test,0.0018458483,0,correct
neg_1935,0,NEG::vvizardev__pump-smart-contract-solidity.json,vvizardev/pump-smart-contract-solidity,real_negative,1,test,8.7642476e-08,0,correct
neg_1947,0,NEG::wanglinyang__nft-collection.json,wanglinyang/nft-collection,real_negative,1,test,9.4612624e-05,0,correct
neg_1949,0,NEG::wangtengjiao1997__Encode-Solidity-Bootcamp.json,wangtengjiao1997/Encode-Solidity-Bootcamp,real_negative,1,test,1.621223e-08,0,correct
neg_1950,0,NEG::wardu__Crypto-Resources.json,wardu/Crypto-Resources,real_negative,1,test,2.8409744e-05,0,correct
neg_1957,0,NEG::Web3-Club__Blockchain-Developer-roadmap_Chinese.json,Web3-Club/Blockchain-Developer-roadmap_Chinese,real_negative,1,test,2.5360188e-07,0,correct
neg_1965,0,NEG::web3privacy__web3privacy.json,web3privacy/web3privacy,real_negative,1,test,0.00017674513,0,correct
neg_1966,0,NEG::web3p__web3.php.json,web3p/web3.php,real_negative,1,test,8.888084e-05,0,correct
neg_1972,0,NEG::wevm__awesome-wagmi.json,wevm/awesome-wagmi,real_negative,1,test,0.0013354007,0,correct
neg_1977,0,NEG::WISEPLAT__backtrader_bybit.json,WISEPLAT/backtrader_bybit,real_negative,1,test,0.0140636265,0,correct
neg_1978,0,NEG::WizardOfAus__WizardsEthereumWorkshop.json,WizardOfAus/WizardsEthereumWorkshop,real_negative,1,test,7.734421e-08,0,correct
neg_1980,0,NEG::wpdas__kibi-greeting-contract.json,wpdas/kibi-greeting-contract,real_negative,1,test,0.012053779,0,correct
neg_1983,0,NEG::wslyvh__useWeb3.json,wslyvh/useWeb3,real_negative,1,test,3.2192333e-05,0,correct
neg_1991,0,NEG::xcncncnddddd__fundme_lesson.json,xcncncnddddd/fundme_lesson,real_negative,1,test,3.2192333e-05,0,correct
neg_1999,0,NEG::xsen215__Web3-Solana-Bitcoin-NFT-Dex-Defi-P2EGame-SmartContract-Projects.json,xsen215/Web3-Solana-Bitcoin-NFT-Dex-Defi-P2EGame-SmartContract-Projects,real_negative,1,test,3.689885e-07,0,correct
neg_2000,0,NEG::xueqianLu__txpress.json,xueqianLu/txpress,real_negative,1,test,0.00059766934,0,correct
neg_2001,0,NEG::XXXGutierrezXXX__defi-staking-smart-contract-solana.json,XXXGutierrezXXX/defi-staking-smart-contract-solana,real_negative,1,test,1.248271e-06,0,correct
neg_2013,0,NEG::yatharth1444__Token-Wallet-on-ICP-Blockchain.json,yatharth1444/Token-Wallet-on-ICP-Blockchain,real_negative,1,test,0.94261247,1,false_positive
neg_2019,0,NEG::yigittopm__lkd-web3-blockchain.json,yigittopm/lkd-web3-blockchain,real_negative,1,test,7.496458e-08,0,correct
neg_2020,0,NEG::YiJie-Zhu__Crypto-Identity.json,YiJie-Zhu/Crypto-Identity,real_negative,1,test,0.93045825,1,false_positive
neg_2027,0,NEG::Yourmix0x__webwag-tiri.json,Yourmix0x/webwag-tiri,real_negative,1,test,2.1907815e-06,0,correct
neg_2030,0,NEG::yunanah__nft-wallet-yoorabaek.json,yunanah/nft-wallet-yoorabaek,real_negative,1,test,0.0029810332,0,correct
neg_2032,0,NEG::yuzushioh__EthereumKit.json,yuzushioh/EthereumKit,real_negative,1,test,2.2862906e-08,0,correct
neg_2038,0,NEG::zeriontech__defi-sdk-js.json,zeriontech/defi-sdk-js,real_negative,1,test,0.0003275843,0,correct
neg_2041,0,NEG::ZetiAi__defi.json,ZetiAi/defi,real_negative,1,test,0.008315778,0,correct
neg_2047,0,NEG::zktx-io__sui-extension.json,zktx-io/sui-extension,real_negative,1,test,0.004198795,0,correct
neg_2048,0,NEG::zman0225__bitcoinclass.json,zman0225/bitcoinclass,real_negative,1,test,6.2767043e-07,0,correct
pos_7,1,F3_web3_platform_app,arliawhite/rentverse,original,2,test,0.00022341634,0,false_negative
pos_10,1,F3_web3_platform_app,clixlogix/blockchain-dev,original,2,test,8.0715934e-10,0,false_negative
pos_21,1,F3_web3_platform_app,knightsdex/knightsbridge-dex,original,2,test,2.5360188e-07,0,false_negative
pos_26,1,F3_web3_platform_app,MentarisHub121/TokenPresaleApp,original,2,test,1.8189616e-09,0,false_negative
pos_28,1,F3_web3_platform_app,mirzamudassir/blocknovas-nyx-public,original,2,test,0.0007096704,0,false_negative
pos_35,1,F3_web3_platform_app,SuperDev313/Trading_Platform_Ultrax,original,2,test,7.265816e-08,0,false_negative
pos_36,1,F3_web3_platform_app,ta3pks/Decentralized-Social,original,2,test,1.8162224e-06,0,false_negative
pos_41,1,F3_web3_platform_app,xorostar/blocknovas-llc-currency-converter-task,original,2,test,3.3214194e-05,0,false_negative
pos_136,1,F3_web3_platform_app,arliawhitec/rentverse,synthetic,2,test,6.302759e-05,0,false_negative
pos_137,1,F3_web3_platform_app,studio-hu/blockchain-dev,synthetic,2,test,1.3307808e-09,0,false_negative
pos_138,1,F3_web3_platform_app,knightsdexj/knightsbridge-dex,synthetic,2,test,5.896418e-07,0,false_negative
pos_139,1,F3_web3_platform_app,protocol-app/TokenPresaleApp,synthetic,2,test,8.507397e-11,0,false_negative
pos_140,1,F3_web3_platform_app,mirzamudassi/blocknovas-nyx-public,synthetic,2,test,6.502816e-05,0,false_negative
pos_141,1,F3_web3_platform_app,SuperDev31/Trading_Platform_Ultrax,synthetic,2,test,2.5360188e-07,0,false_negative
pos_142,1,F3_web3_platform_app,ta3pks2/Decentralized-Social,synthetic,2,test,1.235957e-07,0,false_negative
pos_143,1,F3_web3_platform_app,xorostar2/blocknovas-llc-currency-converter-task,synthetic,2,test,9.610242e-05,0,false_negative
pos_144,1,F3_web3_platform_app,arliawhite2/rentverse,synthetic,2,test,0.00025315638,0,false_negative
pos_145,1,F3_web3_platform_app,app-proto/blockchain-dev,synthetic,2,test,8.0715934e-10,0,false_negative
pos_146,1,F3_web3_platform_app,knightsdexk/knightsbridge-dex,synthetic,2,test,5.475977e-05,0,false_negative
pos_147,1,F3_web3_platform_app,chain-studio/TokenPresaleApp,synthetic,2,test,1.7429788e-07,0,false_negative
pos_148,1,F3_web3_platform_app,mirzamudassira/blocknovas-nyx-public,synthetic,2,test,0.0020507437,0,false_negative
pos_149,1,F3_web3_platform_app,SuperDev3132/Trading_Platform_Ultrax,synthetic,2,test,6.825603e-08,0,false_negative
pos_150,1,F3_web3_platform_app,ta3pk/Decentralized-Social,synthetic,2,test,9.422446e-07,0,false_negative
pos_151,1,F3_web3_platform_app,xorostar3/blocknovas-llc-currency-converter-task,synthetic,2,test,0.0015367271,0,false_negative
pos_152,1,F3_web3_platform_app,arliawhitew/rentverse,synthetic,2,test,3.120191e-05,0,false_negative
pos_153,1,F3_web3_platform_app,chain-stu/blockchain-dev,synthetic,2,test,5.5475197e-10,0,false_negative
pos_154,1,F3_web3_platform_app,knightsdex2/knightsbridge-dex,synthetic,2,test,3.7052967e-05,0,false_negative
pos_155,1,F3_web3_platform_app,labs-protocol/TokenPresaleApp,synthetic,2,test,2.8172629e-09,0,false_negative
pos_156,1,F3_web3_platform_app,mirzamudassir2/blocknovas-nyx-public,synthetic,2,test,0.0005193048,0,false_negative
pos_157,1,F3_web3_platform_app,SuperDev313d/Trading_Platform_Ultrax,synthetic,2,test,4.8604484e-06,0,false_negative
pos_158,1,F3_web3_platform_app,ta3pk2/Decentralized-Social,synthetic,2,test,4.7923256e-09,0,false_negative
pos_159,1,F3_web3_platform_app,xorostar32/blocknovas-llc-currency-converter-task,synthetic,2,test,8.220189e-05,0,false_negative
pos_160,1,F3_web3_platform_app,arliawhite3/rentverse,synthetic,2,test,0.00020342699,0,false_negative
pos_161,1,F3_web3_platform_app,labs-stud/blockchain-dev,synthetic,2,test,7.58256e-10,0,false_negative
pos_162,1,F3_web3_platform_app,knightsdexl/knightsbridge-dex,synthetic,2,test,1.0129991e-05,0,false_negative
pos_163,1,F3_web3_platform_app,chain-studio2/TokenPresaleApp,synthetic,2,test,1.1628233e-10,0,false_negative
pos_164,1,F3_web3_platform_app,mirzamudassirj/blocknovas-nyx-public,synthetic,2,test,0.00053578056,0,false_negative
pos_165,1,F3_web3_platform_app,SuperDev3133/Trading_Platform_Ultrax,synthetic,2,test,5.838248e-08,0,false_negative
pos_166,1,F3_web3_platform_app,ta3pks3/Decentralized-Social,synthetic,2,test,1.235957e-07,0,false_negative
pos_167,1,F3_web3_platform_app,xorosta/blocknovas-llc-currency-converter-task,synthetic,2,test,6.605214e-05,0,false_negative
pos_168,1,F3_web3_platform_app,arliawhite4/rentverse,synthetic,2,test,0.0001823546,0,false_negative
pos_169,1,F3_web3_platform_app,protocol-/blockchain-dev,synthetic,2,test,9.1463137e-10,0,false_negative
pos_170,1,F3_web3_platform_app,knightsdexf/knightsbridge-dex,synthetic,2,test,6.89361e-07,0,false_negative
pos_171,1,F3_web3_platform_app,verse-studio/TokenPresaleApp,synthetic,2,test,1.689353e-07,0,false_negative
pos_172,1,F3_web3_platform_app,mirzamudassiri/blocknovas-nyx-public,synthetic,2,test,0.000107208805,0,false_negative
pos_173,1,F3_web3_platform_app,SuperDev312/Trading_Platform_Ultrax,synthetic,2,test,1.7257829e-08,0,false_negative
pos_174,1,F3_web3_platform_app,ta3pks4/Decentralized-Social,synthetic,2,test,1.235957e-07,0,false_negative
pos_175,1,F3_web3_platform_app,xorosta2/blocknovas-llc-currency-converter-task,synthetic,2,test,3.8528935e-05,0,false_negative
pos_176,1,F3_web3_platform_app,arliawhit/rentverse,synthetic,2,test,3.2192333e-05,0,false_negative
pos_177,1,F3_web3_platform_app,protocol-2/blockchain-dev,synthetic,2,test,7.1231565e-10,0,false_negative
pos_178,1,F3_web3_platform_app,knightsdex3/knightsbridge-dex,synthetic,2,test,9.22347e-06,0,false_negative
pos_179,1,F3_web3_platform_app,studio-labs/TokenPresaleApp,synthetic,2,test,1.0923714e-10,0,false_negative
pos_180,1,F3_web3_platform_app,mirzamudassir3/blocknovas-nyx-public,synthetic,2,test,0.00052747846,0,false_negative
pos_181,1,F3_web3_platform_app,SuperDev313k/Trading_Platform_Ultrax,synthetic,2,test,6.4120606e-08,0,false_negative
pos_182,1,F3_web3_platform_app,ta3pksm/Decentralized-Social,synthetic,2,test,1.5870002e-07,0,false_negative
pos_183,1,F3_web3_platform_app,xorosta3/blocknovas-llc-currency-converter-task,synthetic,2,test,2.3369335e-05,0,false_negative
pos_184,1,F3_web3_platform_app,arliawhite5/rentverse,synthetic,2,test,0.00011959858,0,false_negative
pos_185,1,F3_web3_platform_app,protocol-3/blockchain-dev,synthetic,2,test,7.1231565e-10,0,false_negative
pos_186,1,F3_web3_platform_app,knightsdex4/knightsbridge-dex,synthetic,2,test,4.7576454e-05,0,false_negative
pos_187,1,F3_web3_platform_app,app-studio/TokenPresaleApp,synthetic,2,test,2.1940867e-09,0,false_negative
neg_1,0,NEG::00hello__solidity-experiments.json,00hello/solidity-experiments,real_negative,2,test,5.6586238e-08,0,correct
neg_4,0,NEG::0x-Crisbanks__panda-Web3-smart-contract-auditor-.json,0x-Crisbanks/panda-Web3-smart-contract-auditor-,real_negative,2,test,0.000720838,0,correct
neg_7,0,NEG::0xbitcoin__0xbitcoin-token.json,0xbitcoin/0xbitcoin-token,real_negative,2,test,3.850742e-09,0,correct
neg_10,0,NEG::0xdevrel__Conditional-NFTs.json,0xdevrel/Conditional-NFTs,real_negative,2,test,0.00016093082,0,correct
neg_20,0,NEG::0xJonaseb11__shared_wallet.3.0.json,0xJonaseb11/shared_wallet.3.0,real_negative,2,test,1.801016e-10,0,correct
neg_22,0,NEG::0xLabs-Org__DeHarvest.json,0xLabs-Org/DeHarvest,real_negative,2,test,6.7582624e-09,0,correct
neg_23,0,NEG::0xMaka__w3py.json,0xMaka/w3py,real_negative,2,test,7.43368e-12,0,correct
neg_24,0,NEG::0xmdrakib__JesseHillClimb.json,0xmdrakib/JesseHillClimb,real_negative,2,test,4.8400775e-08,0,correct
neg_34,0,NEG::10ap17__Damn-Vulnerable-DeFi-Foundry.json,10ap17/Damn-Vulnerable-DeFi-Foundry,real_negative,2,test,6.153468e-09,0,correct
neg_37,0,NEG::1983shiv__blockchain-crypto-smart-contract-example.json,1983shiv/blockchain-crypto-smart-contract-example,real_negative,2,test,2.9400777e-11,0,correct
neg_49,0,NEG::a1fred__cryptoportfolio.json,a1fred/cryptoportfolio,real_negative,2,test,4.2355837e-12,0,correct
neg_53,0,NEG::aaquib8700__Wallet-SmartContract.json,aaquib8700/Wallet-SmartContract,real_negative,2,test,2.3895529e-13,0,correct
neg_56,0,NEG::aave__aave-v3-core.json,aave/aave-v3-core,real_negative,2,test,4.363462e-09,0,correct
neg_57,0,NEG::aave__governance-crosschain-bridges.json,aave/governance-crosschain-bridges,real_negative,2,test,7.979938e-08,0,correct
neg_63,0,NEG::AbhinavOC24__sPay.json,AbhinavOC24/sPay,real_negative,2,test,1.4367507e-06,0,correct
neg_64,0,NEG::AbioyeSamuel__DBANK_DeFi_DApp.json,AbioyeSamuel/DBANK_DeFi_DApp,real_negative,2,test,8.0715934e-10,0,correct
neg_72,0,NEG::adam-art__SOLANA-PROJECT-v1.0.json,adam-art/SOLANA-PROJECT-v1.0,real_negative,2,test,2.1613141e-05,0,correct
neg_74,0,NEG::Adamant-im__adamant-im.json,Adamant-im/adamant-im,real_negative,2,test,6.691586e-10,0,correct
neg_82,0,NEG::AdrianaMiha__Krypto.json,AdrianaMiha/Krypto,real_negative,2,test,6.9832968e-12,0,correct
neg_84,0,NEG::adrianhajdin__project_web3.0.json,adrianhajdin/project_web3.0,real_negative,2,test,4.5087553e-12,0,correct
neg_85,0,NEG::adrianhajdin__project_web3_battle_game.json,adrianhajdin/project_web3_battle_game,real_negative,2,test,2.1510068e-11,0,correct
neg_88,0,NEG::Adrijan-Petek__gas-fee-optimizer.json,Adrijan-Petek/gas-fee-optimizer,real_negative,2,test,1.602811e-06,0,correct
neg_89,0,NEG::Adrijan-Petek__onchain-nft-art.json,Adrijan-Petek/onchain-nft-art,real_negative,2,test,2.5690114e-12,0,correct
neg_90,0,NEG::Adrijan-Petek__portfolio-tracker-pnl.json,Adrijan-Petek/portfolio-tracker-pnl,real_negative,2,test,4.993718e-08,0,correct
neg_91,0,NEG::Adrijan-Petek__token-correlation-analyzer.json,Adrijan-Petek/token-correlation-analyzer,real_negative,2,test,1.344041e-08,0,correct
neg_97,0,NEG::afacchi0__rpc-inspector.json,afacchi0/rpc-inspector,real_negative,2,test,2.789468e-10,0,correct
neg_100,0,NEG::agencyenterprise__serpro-web3-hackathon.json,agencyenterprise/serpro-web3-hackathon,real_negative,2,test,7.265816e-08,0,correct
neg_101,0,NEG::aggel008__defi-signal.json,aggel008/defi-signal,real_negative,2,test,5.2966143e-06,0,correct
neg_104,0,NEG::ahester57__private-chain.json,ahester57/private-chain,real_negative,2,test,1.3307808e-09,0,correct
neg_106,0,NEG::ahmedali8__hardhat-js-starterkit.json,ahmedali8/hardhat-js-starterkit,real_negative,2,test,1.478364e-11,0,correct
neg_108,0,NEG::ahmedali8__solspeakai.json,ahmedali8/solspeakai,real_negative,2,test,0.15203224,1,false_positive
neg_109,0,NEG::ahmetozlu__defi_yield_farming.json,ahmetozlu/defi_yield_farming,real_negative,2,test,3.1608816e-10,0,correct
neg_121,0,NEG::akashmehrotra29__my-wave-portal.json,akashmehrotra29/my-wave-portal,real_negative,2,test,3.7378893e-12,0,correct
neg_128,0,NEG::AkshitTiwarii__carbonx.json,AkshitTiwarii/carbonx,real_negative,2,test,1.0030142e-06,0,correct
neg_133,0,NEG::alejoacosta74__ethereum-farming-example.json,alejoacosta74/ethereum-farming-example,real_negative,2,test,2.2897349e-11,0,correct
neg_139,0,NEG::alexbiet__smartwallet.json,alexbiet/smartwallet,real_negative,2,test,8.423463e-12,0,correct
neg_150,0,NEG::aliezzahn__yield-farming-optimization-calculator.json,aliezzahn/yield-farming-optimization-calculator,real_negative,2,test,6.3488e-09,0,correct
neg_156,0,NEG::almonit__almonit-plugin.json,almonit/almonit-plugin,real_negative,2,test,3.6174372e-09,0,correct
neg_158,0,NEG::alpaca-finance__bsc-alpaca-contract.json,alpaca-finance/bsc-alpaca-contract,real_negative,2,test,1.237819e-10,0,correct
neg_159,0,NEG::alpdevcode__ethereum-multisig-wallet.json,alpdevcode/ethereum-multisig-wallet,real_negative,2,test,1.7832473e-11,0,correct
neg_172,0,NEG::AnalytixAudit__Solidity.json,AnalytixAudit/Solidity,real_negative,2,test,6.162738e-12,0,correct
neg_173,0,NEG::ancutadaniel__ethereum_hardhat_nft_marketplace.json,ancutadaniel/ethereum_hardhat_nft_marketplace,real_negative,2,test,5.905304e-10,0,correct
neg_179,0,NEG::andycapaldo__hello-blockchain.json,andycapaldo/hello-blockchain,real_negative,2,test,3.3315444e-11,0,correct
neg_186,0,NEG::Anonymous961__NFTClaimApp.json,Anonymous961/NFTClaimApp,real_negative,2,test,1.9555682e-08,0,correct
neg_187,0,NEG::ant-design__ant-design-web3.json,ant-design/ant-design-web3,real_negative,2,test,9.1463137e-10,0,correct
neg_191,0,NEG::anudeeep4__Decentralized-Identity-Project.json,anudeeep4/Decentralized-Identity-Project,real_negative,2,test,6.825603e-08,0,correct
neg_196,0,NEG::apache__incubator-resilientdb-ResLens.json,apache/incubator-resilientdb-ResLens,real_negative,2,test,1.103256e-09,0,correct
neg_201,0,NEG::ApeWorX__ape-ledger.json,ApeWorX/ape-ledger,real_negative,2,test,1.4637785e-12,0,correct
neg_213,0,NEG::armors__armors-solidity.json,armors/armors-solidity,real_negative,2,test,2.7346983e-12,0,correct
neg_214,0,NEG::armorwallet__armor-crypto-mcp.json,armorwallet/armor-crypto-mcp,real_negative,2,test,1.0467401e-08,0,correct
neg_219,0,NEG::ArrjunPradeep__safeCryptoWallet.json,ArrjunPradeep/safeCryptoWallet,real_negative,2,test,1.0923714e-10,0,correct
neg_232,0,NEG::Ashland-jp__Web3-Projects.json,Ashland-jp/Web3-Projects,real_negative,2,test,3.1296965e-11,0,correct
neg_233,0,NEG::ashok-p__module-19-Cryptowallets.json,ashok-p/module-19-Cryptowallets,real_negative,2,test,1.8189616e-09,0,correct
neg_240,0,NEG::attestate__kiwistand.json,attestate/kiwistand,real_negative,2,test,2.6729447e-08,0,correct
neg_243,0,NEG::austintgriffith__burner-wallet.json,austintgriffith/burner-wallet,real_negative,2,test,7.58256e-10,0,correct
neg_248,0,NEG::axldarealest__crypto-tracker.json,axldarealest/crypto-tracker,real_negative,2,test,3.192377e-09,0,correct
neg_250,0,NEG::AymaanPathan__ClauseAI.json,AymaanPathan/ClauseAI,real_negative,2,test,2.753569e-05,0,correct
neg_258,0,NEG::baby636__causes.cash.json,baby636/causes.cash,real_negative,2,test,3.156126e-07,0,correct
neg_265,0,NEG::Bananapus__nana-fee-project-deployer.json,Bananapus/nana-fee-project-deployer,real_negative,2,test,9.818327e-06,0,correct
neg_269,0,NEG::banteg__multicall.py.json,banteg/multicall.py,real_negative,2,test,1.186112e-08,0,correct
neg_270,0,NEG::BasinLogix__BLX_chain.json,BasinLogix/BLX_chain,real_negative,2,test,4.691164e-08,0,correct
neg_279,0,NEG::bekatom__awesome-ethereum.json,bekatom/awesome-ethereum,real_negative,2,test,1.1628233e-10,0,correct
neg_289,0,NEG::bhau7233__MSig-.json,bhau7233/MSig-,real_negative,2,test,1.3750926e-12,0,correct
neg_296,0,NEG::bilinearlabs__beacon-contract-indexer.json,bilinearlabs/beacon-contract-indexer,real_negative,2,test,1.6052281e-09,0,correct
neg_313,0,NEG::blakewood84__react-metamask-medium.json,blakewood84/react-metamask-medium,real_negative,2,test,1.3750926e-12,0,correct
neg_318,0,NEG::blockchain-etl__blockchain-etl-streaming.json,blockchain-etl/blockchain-etl-streaming,real_negative,2,test,6.7582624e-09,0,correct
neg_325,0,NEG::blockstarter__ico-contracts.json,blockstarter/ico-contracts,real_negative,2,test,6.224145e-11,0,correct
neg_331,0,NEG::bokkypoobah__Nix.json,bokkypoobah/Nix,real_negative,2,test,5.732239e-13,0,correct
neg_335,0,NEG::Bottom-Labs__wallet-core.json,Bottom-Labs/wallet-core,real_negative,2,test,2.5690114e-12,0,correct
neg_336,0,NEG::BradMoonUESTC__FireWallProject.json,BradMoonUESTC/FireWallProject,real_negative,2,test,5.4927885e-11,0,correct
neg_353,0,NEG::buybackoff__SolidityAuction.json,buybackoff/SolidityAuction,real_negative,2,test,2.000748e-12,0,correct
neg_357,0,NEG::bzthelmaeddins54__headlee.json,bzthelmaeddins54/headlee,real_negative,2,test,8.5921664e-10,0,correct
neg_364,0,NEG::camerodev__Finaomics-Solidity-Web3-React.json,camerodev/Finaomics-Solidity-Web3-React,real_negative,2,test,7.5077514e-11,0,correct
neg_368,0,NEG::cardano-foundation__cardano-wallet.json,cardano-foundation/cardano-wallet,real_negative,2,test,7.4846226e-05,0,correct
neg_373,0,NEG::cawfree__web3-react-native.json,cawfree/web3-react-native,real_negative,2,test,8.5921664e-10,0,correct
neg_376,0,NEG::Certora__CertoraProver.json,Certora/CertoraProver,real_negative,2,test,1.7629981e-09,0,correct
neg_379,0,NEG::ChainEasy__ChainEasy-Wallet.json,ChainEasy/ChainEasy-Wallet,real_negative,2,test,5.732239e-13,0,correct
neg_380,0,NEG::ChainInsighter__Ondo-Flux-Finance.json,ChainInsighter/Ondo-Flux-Finance,real_negative,2,test,6.286163e-10,0,correct
neg_385,0,NEG::charanbalaji2005__CryptoView-solidity.json,charanbalaji2005/CryptoView-solidity,real_negative,2,test,1.2256068e-11,0,correct
neg_386,0,NEG::charlo1492charlo14928__NFT-Yield-Farming.json,charlo1492charlo14928/NFT-Yield-Farming,real_negative,2,test,7.43368e-12,0,correct
neg_387,0,NEG::chase-manning__debt-farming.json,chase-manning/debt-farming,real_negative,2,test,7.5077514e-11,0,correct
neg_392,0,NEG::cherti__bitcoin-analysis.json,cherti/bitcoin-analysis,real_negative,2,test,3.927862e-07,0,correct
neg_404,0,NEG::CIpherEE__TECHCRUSHERC-20.json,CIpherEE/TECHCRUSHERC-20,real_negative,2,test,3.581748e-10,0,correct
neg_411,0,NEG::cluck135__First-Deployed-Token.json,cluck135/First-Deployed-Token,real_negative,2,test,3.3315444e-11,0,correct
neg_412,0,NEG::ClusterH__Memories-NFT.json,ClusterH/Memories-NFT,real_negative,2,test,5.2114124e-10,0,correct
neg_423,0,NEG::codeVirtuoso21__NFT-marketplace-cryptoBoys.json,codeVirtuoso21/NFT-marketplace-cryptoBoys,real_negative,2,test,9.640144e-11,0,correct
neg_433,0,NEG::colonelxy__CryptoZombies.json,colonelxy/CryptoZombies,real_negative,2,test,2.7619474e-11,0,correct
neg_441,0,NEG::ConsenSysDiligence__mythril.json,ConsenSysDiligence/mythril,real_negative,2,test,5.723617e-10,0,correct
neg_450,0,NEG::coti-io__coti-sdk-python.json,coti-io/coti-sdk-python,real_negative,2,test,2.5946094e-11,0,correct
neg_456,0,NEG::craftBrainLLC__ethereum-indexer.json,craftBrainLLC/ethereum-indexer,real_negative,2,test,2.9693734e-10,0,correct
neg_462,0,NEG::crpdev__decentralised-ebay.json,crpdev/decentralised-ebay,real_negative,2,test,1.0160637e-11,0,correct
neg_469,0,NEG::cryptoadvance__specter-desktop.json,cryptoadvance/specter-desktop,real_negative,2,test,9.23745e-09,0,correct
neg_473,0,NEG::cryptodance__cryptodance-backend.json,cryptodance/cryptodance-backend,real_negative,2,test,1.9171716e-10,0,correct
neg_475,0,NEG::CryptoFist__MemeMarketplace-contract.json,CryptoFist/MemeMarketplace-contract,real_negative,2,test,4.7923256e-09,0,correct
neg_477,0,NEG::cryptoleadxyz__demo-infura-web3py.json,cryptoleadxyz/demo-infura-web3py,real_negative,2,test,5.7893564e-12,0,correct
neg_479,0,NEG::cryptopayserver00__cryptopayserver.json,cryptopayserver00/cryptopayserver,real_negative,2,test,1.4930947e-10,0,correct
neg_490,0,NEG::cypherium__uniswap-interface-cypherium.json,cypherium/uniswap-interface-cypherium,real_negative,2,test,4.0525458e-07,0,correct
neg_494,0,NEG::d-invisible__DocuManage-web3--Aptos.json,d-invisible/DocuManage-web3--Aptos,real_negative,2,test,4.5536814e-11,0,correct
neg_531,0,NEG::DE-labtory__zulu.json,DE-labtory/zulu,real_negative,2,test,2.7577931e-08,0,correct
neg_533,0,NEG::DealAiFind__DealAiFind-Ai-DEX-FrontRun-JS-V4.json,DealAiFind/DealAiFind-Ai-DEX-FrontRun-JS-V4,real_negative,2,test,7.43368e-12,0,correct
neg_540,0,NEG::Defi-Pool-Share__DefiPoolShare.DPSTContract.json,Defi-Pool-Share/DefiPoolShare.DPSTContract,real_negative,2,test,2.000748e-12,0,correct
neg_546,0,NEG::defiprime__defiprime1.json,defiprime/defiprime1,real_negative,2,test,4.895669e-10,0,correct
neg_547,0,NEG::DEFIProtocol__Web3.json,DEFIProtocol/Web3,real_negative,2,test,3.9789626e-12,0,correct
neg_551,0,NEG::DemocracyEarth__wallet.json,DemocracyEarth/wallet,real_negative,2,test,1.3652065e-08,0,correct
neg_554,0,NEG::dennohpeter__MultiDexArbBot.json,dennohpeter/MultiDexArbBot,real_negative,2,test,1.2952718e-07,0,correct
neg_555,0,NEG::denzopas__myWallet.json,denzopas/myWallet,real_negative,2,test,6.5602003e-12,0,correct
neg_559,0,NEG::DePayFi__widgets.json,DePayFi/widgets,real_negative,2,test,1.151351e-11,0,correct
neg_560,0,NEG::desbenn__defi-arbitrage.json,desbenn/defi-arbitrage,real_negative,2,test,1.7832473e-11,0,correct
neg_561,0,NEG::desktop-examples__crypto-analysis.json,desktop-examples/crypto-analysis,real_negative,2,test,8.15202e-09,0,correct
neg_564,0,NEG::dev-x-master__Election-Blockchain-App.json,dev-x-master/Election-Blockchain-App,real_negative,2,test,3.7751344e-11,0,correct
neg_565,0,NEG::devano12__Kryptex-miner.json,devano12/Kryptex-miner,real_negative,2,test,1.4307242e-08,0,correct
neg_573,0,NEG::dex-guru__assets.json,dex-guru/assets,real_negative,2,test,3.0334058e-11,0,correct
neg_575,0,NEG::Dharma256__solidity-multisig-wallet-56.json,Dharma256/solidity-multisig-wallet-56,real_negative,2,test,9.545035e-12,0,correct
neg_581,0,NEG::diadata-org__diadata.json,diadata-org/diadata,real_negative,2,test,7.835042e-13,0,correct
neg_583,0,NEG::diego-tobalina__PancakeSwapBot.json,diego-tobalina/PancakeSwapBot,real_negative,2,test,7.265816e-08,0,correct
neg_586,0,NEG::DimensionDev__Maskbook.json,DimensionDev/Maskbook,real_negative,2,test,1.0129991e-05,0,correct
neg_588,0,NEG::diorwave__solana-blockchain-development.json,diorwave/solana-blockchain-development,real_negative,2,test,6.214782e-08,0,correct
neg_597,0,NEG::dogecoin__dogecoin.json,dogecoin/dogecoin,real_negative,2,test,8.7642476e-08,0,correct
neg_606,0,NEG::drips-network__app.json,drips-network/app,real_negative,2,test,1.0953123e-05,0,correct
neg_609,0,NEG::DrLinuxOfficial__CryptoWallet-Cracker.json,DrLinuxOfficial/CryptoWallet-Cracker,real_negative,2,test,8.349628e-05,0,correct
neg_610,0,NEG::drpcorg__dshackle.json,drpcorg/dshackle,real_negative,2,test,2.3823691e-07,0,correct
neg_613,0,NEG::DudeOfCode__web3.pyandSolidityTodolist.json,DudeOfCode/web3.pyandSolidityTodolist,real_negative,2,test,9.545035e-12,0,correct
neg_614,0,NEG::duneanalytics__evm.codes.json,duneanalytics/evm.codes,real_negative,2,test,1.4166088e-09,0,correct
neg_615,0,NEG::duytacong24895__smart-contract-lesson-1.json,duytacong24895/smart-contract-lesson-1,real_negative,2,test,5.2035716e-07,0,correct
neg_617,0,NEG::dvvrtmshra__StellarPay.json,dvvrtmshra/StellarPay,real_negative,2,test,9.640144e-11,0,correct
neg_619,0,NEG::Dyslex7c__DefiYieldOptimizer.json,Dyslex7c/DefiYieldOptimizer,real_negative,2,test,1.0160637e-11,0,correct
neg_620,0,NEG::ebellocchia__erc20_splitter.json,ebellocchia/erc20_splitter,real_negative,2,test,8.0715934e-10,0,correct
neg_627,0,NEG::el-noir__ethereum-defi-app.json,el-noir/ethereum-defi-app,real_negative,2,test,2.43741e-11,0,correct
neg_628,0,NEG::el-noir__MedicAi.json,el-noir/MedicAi,real_negative,2,test,0.0014895173,0,correct
neg_629,0,NEG::eldorado-Coder__NFT-marketplace-smart-contract.json,eldorado-Coder/NFT-marketplace-smart-contract,real_negative,2,test,2.9110711e-12,0,correct
neg_633,0,NEG::elxor__jetum-wallet.json,elxor/jetum-wallet,real_negative,2,test,7.43368e-12,0,correct
neg_635,0,NEG::EmanHerawy__web3Drive.json,EmanHerawy/web3Drive,real_negative,2,test,8.349628e-05,0,correct
neg_639,0,NEG::emilyhon__foundry-defi-stablecoin-f23.json,emilyhon/foundry-defi-stablecoin-f23,real_negative,2,test,1.4026326e-10,0,correct
neg_640,0,NEG::Emivvvvv__btc-vanity.json,Emivvvvv/btc-vanity,real_negative,2,test,3.9729775e-09,0,correct
neg_650,0,NEG::enricozanardo__bitcoin-sentiment-analys-on-tweets-.json,enricozanardo/bitcoin-sentiment-analys-on-tweets-,real_negative,2,test,9.721547e-07,0,correct
neg_664,0,NEG::esolidar__web3.json,esolidar/web3,real_negative,2,test,1.4166088e-09,0,correct
neg_665,0,NEG::estevaopbs__bitcoin-rs.json,estevaopbs/bitcoin-rs,real_negative,2,test,1.447157e-10,0,correct
neg_672,0,NEG::ethers-io__ethers.js.json,ethers-io/ethers.js,real_negative,2,test,4.2355837e-12,0,correct
neg_679,0,NEG::everx-labs__everdev.json,everx-labs/everdev,real_negative,2,test,1.9977386e-09,0,correct
neg_683,0,NEG::EWCunha__brownie-fund-me.json,EWCunha/brownie-fund-me,real_negative,2,test,1.8795289e-12,0,correct
neg_685,0,NEG::exactly__protocol.json,exactly/protocol,real_negative,2,test,1.8370862e-08,0,correct
neg_703,0,NEG::Farber98__MultiSigWallet.json,Farber98/MultiSigWallet,real_negative,2,test,4.895669e-10,0,correct
neg_704,0,NEG::farisamirmudin__cryptotransfer.json,farisamirmudin/cryptotransfer,real_negative,2,test,2.1510068e-11,0,correct
neg_705,0,NEG::faysalbadaoui__RegisterDeviceSolanaProgram.json,faysalbadaoui/RegisterDeviceSolanaProgram,real_negative,2,test,1.1125608e-05,0,correct
neg_711,0,NEG::Fida-Kainth__Block-Chain-A-Decentralized-Cryptocurrency-Wallet-System-with-Automated-Zakat-Deduction.json,Fida-Kainth/Block-Chain-A-Decentralized-Cryptocurrency-Wallet-System-with-Automated-Zakat-Deduction,real_negative,2,test,2.994441e-06,0,correct
neg_713,0,NEG::FIFA0313__sui-mcp-server-wallet-management.json,FIFA0313/sui-mcp-server-wallet-management,real_negative,2,test,6.4120606e-08,0,correct
neg_714,0,NEG::filips123__BlogChain.json,filips123/BlogChain,real_negative,2,test,3.3315444e-11,0,correct
neg_718,0,NEG::Flame-eth__Multiparty-Solidity-Wallet-.json,Flame-eth/Multiparty-Solidity-Wallet-,real_negative,2,test,5.438597e-12,0,correct
neg_719,0,NEG::flannerychristopher__web3_py_simple_storage.json,flannerychristopher/web3_py_simple_storage,real_negative,2,test,3.9789626e-12,0,correct
neg_729,0,NEG::frangio__hardhat-exposed.json,frangio/hardhat-exposed,real_negative,2,test,1.289837e-09,0,correct
neg_734,0,NEG::FrederikBolding__chainlist.json,FrederikBolding/chainlist,real_negative,2,test,4.5536814e-11,0,correct
neg_739,0,NEG::FujiwaraChoki__CoinWizard.json,FujiwaraChoki/CoinWizard,real_negative,2,test,1.1142491e-08,0,correct
neg_750,0,NEG::gear5labs__chenpilot.json,gear5labs/chenpilot,real_negative,2,test,2.9693734e-10,0,correct
neg_759,0,NEG::ggviana__splitter.json,ggviana/splitter,real_negative,2,test,3.7010117e-13,0,correct
neg_761,0,NEG::ghulamrabbanimedium-dotcom__VerseBet-dapp.json,ghulamrabbanimedium-dotcom/VerseBet-dapp,real_negative,2,test,3.5464107e-11,0,correct
neg_765,0,NEG::GlitchicaL__project-arcadia.json,GlitchicaL/project-arcadia,real_negative,2,test,5.438597e-12,0,correct
neg_773,0,NEG::GobyWallet__openapi.json,GobyWallet/openapi,real_negative,2,test,9.450865e-13,0,correct
neg_774,0,NEG::gokcearda__OwlToken.json,gokcearda/OwlToken,real_negative,2,test,1.602811e-06,0,correct
neg_775,0,NEG::Gola-k__jsm_nft_marketplace.json,Gola-k/jsm_nft_marketplace,real_negative,2,test,1.237819e-10,0,correct
neg_778,0,NEG::govi-dao__cvi-contracts.json,govi-dao/cvi-contracts,real_negative,2,test,4.8400775e-08,0,correct
neg_779,0,NEG::gprateek93__Sikka--A-Simple-Bitcoin-Implementation.json,gprateek93/Sikka--A-Simple-Bitcoin-Implementation,real_negative,2,test,9.056077e-11,0,correct
neg_781,0,NEG::GRANTsol__PanteraProtocol.json,GRANTsol/PanteraProtocol,real_negative,2,test,3.6174372e-09,0,correct
neg_789,0,NEG::GuiTeK__bip39-splitter.json,GuiTeK/bip39-splitter,real_negative,2,test,3.3596785e-07,0,correct
neg_813,0,NEG::HariVP03__nft-kart.json,HariVP03/nft-kart,real_negative,2,test,3.0988192e-12,0,correct
neg_818,0,NEG::Harukite__wallets-generate.json,Harukite/wallets-generate,real_negative,2,test,1.0799672e-08,0,correct
neg_825,0,NEG::haxpor__contractdiff.json,haxpor/contractdiff,real_negative,2,test,1.1399919e-12,0,correct
neg_830,0,NEG::henesaud__bitcoin-cryptography.json,henesaud/bitcoin-cryptography,real_negative,2,test,5.438597e-12,0,correct
neg_860,0,NEG::hundredwz__BlockchainInfo.json,hundredwz/BlockchainInfo,real_negative,2,test,2.1510068e-11,0,correct
neg_863,0,NEG::hyp3r5pace__crowdfunding-platform-avalanche.json,hyp3r5pace/crowdfunding-platform-avalanche,real_negative,2,test,1.7087564e-09,0,correct
neg_865,0,NEG::HyperPlay-Gaming__hyperplay-desktop-client.json,HyperPlay-Gaming/hyperplay-desktop-client,real_negative,2,test,1.8189616e-09,0,correct
neg_867,0,NEG::Iamdungx__denigma-cracker.json,Iamdungx/denigma-cracker,real_negative,2,test,3.3647407e-10,0,correct
neg_874,0,NEG::ibrahimjspy__defi-portfolio-tracker.json,ibrahimjspy/defi-portfolio-tracker,real_negative,2,test,3.3647407e-10,0,correct
neg_877,0,NEG::idimetrix__next-jobs.json,idimetrix/next-jobs,real_negative,2,test,7.646538e-06,0,correct
neg_878,0,NEG::idrabenia__SublimeLinter-contrib-solhint.json,idrabenia/SublimeLinter-contrib-solhint,real_negative,2,test,2.4097326e-09,0,correct
neg_880,0,NEG::igorlourenco__nft-marketplace-smart-contract.json,igorlourenco/nft-marketplace-smart-contract,real_negative,2,test,2.000748e-12,0,correct
neg_885,0,NEG::imanmousaei__coinexpy.json,imanmousaei/coinexpy,real_negative,2,test,2.642586e-06,0,correct
neg_888,0,NEG::Imperial-Group-19__contracts.json,Imperial-Group-19/contracts,real_negative,2,test,7.5077514e-11,0,correct
neg_889,0,NEG::Infineon__secora-blockchain-walletconnect.json,Infineon/secora-blockchain-walletconnect,real_negative,2,test,2.8736858e-07,0,correct
neg_891,0,NEG::inghong06__Solidity_Whitelist.json,inghong06/Solidity_Whitelist,real_negative,2,test,1.9810088e-13,0,correct
neg_903,0,NEG::itstargetconfirmed__flash-loan-sample.json,itstargetconfirmed/flash-loan-sample,real_negative,2,test,4.5990553e-10,0,correct
neg_920,0,NEG::jagadeeshgatla__simple-cryptocurrency-wallet.json,jagadeeshgatla/simple-cryptocurrency-wallet,real_negative,2,test,1.3615262e-13,0,correct
neg_924,0,NEG::jamaltheatlantean__DeFi-Staking.json,jamaltheatlantean/DeFi-Staking,real_negative,2,test,2.3222945e-08,0,correct
neg_934,0,NEG::jarrettyew__web3.0.json,jarrettyew/web3.0,real_negative,2,test,7.913112e-12,0,correct
neg_936,0,NEG::jarrodwatts__nft-drop-with-smart-wallet.json,jarrodwatts/nft-drop-with-smart-wallet,real_negative,2,test,2.5946094e-11,0,correct
neg_939,0,NEG::JasonnLim__Blockchain-MedicalRecords.json,JasonnLim/Blockchain-MedicalRecords,real_negative,2,test,4.5087553e-12,0,correct
neg_947,0,NEG::jeet-patel313__NFTStaking.json,jeet-patel313/NFTStaking,real_negative,2,test,1.589391e-10,0,correct
neg_954,0,NEG::JennEYoon__DeFi-ml.json,JennEYoon/DeFi-ml,real_negative,2,test,7.1273603e-06,0,correct
neg_957,0,NEG::jianminggit__NFT_BOT.json,jianminggit/NFT_BOT,real_negative,2,test,1.7087564e-09,0,correct
neg_970,0,NEG::jolly-roger-eth__ethereum-indexer.json,jolly-roger-eth/ethereum-indexer,real_negative,2,test,5.159997e-11,0,correct
neg_983,0,NEG::jseanchuang__web3py_example.json,jseanchuang/web3py_example,real_negative,2,test,2.3588655e-08,0,correct
neg_985,0,NEG::juanemmanuelpd__NFT-Marketplace.json,juanemmanuelpd/NFT-Marketplace,real_negative,2,test,2.2380286e-07,0,correct
neg_986,0,NEG::JuanXavier__DEX_React.json,JuanXavier/DEX_React,real_negative,2,test,1.1382771e-09,0,correct
neg_988,0,NEG::juliocamposmachado__my_eth_app.github.io.json,juliocamposmachado/my_eth_app.github.io,real_negative,2,test,3.3265334e-08,0,correct
neg_996,0,NEG::k1-c__ethereum-wallet-manager.json,k1-c/ethereum-wallet-manager,real_negative,2,test,2.020684e-11,0,correct
neg_998,0,NEG::Kalashin1__GTA-token-smart-contract.json,Kalashin1/GTA-token-smart-contract,real_negative,2,test,4.8473687e-11,0,correct
neg_1012,0,NEG::Kazopl__mpc-agent-wallet.json,Kazopl/mpc-agent-wallet,real_negative,2,test,5.5475197e-10,0,correct
neg_1013,0,NEG::Kazopl__nft-marketplace-signatures.json,Kazopl/nft-marketplace-signatures,real_negative,2,test,2.1510068e-11,0,correct
neg_1026,0,NEG::keshav-poojary__NFT-on-Ethereum.json,keshav-poojary/NFT-on-Ethereum,real_negative,2,test,2.2897349e-11,0,correct
neg_1031,0,NEG::Keya-Moradi__Cryptopunk.json,Keya-Moradi/Cryptopunk,real_negative,2,test,8.3278134e-10,0,correct
neg_1038,0,NEG::Kimxons__generate-btc-keys.json,Kimxons/generate-btc-keys,real_negative,2,test,4.277788e-11,0,correct
neg_1044,0,NEG::kittyshiba__contracts.json,kittyshiba/contracts,real_negative,2,test,1.151351e-11,0,correct
neg_1051,0,NEG::kokomoji__CryptoCoinPaperWallet.json,kokomoji/CryptoCoinPaperWallet,real_negative,2,test,6.6255675e-11,0,correct
neg_1055,0,NEG::KOSASIH__nexus-finance-core.json,KOSASIH/nexus-finance-core,real_negative,2,test,3.9789626e-12,0,correct
neg_1057,0,NEG::kradkov14__presale-contract.json,kradkov14/presale-contract,real_negative,2,test,1.5229979e-08,0,correct
neg_1067,0,NEG::kuroroLuciferPhantom__cryptopredict.json,kuroroLuciferPhantom/cryptopredict,real_negative,2,test,0.00011774459,0,correct
neg_1076,0,NEG::laramiedunlap__blockchain-wallets.json,laramiedunlap/blockchain-wallets,real_negative,2,test,1.103256e-09,0,correct
neg_1092,0,NEG::lefajmofokeng__Cryptocurrencies.json,lefajmofokeng/Cryptocurrencies,real_negative,2,test,2.215949e-08,0,correct
neg_1093,0,NEG::Lego1st__VotingDapp.json,Lego1st/VotingDapp,real_negative,2,test,6.162738e-12,0,correct
neg_1096,0,NEG::lephleg__cryptocerts-contracts.json,lephleg/cryptocerts-contracts,real_negative,2,test,4.5087553e-12,0,correct
neg_1101,0,NEG::Lilypad-Tech__lilypad.json,Lilypad-Tech/lilypad,real_negative,2,test,2.2637343e-09,0,correct
neg_1107,0,NEG::LN-Zap__zap-desktop.json,LN-Zap/zap-desktop,real_negative,2,test,6.1793935e-07,0,correct
neg_1118,0,NEG::luca-nik__Blockchain_ResearchLead_Assignements.json,luca-nik/Blockchain_ResearchLead_Assignements,real_negative,2,test,1.9555682e-08,0,correct
neg_1134,0,NEG::MahadISL__Web3-App----Smart-Contract.json,MahadISL/Web3-App----Smart-Contract,real_negative,2,test,2.5946094e-11,0,correct
neg_1135,0,NEG::maikon9824-lab__giftcard-dapp-arc-.json,maikon9824-lab/giftcard-dapp-arc-,real_negative,2,test,2.0176445e-08,0,correct
neg_1136,0,NEG::mainnetblockchain__sendEtherThroughSmartContract.json,mainnetblockchain/sendEtherThroughSmartContract,real_negative,2,test,7.835042e-13,0,correct
neg_1138,0,NEG::manifest-network__manifest-app.json,manifest-network/manifest-app,real_negative,2,test,4.4575574e-10,0,correct
neg_1139,0,NEG::manifoldfinance__kb.json,manifoldfinance/kb,real_negative,2,test,9.343548e-11,0,correct
neg_1145,0,NEG::manuelpires__nft-collection-generator.json,manuelpires/nft-collection-generator,real_negative,2,test,1.723157e-05,0,correct
neg_1148,0,NEG::MarcoBrian__damn-vulnerable-defi.json,MarcoBrian/damn-vulnerable-defi,real_negative,2,test,6.6255675e-11,0,correct
neg_1152,0,NEG::markjinhua__SmartContract.json,markjinhua/SmartContract,real_negative,2,test,6.162738e-12,0,correct
neg_1153,0,NEG::Markkop__markkop-defi.json,Markkop/markkop-defi,real_negative,2,test,9.436649e-10,0,correct
neg_1156,0,NEG::martycodes333__crypto_zombies.json,martycodes333/crypto_zombies,real_negative,2,test,4.4642724e-13,0,correct
neg_1174,0,NEG::mchalise__mero_crypto_finance.json,mchalise/mero_crypto_finance,real_negative,2,test,4.2355837e-12,0,correct
neg_1181,0,NEG::mellow-finance__mellow-vaults.json,mellow-finance/mellow-vaults,real_negative,2,test,1.7456045e-10,0,correct
neg_1184,0,NEG::MeoMunDep__OG-Labs.json,MeoMunDep/OG-Labs,real_negative,2,test,8.0715934e-10,0,correct
neg_1192,0,NEG::metafy-social__web3-smart-contracts.json,metafy-social/web3-smart-contracts,real_negative,2,test,1.0160637e-11,0,correct
neg_1196,0,NEG::mgysel__nft-ticketing.json,mgysel/nft-ticketing,real_negative,2,test,1.621223e-08,0,correct
neg_1201,0,NEG::Michal2SAB__Ethereum-Stealer.json,Michal2SAB/Ethereum-Stealer,real_negative,2,test,2.7305849e-09,0,correct
neg_1208,0,NEG::mikker__svgnft.json,mikker/svgnft,real_negative,2,test,1.9362747e-09,0,correct
neg_1215,0,NEG::mirrorworld-universe__mirrorworld-sdk-js.json,mirrorworld-universe/mirrorworld-sdk-js,real_negative,2,test,2.2862906e-08,0,correct
neg_1218,0,NEG::Mizogg__Mizogg-Tools.json,Mizogg/Mizogg-Tools,real_negative,2,test,2.4337439e-08,0,correct
neg_1222,0,NEG::modagavr__pancake-wizard.json,modagavr/pancake-wizard,real_negative,2,test,3.8528935e-05,0,correct
neg_1224,0,NEG::MohaiminulEraj__Indicium.json,MohaiminulEraj/Indicium,real_negative,2,test,1.2501529e-09,0,correct
neg_1228,0,NEG::Mojo96666__hack-crypto-wallets.json,Mojo96666/hack-crypto-wallets,real_negative,2,test,5.159997e-11,0,correct
neg_1236,0,NEG::MoralisWeb3__unity-web3-game-kit.json,MoralisWeb3/unity-web3-game-kit,real_negative,2,test,2.335593e-09,0,correct
neg_1245,0,NEG::MrinalSingh04__solidity-production-contracts.json,MrinalSingh04/solidity-production-contracts,real_negative,2,test,7.58256e-10,0,correct
neg_1247,0,NEG::mrmendoza-dev__cryptotracker.json,mrmendoza-dev/cryptotracker,real_negative,2,test,7.4224995e-09,0,correct
neg_1254,0,NEG::mtechee__libax.json,mtechee/libax,real_negative,2,test,3.2563122e-07,0,correct
neg_1256,0,NEG::mucolon__gemini-interface.json,mucolon/gemini-interface,real_negative,2,test,1.44498e-07,0,correct
neg_1264,0,NEG::MuscleBunny__NFT_MarketPlace.json,MuscleBunny/NFT_MarketPlace,real_negative,2,test,2.6204627e-10,0,correct
neg_1265,0,NEG::museum-of-war__nft.json,museum-of-war/nft,real_negative,2,test,1.0923714e-10,0,correct
neg_1267,0,NEG::Muziris-Labs__fusion-smart-contracts.json,Muziris-Labs/fusion-smart-contracts,real_negative,2,test,1.44498e-07,0,correct
neg_1268,0,NEG::mwakidenis__BlockChain-Mastery.json,mwakidenis/BlockChain-Mastery,real_negative,2,test,7.43368e-12,0,correct
neg_1272,0,NEG::MyCryptoHQ__MyCrypto.json,MyCryptoHQ/MyCrypto,real_negative,2,test,4.0186098e-11,0,correct
neg_1273,0,NEG::MyEtherWallet__MyEtherWallet.json,MyEtherWallet/MyEtherWallet,real_negative,2,test,2.789468e-10,0,correct
neg_1277,0,NEG::Nachoxt17__Blockchain-Memory-Game-with-ERC-721-Tokens.json,Nachoxt17/Blockchain-Memory-Game-with-ERC-721-Tokens,real_negative,2,test,1.0603576e-13,0,correct
neg_1288,0,NEG::nbulian__CryptoZombies.json,nbulian/CryptoZombies,real_negative,2,test,1.9171716e-10,0,correct
neg_1291,0,NEG::NecroNexus__Blocklog.json,NecroNexus/Blocklog,real_negative,2,test,1.1744099e-09,0,correct
neg_1292,0,NEG::nedasma__solidity-vuln-tests.json,nedasma/solidity-vuln-tests,real_negative,2,test,1.289837e-09,0,correct
neg_1307,0,NEG::nicehash__NiceHashQuickMiner.json,nicehash/NiceHashQuickMiner,real_negative,2,test,2.1024333e-07,0,correct
neg_1310,0,NEG::nico-phil__blockchain.json,nico-phil/blockchain,real_negative,2,test,2.413363e-12,0,correct
neg_1311,0,NEG::nicolaiort__stonx-backend.json,nicolaiort/stonx-backend,real_negative,2,test,1.5381734e-07,0,correct
neg_1314,0,NEG::nicolaslazzos__cryptozombies.json,nicolaslazzos/cryptozombies,real_negative,2,test,4.5990553e-10,0,correct
neg_1316,0,NEG::nikitakent__solidity-simple-wallet.json,nikitakent/solidity-simple-wallet,real_negative,2,test,1.6586784e-12,0,correct
neg_1317,0,NEG::nikunjtilva__cryptocoin-test-faucet-frontend.json,nikunjtilva/cryptocoin-test-faucet-frontend,real_negative,2,test,5.723617e-10,0,correct
neg_1326,0,NEG::Nishu0__anime_nft_marketplace.json,Nishu0/anime_nft_marketplace,real_negative,2,test,7.1231565e-10,0,correct
neg_1328,0,NEG::Niweera__opensear.json,Niweera/opensear,real_negative,2,test,2.2862906e-08,0,correct
neg_1335,0,NEG::noditlabs__nodit-mcp-server.json,noditlabs/nodit-mcp-server,real_negative,2,test,4.363462e-09,0,correct
neg_1336,0,NEG::noman-land__relike.json,noman-land/relike,real_negative,2,test,2.5071595e-05,0,correct
neg_1344,0,NEG::null-none__django-eth-fields.json,null-none/django-eth-fields,real_negative,2,test,5.7893564e-12,0,correct
neg_1345,0,NEG::nuts-foundation__crypto-ecies.json,nuts-foundation/crypto-ecies,real_negative,2,test,2.6165208e-07,0,correct
neg_1351,0,NEG::OffcierCia__DeFi-Developer-Road-Map.json,OffcierCia/DeFi-Developer-Road-Map,real_negative,2,test,2.0408185e-10,0,correct
neg_1360,0,NEG::OkeA-dev__StablePay.json,OkeA-dev/StablePay,real_negative,2,test,2.4967014e-07,0,correct
neg_1361,0,NEG::okx__go-wallet-sdk.json,okx/go-wallet-sdk,real_negative,2,test,1.4930947e-10,0,correct
neg_1363,0,NEG::Olanetsoft__buymeacoffee-be.json,Olanetsoft/buymeacoffee-be,real_negative,2,test,7.43368e-12,0,correct
neg_1383,0,NEG::OpenTradingNetworkFoundation__otn-token.json,OpenTradingNetworkFoundation/otn-token,real_negative,2,test,1.1399919e-12,0,correct
neg_1388,0,NEG::Opty-Fi__defi-adapters.json,Opty-Fi/defi-adapters,real_negative,2,test,7.194133e-09,0,correct
neg_1393,0,NEG::oritwoen__ubichain.json,oritwoen/ubichain,real_negative,2,test,5.847043e-11,0,correct
neg_1396,0,NEG::oumaoumag__smart-wallet-skeleton.json,oumaoumag/smart-wallet-skeleton,real_negative,2,test,2.789468e-10,0,correct
neg_1399,0,NEG::Oxdevonchain__ethereum-nft-marketplace.json,Oxdevonchain/ethereum-nft-marketplace,real_negative,2,test,1.3730244e-09,0,correct
neg_1402,0,NEG::p4u__blockmessage.json,p4u/blockmessage,real_negative,2,test,1.8342893e-05,0,correct
neg_1408,0,NEG::paniaguaadrian__nft-marketplace.json,paniaguaadrian/nft-marketplace,real_negative,2,test,1.1287448e-13,0,correct
neg_1415,0,NEG::patilom342__poc-stake.json,patilom342/poc-stake,real_negative,2,test,3.0988192e-12,0,correct
neg_1426,0,NEG::pcaversaccio__solidity-games.json,pcaversaccio/solidity-games,real_negative,2,test,1.9142874e-07,0,correct
neg_1431,0,NEG::persistenceOne__persistenceWallet.json,persistenceOne/persistenceWallet,real_negative,2,test,7.1231565e-10,0,correct
neg_1433,0,NEG::PeterVermeulen01123__NFT-cryptoDevs.json,PeterVermeulen01123/NFT-cryptoDevs,real_negative,2,test,5.4927885e-11,0,correct
neg_1435,0,NEG::Phildo__ethbrute.json,Phildo/ethbrute,real_negative,2,test,6.224145e-11,0,correct
neg_1436,0,NEG::PhilipAtEmcogma__CryptoKittiesNFTDapp.json,PhilipAtEmcogma/CryptoKittiesNFTDapp,real_negative,2,test,4.6448814e-09,0,correct
neg_1440,0,NEG::Pixie1234__BlockchainCrypto.json,Pixie1234/BlockchainCrypto,real_negative,2,test,1.237819e-10,0,correct
neg_1443,0,NEG::Planxnx__ethereum-wallet-generator.json,Planxnx/ethereum-wallet-generator,real_negative,2,test,1.3176514e-10,0,correct
neg_1453,0,NEG::powerpool-finance__power-oracle-contracts.json,powerpool-finance/power-oracle-contracts,real_negative,2,test,2.1940867e-09,0,correct
neg_1455,0,NEG::PrakyathReddy__CryptoDevs-NFT-Collection.json,PrakyathReddy/CryptoDevs-NFT-Collection,real_negative,2,test,5.847043e-11,0,correct
neg_1456,0,NEG::pramaths__simplewallet.json,pramaths/simplewallet,real_negative,2,test,9.833213e-09,0,correct
neg_1466,0,NEG::pRizz__CryptoNoter.json,pRizz/CryptoNoter,real_negative,2,test,2.7264703e-06,0,correct
neg_1477,0,NEG::pubkey__eth-crypto.json,pubkey/eth-crypto,real_negative,2,test,5.27921e-15,0,correct
neg_1486,0,NEG::qtumproject__qtum.json,qtumproject/qtum,real_negative,2,test,6.0927585e-10,0,correct
neg_1488,0,NEG::QuantForgeOrg__PineTS.json,QuantForgeOrg/PineTS,real_negative,2,test,3.927862e-07,0,correct
neg_1493,0,NEG::Quillhash__QuillAudit_smart_contract_audit_Reports.json,Quillhash/QuillAudit_smart_contract_audit_Reports,real_negative,2,test,7.58256e-10,0,correct
neg_1504,0,NEG::RageTrade__core.json,RageTrade/core,real_negative,2,test,5.5475197e-10,0,correct
neg_1507,0,NEG::rainbow-me__rainbowkit.json,rainbow-me/rainbowkit,real_negative,2,test,4.277788e-11,0,correct
neg_1512,0,NEG::Rami8612__liquidity-orchestrator.json,Rami8612/liquidity-orchestrator,real_negative,2,test,1.2751904e-07,0,correct
neg_1514,0,NEG::ramyhardan__proof-of-existence.json,ramyhardan/proof-of-existence,real_negative,2,test,1.213515e-12,0,correct
neg_1517,0,NEG::rarepepi__nft-data.json,rarepepi/nft-data,real_negative,2,test,4.8473687e-11,0,correct
neg_1518,0,NEG::Rashi1005__Reputation-Forge-Crypto-Credit-Score-DApp.json,Rashi1005/Reputation-Forge-Crypto-Credit-Score-DApp,real_negative,2,test,4.277788e-11,0,correct
neg_1520,0,NEG::rawalraj022__One-Universal-Identity.json,rawalraj022/One-Universal-Identity,real_negative,2,test,5.6586238e-08,0,correct
neg_1521,0,NEG::raymondfam__defi-nft-marketplace-mumbai.json,raymondfam/defi-nft-marketplace-mumbai,real_negative,2,test,1.5581841e-12,0,correct
neg_1522,0,NEG::raytsangGitHub__Cryptocurrency.json,raytsangGitHub/Cryptocurrency,real_negative,2,test,1.691898e-10,0,correct
neg_1530,0,NEG::redacademy__ethereum-graphql.json,redacademy/ethereum-graphql,real_negative,2,test,1.3480934e-14,0,correct
neg_1531,0,NEG::redbuttonsa__crypt.json,redbuttonsa/crypt,real_negative,2,test,1.4738981e-05,0,correct
neg_1540,0,NEG::repirate__asset-recovery-tool.json,repirate/asset-recovery-tool,real_negative,2,test,1.048317e-11,0,correct
neg_1544,0,NEG::richard-ramos__solidity-diagram-gen.json,richard-ramos/solidity-diagram-gen,real_negative,2,test,1.8795289e-12,0,correct
neg_1545,0,NEG::rickstewartdev__Dbank.json,rickstewartdev/Dbank,real_negative,2,test,2.413363e-12,0,correct
neg_1546,0,NEG::riglr__riglr.json,riglr/riglr,real_negative,2,test,1.5079722e-09,0,correct
neg_1547,0,NEG::RigoBlock__v3-contracts.json,RigoBlock/v3-contracts,real_negative,2,test,1.691898e-10,0,correct
neg_1549,0,NEG::riteesh-ram__DeFi-Group-Insurance.json,riteesh-ram/DeFi-Group-Insurance,real_negative,2,test,8.5921664e-10,0,correct
neg_1564,0,NEG::rohanjsh__nft-marketplace.json,rohanjsh/nft-marketplace,real_negative,2,test,2.461697e-10,0,correct
neg_1569,0,NEG::romanzaikin__From-Zero-to-Hero-in-Blockchain-Security-DefCon30-Workshop.json,romanzaikin/From-Zero-to-Hero-in-Blockchain-Security-DefCon30-Workshop,real_negative,2,test,2.9066924e-09,0,correct
neg_1573,0,NEG::roysowah__solarwind.json,roysowah/solarwind,real_negative,2,test,1.4026326e-10,0,correct
neg_1576,0,NEG::rtb-12__PolkaGuard.json,rtb-12/PolkaGuard,real_negative,2,test,3.288749e-06,0,correct
neg_1582,0,NEG::rwth-acis__las2peer-registry-contracts.json,rwth-acis/las2peer-registry-contracts,real_negative,2,test,1.1628233e-10,0,correct
neg_1583,0,NEG::rxhul18__DeWall.json,rxhul18/DeWall,real_negative,2,test,9.1463137e-10,0,correct
neg_1588,0,NEG::S-Amine__go-uni.json,S-Amine/go-uni,real_negative,2,test,1.1454779e-06,0,correct
neg_1593,0,NEG::safe-fndn__safe-smart-account.json,safe-fndn/safe-smart-account,real_negative,2,test,3.1608816e-10,0,correct
neg_1594,0,NEG::safeblock-com__dex_contract.json,safeblock-com/dex_contract,real_negative,2,test,6.0927585e-10,0,correct
neg_1595,0,NEG::sahilrohera10__Fusion_Wallet.json,sahilrohera10/Fusion_Wallet,real_negative,2,test,7.112437e-07,0,correct
neg_1596,0,NEG::Sahiru2007__Blockchain-based-healthcare-data-system-with-disease-prediction.json,Sahiru2007/Blockchain-based-healthcare-data-system-with-disease-prediction,real_negative,2,test,3.2563122e-07,0,correct
neg_1600,0,NEG::sambacha__compendium.json,sambacha/compendium,real_negative,2,test,1.248271e-06,0,correct
neg_1603,0,NEG::Samuellyworld__Tippers.json,Samuellyworld/Tippers,real_negative,2,test,5.26334e-09,0,correct
neg_1607,0,NEG::sanyamdogra__crypto-wall-et.json,sanyamdogra/crypto-wall-et,real_negative,2,test,2.7346983e-12,0,correct
neg_1609,0,NEG::satansdeer__ethereum-token-tutorial.json,satansdeer/ethereum-token-tutorial,real_negative,2,test,4.277788e-11,0,correct
neg_1612,0,NEG::SatoshiPortal__bullbitcoin-mobile.json,SatoshiPortal/bullbitcoin-mobile,real_negative,2,test,5.4845263e-08,0,correct
neg_1622,0,NEG::scotch53__Smart-Contract-for-Token-Minting-in-Solidity.json,scotch53/Smart-Contract-for-Token-Minting-in-Solidity,real_negative,2,test,2.7346983e-12,0,correct
neg_1628,0,NEG::Sebx__blockchain_wallet.json,Sebx/blockchain_wallet,real_negative,2,test,2.7619474e-11,0,correct
neg_1629,0,NEG::second-state__smart-contract-search-engine.json,second-state/smart-contract-search-engine,real_negative,2,test,2.2671446e-12,0,correct
neg_1632,0,NEG::seekerpig__nftSmartContract.json,seekerpig/nftSmartContract,real_negative,2,test,8.8782654e-13,0,correct
neg_1633,0,NEG::sefaosm__Stake-X.json,sefaosm/Stake-X,real_negative,2,test,1.4166088e-09,0,correct
neg_1636,0,NEG::sevdakeskin__Solidity-CryptoZombies.json,sevdakeskin/Solidity-CryptoZombies,real_negative,2,test,1.2256068e-11,0,correct
neg_1643,0,NEG::shanefontaine__ethfinex-python.json,shanefontaine/ethfinex-python,real_negative,2,test,6.286163e-10,0,correct
neg_1644,0,NEG::shape-network__builder-kit.json,shape-network/builder-kit,real_negative,2,test,1.0815942e-11,0,correct
neg_1653,0,NEG::ShivRaiGithub__DeFi-Assessment.json,ShivRaiGithub/DeFi-Assessment,real_negative,2,test,4.058652e-10,0,correct
neg_1655,0,NEG::ShredSecurity__protocol-deployment-checklist.json,ShredSecurity/protocol-deployment-checklist,real_negative,2,test,7.4112804e-06,0,correct
neg_1657,0,NEG::shriya-upadhyay__fight-on-chain.json,shriya-upadhyay/fight-on-chain,real_negative,2,test,4.895669e-10,0,correct
neg_1666,0,NEG::simplito__elliptic-php.json,simplito/elliptic-php,real_negative,2,test,1.5870002e-07,0,correct
neg_1672,0,NEG::Sky4Master__JS-DEX-TrackBot-Sky4Master.json,Sky4Master/JS-DEX-TrackBot-Sky4Master,real_negative,2,test,1.4307242e-08,0,correct
neg_1677,0,NEG::sletizia__serverless-trading-bot.json,sletizia/serverless-trading-bot,real_negative,2,test,4.936989e-06,0,correct
neg_1683,0,NEG::smartbugs__smartbugs.json,smartbugs/smartbugs,real_negative,2,test,4.5536814e-11,0,correct
neg_1687,0,NEG::SmolDapp__smoldapp.json,SmolDapp/smoldapp,real_negative,2,test,2.486226e-09,0,correct
neg_1688,0,NEG::smolgroot__prometheus-vanity-generator.json,smolgroot/prometheus-vanity-generator,real_negative,2,test,9.545035e-12,0,correct
neg_1692,0,NEG::SofianeHamlaoui__Cryto-Minning-Simulator.json,SofianeHamlaoui/Cryto-Minning-Simulator,real_negative,2,test,2.789468e-10,0,correct
neg_1695,0,NEG::solguru310__solana-wallet-tracking-bot.json,solguru310/solana-wallet-tracking-bot,real_negative,2,test,4.264747e-05,0,correct
neg_1697,0,NEG::solidityj__solidity-antlr4.json,solidityj/solidity-antlr4,real_negative,2,test,1.3046516e-11,0,correct
neg_1700,0,NEG::solomoncools__nft-minter-bep721.json,solomoncools/nft-minter-bep721,real_negative,2,test,4.3204126e-10,0,correct
neg_1701,0,NEG::somesh-banerjee__Hospital-Records-Blockchain.json,somesh-banerjee/Hospital-Records-Blockchain,real_negative,2,test,1.8189616e-09,0,correct
neg_1702,0,NEG::SonOfMosiah__maxx-finance-subgraph.json,SonOfMosiah/maxx-finance-subgraph,real_negative,2,test,1.4637785e-12,0,correct
neg_1707,0,NEG::Spectral-Finance__scraped-sol-files.json,Spectral-Finance/scraped-sol-files,real_negative,2,test,5.9641456e-09,0,correct
neg_1711,0,NEG::spotlightgroup__DonateDapp.json,spotlightgroup/DonateDapp,real_negative,2,test,1.02618795e-10,0,correct
neg_1715,0,NEG::sr2echa__DMD.json,sr2echa/DMD,real_negative,2,test,6.4120606e-08,0,correct
neg_1718,0,NEG::stacks-archive__blockstack-browser.json,stacks-archive/blockstack-browser,real_negative,2,test,2.6995778e-07,0,correct
neg_1722,0,NEG::stefannovasky__cryptocurrency-smart-contract.json,stefannovasky/cryptocurrency-smart-contract,real_negative,2,test,5.109089e-12,0,correct
neg_1733,0,NEG::suarja__memoria-eterna-nft.json,suarja/memoria-eterna-nft,real_negative,2,test,4.0929112e-06,0,correct
neg_1734,0,NEG::subsixx__Pinsurance.json,subsixx/Pinsurance,real_negative,2,test,0.0009927261,0,correct
neg_1735,0,NEG::Sudhanmanoharan__MarketPlace-BlockChain.json,Sudhanmanoharan/MarketPlace-BlockChain,real_negative,2,test,6.1019364e-13,0,correct
neg_1736,0,NEG::Sukoed__nft-minting-engine.json,Sukoed/nft-minting-engine,real_negative,2,test,4.0186098e-11,0,correct
neg_1742,0,NEG::sunjiangjun__supernode.json,sunjiangjun/supernode,real_negative,2,test,1.478364e-11,0,correct
neg_1747,0,NEG::supercoolx__NFT-Contract-Utilities.json,supercoolx/NFT-Contract-Utilities,real_negative,2,test,1.0060393e-12,0,correct
neg_1752,0,NEG::suribartek9__btc-eth.json,suribartek9/btc-eth,real_negative,2,test,6.9832968e-12,0,correct
neg_1753,0,NEG::svanas__migratooor.json,svanas/migratooor,real_negative,2,test,2.5946094e-11,0,correct
neg_1758,0,NEG::sweetmantech__nft-factory.json,sweetmantech/nft-factory,real_negative,2,test,2.7619474e-11,0,correct
neg_1761,0,NEG::Swizec__blockchain-redux.json,Swizec/blockchain-redux,real_negative,2,test,6.162738e-12,0,correct
neg_1763,0,NEG::SXNGE4444__magic-crypto-app.json,SXNGE4444/magic-crypto-app,real_negative,2,test,1.9333586e-06,0,correct
neg_1778,0,NEG::tanujajoshi1__solidityContracts.json,tanujajoshi1/solidityContracts,real_negative,2,test,3.4767786e-13,0,correct
neg_1782,0,NEG::taoteh1221__Slideshow_Crypto_Ticker.json,taoteh1221/Slideshow_Crypto_Ticker,real_negative,2,test,2.0176445e-08,0,correct
neg_1783,0,NEG::tarun-upadhyay__the-matrix-labs-assignment.json,tarun-upadhyay/the-matrix-labs-assignment,real_negative,2,test,1.4930947e-10,0,correct
neg_1784,0,NEG::TasmeTime__yt-react-next-ui-crypto-nft.json,TasmeTime/yt-react-next-ui-crypto-nft,real_negative,2,test,3.581748e-10,0,correct
neg_1785,0,NEG::taylorjdawson__eth-chains.json,taylorjdawson/eth-chains,real_negative,2,test,7.746073e-11,0,correct
neg_1795,0,NEG::TeleportDAO__teleswap-contracts-evm.json,TeleportDAO/teleswap-contracts-evm,real_negative,2,test,5.2114124e-10,0,correct
neg_1801,0,NEG::Tezsure__plenty-wallet.json,Tezsure/plenty-wallet,real_negative,2,test,2.215949e-08,0,correct
neg_1803,0,NEG::The-Poolz__LockDealNFT.Builders.json,The-Poolz/LockDealNFT.Builders,real_negative,2,test,1.7257829e-08,0,correct
neg_1807,0,NEG::theblockstalk__inter-crypto.json,theblockstalk/inter-crypto,real_negative,2,test,5.3849405e-13,0,correct
neg_1817,0,NEG::threshold-network__tbtc-v2.json,threshold-network/tbtc-v2,real_negative,2,test,1.2626097e-08,0,correct
neg_1822,0,NEG::tintinweb__smart-contract-sanctuary-arbitrum.json,tintinweb/smart-contract-sanctuary-arbitrum,real_negative,2,test,3.0988192e-12,0,correct
neg_1826,0,NEG::tmiess__CryptoBase.json,tmiess/CryptoBase,real_negative,2,test,1.621223e-08,0,correct
neg_1827,0,NEG::tnkerer__vestingVault.json,tnkerer/vestingVault,real_negative,2,test,3.8070144e-07,0,correct
neg_1830,0,NEG::tonkeeper__ton-console.json,tonkeeper/ton-console,real_negative,2,test,7.658115e-09,0,correct
neg_1847,0,NEG::tronprotocol__wallet-cli.json,tronprotocol/wallet-cli,real_negative,2,test,1.0364132e-09,0,correct
neg_1854,0,NEG::TShanku__linked-chain.json,TShanku/linked-chain,real_negative,2,test,3.6174372e-09,0,correct
neg_1862,0,NEG::uhsr__BlockchainNFTRegistryPlatformX.json,uhsr/BlockchainNFTRegistryPlatformX,real_negative,2,test,3.398268e-09,0,correct
neg_1866,0,NEG::uhsr__BlockchainNFTVaultManagerPlatformUltra.json,uhsr/BlockchainNFTVaultManagerPlatformUltra,real_negative,2,test,3.0288433e-08,0,correct
neg_1869,0,NEG::uhsr__CryptoLedgerParser.json,uhsr/CryptoLedgerParser,real_negative,2,test,5.422219e-06,0,correct
neg_1875,0,NEG::unobrandon__DefiWallet.json,unobrandon/DefiWallet,real_negative,2,test,1.5079722e-09,0,correct
neg_1876,0,NEG::uola9210-cmd__BTC-or-ETH.json,uola9210-cmd/BTC-or-ETH,real_negative,2,test,1.0160637e-11,0,correct
neg_1878,0,NEG::UraniumCorporation__solana-payout-action.json,UraniumCorporation/solana-payout-action,real_negative,2,test,0.00023782207,0,correct
neg_1880,0,NEG::utsavempiric20__multi-signature-wallet-factory-solidity.json,utsavempiric20/multi-signature-wallet-factory-solidity,real_negative,2,test,1.5737103e-11,0,correct
neg_1886,0,NEG::vanchoy__nft-collection.json,vanchoy/nft-collection,real_negative,2,test,7.734421e-08,0,correct
neg_1888,0,NEG::vdimitriad__Uncuffed.json,vdimitriad/Uncuffed,real_negative,2,test,1.3709572e-06,0,correct
neg_1890,0,NEG::vdutts7__ai-generated-nfts.json,vdutts7/ai-generated-nfts,real_negative,2,test,5.905304e-10,0,correct
neg_1899,0,NEG::VersoriumX__web3.json,VersoriumX/web3,real_negative,2,test,1.1793583e-07,0,correct
neg_1901,0,NEG::vhidvz__crypto-aio.json,vhidvz/crypto-aio,real_negative,2,test,1.478364e-11,0,correct
neg_1911,0,NEG::vinnyhoward__rn-crypto-wallet.json,vinnyhoward/rn-crypto-wallet,real_negative,2,test,1.8426253e-14,0,correct
neg_1912,0,NEG::viperadnan-git__blockdoc.json,viperadnan-git/blockdoc,real_negative,2,test,7.5077514e-11,0,correct
neg_1913,0,NEG::vipul-69-ax__CryptoFlip.json,vipul-69-ax/CryptoFlip,real_negative,2,test,1.9362747e-09,0,correct
neg_1916,0,NEG::VishviThrimavithana__crypto-arbitrage-bot.json,VishviThrimavithana/crypto-arbitrage-bot,real_negative,2,test,1.151351e-11,0,correct
neg_1920,0,NEG::VitalR__NFTLazyMinting.json,VitalR/NFTLazyMinting,real_negative,2,test,2.3125503e-10,0,correct
neg_1921,0,NEG::VitalR__Uniswap.json,VitalR/Uniswap,real_negative,2,test,1.3176514e-10,0,correct
neg_1925,0,NEG::Vivojay__De-Fi-Infidelity-Coders.json,Vivojay/De-Fi-Infidelity-Coders,real_negative,2,test,1.4930947e-10,0,correct
neg_1926,0,NEG::vjbhandari61__web3-authentication.json,vjbhandari61/web3-authentication,real_negative,2,test,1.186112e-08,0,correct
neg_1941,0,NEG::WalletConnect__walletconnect-monorepo.json,WalletConnect/walletconnect-monorepo,real_negative,2,test,1.02618795e-10,0,correct
neg_1948,0,NEG::wangshijun__ethereum-lottery-dapp.json,wangshijun/ethereum-lottery-dapp,real_negative,2,test,0.000115919334,0,correct
neg_1952,0,NEG::wasiiff__blokk-lens.json,wasiiff/blokk-lens,real_negative,2,test,6.691586e-10,0,correct
neg_1954,0,NEG::WeaverFi__api.json,WeaverFi/api,real_negative,2,test,8.410794e-09,0,correct
neg_1956,0,NEG::WeaverFi__weaverfi.json,WeaverFi/weaverfi,real_negative,2,test,5.2114124e-10,0,correct
neg_1967,0,NEG::weex__Live-bitcoin-transactions.json,weex/Live-bitcoin-transactions,real_negative,2,test,7.913112e-12,0,correct
neg_1970,0,NEG::wencio__python_solidity_Web3_examples.json,wencio/python_solidity_Web3_examples,real_negative,2,test,4.5087553e-12,0,correct
neg_1975,0,NEG::WilliamMassalino__foundry-app.json,WilliamMassalino/foundry-app,real_negative,2,test,1.4930947e-10,0,correct
neg_1985,0,NEG::xabzxbt__brass-hands.json,xabzxbt/brass-hands,real_negative,2,test,5.315785e-08,0,correct
neg_1986,0,NEG::xaini-x__cross-chain-Bridge.json,xaini-x/cross-chain-Bridge,real_negative,2,test,4.277788e-11,0,correct
neg_1987,0,NEG::Xalt8__Vyper.json,Xalt8/Vyper,real_negative,2,test,2.5690114e-12,0,correct
neg_1988,0,NEG::xaviersins__CryptoMesh.json,xaviersins/CryptoMesh,real_negative,2,test,0.00015356239,0,correct
neg_2006,0,NEG::yann1ckv__Marketplace_dapp.json,yann1ckv/Marketplace_dapp,real_negative,2,test,2.5436657e-13,0,correct
neg_2012,0,NEG::YassineMharrek__Phenicia-Metaverse.json,YassineMharrek/Phenicia-Metaverse,real_negative,2,test,1.344041e-08,0,correct
neg_2017,0,NEG::yeswadams__CryptoKitty.json,yeswadams/CryptoKitty,real_negative,2,test,6.5602003e-12,0,correct
neg_2018,0,NEG::YieldHabitat__YieldHabitat_.json,YieldHabitat/YieldHabitat_,real_negative,2,test,6.7582624e-09,0,correct
neg_2024,0,NEG::YordanPavlov__BlockchainRoulette.json,YordanPavlov/BlockchainRoulette,real_negative,2,test,6.691586e-10,0,correct
neg_2025,0,NEG::YosephKS__moralis-opensea-plugins.json,YosephKS/moralis-opensea-plugins,real_negative,2,test,4.745045e-10,0,correct
neg_2029,0,NEG::yuichiroaoki__typescript-hardhat.json,yuichiroaoki/typescript-hardhat,real_negative,2,test,8.96673e-12,0,correct
neg_2033,0,NEG::zafar-saleem__blockchain-node.json,zafar-saleem/blockchain-node,real_negative,2,test,6.495478e-13,0,correct
neg_2035,0,NEG::zakcroft__shared-wallet-blockchain-solidity.json,zakcroft/shared-wallet-blockchain-solidity,real_negative,2,test,4.0186098e-11,0,correct
neg_2052,0,NEG::zypher-game__bevy-web3.json,zypher-game/bevy-web3,real_negative,2,test,2.0408185e-10,0,correct
pos_5,1,F4_security_osint_cve,adminlove520/VulnWatchDog,original,3,test,0.1732882,1,correct
pos_30,1,F4_security_osint_cve,nocomp/poc-CVE-2001-1473,original,3,test,0.022286188,1,correct
pos_37,1,F4_security_osint_cve,themaxlpalfaboy/CVE-2025-54897-LAB,original,3,test,0.0037217084,0,false_negative
pos_43,1,F4_security_osint_cve,Zeeeepa/spyder-osint,original,3,test,0.008462,0,false_negative
pos_44,1,F4_security_osint_cve,Zeeeepa/spyder-osint2,original,3,test,0.017442483,1,correct
pos_81,1,F4_security_osint_cve,adminlove5202/VulnWatchDog,synthetic,3,test,0.008445628,0,false_negative
pos_82,1,F4_security_osint_cve,nocomp9/poc-CVE-2001-1473,synthetic,3,test,0.39047584,1,correct
pos_83,1,F4_security_osint_cve,themaxlpalfaboyr/CVE-2025-54897-LAB,synthetic,3,test,3.7266393e-06,0,false_negative
pos_84,1,F4_security_osint_cve,Zeeeep/spyder-osint,synthetic,3,test,0.008577485,0,false_negative
pos_85,1,F4_security_osint_cve,Zeeeepa2/spyder-osint2,synthetic,3,test,0.0004305571,0,false_negative
pos_86,1,F4_security_osint_cve,adminlove5203/VulnWatchDog,synthetic,3,test,0.011597362,0,false_negative
pos_87,1,F4_security_osint_cve,nocomp4/poc-CVE-2001-1473,synthetic,3,test,2.3552617e-05,0,false_negative
pos_88,1,F4_security_osint_cve,themaxlpalfaboyk/CVE-2025-54897-LAB,synthetic,3,test,3.5008545e-06,0,false_negative
pos_89,1,F4_security_osint_cve,Zeeeepa2/spyder-osint,synthetic,3,test,0.0043994132,0,false_negative
pos_90,1,F4_security_osint_cve,Zeeeepa3/spyder-osint2,synthetic,3,test,0.00048785715,0,false_negative
pos_91,1,F4_security_osint_cve,adminlove52/VulnWatchDog,synthetic,3,test,0.0062412596,0,false_negative
pos_92,1,F4_security_osint_cve,nocomps/poc-CVE-2001-1473,synthetic,3,test,0.13523209,1,correct
pos_93,1,F4_security_osint_cve,themaxlpalfaboy2/CVE-2025-54897-LAB,synthetic,3,test,3.6119832e-06,0,false_negative
pos_94,1,F4_security_osint_cve,Zeeeep2/spyder-osint,synthetic,3,test,0.010408315,0,false_negative
pos_95,1,F4_security_osint_cve,Zeeeep/spyder-osint2,synthetic,3,test,0.0190509,1,correct
pos_96,1,F4_security_osint_cve,adminlove520v/VulnWatchDog,synthetic,3,test,0.015906392,1,correct
pos_97,1,F4_security_osint_cve,nocomp7/poc-CVE-2001-1473,synthetic,3,test,0.36116472,1,correct
pos_98,1,F4_security_osint_cve,themaxlpalfabo/CVE-2025-54897-LAB,synthetic,3,test,0.007876707,0,false_negative
pos_99,1,F4_security_osint_cve,Zeeeepaz/spyder-osint,synthetic,3,test,0.009596455,0,false_negative
pos_100,1,F4_security_osint_cve,Zeeeepa4/spyder-osint2,synthetic,3,test,0.00048785715,0,false_negative
pos_101,1,F4_security_osint_cve,adminlove520t/VulnWatchDog,synthetic,3,test,0.010013569,0,false_negative
pos_102,1,F4_security_osint_cve,nocompf/poc-CVE-2001-1473,synthetic,3,test,0.008511303,0,false_negative
pos_103,1,F4_security_osint_cve,themaxlpalfaboy3/CVE-2025-54897-LAB,synthetic,3,test,3.5008545e-06,0,false_negative
pos_104,1,F4_security_osint_cve,Zeeeepa3/spyder-osint,synthetic,3,test,0.04885778,1,correct
pos_105,1,F4_security_osint_cve,Zeeeepa5/spyder-osint2,synthetic,3,test,0.0005193048,0,false_negative
pos_106,1,F4_security_osint_cve,adminlove520f/VulnWatchDog,synthetic,3,test,0.012722708,0,false_negative
pos_107,1,F4_security_osint_cve,nocom/poc-CVE-2001-1473,synthetic,3,test,0.13637818,1,correct
pos_108,1,F4_security_osint_cve,themaxlpalfaboy4/CVE-2025-54897-LAB,synthetic,3,test,3.9669862e-06,0,false_negative
pos_109,1,F4_security_osint_cve,Zeeeepa4/spyder-osint,synthetic,3,test,0.003707253,0,false_negative
pos_110,1,F4_security_osint_cve,Zeeeepap/spyder-osint2,synthetic,3,test,0.01778039,1,correct
pos_111,1,F4_security_osint_cve,adminlove520x/VulnWatchDog,synthetic,3,test,0.014172365,0,false_negative
pos_112,1,F4_security_osint_cve,nocompa/poc-CVE-2001-1473,synthetic,3,test,0.0075187185,0,false_negative
pos_113,1,F4_security_osint_cve,themaxlpalfaboy5/CVE-2025-54897-LAB,synthetic,3,test,3.6119832e-06,0,false_negative
pos_114,1,F4_security_osint_cve,Zeeeepaw/spyder-osint,synthetic,3,test,0.008348054,0,false_negative
pos_115,1,F4_security_osint_cve,Zeeeepax/spyder-osint2,synthetic,3,test,0.01964376,1,correct
pos_116,1,F4_security_osint_cve,adminlove522/VulnWatchDog,synthetic,3,test,0.14223188,1,correct
pos_117,1,F4_security_osint_cve,nocomp2/poc-CVE-2001-1473,synthetic,3,test,0.40733343,1,correct
pos_118,1,F4_security_osint_cve,themaxlpalfaboy6/CVE-2025-54897-LAB,synthetic,3,test,4.0929112e-06,0,false_negative
pos_119,1,F4_security_osint_cve,Zeeeepa5/spyder-osint,synthetic,3,test,0.044680875,1,correct
pos_120,1,F4_security_osint_cve,Zeeeep2/spyder-osint2,synthetic,3,test,0.016914913,1,correct
pos_121,1,F4_security_osint_cve,adminlove5200/VulnWatchDog,synthetic,3,test,0.01566365,1,correct
pos_122,1,F4_security_osint_cve,nocom2/poc-CVE-2001-1473,synthetic,3,test,2.1444948e-05,0,false_negative
pos_123,1,F4_security_osint_cve,themaxlpalfabo2/CVE-2025-54897-LAB,synthetic,3,test,0.0053018946,0,false_negative
pos_124,1,F4_security_osint_cve,Zeeeep3/spyder-osint,synthetic,3,test,0.0109234555,0,false_negative
pos_125,1,F4_security_osint_cve,Zeeeep3/spyder-osint2,synthetic,3,test,0.016914913,1,correct
pos_126,1,F4_security_osint_cve,adminlove520o/VulnWatchDog,synthetic,3,test,0.012241275,0,false_negative
pos_127,1,F4_security_osint_cve,nocompb/poc-CVE-2001-1473,synthetic,3,test,0.007011795,0,false_negative
pos_128,1,F4_security_osint_cve,themaxlpalfaboy7/CVE-2025-54897-LAB,synthetic,3,test,3.7266393e-06,0,false_negative
pos_129,1,F4_security_osint_cve,Zeeeep4/spyder-osint,synthetic,3,test,0.045692034,1,correct
pos_130,1,F4_security_osint_cve,Zeeeepa6/spyder-osint2,synthetic,3,test,0.0077555366,0,false_negative
pos_131,1,F4_security_osint_cve,adminlove5208/VulnWatchDog,synthetic,3,test,0.007815888,0,false_negative
pos_132,1,F4_security_osint_cve,nocompc/poc-CVE-2001-1473,synthetic,3,test,0.15456735,1,correct
pos_133,1,F4_security_osint_cve,themaxlpalfaboy8/CVE-2025-54897-LAB,synthetic,3,test,3.3931449e-06,0,false_negative
pos_134,1,F4_security_osint_cve,Zeeeep5/spyder-osint,synthetic,3,test,0.010902373,0,false_negative
pos_135,1,F4_security_osint_cve,Zeeeepaz/spyder-osint2,synthetic,3,test,0.009559399,0,false_negative
neg_6,0,NEG::0xalberto__solana-crash-game.json,0xalberto/solana-crash-game,real_negative,3,test,0.0030515103,0,correct
neg_27,0,NEG::0xpranay__WildCoins-NFT.json,0xpranay/WildCoins-NFT,real_negative,3,test,0.0045384313,0,correct
neg_29,0,NEG::0xRobWatson__Allowance-dApp.json,0xRobWatson/Allowance-dApp,real_negative,3,test,0.05623634,1,false_positive
neg_41,0,NEG::23Konradbase__altseason-ethereum.json,23Konradbase/altseason-ethereum,real_negative,3,test,7.031184e-05,0,correct
neg_43,0,NEG::339-Labs__wallet-platform-mpc-go.json,339-Labs/wallet-platform-mpc-go,real_negative,3,test,4.331904e-05,0,correct
neg_46,0,NEG::6sl3pt__ethereum-data-analytics.json,6sl3pt/ethereum-data-analytics,real_negative,3,test,0.008610767,0,correct
neg_51,0,NEG::a6b8__ascii-to-svg-generator-for-ruby.json,a6b8/ascii-to-svg-generator-for-ruby,real_negative,3,test,0.00053161324,0,correct
neg_52,0,NEG::aankor__wnft.json,aankor/wnft,real_negative,3,test,0.018546565,1,false_positive
neg_59,0,NEG::abba-platforms__NADD.json,abba-platforms/NADD,real_negative,3,test,0.0030396497,0,correct
neg_61,0,NEG::abdurrazzak5621__neonops-ai.json,abdurrazzak5621/neonops-ai,real_negative,3,test,0.00017400544,0,correct
neg_76,0,NEG::adamocallaghan__membrane-finance-v2.json,adamocallaghan/membrane-finance-v2,real_negative,3,test,0.00011235327,0,correct
neg_86,0,NEG::adrianmcli__eth95.json,adrianmcli/eth95,real_negative,3,test,0.00018164382,0,correct
neg_87,0,NEG::adrianmcli__ganache-jest-example.json,adrianmcli/ganache-jest-example,real_negative,3,test,0.010570489,0,correct
neg_95,0,NEG::aeminium-labs__nextjs-solana-starter-kit.json,aeminium-labs/nextjs-solana-starter-kit,real_negative,3,test,0.0012448432,0,correct
neg_102,0,NEG::aha-moment-group__braavos.json,aha-moment-group/braavos,real_negative,3,test,1.9525884e-05,0,correct
neg_105,0,NEG::ahmadbrainworks__fiddi.json,ahmadbrainworks/fiddi,real_negative,3,test,5.307508e-05,0,correct
neg_113,0,NEG::aidevrelagent__nama-repo-lowercase-dengan-dash-v2.json,aidevrelagent/nama-repo-lowercase-dengan-dash-v2,real_negative,3,test,0.019124037,1,false_positive
neg_118,0,NEG::ajaysaini-sgvu__cryptocurrency-api.json,ajaysaini-sgvu/cryptocurrency-api,real_negative,3,test,0.13916224,1,false_positive
neg_122,0,NEG::akbarwijayaa__simple-defi-flash.json,akbarwijayaa/simple-defi-flash,real_negative,3,test,0.1710612,1,false_positive
neg_135,0,NEG::AleRapchan__nft-token-factory.json,AleRapchan/nft-token-factory,real_negative,3,test,0.04867657,1,false_positive
neg_140,0,NEG::AlexCheema__Tanuki.json,AlexCheema/Tanuki,real_negative,3,test,0.00093994394,0,correct
neg_144,0,NEG::alexx855__axie-tools.json,alexx855/axie-tools,real_negative,3,test,0.049589027,1,false_positive
neg_149,0,NEG::aliezzahn__crypto-price-correlation-matrix.json,aliezzahn/crypto-price-correlation-matrix,real_negative,3,test,0.0094490815,0,correct
neg_151,0,NEG::Alikhan-Shanbay__AegisScan.json,Alikhan-Shanbay/AegisScan,real_negative,3,test,0.41063806,1,false_positive
neg_152,0,NEG::aliraza944__MultiSig-Wallet-.json,aliraza944/MultiSig-Wallet-,real_negative,3,test,2.0145691e-05,0,correct
neg_155,0,NEG::AllanOtieno254__SmartContractVendingMachine.json,AllanOtieno254/SmartContractVendingMachine,real_negative,3,test,5.5189234e-05,0,correct
neg_157,0,NEG::aloshai__aequi-monorepo.json,aloshai/aequi-monorepo,real_negative,3,test,0.005554925,0,correct
neg_160,0,NEG::alpha-sol__alpha-frontend.json,alpha-sol/alpha-frontend,real_negative,3,test,0.028007522,1,false_positive
neg_162,0,NEG::alto-io__contractor.json,alto-io/contractor,real_negative,3,test,0.0006070755,0,correct
neg_166,0,NEG::amdonatusprince__brownie_simple_storage-application.json,amdonatusprince/brownie_simple_storage-application,real_negative,3,test,7.254361e-05,0,correct
neg_169,0,NEG::Amr-9__HexHunter.json,Amr-9/HexHunter,real_negative,3,test,0.23651622,1,false_positive
neg_177,0,NEG::andrejrakic__Pied-Piper-DeFi-App-Subspace-Demo-.json,andrejrakic/Pied-Piper-DeFi-App-Subspace-Demo-,real_negative,3,test,0.00026947915,0,correct
neg_180,0,NEG::angelcatanzariti1__web3_py_example.json,angelcatanzariti1/web3_py_example,real_negative,3,test,0.000110611596,0,correct
neg_185,0,NEG::anoff__cryptobooks.json,anoff/cryptobooks,real_negative,3,test,0.02517884,1,false_positive
neg_189,0,NEG::Anton1636__crypto-wallet.json,Anton1636/crypto-wallet,real_negative,3,test,0.022542968,1,false_positive
neg_190,0,NEG::antoniopgs__tangible.json,antoniopgs/tangible,real_negative,3,test,0.008577485,0,correct
neg_194,0,NEG::anza-xyz__wallet-adapter.json,anza-xyz/wallet-adapter,real_negative,3,test,0.13568954,1,false_positive
neg_198,0,NEG::apeboard__pools.json,apeboard/pools,real_negative,3,test,0.0005815577,0,correct
neg_210,0,NEG::ardriveapp__turbo-app.json,ardriveapp/turbo-app,real_negative,3,test,0.30735803,1,false_positive
neg_212,0,NEG::Arifin036__defi-staking-dapp.json,Arifin036/defi-staking-dapp,real_negative,3,test,0.05360114,1,false_positive
neg_223,0,NEG::arthur0725__CryptoZombie.json,arthur0725/CryptoZombie,real_negative,3,test,8.092758e-05,0,correct
neg_224,0,NEG::ArthurAhiyarov__Hardhat-Betting-Smart-Contract-Bsc.json,ArthurAhiyarov/Hardhat-Betting-Smart-Contract-Bsc,real_negative,3,test,0.0001823546,0,correct
neg_226,0,NEG::artimonist__artimonist-cli.json,artimonist/artimonist-cli,real_negative,3,test,0.0021157034,0,correct
neg_228,0,NEG::AS-1312__Crypto-Steps.json,AS-1312/Crypto-Steps,real_negative,3,test,0.0011424494,0,correct
neg_229,0,NEG::as3360__ReinforcementLearntTradingBot.json,as3360/ReinforcementLearntTradingBot,real_negative,3,test,0.00011235327,0,correct
neg_230,0,NEG::ashbz__CryptoSharp.json,ashbz/CryptoSharp,real_negative,3,test,9.993032e-05,0,correct
neg_236,0,NEG::ASPPIBRA-DAO__DIGITAL_WORLD_REAL_ESTATE_MARKET.json,ASPPIBRA-DAO/DIGITAL_WORLD_REAL_ESTATE_MARKET,real_negative,3,test,0.055412795,1,false_positive
neg_239,0,NEG::atlaschain__contracts.json,atlaschain/contracts,real_negative,3,test,0.00023782207,0,correct
neg_246,0,NEG::Axentro__Axentro.json,Axentro/Axentro,real_negative,3,test,0.8418256,1,false_positive
neg_249,0,NEG::axone-protocol__contracts.json,axone-protocol/contracts,real_negative,3,test,0.0002415663,0,correct
neg_253,0,NEG::ayushn2__market_maker.json,ayushn2/market_maker,real_negative,3,test,0.031143833,1,false_positive
neg_277,0,NEG::BeanstalkFarms__Beanstalk.json,BeanstalkFarms/Beanstalk,real_negative,3,test,1.0783313e-05,0,correct
neg_280,0,NEG::belimad__NftHorizon.json,belimad/NftHorizon,real_negative,3,test,0.0032476767,0,correct
neg_282,0,NEG::benjaminbang987__crypto.json,benjaminbang987/crypto,real_negative,3,test,0.006903838,0,correct
neg_287,0,NEG::bevry-archive__emailtowallet.json,bevry-archive/emailtowallet,real_negative,3,test,0.001810211,0,correct
neg_291,0,NEG::BibliothecaDAO__realms-contracts.json,BibliothecaDAO/realms-contracts,real_negative,3,test,0.00048785715,0,correct
neg_293,0,NEG::bifrost-platform__solidity-contract-configs.json,bifrost-platform/solidity-contract-configs,real_negative,3,test,2.430024e-05,0,correct
neg_303,0,NEG::bitcoin-wallet__bitcoin-wallet.json,bitcoin-wallet/bitcoin-wallet,real_negative,3,test,0.001867566,0,correct
neg_309,0,NEG::bjboss007__flask-web3-solidity.json,bjboss007/flask-web3-solidity,real_negative,3,test,1.4285517e-05,0,correct
neg_310,0,NEG::bkrem__react-nft-gallery.json,bkrem/react-nft-gallery,real_negative,3,test,0.0017546144,0,correct
neg_321,0,NEG::blockchaingate__eXchangily-web.json,blockchaingate/eXchangily-web,real_negative,3,test,0.0003250359,0,correct
neg_330,0,NEG::bob-collective__bob.json,bob-collective/bob,real_negative,3,test,0.0006263342,0,correct
neg_338,0,NEG::BraianVaylet__buildspace-epic-nfts-ui.json,BraianVaylet/buildspace-epic-nfts-ui,real_negative,3,test,0.015424551,1,false_positive
neg_342,0,NEG::brilliant927__nft-mint-polygon.json,brilliant927/nft-mint-polygon,real_negative,3,test,0.18010665,1,false_positive
neg_351,0,NEG::Busulis__OPNet-Vesting.json,Busulis/OPNet-Vesting,real_negative,3,test,0.5312094,1,false_positive
neg_356,0,NEG::Bytez3__MEDiscordBuySell.json,Bytez3/MEDiscordBuySell,real_negative,3,test,0.00013982208,0,correct
neg_359,0,NEG::C0A21130__web3-demo-app.json,C0A21130/web3-demo-app,real_negative,3,test,5.1522356e-08,0,correct
neg_361,0,NEG::CaiqueRibeiro__decentralized-stripe.json,CaiqueRibeiro/decentralized-stripe,real_negative,3,test,0.0006023541,0,correct
neg_366,0,NEG::capsulesocial__capsule-near.json,capsulesocial/capsule-near,real_negative,3,test,0.2509128,1,false_positive
neg_372,0,NEG::catze-labs__jury-dao-web.json,catze-labs/jury-dao-web,real_negative,3,test,0.00027803096,0,correct
neg_374,0,NEG::cdc-Hitesh__cdc-Hitesh.github.io.json,cdc-Hitesh/cdc-Hitesh.github.io,real_negative,3,test,0.0067975316,0,correct
neg_377,0,NEG::ChainAgnostic__CAIPs.json,ChainAgnostic/CAIPs,real_negative,3,test,0.00089693937,0,correct
neg_398,0,NEG::chmajidnaeem__blockchain-bitcoin.json,chmajidnaeem/blockchain-bitcoin,real_negative,3,test,0.002631674,0,correct
neg_401,0,NEG::ChrisdeWolf__blockchain-attack-probabilities.json,ChrisdeWolf/blockchain-attack-probabilities,real_negative,3,test,0.0014103585,0,correct
neg_407,0,NEG::CJpaekil__nft-marketplace-ERC721.json,CJpaekil/nft-marketplace-ERC721,real_negative,3,test,0.0014953385,0,correct
neg_408,0,NEG::classicshi__web3-decoder.json,classicshi/web3-decoder,real_negative,3,test,0.025083141,1,false_positive
neg_410,0,NEG::cloudframeworks-blockchain__user-guide-fabric-smart-contract.json,cloudframeworks-blockchain/user-guide-fabric-smart-contract,real_negative,3,test,6.605214e-05,0,correct
neg_417,0,NEG::Code-Decoders__specter-defi-near.json,Code-Decoders/specter-defi-near,real_negative,3,test,0.0040072887,0,correct
neg_427,0,NEG::codymj__GeminiCryptoTrader.json,codymj/GeminiCryptoTrader,real_negative,3,test,0.030908957,1,false_positive
neg_432,0,NEG::Coldcard__firmware.json,Coldcard/firmware,real_negative,3,test,0.78596646,1,false_positive
neg_440,0,NEG::ConsenSysDiligence__0x-review.json,ConsenSysDiligence/0x-review,real_negative,3,test,0.1431877,1,false_positive
neg_443,0,NEG::Consensys__defi-score.json,Consensys/defi-score,real_negative,3,test,0.0140636265,0,correct
neg_446,0,NEG::coral-xyz__backpack.json,coral-xyz/backpack,real_negative,3,test,0.2509128,1,false_positive
neg_451,0,NEG::courtney-haley__SUPERIO-DeFi-Yield-Farm.json,courtney-haley/SUPERIO-DeFi-Yield-Farm,real_negative,3,test,0.051082738,1,false_positive
neg_455,0,NEG::Cr0mb__Satoshi-Sweeper.json,Cr0mb/Satoshi-Sweeper,real_negative,3,test,0.00093994394,0,correct
neg_458,0,NEG::crestalnetwork__intentkit.json,crestalnetwork/intentkit,real_negative,3,test,0.12085323,1,false_positive
neg_459,0,NEG::cristiandbetancurg__fulgol.json,cristiandbetancurg/fulgol,real_negative,3,test,4.1335396e-05,0,correct
neg_461,0,NEG::crossclaim__btcrelay-sol.json,crossclaim/btcrelay-sol,real_negative,3,test,5.0644718e-05,0,correct
neg_463,0,NEG::crypto-balance-checker-seed-phrases__crypto-balance-checker-seed-phrases.json,crypto-balance-checker-seed-phrases/crypto-balance-checker-seed-phrases,real_negative,3,test,0.8305941,1,false_positive
neg_464,0,NEG::crypto-cooker__Web3-Project-Overview.json,crypto-cooker/Web3-Project-Overview,real_negative,3,test,0.007176882,0,correct
neg_467,0,NEG::Crypto0390__nft-airdrops.json,Crypto0390/nft-airdrops,real_negative,3,test,0.11676401,1,false_positive
neg_478,0,NEG::cryptomkt__cryptomkt-python.json,cryptomkt/cryptomkt-python,real_negative,3,test,0.029873094,1,false_positive
neg_487,0,NEG::curvefi__curve-contract.json,curvefi/curve-contract,real_negative,3,test,0.078642376,1,false_positive
neg_492,0,NEG::czeti__shamus.json,czeti/shamus,real_negative,3,test,0.039937317,1,false_positive
neg_493,0,NEG::czhc__bookmarks.json,czhc/bookmarks,real_negative,3,test,0.028870907,1,false_positive
neg_495,0,NEG::D-Y-So__Blockchain_Project.json,D-Y-So/Blockchain_Project,real_negative,3,test,6.8148714e-05,0,correct
neg_496,0,NEG::d3or__eth-vanity-gen.json,d3or/eth-vanity-gen,real_negative,3,test,0.0001355208,0,correct
neg_507,0,NEG::danilych__token-factory-web-app.json,danilych/token-factory-web-app,real_negative,3,test,0.014281935,0,correct
neg_508,0,NEG::danilych__token-sale.json,danilych/token-sale,real_negative,3,test,0.0012255674,0,correct
neg_509,0,NEG::danpatrocinio__web3-api.json,danpatrocinio/web3-api,real_negative,3,test,0.0107351625,0,correct
neg_511,0,NEG::dapperlabs__dapper-contracts.json,dapperlabs/dapper-contracts,real_negative,3,test,0.20946968,1,false_positive
neg_516,0,NEG::dappros__nfmt.json,dappros/nfmt,real_negative,3,test,0.047780063,1,false_positive
neg_522,0,NEG::darkgrovelabs__sec3hub.json,darkgrovelabs/sec3hub,real_negative,3,test,0.00015843622,0,correct
neg_523,0,NEG::darrylyeo__blockhead.json,darrylyeo/blockhead,real_negative,3,test,0.02517884,1,false_positive
neg_525,0,NEG::Daudxu__eth-wallet-modal.json,Daudxu/eth-wallet-modal,real_negative,3,test,0.003976228,0,correct
neg_529,0,NEG::davidmeng630__defi.json,davidmeng630/defi,real_negative,3,test,1.6187581e-05,0,correct
neg_530,0,NEG::dbarobin__awesome-mirror.json,dbarobin/awesome-mirror,real_negative,3,test,0.00012339458,0,correct
neg_539,0,NEG::Deeppanchal2108__metaflex-nft-lab.json,Deeppanchal2108/metaflex-nft-lab,real_negative,3,test,0.55012405,1,false_positive
neg_543,0,NEG::DeFiDesk__DeFiDesk.github.io.json,DeFiDesk/DeFiDesk.github.io,real_negative,3,test,5.1442214e-05,0,correct
neg_544,0,NEG::defilab__defi-blockchain-dumper.json,defilab/defi-blockchain-dumper,real_negative,3,test,5.475977e-05,0,correct
neg_548,0,NEG::DeFireX__defirex-protocol-v3.json,DeFireX/defirex-protocol-v3,real_negative,3,test,3.3214194e-05,0,correct
neg_549,0,NEG::delvtech__agent0.json,delvtech/agent0,real_negative,3,test,0.00035697062,0,correct
neg_574,0,NEG::dgrmunch__docuten-blockchain-proof-dapp.json,dgrmunch/docuten-blockchain-proof-dapp,real_negative,3,test,0.0024726235,0,correct
neg_576,0,NEG::dharmaprotocol__dharma.js.json,dharmaprotocol/dharma.js,real_negative,3,test,0.023153413,1,false_positive
neg_584,0,NEG::Dilkashpeshimam18__defi-contracts.json,Dilkashpeshimam18/defi-contracts,real_negative,3,test,4.4001186e-05,0,correct
neg_585,0,NEG::DimarcoKevin__CryptoZombies.json,DimarcoKevin/CryptoZombies,real_negative,3,test,4.6838886e-05,0,correct
neg_591,0,NEG::DjibrilM__strike-wallet.json,DjibrilM/strike-wallet,real_negative,3,test,0.004943689,0,correct
neg_595,0,NEG::dmakarov-dev__Ethereum-Solidity-token.json,dmakarov-dev/Ethereum-Solidity-token,real_negative,3,test,5.8291265e-05,0,correct
neg_596,0,NEG::dmitriiprusakov__definition-hack-nft-versus.json,dmitriiprusakov/definition-hack-nft-versus,real_negative,3,test,8.220189e-05,0,correct
neg_600,0,NEG::DonggeunYu__MEV-Attack-on-the-BSC.json,DonggeunYu/MEV-Attack-on-the-BSC,real_negative,3,test,0.0037654138,0,correct
neg_602,0,NEG::Dopular__CLI-Searching-and-Tracing-EVMTransactions.json,Dopular/CLI-Searching-and-Tracing-EVMTransactions,real_negative,3,test,0.00085590064,0,correct
neg_603,0,NEG::dorianbayart__DexPairs.json,dorianbayart/DexPairs,real_negative,3,test,0.29583988,1,false_positive
neg_604,0,NEG::dozerokz__polymarket_monitor.json,dozerokz/polymarket_monitor,real_negative,3,test,0.023153413,1,false_positive
neg_612,0,NEG::ducga1998__tai-xiu-smart-contract.json,ducga1998/tai-xiu-smart-contract,real_negative,3,test,4.4001186e-05,0,correct
neg_621,0,NEG::EdgeApp__edge-react-gui.json,EdgeApp/edge-react-gui,real_negative,3,test,0.0140636265,0,correct
neg_624,0,NEG::edwintyx__Blockchain-Cryptocurrency-Project.json,edwintyx/Blockchain-Cryptocurrency-Project,real_negative,3,test,4.1335396e-05,0,correct
neg_636,0,NEG::emerald-dao__float.json,emerald-dao/float,real_negative,3,test,0.0039454065,0,correct
neg_641,0,NEG::emlynazuma__blockchainCrawler.json,emlynazuma/blockchainCrawler,real_negative,3,test,0.013325147,0,correct
neg_648,0,NEG::Enkhai__crypto-blockchain-python.json,Enkhai/crypto-blockchain-python,real_negative,3,test,5.1442214e-05,0,correct
neg_649,0,NEG::enricobottazzi__Zeko.json,enricobottazzi/Zeko,real_negative,3,test,0.0007321813,0,correct
neg_652,0,NEG::EnridoZanoge__Layer-1.json,EnridoZanoge/Layer-1,real_negative,3,test,4.9859584e-05,0,correct
neg_653,0,NEG::enzymefinance__protocol.json,enzymefinance/protocol,real_negative,3,test,0.0024726235,0,correct
neg_654,0,NEG::eonian-core__farm.json,eonian-core/farm,real_negative,3,test,0.0153063545,1,false_positive
neg_656,0,NEG::EpicVillage__Ore-Blue-Miner.json,EpicVillage/Ore-Blue-Miner,real_negative,3,test,0.2814056,1,false_positive
neg_659,0,NEG::eq-lab__marginly.json,eq-lab/marginly,real_negative,3,test,0.07316472,1,false_positive
neg_673,0,NEG::ethersphere__swap-swear-and-swindle.json,ethersphere/swap-swear-and-swindle,real_negative,3,test,0.07589242,1,false_positive
neg_677,0,NEG::Ev3rlasting__Sui-Vanity-Wallet-Generator.json,Ev3rlasting/Sui-Vanity-Wallet-Generator,real_negative,3,test,3.7052967e-05,0,correct
neg_678,0,NEG::everstake__wallet-sdk.json,everstake/wallet-sdk,real_negative,3,test,0.011179602,0,correct
neg_686,0,NEG::exekerey__3xpl-mcp.json,exekerey/3xpl-mcp,real_negative,3,test,0.20181322,1,false_positive
neg_692,0,NEG::f-z__decentralized-option-trading-platform.json,f-z/decentralized-option-trading-platform,real_negative,3,test,8.349628e-05,0,correct
neg_698,0,NEG::fadliferdian28__MyCryptoToken.json,fadliferdian28/MyCryptoToken,real_negative,3,test,0.0062899017,0,correct
neg_700,0,NEG::faizack__Supply-Chain-Blockchain.json,faizack/Supply-Chain-Blockchain,real_negative,3,test,0.0014895173,0,correct
neg_717,0,NEG::FIT-DNU__Blockchain-Technology.json,FIT-DNU/Blockchain-Technology,real_negative,3,test,1.4593763e-06,0,correct
neg_722,0,NEG::floranguyen0__nft-marketplace.json,floranguyen0/nft-marketplace,real_negative,3,test,4.0063693e-05,0,correct
neg_731,0,NEG::frankiefab100__Blockchain-Development-Resources.json,frankiefab100/Blockchain-Development-Resources,real_negative,3,test,0.00021318757,0,correct
neg_733,0,NEG::FredericRezeau__soroban-snooker.json,FredericRezeau/soroban-snooker,real_negative,3,test,0.0019117693,0,correct
neg_738,0,NEG::FriendlyUser__solidity-smart-contracts.json,FriendlyUser/solidity-smart-contracts,real_negative,3,test,4.495181e-06,0,correct
neg_740,0,NEG::fullstack-development__blockchain-wiki-en.json,fullstack-development/blockchain-wiki-en,real_negative,3,test,0.63793355,1,false_positive
neg_741,0,NEG::fundgao__xiuxian.json,fundgao/xiuxian,real_negative,3,test,0.16451646,1,false_positive
neg_745,0,NEG::gakonst__ethers-rs.json,gakonst/ethers-rs,real_negative,3,test,3.5913014e-05,0,correct
neg_749,0,NEG::gbto__web3-everything.json,gbto/web3-everything,real_negative,3,test,0.22000709,1,false_positive
neg_751,0,NEG::Gearbox-protocol__gearbox-protocol-description.json,Gearbox-protocol/gearbox-protocol-description,real_negative,3,test,0.0011740823,0,correct
neg_753,0,NEG::Generic35__Ethereum-Wallet-Dai-Token-Clone.json,Generic35/Ethereum-Wallet-Dai-Token-Clone,real_negative,3,test,2.0145691e-05,0,correct
neg_763,0,NEG::gitthekid__Ethereum-Flashloan-DEX-Arbitrage-Contracts.json,gitthekid/Ethereum-Flashloan-DEX-Arbitrage-Contracts,real_negative,3,test,0.058776557,1,false_positive
neg_768,0,NEG::gmh5225__awesome-crypto-wallet-address.json,gmh5225/awesome-crypto-wallet-address,real_negative,3,test,0.94776917,1,false_positive
neg_772,0,NEG::gobeyondfj-cmd__cryptoagent-ai.json,gobeyondfj-cmd/cryptoagent-ai,real_negative,3,test,0.00018522574,0,correct
neg_780,0,NEG::grandsmarquis__ethereumdevio-dex-tutorial.json,grandsmarquis/ethereumdevio-dex-tutorial,real_negative,3,test,0.00048785715,0,correct
neg_782,0,NEG::greekfetacheese__zeus.json,greekfetacheese/zeus,real_negative,3,test,0.24944724,1,false_positive
neg_785,0,NEG::gsachin1809__bitcoin_wallet.json,gsachin1809/bitcoin_wallet,real_negative,3,test,0.00013982208,0,correct
neg_786,0,NEG::gskril__mnemonic-guesser.json,gskril/mnemonic-guesser,real_negative,3,test,0.0075772414,0,correct
neg_788,0,NEG::guillaumelauzier__rootstock-NFT.json,guillaumelauzier/rootstock-NFT,real_negative,3,test,0.0026939143,0,correct
neg_800,0,NEG::HackUnderway__BlockChain.json,HackUnderway/BlockChain,real_negative,3,test,2.430024e-05,0,correct
neg_804,0,NEG::haf-decent__bArb.json,haf-decent/bArb,real_negative,3,test,0.6584175,1,false_positive
neg_807,0,NEG::Hany-Almnaem__Solana-Documents-as-NFTs-in-a-wallet-Project.json,Hany-Almnaem/Solana-Documents-as-NFTs-in-a-wallet-Project,real_negative,3,test,0.3328523,1,false_positive
neg_809,0,NEG::HappyGroupHub__Ethereum-Wallet-Tracker.json,HappyGroupHub/Ethereum-Wallet-Tracker,real_negative,3,test,0.00036259,0,correct
neg_810,0,NEG::Hardchat__Web3.py-Transaction.json,Hardchat/Web3.py-Transaction,real_negative,3,test,0.0034296038,0,correct
neg_814,0,NEG::HarryR__shwop.json,HarryR/shwop,real_negative,3,test,5.649793e-05,0,correct
neg_820,0,NEG::hashemabad__MultiSigWallet.json,hashemabad/MultiSigWallet,real_negative,3,test,0.0012255674,0,correct
neg_822,0,NEG::HashLips__nft_collection_minter.json,HashLips/nft_collection_minter,real_negative,3,test,0.00085590064,0,correct
neg_826,0,NEG::haxpor__inoutflow.json,haxpor/inoutflow,real_negative,3,test,0.46004626,1,false_positive
neg_828,0,NEG::hdwaIIet-io__python-hdwallet.json,hdwaIIet-io/python-hdwallet,real_negative,3,test,0.00020342699,0,correct
neg_829,0,NEG::HectorNBL__eth_solseum_gen_hnbl.json,HectorNBL/eth_solseum_gen_hnbl,real_negative,3,test,0.6959583,1,false_positive
neg_836,0,NEG::hilmikt__Web3.json,hilmikt/Web3,real_negative,3,test,5.1442214e-05,0,correct
neg_837,0,NEG::HimanshuGupta-p1__ETHIFY.json,HimanshuGupta-p1/ETHIFY,real_negative,3,test,0.007176882,0,correct
neg_840,0,NEG::hiwadrashad__Crypto-Currency.json,hiwadrashad/Crypto-Currency,real_negative,3,test,3.6478537e-05,0,correct
neg_841,0,NEG::hobbleabbas__Bitcoin-RPC-API.json,hobbleabbas/Bitcoin-RPC-API,real_negative,3,test,0.8322367,1,false_positive
neg_843,0,NEG::holder-bot__wallet-testnet.json,holder-bot/wallet-testnet,real_negative,3,test,0.29746994,1,false_positive
neg_849,0,NEG::horizontalsystems__bitcoin-kit-ios.json,horizontalsystems/bitcoin-kit-ios,real_negative,3,test,0.0013458604,0,correct
neg_852,0,NEG::horizontalsystems__unstoppable-wallet-ios.json,horizontalsystems/unstoppable-wallet-ios,real_negative,3,test,0.01812472,1,false_positive
neg_854,0,NEG::hovig__web3-fabric-voting-dapp.json,hovig/web3-fabric-voting-dapp,real_negative,3,test,0.0023322338,0,correct
neg_859,0,NEG::hummingbot__hummingbot.json,hummingbot/hummingbot,real_negative,3,test,0.7401744,1,false_positive
neg_861,0,NEG::Huy-2k11__Native-Parser.json,Huy-2k11/Native-Parser,real_negative,3,test,0.31405056,1,false_positive
neg_868,0,NEG::iamnotstatic__multichain-crypto-wallet.json,iamnotstatic/multichain-crypto-wallet,real_negative,3,test,0.0062412596,0,correct
neg_870,0,NEG::ianmah__cryptostory.json,ianmah/cryptostory,real_negative,3,test,0.11201596,1,false_positive
neg_873,0,NEG::IBQ-SUP__b-rad-coin.json,IBQ-SUP/b-rad-coin,real_negative,3,test,0.00035143827,0,correct
neg_886,0,NEG::imcrazysteven__Initial-Coin-Offering-Smart-Contract.json,imcrazysteven/Initial-Coin-Offering-Smart-Contract,real_negative,3,test,0.19193278,1,false_positive
neg_893,0,NEG::input-output-hk__mantis-wallet.json,input-output-hk/mantis-wallet,real_negative,3,test,0.0001313518,0,correct
neg_897,0,NEG::Isaacdelly__Plutus.json,Isaacdelly/Plutus,real_negative,3,test,0.001622967,0,correct
neg_905,0,NEG::ivanzhelyazkov__ethereum-wallet-manager.json,ivanzhelyazkov/ethereum-wallet-manager,real_negative,3,test,0.0025909794,0,correct
neg_912,0,NEG::jackey1510__MyNFT.json,jackey1510/MyNFT,real_negative,3,test,0.005663865,0,correct
neg_914,0,NEG::Jackhuang166__chess-smart-contract.json,Jackhuang166/chess-smart-contract,real_negative,3,test,0.6992544,1,false_positive
neg_922,0,NEG::Jahankohan__NFTWhiteListing.json,Jahankohan/NFTWhiteListing,real_negative,3,test,0.0064882697,0,correct
neg_930,0,NEG::janghona__go-ethereum-Jochain.json,janghona/go-ethereum-Jochain,real_negative,3,test,7.254361e-05,0,correct
neg_931,0,NEG::Janus-chan__ZkSync_Accounts.json,Janus-chan/ZkSync_Accounts,real_negative,3,test,0.48633155,1,false_positive
neg_945,0,NEG::jdogresorg__freewallet.json,jdogresorg/freewallet,real_negative,3,test,0.45616752,1,false_positive
neg_946,0,NEG::jeanne-cortes725n__ethere8.json,jeanne-cortes725n/ethere8,real_negative,3,test,0.00010229986,0,correct
neg_968,0,NEG::johnsonstephan__awesome-web3-formal-verification.json,johnsonstephan/awesome-web3-formal-verification,real_negative,3,test,0.018159512,1,false_positive
neg_969,0,NEG::jokeradms__Electrum-ADA.json,jokeradms/Electrum-ADA,real_negative,3,test,0.0019418169,0,correct
neg_973,0,NEG::jon4hz__ethconvert.json,jon4hz/ethconvert,real_negative,3,test,0.0020667946,0,correct
neg_975,0,NEG::joseoscarcc__TaqueriaCryptoChain.json,joseoscarcc/TaqueriaCryptoChain,real_negative,3,test,0.0029810332,0,correct
neg_980,0,NEG::jp-co-decoo-shirato__solidity-cryptozombies.json,jp-co-decoo-shirato/solidity-cryptozombies,real_negative,3,test,1.1843139e-05,0,correct
neg_991,0,NEG::jun1sen1__solidityone1.json,jun1sen1/solidityone1,real_negative,3,test,3.6478537e-05,0,correct
neg_992,0,NEG::Juniorduc44__brownie_fund_me.json,Juniorduc44/brownie_fund_me,real_negative,3,test,1.7778551e-05,0,correct
neg_995,0,NEG::jwinterm__cryptonoteRPCwalletGUI.json,jwinterm/cryptonoteRPCwalletGUI,real_negative,3,test,0.0024726235,0,correct
neg_997,0,NEG::kaamil-ahamadh__web3-ico-app.json,kaamil-ahamadh/web3-ico-app,real_negative,3,test,0.041462272,1,false_positive
neg_999,0,NEG::kansel-dev__solana-nft-sniper.json,kansel-dev/solana-nft-sniper,real_negative,3,test,0.51391244,1,false_positive
neg_1003,0,NEG::kartik78946__Bank-Wallet-SmartContract.json,kartik78946/Bank-Wallet-SmartContract,real_negative,3,test,5.8291265e-05,0,correct
neg_1004,0,NEG::Kartikey353__Bitcoin-WalletCmd.json,Kartikey353/Bitcoin-WalletCmd,real_negative,3,test,4.264747e-05,0,correct
neg_1016,0,NEG::KehindeA533__CryptoDev_NFTCollection_Frontend.json,KehindeA533/CryptoDev_NFTCollection_Frontend,real_negative,3,test,0.018404892,1,false_positive
neg_1018,0,NEG::kelvincup__base-learn.json,kelvincup/base-learn,real_negative,3,test,0.00013765463,0,correct
neg_1019,0,NEG::Kelvyne__starknet-storage-proof-solidity.json,Kelvyne/starknet-storage-proof-solidity,real_negative,3,test,0.00028240806,0,correct
neg_1022,0,NEG::kenpoon94__ethdenver-bootcamp-2022.json,kenpoon94/ethdenver-bootcamp-2022,real_negative,3,test,0.002396731,0,correct
neg_1023,0,NEG::kerala-blockchain-academy__ethereum-developer-program.json,kerala-blockchain-academy/ethereum-developer-program,real_negative,3,test,0.0145035805,0,correct
neg_1032,0,NEG::keyhunters__Biggest-Lost-Bitcoin-Wallets-List.json,keyhunters/Biggest-Lost-Bitcoin-Wallets-List,real_negative,3,test,0.00019411318,0,correct
neg_1033,0,NEG::khadar1020__bitcoin_wallet.json,khadar1020/bitcoin_wallet,real_negative,3,test,0.00027372167,0,correct
neg_1048,0,NEG::klntsky__sec.cyou.json,klntsky/sec.cyou,real_negative,3,test,0.00021995336,0,correct
neg_1053,0,NEG::konradisco__bitcoin-ethereum.json,konradisco/bitcoin-ethereum,real_negative,3,test,9.915273e-05,0,correct
neg_1054,0,NEG::KOSASIH__GEE-Platform.json,KOSASIH/GEE-Platform,real_negative,3,test,0.78596646,1,false_positive
neg_1056,0,NEG::Kr1ptal__ethers-kt.json,Kr1ptal/ethers-kt,real_negative,3,test,0.005554925,0,correct
neg_1058,0,NEG::kreskohq__kresko-protocol.json,kreskohq/kresko-protocol,real_negative,3,test,0.00061662967,0,correct
neg_1060,0,NEG::krrish-sehgal__nwc-playground.json,krrish-sehgal/nwc-playground,real_negative,3,test,0.00015416334,0,correct
neg_1069,0,NEG::kvmizu__transfer_eth.json,kvmizu/transfer_eth,real_negative,3,test,0.013636835,0,correct
neg_1081,0,NEG::Lavkush3411__nft-backend.json,Lavkush3411/nft-backend,real_negative,3,test,0.00095473166,0,correct
neg_1084,0,NEG::layer3xyz__cubes.json,layer3xyz/cubes,real_negative,3,test,0.0054269433,0,correct
neg_1097,0,NEG::leukaemiamedtech__hiasbch.json,leukaemiamedtech/hiasbch,real_negative,3,test,0.001867566,0,correct
neg_1104,0,NEG::liquality__wallet.json,liquality/wallet,real_negative,3,test,0.0009927261,0,correct
neg_1105,0,NEG::ljubisnikolic0__NFT-Ethereum-Game.json,ljubisnikolic0/NFT-Ethereum-Game,real_negative,3,test,0.015543648,1,false_positive
neg_1109,0,NEG::LoboVH__NFT-contract-NEAR-PROTOCOL.json,LoboVH/NFT-contract-NEAR-PROTOCOL,real_negative,3,test,0.06608538,1,false_positive
neg_1121,0,NEG::lucas54neves__crypto-address-generator.json,lucas54neves/crypto-address-generator,real_negative,3,test,0.9433476,1,false_positive
neg_1125,0,NEG::lynx-xdg__block.json,lynx-xdg/block,real_negative,3,test,0.003607617,0,correct
neg_1127,0,NEG::maAPPsDEV__dex-attack.json,maAPPsDEV/dex-attack,real_negative,3,test,0.004609572,0,correct
neg_1133,0,NEG::Magicred-1__hackin-dau.json,Magicred-1/hackin-dau,real_negative,3,test,0.0036499873,0,correct
neg_1141,0,NEG::manifoldfinance__tscli.json,manifoldfinance/tscli,real_negative,3,test,0.003524341,0,correct
neg_1151,0,NEG::mariam9woecloud773__Kiichain.json,mariam9woecloud773/Kiichain,real_negative,3,test,0.00011682841,0,correct
neg_1155,0,NEG::MartinSerafini__Solidity.json,MartinSerafini/Solidity,real_negative,3,test,0.00014425987,0,correct
neg_1160,0,NEG::MassDotMoney__nested-core-lego.json,MassDotMoney/nested-core-lego,real_negative,3,test,0.0009927261,0,correct
neg_1162,0,NEG::mateolafalce__MonthlySubscriptionSolana.json,mateolafalce/MonthlySubscriptionSolana,real_negative,3,test,0.041852135,1,false_positive
neg_1172,0,NEG::maximebrugel__YokaiChain.json,maximebrugel/YokaiChain,real_negative,3,test,0.002673006,0,correct
neg_1173,0,NEG::mayurimulay789__cryptocurrency_landingpage.json,mayurimulay789/cryptocurrency_landingpage,real_negative,3,test,0.0009850082,0,correct
neg_1175,0,NEG::mchtter__zku-web3.json,mchtter/zku-web3,real_negative,3,test,0.71383077,1,false_positive
neg_1178,0,NEG::mehmethalis__blockchain-cryptocurrency-implementation.json,mehmethalis/blockchain-cryptocurrency-implementation,real_negative,3,test,0.0006070755,0,correct
neg_1179,0,NEG::mehtaAnsh__BlockChainVoting.json,mehtaAnsh/BlockChainVoting,real_negative,3,test,0.0015247865,0,correct
neg_1183,0,NEG::MeoMunDep__Fintopio.json,MeoMunDep/Fintopio,real_negative,3,test,0.0017274586,0,correct
neg_1185,0,NEG::merklejerk__flex-contract.json,merklejerk/flex-contract,real_negative,3,test,0.031618766,1,false_positive
neg_1186,0,NEG::merofinance__webapp.json,merofinance/webapp,real_negative,3,test,0.004133968,0,correct
neg_1187,0,NEG::Merou1__Blockchain_Edh_cryptoCoin.json,Merou1/Blockchain_Edh_cryptoCoin,real_negative,3,test,0.00024923251,0,correct
neg_1188,0,NEG::mervanerenci__Jumpy-PlayToEarn-BlockchainGame.json,mervanerenci/Jumpy-PlayToEarn-BlockchainGame,real_negative,3,test,1.4285517e-05,0,correct
neg_1197,0,NEG::MhmdNdri__XCryptoDApp.json,MhmdNdri/XCryptoDApp,real_negative,3,test,0.23231015,1,false_positive
neg_1204,0,NEG::microgift__my-web3-projects.json,microgift/my-web3-projects,real_negative,3,test,0.08151975,1,false_positive
neg_1205,0,NEG::midas92__lottery-casino-crypto-game.json,midas92/lottery-casino-crypto-game,real_negative,3,test,0.0003799845,0,correct
neg_1206,0,NEG::mikeservices1__wallet_stealer-.json,mikeservices1/wallet_stealer-,real_negative,3,test,0.01048909,0,correct
neg_1212,0,NEG::mimani68__TRON-network-smart-contract-integration.json,mimani68/TRON-network-smart-contract-integration,real_negative,3,test,8.349628e-05,0,correct
neg_1227,0,NEG::moisestech__web3crypto.mx.json,moisestech/web3crypto.mx,real_negative,3,test,0.0010005045,0,correct
neg_1241,0,NEG::Mr-Malik-Aryan__LendVault.json,Mr-Malik-Aryan/LendVault,real_negative,3,test,0.0034564096,0,correct
neg_1246,0,NEG::mrkkyatilla__omus-wallet.json,mrkkyatilla/omus-wallet,real_negative,3,test,0.0460339,1,false_positive
neg_1248,0,NEG::mrozdolski__ink-flipper.json,mrozdolski/ink-flipper,real_negative,3,test,1.9525884e-05,0,correct
neg_1250,0,NEG::mrsmookie__btcrecover.json,mrsmookie/btcrecover,real_negative,3,test,0.0086441785,0,correct
neg_1253,0,NEG::mstable__mStable-contracts.json,mstable/mStable-contracts,real_negative,3,test,0.038052958,1,false_positive
neg_1255,0,NEG::mtorry225__NFT-Collection.json,mtorry225/NFT-Collection,real_negative,3,test,8.220189e-05,0,correct
neg_1269,0,NEG::mx-space__kami.json,mx-space/kami,real_negative,3,test,0.00014653131,0,correct
neg_1274,0,NEG::mygo-ecosystem__OSSWallet-non-custodial-crypto-wallet.json,mygo-ecosystem/OSSWallet-non-custodial-crypto-wallet,real_negative,3,test,0.06979493,1,false_positive
neg_1275,0,NEG::Mystique85__Hub-Portal-Chat.json,Mystique85/Hub-Portal-Chat,real_negative,3,test,0.0015731123,0,correct
neg_1302,0,NEG::Nexacore-Org__NexaFx-web.json,Nexacore-Org/NexaFx-web,real_negative,3,test,0.00020342699,0,correct
neg_1306,0,NEG::nguyenj27__CSC299.json,nguyenj27/CSC299,real_negative,3,test,3.4268494e-05,0,correct
neg_1319,0,NEG::Nipol__ERC721yul.json,Nipol/ERC721yul,real_negative,3,test,0.0006361913,0,correct
neg_1322,0,NEG::nirholas__free-crypto-news.json,nirholas/free-crypto-news,real_negative,3,test,0.21304952,1,false_positive
neg_1359,0,NEG::okcashpro__okcash.json,okcashpro/okcash,real_negative,3,test,0.012624948,0,correct
neg_1362,0,NEG::okx__js-wallet-sdk.json,okx/js-wallet-sdk,real_negative,3,test,0.00079162966,0,correct
neg_1371,0,NEG::OnChainMee__evm-base-pumfun-smart-contract-v1.json,OnChainMee/evm-base-pumfun-smart-contract-v1,real_negative,3,test,0.0016743994,0,correct
neg_1378,0,NEG::oparex__crypto_trader.json,oparex/crypto_trader,real_negative,3,test,0.021698097,1,false_positive
neg_1386,0,NEG::OpiumProtocol__erc721o.json,OpiumProtocol/erc721o,real_negative,3,test,0.013325147,0,correct
neg_1392,0,NEG::OriginProtocol__origin-dollar.json,OriginProtocol/origin-dollar,real_negative,3,test,0.004876887,0,correct
neg_1394,0,NEG::orweinberger__blockchain-dashboard.json,orweinberger/blockchain-dashboard,real_negative,3,test,0.00046552691,0,correct
neg_1406,0,NEG::panaverse__defi-dapps-solidity-smart-contracts.json,panaverse/defi-dapps-solidity-smart-contracts,real_negative,3,test,0.002889581,0,correct
neg_1407,0,NEG::pancudaniel7__solidity-nft-auction.json,pancudaniel7/solidity-nft-auction,real_negative,3,test,0.005384938,0,correct
neg_1410,0,NEG::paradigmxyz__solar.json,paradigmxyz/solar,real_negative,3,test,5.8291265e-05,0,correct
neg_1412,0,NEG::parsaaba__FukiPay.json,parsaaba/FukiPay,real_negative,3,test,0.09534946,1,false_positive
neg_1417,0,NEG::paulgconlon__blockchain-solidity-multi-sig-wallet.json,paulgconlon/blockchain-solidity-multi-sig-wallet,real_negative,3,test,2.3552617e-05,0,correct
neg_1418,0,NEG::PaulLaux__eth-hot-wallet.json,PaulLaux/eth-hot-wallet,real_negative,3,test,7.7221914e-05,0,correct
neg_1424,0,NEG::pbouget__AlyraSolidityVoting.json,pbouget/AlyraSolidityVoting,real_negative,3,test,8.939696e-06,0,correct
neg_1425,0,NEG::pcaversaccio__createx.json,pcaversaccio/createx,real_negative,3,test,0.00013982208,0,correct
neg_1427,0,NEG::peace-source__bitcoin-bridge.json,peace-source/bitcoin-bridge,real_negative,3,test,1.3846005e-05,0,correct
neg_1428,0,NEG::PeggyJV__sommelier.json,PeggyJV/sommelier,real_negative,3,test,1.1843139e-05,0,correct
neg_1439,0,NEG::piske-level__multi-chain-payment-gateway.json,piske-level/multi-chain-payment-gateway,real_negative,3,test,1.568955e-05,0,correct
neg_1441,0,NEG::PL2134__Capstone-Project.json,PL2134/Capstone-Project,real_negative,3,test,0.00011774459,0,correct
neg_1442,0,NEG::Planxnx__defi-tx-kit.json,Planxnx/defi-tx-kit,real_negative,3,test,0.014392335,0,correct
neg_1448,0,NEG::pointbiz__bitaddress.org.json,pointbiz/bitaddress.org,real_negative,3,test,0.79755676,1,false_positive
neg_1457,0,NEG::pranah__pranah.json,pranah/pranah,real_negative,3,test,0.18126322,1,false_positive
neg_1460,0,NEG::prashantsingh55__ERC20-Tokens.json,prashantsingh55/ERC20-Tokens,real_negative,3,test,6.922183e-05,0,correct
neg_1464,0,NEG::prental__Defiewallet.crypto.json,prental/Defiewallet.crypto,real_negative,3,test,3.2192333e-05,0,correct
neg_1465,0,NEG::prgblockweek__prague-blockchain-week.json,prgblockweek/prague-blockchain-week,real_negative,3,test,0.0028449094,0,correct
neg_1469,0,NEG::ProgrammingPirates__Free_NFT_Drawing.json,ProgrammingPirates/Free_NFT_Drawing,real_negative,3,test,0.0019418169,0,correct
neg_1474,0,NEG::Promish984__IC-Pad.json,Promish984/IC-Pad,real_negative,3,test,0.039937317,1,false_positive
neg_1482,0,NEG::pythoninthegrasses__nft_meetup.json,pythoninthegrasses/nft_meetup,real_negative,3,test,0.0038543637,0,correct
neg_1483,0,NEG::qianq-jims__SmartBitcoin.json,qianq-jims/SmartBitcoin,real_negative,3,test,0.0001634647,0,correct
neg_1489,0,NEG::QuantLet__Blockchain_mechanism.json,QuantLet/Blockchain_mechanism,real_negative,3,test,0.00020988309,0,correct
neg_1494,0,NEG::R3D4NG3L__DebankScripts.json,R3D4NG3L/DebankScripts,real_negative,3,test,0.00581996,0,correct
neg_1495,0,NEG::ra0321__CryptoZombies.json,ra0321/CryptoZombies,real_negative,3,test,4.0063693e-05,0,correct
neg_1502,0,NEG::rafafortes__nft-ticket-system-ethereum.json,rafafortes/nft-ticket-system-ethereum,real_negative,3,test,0.038901985,1,false_positive
neg_1506,0,NEG::rainbow-me__rainbow.json,rainbow-me/rainbow,real_negative,3,test,0.00017952798,0,correct
neg_1509,0,NEG::raj-pranav__learn-solidity.json,raj-pranav/learn-solidity,real_negative,3,test,0.00019716944,0,correct
neg_1510,0,NEG::Rajeshwarkanawat__CryptoWallet.json,Rajeshwarkanawat/CryptoWallet,real_negative,3,test,0.048496004,1,false_positive
neg_1528,0,NEG::re-nft___v2_.sdk.json,re-nft/_v2_.sdk,real_negative,3,test,0.0030873693,0,correct
neg_1536,0,NEG::remston-dsa__remston-dsa-NFT-token-rendered-on-OpenSea-testnet-using-Brownie-IPFS-Web3-and-ERC721-standard.json,remston-dsa/remston-dsa-NFT-token-rendered-on-OpenSea-testnet-using-Brownie-IPFS-Web3-and-ERC721-standard,real_negative,3,test,0.017442483,1,false_positive
neg_1542,0,NEG::RFMCR__Platzi_ETHDeveloperProgram2023.json,RFMCR/Platzi_ETHDeveloperProgram2023,real_negative,3,test,0.00014653131,0,correct
neg_1543,0,NEG::rgab1508__cryptoTSEC.json,rgab1508/cryptoTSEC,real_negative,3,test,0.0037654138,0,correct
neg_1550,0,NEG::ritikhzb__blockchain_SmartContracts.json,ritikhzb/blockchain_SmartContracts,real_negative,3,test,1.3846005e-05,0,correct
neg_1552,0,NEG::riyagoel192__Define-Blockchain-Python-.json,riyagoel192/Define-Blockchain-Python-,real_negative,3,test,2.586743e-05,0,correct
neg_1555,0,NEG::ro61zzy__crypto_zombies.json,ro61zzy/crypto_zombies,real_negative,3,test,9.915273e-05,0,correct
neg_1568,0,NEG::rolod0x__rolod0x.json,rolod0x/rolod0x,real_negative,3,test,0.00012731104,0,correct
neg_1577,0,NEG::ruppysuppy__Crypto-Crowdfund.json,ruppysuppy/Crypto-Crowdfund,real_negative,3,test,0.035144847,1,false_positive
neg_1579,0,NEG::rustjesty__bubblemaps-bypass-tool-rust.json,rustjesty/bubblemaps-bypass-tool-rust,real_negative,3,test,1.4971083e-05,0,correct
neg_1584,0,NEG::RyanHaraki__ethereumjs.json,RyanHaraki/ethereumjs,real_negative,3,test,7.254361e-05,0,correct
neg_1585,0,NEG::RyanKoech__Crypto_Fund.json,RyanKoech/Crypto_Fund,real_negative,3,test,0.0011740823,0,correct
neg_1587,0,NEG::Ryz0nd__useWeb3Wallet.json,Ryz0nd/useWeb3Wallet,real_negative,3,test,0.0075772414,0,correct
neg_1590,0,NEG::s4larie__walletool.json,s4larie/walletool,real_negative,3,test,0.00088304584,0,correct
neg_1598,0,NEG::salmanbao__tic-tac-toe.json,salmanbao/tic-tac-toe,real_negative,3,test,0.00079162966,0,correct
neg_1599,0,NEG::Samarth208P__validator0x.json,Samarth208P/validator0x,real_negative,3,test,0.18359362,1,false_positive
neg_1601,0,NEG::sambacha__create-subgraph-app.json,sambacha/create-subgraph-app,real_negative,3,test,0.011687259,0,correct
neg_1625,0,NEG::SebastienLeger02__CryptoZombies.json,SebastienLeger02/CryptoZombies,real_negative,3,test,6.0141516e-05,0,correct
neg_1649,0,NEG::shifaj22__Nft_Marketplace_SmartContract.json,shifaj22/Nft_Marketplace_SmartContract,real_negative,3,test,3.0241958e-05,0,correct
neg_1651,0,NEG::ShivankK26__Crypto-Wallet-Extension.json,ShivankK26/Crypto-Wallet-Extension,real_negative,3,test,0.023153413,1,false_positive
neg_1656,0,NEG::ShrikantaMazumder__crypto-zombie.json,ShrikantaMazumder/crypto-zombie,real_negative,3,test,4.6838886e-05,0,correct
neg_1661,0,NEG::siddot__Wallet.json,siddot/Wallet,real_negative,3,test,2.2125667e-05,0,correct
neg_1668,0,NEG::sincerely91__simple-defi.json,sincerely91/simple-defi,real_negative,3,test,0.045692034,1,false_positive
neg_1675,0,NEG::skysor__digital-assets.json,skysor/digital-assets,real_negative,3,test,0.03846619,1,false_positive
neg_1678,0,NEG::Slidebits__ethereum-smart-contracts.json,Slidebits/ethereum-smart-contracts,real_negative,3,test,0.053009775,1,false_positive
neg_1685,0,NEG::smartcontractkit__chainlink-ruby.json,smartcontractkit/chainlink-ruby,real_negative,3,test,0.06325053,1,false_positive
neg_1689,0,NEG::snannamu__E-Voting-System-Based-on-Ethereum-Blockchain-.json,snannamu/E-Voting-System-Based-on-Ethereum-Blockchain-,real_negative,3,test,4.0063693e-05,0,correct
neg_1690,0,NEG::sntsabode__daisweb3.ts.json,sntsabode/daisweb3.ts,real_negative,3,test,0.088504665,1,false_positive
neg_1696,0,NEG::solidityDev05__defi-by-example.json,solidityDev05/defi-by-example,real_negative,3,test,0.029090757,1,false_positive
neg_1699,0,NEG::Solomon-0xGuardian__solana_guessing_game.json,Solomon-0xGuardian/solana_guessing_game,real_negative,3,test,0.06979493,1,false_positive
neg_1706,0,NEG::sparrowwallet__sparrow.json,sparrowwallet/sparrow,real_negative,3,test,0.008380454,0,correct
neg_1708,0,NEG::spesmilo__electrum.json,spesmilo/electrum,real_negative,3,test,0.03904829,1,false_positive
neg_1709,0,NEG::spesmulla__electrum.json,spesmulla/electrum,real_negative,3,test,0.025565214,1,false_positive
neg_1713,0,NEG::springmacedonio-sys__Somnia-DeFi-Wallet.json,springmacedonio-sys/Somnia-DeFi-Wallet,real_negative,3,test,0.15052764,1,false_positive
neg_1714,0,NEG::SqueezerIO__squeezer.json,SqueezerIO/squeezer,real_negative,3,test,0.0008231385,0,correct
neg_1716,0,NEG::sripwoud__ethernaut.json,sripwoud/ethernaut,real_negative,3,test,0.02017732,1,false_positive
neg_1719,0,NEG::Stacktical__stacktical-dsla-developer-toolkit.json,Stacktical/stacktical-dsla-developer-toolkit,real_negative,3,test,0.008124709,0,correct
neg_1723,0,NEG::stellarnodeN__Q3_25_NFT_Staking.json,stellarnodeN/Q3_25_NFT_Staking,real_negative,3,test,0.50878817,1,false_positive
neg_1728,0,NEG::StevenMolina22__cryptocoin.json,StevenMolina22/cryptocoin,real_negative,3,test,0.00096975197,0,correct
neg_1729,0,NEG::Stor-Network__stor-blockchain.json,Stor-Network/stor-blockchain,real_negative,3,test,0.0020507437,0,correct
neg_1730,0,NEG::StratosGrig__BlockchainProjects.json,StratosGrig/BlockchainProjects,real_negative,3,test,6.402007e-05,0,correct
neg_1731,0,NEG::stravid87__nft_mgt_protocol.json,stravid87/nft_mgt_protocol,real_negative,3,test,0.00020988309,0,correct
neg_1740,0,NEG::sunby16__web3-portfolio.json,sunby16/web3-portfolio,real_negative,3,test,0.00039821307,0,correct
neg_1748,0,NEG::superDev427__BlockChain-Tra.json,superDev427/BlockChain-Tra,real_negative,3,test,0.023870835,1,false_positive
neg_1749,0,NEG::superfluid-org__protocol-monorepo.json,superfluid-org/protocol-monorepo,real_negative,3,test,0.0065897712,0,correct
neg_1750,0,NEG::SuperRich__soliditywallet.json,SuperRich/soliditywallet,real_negative,3,test,2.1444948e-05,0,correct
neg_1754,0,NEG::Swap76__Supply-Chain-Using-Blockchain.json,Swap76/Supply-Chain-Using-Blockchain,real_negative,3,test,6.0141516e-05,0,correct
neg_1756,0,NEG::swaponline__MultiCurrencyWallet.json,swaponline/MultiCurrencyWallet,real_negative,3,test,0.0011925492,0,correct
neg_1759,0,NEG::sweetmantech__NFT-Polygon-Minting.json,sweetmantech/NFT-Polygon-Minting,real_negative,3,test,2.2827997e-05,0,correct
neg_1771,0,NEG::Talent-Index__StableCoin-Project.json,Talent-Index/StableCoin-Project,real_negative,3,test,0.11201596,1,false_positive
neg_1772,0,NEG::TaliaKaza__CryptoSentinel.json,TaliaKaza/CryptoSentinel,real_negative,3,test,0.05921025,1,false_positive
neg_1773,0,NEG::talonlab__hdwallet-desktop.json,talonlab/hdwallet-desktop,real_negative,3,test,7.141902e-05,0,correct
neg_1780,0,NEG::tanviedev__AaveV2-BehavIQ.json,tanviedev/AaveV2-BehavIQ,real_negative,3,test,0.0005033356,0,correct
neg_1787,0,NEG::tcyeee__PixWallet.json,tcyeee/PixWallet,real_negative,3,test,0.6723317,1,false_positive
neg_1793,0,NEG::TegroTON__DEX-TON-contracts.json,TegroTON/DEX-TON-contracts,real_negative,3,test,2.8409744e-05,0,correct
neg_1794,0,NEG::TegroTON__ton3-client.json,TegroTON/ton3-client,real_negative,3,test,0.122103855,1,false_positive
neg_1799,0,NEG::tesla809__erc-20-tutorial.json,tesla809/erc-20-tutorial,real_negative,3,test,0.0005033356,0,correct
neg_1802,0,NEG::ThalesBMC__crypto-wallet.json,ThalesBMC/crypto-wallet,real_negative,3,test,1.04515475e-05,0,correct
neg_1805,0,NEG::theblockbrain__ai-safeguard.json,theblockbrain/ai-safeguard,real_negative,3,test,0.0011740823,0,correct
neg_1808,0,NEG::TheDancingBananas__dancing-bananas-front-end.json,TheDancingBananas/dancing-bananas-front-end,real_negative,3,test,0.057705317,1,false_positive
neg_1813,0,NEG::thirdweb-dev__thirdweb-cli.json,thirdweb-dev/thirdweb-cli,real_negative,3,test,3.2192333e-05,0,correct
neg_1818,0,NEG::Throvn__web3-multi-signature-wallet.json,Throvn/web3-multi-signature-wallet,real_negative,3,test,5.649793e-05,0,correct
neg_1819,0,NEG::timxor__payment-api.json,timxor/payment-api,real_negative,3,test,0.31237,1,false_positive
neg_1831,0,NEG::Toporin__Satodime-Applet.json,Toporin/Satodime-Applet,real_negative,3,test,0.16026603,1,false_positive
neg_1837,0,NEG::TP-Lab__key-generator.json,TP-Lab/key-generator,real_negative,3,test,0.031261913,1,false_positive
neg_1842,0,NEG::TradMod__awesome-audits-checklists.json,TradMod/awesome-audits-checklists,real_negative,3,test,0.017442483,1,false_positive
neg_1843,0,NEG::Trapesys__pandoras-box.json,Trapesys/pandoras-box,real_negative,3,test,0.018546565,1,false_positive
neg_1844,0,NEG::treejer__contract.json,treejer/contract,real_negative,3,test,1.6964426e-05,0,correct
neg_1858,0,NEG::turtlemarket__contract.json,turtlemarket/contract,real_negative,3,test,5.475977e-05,0,correct
neg_1864,0,NEG::uhsr__BlockchainNftRegistryStudioPro.json,uhsr/BlockchainNftRegistryStudioPro,real_negative,3,test,1.1726421e-06,0,correct
neg_1870,0,NEG::uhsr__CryptoSecurityToolkit.json,uhsr/CryptoSecurityToolkit,real_negative,3,test,0.00023050672,0,correct
neg_1882,0,NEG::uwu-labs__waifusion-site.json,uwu-labs/waifusion-site,real_negative,3,test,5.1442214e-05,0,correct
neg_1883,0,NEG::v3xlabs__open-lavatory.json,v3xlabs/open-lavatory,real_negative,3,test,0.004331502,0,correct
neg_1894,0,NEG::VedikaaSankhe__ds_VedikaSankhe.json,VedikaaSankhe/ds_VedikaSankhe,real_negative,3,test,0.015906392,1,false_positive
neg_1896,0,NEG::Velocity-BPA__n8n-nodes-pendle.json,Velocity-BPA/n8n-nodes-pendle,real_negative,3,test,0.0012351678,0,correct
neg_1897,0,NEG::VeloraDEX__sdk.json,VeloraDEX/sdk,real_negative,3,test,0.4186969,1,false_positive
neg_1905,0,NEG::ViditGalav__NFT-Synthesizer-Sol-Breeder.json,ViditGalav/NFT-Synthesizer-Sol-Breeder,real_negative,3,test,0.0014158707,0,correct
neg_1906,0,NEG::vigneshbalu96__Inherited-ERC-20-contract.json,vigneshbalu96/Inherited-ERC-20-contract,real_negative,3,test,0.0020829707,0,correct
neg_1922,0,NEG::vittominacori__solidity-starter-kit.json,vittominacori/solidity-starter-kit,real_negative,3,test,0.0014325365,0,correct
neg_1924,0,NEG::vivekananand-cpu__web3-blockchain-nft-drop-app.json,vivekananand-cpu/web3-blockchain-nft-drop-app,real_negative,3,test,0.0074606435,0,correct
neg_1927,0,NEG::vjgaur__bitcoin-wallet.json,vjgaur/bitcoin-wallet,real_negative,3,test,3.120191e-05,0,correct
neg_1931,0,NEG::vmieres__BlockChain-Python.json,vmieres/BlockChain-Python,real_negative,3,test,0.00077936606,0,correct
neg_1932,0,NEG::vorburger__awesome-decentralized-internet-web3-blockchain-p2p-security-world-cloud.json,vorburger/awesome-decentralized-internet-web3-blockchain-p2p-security-world-cloud,real_negative,3,test,0.019124037,1,false_positive
neg_1933,0,NEG::vrakesh2907__MicroLend.json,vrakesh2907/MicroLend,real_negative,3,test,0.17795369,1,false_positive
neg_1944,0,NEG::WalletsTool__WalletsTool.json,WalletsTool/WalletsTool,real_negative,3,test,0.00013982208,0,correct
neg_1946,0,NEG::walt-id__waltid-walletkit.json,walt-id/waltid-walletkit,real_negative,3,test,0.002673006,0,correct
neg_1951,0,NEG::warmkey-finance__bitcoin-cryptocurrency-tutorial.json,warmkey-finance/bitcoin-cryptocurrency-tutorial,real_negative,3,test,0.009268014,0,correct
neg_1959,0,NEG::web3brasil__web3brasil.json,web3brasil/web3brasil,real_negative,3,test,0.03541073,1,false_positive
neg_1961,0,NEG::web3crafter__NFTCollection_Crypto-Devs.json,web3crafter/NFTCollection_Crypto-Devs,real_negative,3,test,0.0094125895,0,correct
neg_1962,0,NEG::web3gamesofficial__web3games-contract-solidity.json,web3gamesofficial/web3games-contract-solidity,real_negative,3,test,0.001477943,0,correct
neg_1963,0,NEG::web3inventor__web3-wallet-brute-force-cracking.json,web3inventor/web3-wallet-brute-force-cracking,real_negative,3,test,0.0002959571,0,correct
neg_1971,0,NEG::westhoronhp15__HOW-TO-MINING-BTC-2025.json,westhoronhp15/HOW-TO-MINING-BTC-2025,real_negative,3,test,0.053009775,1,false_positive
neg_1976,0,NEG::wilmacedo__wallet-discover-server.json,wilmacedo/wallet-discover-server,real_negative,3,test,0.00010554686,0,correct
neg_1982,0,NEG::wslyvh__clean-contracts.json,wslyvh/clean-contracts,real_negative,3,test,0.0004373344,0,correct
neg_1990,0,NEG::xBacked-DAO__algorand-wallet-select.json,xBacked-DAO/algorand-wallet-select,real_negative,3,test,0.0018243828,0,correct
neg_1992,0,NEG::xeoneux__generation-blockchain-crypto-tracker.json,xeoneux/generation-blockchain-crypto-tracker,real_negative,3,test,0.00096975197,0,correct
neg_1998,0,NEG::XRPLF__xrpl.js.json,XRPLF/xrpl.js,real_negative,3,test,0.00052747846,0,correct
neg_2002,0,NEG::xyzerobtc__BitcoinPizzaNFT.json,xyzerobtc/BitcoinPizzaNFT,real_negative,3,test,4.1335396e-05,0,correct
neg_2008,0,NEG::yanukadeneth99__Meme-NFT.json,yanukadeneth99/Meme-NFT,real_negative,3,test,0.0012943681,0,correct
neg_2009,0,NEG::yao-tx__CryptoZombies.json,yao-tx/CryptoZombies,real_negative,3,test,1.6701422e-05,0,correct
neg_2011,0,NEG::Yassin-MT__EETP.json,Yassin-MT/EETP,real_negative,3,test,0.06233104,1,false_positive
neg_2031,0,NEG::yurkenchik__Crypto-Ethereum-TTE-blockchain.json,yurkenchik/Crypto-Ethereum-TTE-blockchain,real_negative,3,test,0.0006263342,0,correct
neg_2040,0,NEG::zeta-chain__node.json,zeta-chain/node,real_negative,3,test,0.027585285,1,false_positive
neg_2046,0,NEG::ZIYUT__nft-wallet-frontend.json,ZIYUT/nft-wallet-frontend,real_negative,3,test,0.0033766124,0,correct
pos_13,1,F5_ai_media_demo,eferos93/test4,original,4,test,0.01243165,0,false_negative
pos_27,1,F5_ai_media_demo,Metaldadisbad/HacxGPT,original,4,test,0.14903529,1,correct
pos_33,1,F5_ai_media_demo,rizvejoarder/SoraMax,original,4,test,0.15507847,1,correct
pos_34,1,F5_ai_media_demo,shivas1432/sora2-watermark-remover,original,4,test,0.99970406,1,correct
pos_244,1,F5_ai_media_demo,eferos93/takehome-test4,synthetic,4,test,0.00020988309,0,false_negative
pos_245,1,F5_ai_media_demo,Metaldadisba/HacxGPT,synthetic,4,test,0.6261242,1,correct
pos_246,1,F5_ai_media_demo,rizvejoarder9/SoraMax,synthetic,4,test,0.15713686,1,correct
pos_247,1,F5_ai_media_demo,shivas1432p/sora2-watermark-remover,synthetic,4,test,0.9339146,1,correct
pos_248,1,F5_ai_media_demo,eferos932/takehome-test4,synthetic,4,test,0.012053779,0,false_negative
pos_249,1,F5_ai_media_demo,Metaldadisbad2/HacxGPT,synthetic,4,test,0.57749534,1,correct
pos_250,1,F5_ai_media_demo,rizvejoarder4/SoraMax,synthetic,4,test,0.22000709,1,correct
pos_251,1,F5_ai_media_demo,shivas14322/sora2-watermark-remover,synthetic,4,test,0.87578696,1,correct
pos_252,1,F5_ai_media_demo,eferos9/takehome-test4,synthetic,4,test,0.00055711175,0,false_negative
pos_253,1,F5_ai_media_demo,Metaldadisba2/HacxGPT,synthetic,4,test,0.5312094,1,correct
pos_254,1,F5_ai_media_demo,rizvejoardern/SoraMax,synthetic,4,test,0.64422506,1,correct
pos_255,1,F5_ai_media_demo,shivas143/sora2-watermark-remover,synthetic,4,test,0.99998975,1,correct
pos_256,1,F5_ai_media_demo,eferos932/test4,synthetic,4,test,0.0043653254,0,false_negative
pos_257,1,F5_ai_media_demo,Metaldadisbad3/HacxGPT,synthetic,4,test,0.15253651,1,correct
pos_258,1,F5_ai_media_demo,rizvejoarder2/SoraMax,synthetic,4,test,0.86431044,1,correct
pos_259,1,F5_ai_media_demo,shivas1433/sora2-watermark-remover,synthetic,4,test,0.99893504,1,correct
pos_260,1,F5_ai_media_demo,eferos92/takehome-test4,synthetic,4,test,0.03963884,1,correct
pos_261,1,F5_ai_media_demo,Metaldadisbadd/HacxGPT,synthetic,4,test,0.692642,1,correct
pos_262,1,F5_ai_media_demo,rizvejoarder22/SoraMax,synthetic,4,test,0.94208187,1,correct
pos_263,1,F5_ai_media_demo,shivas1432o/sora2-watermark-remover,synthetic,4,test,0.9999825,1,correct
pos_264,1,F5_ai_media_demo,eferos94/takehome-test4,synthetic,4,test,0.00014202362,0,false_negative
pos_265,1,F5_ai_media_demo,Metaldadisbad4/HacxGPT,synthetic,4,test,0.7520126,1,correct
pos_266,1,F5_ai_media_demo,rizvejoarder3/SoraMax,synthetic,4,test,0.5926666,1,correct
pos_267,1,F5_ai_media_demo,shivas14323/sora2-watermark-remover,synthetic,4,test,0.9980122,1,correct
pos_268,1,F5_ai_media_demo,eferos95/takehome-test4,synthetic,4,test,0.43050644,1,correct
pos_269,1,F5_ai_media_demo,Metaldadisba3/HacxGPT,synthetic,4,test,0.33458945,1,correct
pos_270,1,F5_ai_media_demo,rizvejoarder6/SoraMax,synthetic,4,test,0.57749534,1,correct
pos_271,1,F5_ai_media_demo,shivas1434/sora2-watermark-remover,synthetic,4,test,0.99998987,1,correct
pos_272,1,F5_ai_media_demo,eferos93d/test4,synthetic,4,test,0.19806418,1,correct
pos_273,1,F5_ai_media_demo,Metaldadisbad5/HacxGPT,synthetic,4,test,0.6076632,1,correct
pos_274,1,F5_ai_media_demo,rizvejoarde/SoraMax,synthetic,4,test,0.26284185,1,correct
pos_275,1,F5_ai_media_demo,shivas14324/sora2-watermark-remover,synthetic,4,test,0.0062352046,0,false_negative
pos_276,1,F5_ai_media_demo,eferos935/takehome-test4,synthetic,4,test,0.003707253,0,false_negative
pos_277,1,F5_ai_media_demo,Metaldadisbadt/HacxGPT,synthetic,4,test,0.6791787,1,correct
pos_278,1,F5_ai_media_demo,rizvejoarder5/SoraMax,synthetic,4,test,0.57749534,1,correct
pos_279,1,F5_ai_media_demo,shivas1435/sora2-watermark-remover,synthetic,4,test,0.9980122,1,correct
pos_280,1,F5_ai_media_demo,eferos93a/test4,synthetic,4,test,0.0030634168,0,false_negative
pos_281,1,F5_ai_media_demo,Metaldadisbad6/HacxGPT,synthetic,4,test,0.6959583,1,correct
pos_282,1,F5_ai_media_demo,rizvejoarderr/SoraMax,synthetic,4,test,0.010013569,0,false_negative
pos_283,1,F5_ai_media_demo,shivas1432s/sora2-watermark-remover,synthetic,4,test,0.9999845,1,correct
pos_284,1,F5_ai_media_demo,eferos93e/test4,synthetic,4,test,0.0022518474,0,false_negative
pos_285,1,F5_ai_media_demo,Metaldadisbadg/HacxGPT,synthetic,4,test,0.6893056,1,correct
pos_286,1,F5_ai_media_demo,rizvejoardern2/SoraMax,synthetic,4,test,0.7634837,1,correct
pos_287,1,F5_ai_media_demo,shivas14321/sora2-watermark-remover,synthetic,4,test,0.92523,1,correct
pos_288,1,F5_ai_media_demo,eferos93z/takehome-test4,synthetic,4,test,0.010169657,0,false_negative
pos_289,1,F5_ai_media_demo,Metaldadisbad62/HacxGPT,synthetic,4,test,0.13916224,1,correct
pos_290,1,F5_ai_media_demo,rizvejoarderv/SoraMax,synthetic,4,test,0.22815649,1,correct
pos_291,1,F5_ai_media_demo,shivas14327/sora2-watermark-remover,synthetic,4,test,0.99711037,1,correct
pos_292,1,F5_ai_media_demo,eferos93p/takehome-test4,synthetic,4,test,0.007176882,0,false_negative
pos_293,1,F5_ai_media_demo,Metaldadisbadx/HacxGPT,synthetic,4,test,0.38491216,1,correct
pos_294,1,F5_ai_media_demo,rizvejoarde2/SoraMax,synthetic,4,test,0.8499712,1,correct
pos_295,1,F5_ai_media_demo,shivas14325/sora2-watermark-remover,synthetic,4,test,0.99979657,1,correct
pos_296,1,F5_ai_media_demo,eferos93r/test4,synthetic,4,test,0.00018814208,0,false_negative
pos_297,1,F5_ai_media_demo,Metaldadisbad7/HacxGPT,synthetic,4,test,0.46101677,1,correct
pos_298,1,F5_ai_media_demo,rizvejoarder7/SoraMax,synthetic,4,test,0.64422506,1,correct
pos_299,1,F5_ai_media_demo,shivas1432a/sora2-watermark-remover,synthetic,4,test,0.99298817,1,correct
neg_13,0,NEG::0xfrosty__leverade-nft.json,0xfrosty/leverade-nft,real_negative,4,test,1.9602307e-05,0,correct
neg_18,0,NEG::0xisk__awesome-solidity-security.json,0xisk/awesome-solidity-security,real_negative,4,test,0.02479816,1,false_positive
neg_21,0,NEG::0xJonaseb11__solidity_L.json,0xJonaseb11/solidity_L,real_negative,4,test,4.3139121e-07,0,correct
neg_25,0,NEG::0xMesinTempur__Flappyster.json,0xMesinTempur/Flappyster,real_negative,4,test,0.018546565,1,false_positive
neg_26,0,NEG::0xPleiades__switch-trade-coin.json,0xPleiades/switch-trade-coin,real_negative,4,test,0.7310586,1,false_positive
neg_31,0,NEG::0xTijan__coin-flip.json,0xTijan/coin-flip,real_negative,4,test,6.286163e-10,0,correct
neg_36,0,NEG::1200wd__bitcoinlib.json,1200wd/bitcoinlib,real_negative,4,test,1.0799672e-08,0,correct
neg_40,0,NEG::2303A51405__solidity-smart_contract.json,2303A51405/solidity-smart_contract,real_negative,4,test,3.576359e-07,0,correct
neg_42,0,NEG::2qx__awesome-bitcoin-cash.json,2qx/awesome-bitcoin-cash,real_negative,4,test,2.9649064e-07,0,correct
neg_58,0,NEG::aawp-ai__aawp.json,aawp-ai/aawp,real_negative,4,test,0.00030061635,0,correct
neg_60,0,NEG::abdullahpichoo__SimpleStorage-using-Brownie.json,abdullahpichoo/SimpleStorage-using-Brownie,real_negative,4,test,5.6027964e-09,0,correct
neg_67,0,NEG::acebusters__acebusters-frontend.json,acebusters/acebusters-frontend,real_negative,4,test,1.5079722e-09,0,correct
neg_68,0,NEG::AchyuthMohan__Blockchain-Cryptogram.json,AchyuthMohan/Blockchain-Cryptogram,real_negative,4,test,6.972793e-09,0,correct
neg_71,0,NEG::ada173__solidity-template.json,ada173/solidity-template,real_negative,4,test,1.855391e-07,0,correct
neg_77,0,NEG::adeshshukla__MyCryptoFolio.json,adeshshukla/MyCryptoFolio,real_negative,4,test,1.5381734e-07,0,correct
neg_80,0,NEG::Aditya-alchemist__GFGKIIT-CRYPTOMA-HyperThon.json,Aditya-alchemist/GFGKIIT-CRYPTOMA-HyperThon,real_negative,4,test,2.3090713e-07,0,correct
neg_81,0,NEG::adityajkate__crypto-risk.json,adityajkate/crypto-risk,real_negative,4,test,0.0006563728,0,correct
neg_92,0,NEG::adw0rd__solidity-create2-web3-example.json,adw0rd/solidity-create2-web3-example,real_negative,4,test,3.124989e-08,0,correct
neg_114,0,NEG::AidosKuneen__aidos-wallet-v1.json,AidosKuneen/aidos-wallet-v1,real_negative,4,test,7.734421e-08,0,correct
neg_116,0,NEG::aiLeonardo__cryptotips.json,aiLeonardo/cryptotips,real_negative,4,test,3.8449352e-06,0,correct
neg_117,0,NEG::aitos-io__BoAT-X-Framework.json,aitos-io/BoAT-X-Framework,real_negative,4,test,4.35688e-06,0,correct
neg_120,0,NEG::ajsizzle__bitcoin-ticker.json,ajsizzle/bitcoin-ticker,real_negative,4,test,2.2603242e-06,0,correct
neg_125,0,NEG::akiselyoff__defi.json,akiselyoff/defi,real_negative,4,test,2.48248e-06,0,correct
neg_131,0,NEG::AlejandroGV96__web3-test.json,AlejandroGV96/web3-test,real_negative,4,test,1.248271e-06,0,correct
neg_134,0,NEG::alejoacosta74__token-swap-exchange.json,alejoacosta74/token-swap-exchange,real_negative,4,test,0.00084264233,0,correct
neg_137,0,NEG::alexandrupele__web3.json,alexandrupele/web3,real_negative,4,test,3.432129e-08,0,correct
neg_138,0,NEG::alexbensimon__pakt.json,alexbensimon/pakt,real_negative,4,test,1.4593763e-06,0,correct
neg_145,0,NEG::alfonsrv__crypto-tracker.json,alfonsrv/crypto-tracker,real_negative,4,test,0.000113234375,0,correct
neg_146,0,NEG::algonomad571__CryptoHFT.json,algonomad571/CryptoHFT,real_negative,4,test,2.2125667e-05,0,correct
neg_153,0,NEG::alisidaniel__Defi.json,alisidaniel/Defi,real_negative,4,test,0.00031999827,0,correct
neg_161,0,NEG::alpinelab-it__BuyMeABeer-Solidity-DeFi-Tipping-smart-contract-.json,alpinelab-it/BuyMeABeer-Solidity-DeFi-Tipping-smart-contract-,real_negative,4,test,1.3287774e-06,0,correct
neg_163,0,NEG::amandladev__erc721-nftMint-smartContract.json,amandladev/erc721-nftMint-smartContract,real_negative,4,test,1.6052281e-09,0,correct
neg_164,0,NEG::amazingandyyy__leptin.json,amazingandyyy/leptin,real_negative,4,test,0.00020342699,0,correct
neg_167,0,NEG::amnegan__BlockChain-CryptoCurrencies.json,amnegan/BlockChain-CryptoCurrencies,real_negative,4,test,7.1832605e-06,0,correct
neg_174,0,NEG::andrarwes__BlockChainApp.json,andrarwes/BlockChainApp,real_negative,4,test,2.3320745e-06,0,correct
neg_175,0,NEG::AndreiD__qv_voting.json,AndreiD/qv_voting,real_negative,4,test,3.0894944e-06,0,correct
neg_176,0,NEG::andreitoma8__legendary-owls-smart-contract.json,andreitoma8/legendary-owls-smart-contract,real_negative,4,test,1.1253516e-07,0,correct
neg_184,0,NEG::annasudol__multi-signature-wallet.json,annasudol/multi-signature-wallet,real_negative,4,test,2.4061026e-06,0,correct
neg_192,0,NEG::Anugo1__Attest-Nft.json,Anugo1/Attest-Nft,real_negative,4,test,1.2219075e-05,0,correct
neg_193,0,NEG::anwar-776__gocryp8.json,anwar-776/gocryp8,real_negative,4,test,6.402007e-05,0,correct
neg_197,0,NEG::apalowski688-art__ethereum-bitcoin.json,apalowski688-art/ethereum-bitcoin,real_negative,4,test,6.083591e-07,0,correct
neg_199,0,NEG::Aperture-Finance__Aperture-Lens.json,Aperture-Finance/Aperture-Lens,real_negative,4,test,3.850742e-09,0,correct
neg_208,0,NEG::aranair__pine.json,aranair/pine,real_negative,4,test,0.3276683,1,false_positive
neg_216,0,NEG::arokvic__FundMeProject-SmartContracts-Web3-Brownie-Solidity-2022.json,arokvic/FundMeProject-SmartContracts-Web3-Brownie-Solidity-2022,real_negative,4,test,3.8070144e-07,0,correct
neg_217,0,NEG::Arowolokehinde__STX-TIP.json,Arowolokehinde/STX-TIP,real_negative,4,test,2.8453348e-08,0,correct
neg_234,0,NEG::AshutoshShekharProjects__Blockchain-Solidity.json,AshutoshShekharProjects/Blockchain-Solidity,real_negative,4,test,8.7642476e-08,0,correct
neg_238,0,NEG::atitkh__WebXR---NFT-Viewer.json,atitkh/WebXR---NFT-Viewer,real_negative,4,test,9.23745e-09,0,correct
neg_255,0,NEG::azerpas__prescurity-blockchain.json,azerpas/prescurity-blockchain,real_negative,4,test,7.9012095e-09,0,correct
neg_256,0,NEG::B3Pay__B3Wallet.json,B3Pay/B3Wallet,real_negative,4,test,1.02464426e-07,0,correct
neg_261,0,NEG::balancer__balancer-v2-monorepo.json,balancer/balancer-v2-monorepo,real_negative,4,test,2.0816914e-08,0,correct
neg_262,0,NEG::balancer__frontend-v2.json,balancer/frontend-v2,real_negative,4,test,0.00045831295,0,correct
neg_264,0,NEG::balive053__blockchainFromScratch.json,balive053/blockchainFromScratch,real_negative,4,test,7.33821e-07,0,correct
neg_266,0,NEG::banjtheman__highwind.json,banjtheman/highwind,real_negative,4,test,8.423463e-12,0,correct
neg_268,0,NEG::bansaltushar014__Chapter-Solidity.json,bansaltushar014/Chapter-Solidity,real_negative,4,test,0.0002415663,0,correct
neg_275,0,NEG::bcoin-org__bcoin.json,bcoin-org/bcoin,real_negative,4,test,1.186112e-08,0,correct
neg_281,0,NEG::BendDAO__bend-lending-protocol.json,BendDAO/bend-lending-protocol,real_negative,4,test,9.931193e-08,0,correct
neg_292,0,NEG::BibliothecaDAO__realms-react.json,BibliothecaDAO/realms-react,real_negative,4,test,7.2244416e-07,0,correct
neg_297,0,NEG::bilix-software__eth-new-contracts.json,bilix-software/eth-new-contracts,real_negative,4,test,1.0030142e-06,0,correct
neg_299,0,NEG::BirthdayResearch__defichain-wallet.json,BirthdayResearch/defichain-wallet,real_negative,4,test,4.181187e-07,0,correct
neg_300,0,NEG::birukG09__DeFiVerse-Bank-Simulator-.json,birukG09/DeFiVerse-Bank-Simulator-,real_negative,4,test,0.004264634,0,correct
neg_304,0,NEG::bitcoinaverage__api-integration-examples.json,bitcoinaverage/api-integration-examples,real_negative,4,test,1.3287774e-06,0,correct
neg_305,0,NEG::bitpay__bitpay-app.json,bitpay/bitpay-app,real_negative,4,test,5.6586238e-08,0,correct
neg_314,0,NEG::Block-Beats-Estonia__BITCOIN-NFT.json,Block-Beats-Estonia/BITCOIN-NFT,real_negative,4,test,4.6378736e-06,0,correct
neg_317,0,NEG::blockchain-certificates__cert-issuer.json,blockchain-certificates/cert-issuer,real_negative,4,test,8.8515696e-07,0,correct
neg_319,0,NEG::blockchain-etl__public-datasets.json,blockchain-etl/public-datasets,real_negative,4,test,2.2827997e-05,0,correct
neg_320,0,NEG::Blockchain-for-Developers__sp18-midterm-pt2.json,Blockchain-for-Developers/sp18-midterm-pt2,real_negative,4,test,0.0009004467,0,correct
neg_329,0,NEG::bluewhale-protocol__bluewhale-trust.json,bluewhale-protocol/bluewhale-trust,real_negative,4,test,1.1142491e-08,0,correct
neg_332,0,NEG::bomzj__newbits.json,bomzj/newbits,real_negative,4,test,3.2241868e-08,0,correct
neg_333,0,NEG::bonedaddy__cryptovendingmachine.json,bonedaddy/cryptovendingmachine,real_negative,4,test,1.7257829e-08,0,correct
neg_337,0,NEG::braedonsaunders__homerun.json,braedonsaunders/homerun,real_negative,4,test,0.10230471,1,false_positive
neg_341,0,NEG::brendansiraky__solidity-nft-mint-contract.json,brendansiraky/solidity-nft-mint-contract,real_negative,4,test,6.3488e-09,0,correct
neg_345,0,NEG::BSN-DDC__taianchain.json,BSN-DDC/taianchain,real_negative,4,test,2.486226e-09,0,correct
neg_349,0,NEG::btq-ag__QRiNG.json,btq-ag/QRiNG,real_negative,4,test,0.0004305571,0,correct
neg_354,0,NEG::Bwest981__BitcoinSig.json,Bwest981/BitcoinSig,real_negative,4,test,6.4759485e-07,0,correct
neg_355,0,NEG::bwire-official__Gastronaut-bot.json,bwire-official/Gastronaut-bot,real_negative,4,test,0.00013765463,0,correct
neg_358,0,NEG::c-bruce__SharedWallet.json,c-bruce/SharedWallet,real_negative,4,test,4.1399375e-08,0,correct
neg_360,0,NEG::caiovicentino__debank-mcp-server.json,caiovicentino/debank-mcp-server,real_negative,4,test,8.220189e-05,0,correct
neg_367,0,NEG::captain-woof__meta-nft.json,captain-woof/meta-nft,real_negative,4,test,7.194133e-09,0,correct
neg_369,0,NEG::carlosgauci__crypto-track.json,carlosgauci/crypto-track,real_negative,4,test,7.112437e-07,0,correct
neg_371,0,NEG::CateryaTech__tradeforge.json,CateryaTech/tradeforge,real_negative,4,test,0.008711384,0,correct
neg_381,0,NEG::ChainInsighter__Web3-Casino-Crash-Game.json,ChainInsighter/Web3-Casino-Crash-Game,real_negative,4,test,2.9649064e-07,0,correct
neg_382,0,NEG::chainjet__platform.json,chainjet/platform,real_negative,4,test,4.7850945e-06,0,correct
neg_384,0,NEG::ChainsQueen__web3dashboard.json,ChainsQueen/web3dashboard,real_negative,4,test,6.224145e-11,0,correct
neg_394,0,NEG::Chia-Network__chia-blockchain.json,Chia-Network/chia-blockchain,real_negative,4,test,8.15202e-09,0,correct
neg_403,0,NEG::ChrisZyy3__presale-nft-web3-app.json,ChrisZyy3/presale-nft-web3-app,real_negative,4,test,3.8449352e-06,0,correct
neg_413,0,NEG::cmandar24__Ethereum-Private-Key-Generator.json,cmandar24/Ethereum-Private-Key-Generator,real_negative,4,test,7.194133e-09,0,correct
neg_414,0,NEG::cmdruid__tapscript.json,cmdruid/tapscript,real_negative,4,test,6.7582624e-09,0,correct
neg_420,0,NEG::codegenius2__solana-verify-eddsa.json,codegenius2/solana-verify-eddsa,real_negative,4,test,2.0816914e-08,0,correct
neg_421,0,NEG::CodeMachine0121__EthereumWallet_local_API.json,CodeMachine0121/EthereumWallet_local_API,real_negative,4,test,1.9333586e-06,0,correct
neg_429,0,NEG::coinbase__chainstorage.json,coinbase/chainstorage,real_negative,4,test,1.7087564e-09,0,correct
neg_431,0,NEG::CoinSpace__CoinSpace.json,CoinSpace/CoinSpace,real_negative,4,test,8.8515696e-07,0,correct
neg_435,0,NEG::coming-chat__wallet-SDK.json,coming-chat/wallet-SDK,real_negative,4,test,5.838248e-08,0,correct
neg_436,0,NEG::compound-finance__palisade.json,compound-finance/palisade,real_negative,4,test,1.0799672e-08,0,correct
neg_438,0,NEG::consenlabs__imkey-manager.json,consenlabs/imkey-manager,real_negative,4,test,6.615601e-08,0,correct
neg_439,0,NEG::ConsenSys-archive__vscode-ext.json,ConsenSys-archive/vscode-ext,real_negative,4,test,1.0030142e-06,0,correct
neg_447,0,NEG::cordovaem__solana-nft.json,cordovaem/solana-nft,real_negative,4,test,0.00024536948,0,correct
neg_449,0,NEG::coti-io__coti-ethers.json,coti-io/coti-ethers,real_negative,4,test,2.0377483e-07,0,correct
neg_453,0,NEG::CPix18__CryptoCopyRights.json,CPix18/CryptoCopyRights,real_negative,4,test,2.5612824e-06,0,correct
neg_457,0,NEG::crcristian97__solidity-nft-contract.json,crcristian97/solidity-nft-contract,real_negative,4,test,8.059446e-07,0,correct
neg_468,0,NEG::crypto1014__NFT-marketplace.json,crypto1014/NFT-marketplace,real_negative,4,test,9.132548e-07,0,correct
neg_474,0,NEG::CryptoExplor__CeloNFT.json,CryptoExplor/CeloNFT,real_negative,4,test,1.9525884e-05,0,correct
neg_476,0,NEG::cryptoforge318__NFT-Marketplace.json,cryptoforge318/NFT-Marketplace,real_negative,4,test,1.103256e-09,0,correct
neg_480,0,NEG::cryptopunksnotdead__awesome-cryptopunks-bubble.json,cryptopunksnotdead/awesome-cryptopunks-bubble,real_negative,4,test,0.00018522574,0,correct
neg_481,0,NEG::Cryptorubic__multi-proxy-rubic.json,Cryptorubic/multi-proxy-rubic,real_negative,4,test,1.855391e-07,0,correct
neg_484,0,NEG::cshep4__crypto-dot-com-exchange-go.json,cshep4/crypto-dot-com-exchange-go,real_negative,4,test,6.402007e-05,0,correct
neg_486,0,NEG::cunarist__solie.json,cunarist/solie,real_negative,4,test,7.967302e-05,0,correct
neg_488,0,NEG::CutupAngel__nft-marketplace.json,CutupAngel/nft-marketplace,real_negative,4,test,8.677781e-09,0,correct
neg_497,0,NEG::Dadel-1__Polymarket-CopyTrading.json,Dadel-1/Polymarket-CopyTrading,real_negative,4,test,0.00053578056,0,correct
neg_498,0,NEG::Dakii03__crypto-project-v2.json,Dakii03/crypto-project-v2,real_negative,4,test,8.2332484e-08,0,correct
neg_500,0,NEG::Daltonic__dappCinemasX.json,Daltonic/dappCinemasX,real_negative,4,test,1.9750534e-07,0,correct
neg_503,0,NEG::DanielCM2001__SendCrypto-Blockchain-App-web3.json,DanielCM2001/SendCrypto-Blockchain-App-web3,real_negative,4,test,9.915273e-05,0,correct
neg_512,0,NEG::DappFactory__CryptoTrivia.json,DappFactory/CryptoTrivia,real_negative,4,test,7.646538e-06,0,correct
neg_517,0,NEG::dappteacher__smart-contract-audit-portfolio.json,dappteacher/smart-contract-audit-portfolio,real_negative,4,test,8.8515696e-07,0,correct
neg_519,0,NEG::dappuniversity__Runner-blockchain-game-.json,dappuniversity/Runner-blockchain-game-,real_negative,4,test,0.00016997529,0,correct
neg_521,0,NEG::Darkbladecr__cryptoWallet.json,Darkbladecr/cryptoWallet,real_negative,4,test,0.33111975,1,false_positive
neg_532,0,NEG::deadarchitects__test-low-gas-solidity.json,deadarchitects/test-low-gas-solidity,real_negative,4,test,2.4579936e-07,0,correct
neg_535,0,NEG::DeCleanup-Network__contracts-evm.json,DeCleanup-Network/contracts-evm,real_negative,4,test,2.0785172e-05,0,correct
neg_538,0,NEG::deepbluelake__web3-lab.json,deepbluelake/web3-lab,real_negative,4,test,0.0010005045,0,correct
neg_545,0,NEG::DeFiNecromancer__Basic-Name-Storage.json,DeFiNecromancer/Basic-Name-Storage,real_negative,4,test,2.4337439e-08,0,correct
neg_550,0,NEG::DemocracyEarth__exodus.json,DemocracyEarth/exodus,real_negative,4,test,7.33821e-07,0,correct
neg_553,0,NEG::DenisZS__cckat.json,DenisZS/cckat,real_negative,4,test,0.00013238186,0,correct
neg_562,0,NEG::desoul-labs__soulhub-contracts.json,desoul-labs/soulhub-contracts,real_negative,4,test,2.5398397e-10,0,correct
neg_566,0,NEG::DevAyomi__Smart-Wallet-.json,DevAyomi/Smart-Wallet-,real_negative,4,test,1.7429788e-07,0,correct
neg_568,0,NEG::develrocket__NFT-Smart-Contract.json,develrocket/NFT-Smart-Contract,real_negative,4,test,7.8114834e-07,0,correct
neg_570,0,NEG::DevMarc16__appkit-connect.json,DevMarc16/appkit-connect,real_negative,4,test,1.2501529e-09,0,correct
neg_572,0,NEG::DevStudioX__Phoenix-Clipper-Malware-Private.json,DevStudioX/Phoenix-Clipper-Malware-Private,real_negative,4,test,7.254361e-05,0,correct
neg_577,0,NEG::dharmaprotocol__experimental.json,dharmaprotocol/experimental,real_negative,4,test,9.3145936e-05,0,correct
neg_593,0,NEG::dkpeakbil__bitcoinwalletwatcher.json,dkpeakbil/bitcoinwalletwatcher,real_negative,4,test,2.0377483e-07,0,correct
neg_598,0,NEG::dojimanetwork__web3fy-go.json,dojimanetwork/web3fy-go,real_negative,4,test,2.6165208e-07,0,correct
neg_601,0,NEG::donnywin85__defi-yield-aggregator.json,donnywin85/defi-yield-aggregator,real_negative,4,test,8.059446e-07,0,correct
neg_605,0,NEG::Dpost-George__foundry-web3-wallet-security-Advanced.json,Dpost-George/foundry-web3-wallet-security-Advanced,real_negative,4,test,7.646538e-06,0,correct
neg_607,0,NEG::drisst12__safe-smart-account.json,drisst12/safe-smart-account,real_negative,4,test,1.344041e-08,0,correct
neg_608,0,NEG::Drix10__ai-resources.json,Drix10/ai-resources,real_negative,4,test,0.023153413,1,false_positive
neg_611,0,NEG::DTVMStack__DTVM.json,DTVMStack/DTVM,real_negative,4,test,0.00013982208,0,correct
neg_616,0,NEG::dvinubius__tiny-multisig-typescript.json,dvinubius/tiny-multisig-typescript,real_negative,4,test,4.1399375e-08,0,correct
neg_632,0,NEG::ElromEvedElElyon__bitcoinbrasil.json,ElromEvedElElyon/bitcoinbrasil,real_negative,4,test,0.9928786,1,false_positive
neg_637,0,NEG::emeraldpay__dshackle.json,emeraldpay/dshackle,real_negative,4,test,2.1940867e-09,0,correct
neg_647,0,NEG::energychain__CorrentlyWallet.json,energychain/CorrentlyWallet,real_negative,4,test,1.5870002e-07,0,correct
neg_655,0,NEG::epacrypt25__Web3BlockchainVooting.json,epacrypt25/Web3BlockchainVooting,real_negative,4,test,3.5008545e-06,0,correct
neg_662,0,NEG::ernestognw__ethereum_signature.json,ernestognw/ethereum_signature,real_negative,4,test,4.363462e-09,0,correct
neg_663,0,NEG::ervikassingh__nft-market.json,ervikassingh/nft-market,real_negative,4,test,1.6701422e-05,0,correct
neg_674,0,NEG::EtherTW__LogoVote2017.json,EtherTW/LogoVote2017,real_negative,4,test,1.02618795e-10,0,correct
neg_675,0,NEG::ETsCalrskj__Kypt-MultiSig-Wallet-Transactions-Tron-Ethereum.json,ETsCalrskj/Kypt-MultiSig-Wallet-Transactions-Tron-Ethereum,real_negative,4,test,3.0288433e-08,0,correct
neg_681,0,NEG::EveryThinUknow__BlockchainPrototype.json,EveryThinUknow/BlockchainPrototype,real_negative,4,test,1.691898e-10,0,correct
neg_684,0,NEG::exactly__liquidation-bot.json,exactly/liquidation-bot,real_negative,4,test,2.2862906e-08,0,correct
neg_691,0,NEG::explorills__expl-nodes-dashboard.json,explorills/expl-nodes-dashboard,real_negative,4,test,9.610242e-05,0,correct
neg_696,0,NEG::FACINGS__collection-manager.json,FACINGS/collection-manager,real_negative,4,test,1.4307242e-08,0,correct
neg_697,0,NEG::fadedreams__wallet_go_blockchain_concepts.json,fadedreams/wallet_go_blockchain_concepts,real_negative,4,test,1.4738981e-05,0,correct
neg_709,0,NEG::felipeserrano05__one-sol-protocol.json,felipeserrano05/one-sol-protocol,real_negative,4,test,0.04672496,1,false_positive
neg_723,0,NEG::fomoweth__flashloan-aggregator.json,fomoweth/flashloan-aggregator,real_negative,4,test,2.6688529e-05,0,correct
neg_732,0,NEG::frankiefab100__Web3.0-Roadmap.json,frankiefab100/Web3.0-Roadmap,real_negative,4,test,7.658115e-09,0,correct
neg_737,0,NEG::Freya-Lark__Chainlink-2024-17hours-Web3-tutorial.json,Freya-Lark/Chainlink-2024-17hours-Web3-tutorial,real_negative,4,test,7.112437e-07,0,correct
neg_746,0,NEG::GameChangerFinance__gamechanger.wallet.json,GameChangerFinance/gamechanger.wallet,real_negative,4,test,2.5466403e-05,0,correct
neg_756,0,NEG::getgems-community-tact__nft-template-editable.json,getgems-community-tact/nft-template-editable,real_negative,4,test,3.8449352e-06,0,correct
neg_758,0,NEG::gfsxyz__lamina.json,gfsxyz/lamina,real_negative,4,test,0.0004076526,0,correct
neg_762,0,NEG::giogam__Gopher-Wallet.json,giogam/Gopher-Wallet,real_negative,4,test,0.00024923251,0,correct
neg_767,0,NEG::glitznerf__blockchain_banking_system.json,glitznerf/blockchain_banking_system,real_negative,4,test,1.7429788e-07,0,correct
neg_769,0,NEG::gmtech-xyz__safe-cex.json,gmtech-xyz/safe-cex,real_negative,4,test,0.000103910665,0,correct
neg_783,0,NEG::GridexProtocol__core.json,GridexProtocol/core,real_negative,4,test,2.3823691e-07,0,correct
neg_787,0,NEG::guider23__CryptoShare.json,guider23/CryptoShare,real_negative,4,test,1.2237632e-08,0,correct
neg_790,0,NEG::guoshijiang__blockchain-wallet-sdk.json,guoshijiang/blockchain-wallet-sdk,real_negative,4,test,6.6815164e-07,0,correct
neg_792,0,NEG::gurnec__btcrecover.json,gurnec/btcrecover,real_negative,4,test,0.28616926,1,false_positive
neg_793,0,NEG::gweidart__evm-flashswap-arb.json,gweidart/evm-flashswap-arb,real_negative,4,test,1.1015954e-06,0,correct
neg_794,0,NEG::gyro-defi__gyro-v1-contracts.json,gyro-defi/gyro-v1-contracts,real_negative,4,test,4.7379055e-07,0,correct
neg_798,0,NEG::Hackathons-w-Rapto__RugRader.json,Hackathons-w-Rapto/RugRader,real_negative,4,test,2.0816914e-08,0,correct
neg_799,0,NEG::hacksdark__cybersecurity_hack.json,hacksdark/cybersecurity_hack,real_negative,4,test,4.1335396e-05,0,correct
neg_801,0,NEG::HadhemiBM__SmartContract_NFT-Marketplace.json,HadhemiBM/SmartContract_NFT-Marketplace,real_negative,4,test,4.7379055e-07,0,correct
neg_802,0,NEG::HAECHI-LABS__vvisp.json,HAECHI-LABS/vvisp,real_negative,4,test,1.1744099e-09,0,correct
neg_806,0,NEG::HandyDudes__ETH-NFT-buildspace.json,HandyDudes/ETH-NFT-buildspace,real_negative,4,test,5.896418e-07,0,correct
neg_811,0,NEG::harishummam__CryptoKet-NFT-Marketplace.json,harishummam/CryptoKet-NFT-Marketplace,real_negative,4,test,8.664653e-06,0,correct
neg_815,0,NEG::harsh6768__web3-basics.json,harsh6768/web3-basics,real_negative,4,test,2.510999e-08,0,correct
neg_817,0,NEG::harshit180704__aave-credit-scoring.json,harshit180704/aave-credit-scoring,real_negative,4,test,8.220189e-05,0,correct
neg_819,0,NEG::hashbx__token-distribution.json,hashbx/token-distribution,real_negative,4,test,2.6165208e-07,0,correct
neg_831,0,NEG::hexoul__aws-lambda-eth-proxy.json,hexoul/aws-lambda-eth-proxy,real_negative,4,test,1.1979306e-07,0,correct
neg_833,0,NEG::hiero-ledger__hiero-consensus-node.json,hiero-ledger/hiero-consensus-node,real_negative,4,test,4.9444506e-09,0,correct
neg_839,0,NEG::hiromaily__go-crypto-wallet.json,hiromaily/go-crypto-wallet,real_negative,4,test,6.615601e-08,0,correct
neg_846,0,NEG::HopefulHeart2020__Finaomics-Solidity-Web3-React.json,HopefulHeart2020/Finaomics-Solidity-Web3-React,real_negative,4,test,1.8370862e-08,0,correct
neg_853,0,NEG::hoseadevops__edec-nft-market.json,hoseadevops/edec-nft-market,real_negative,4,test,6.339211e-06,0,correct
neg_856,0,NEG::HugoBrunet13__NFT-Marketplace-Auction.json,HugoBrunet13/NFT-Marketplace-Auction,real_negative,4,test,0.001133569,0,correct
neg_857,0,NEG::hugoclrd__clearness.json,hugoclrd/clearness,real_negative,4,test,1.1979306e-07,0,correct
neg_869,0,NEG::Iamtheusername112__Crypto.json,Iamtheusername112/Crypto,real_negative,4,test,2.6995778e-07,0,correct
neg_875,0,NEG::IcarusCan__CryptoSimsNFT.json,IcarusCan/CryptoSimsNFT,real_negative,4,test,1.0783313e-05,0,correct
neg_882,0,NEG::illia-fz__defi-python-nft-staking-rewards-v2.json,illia-fz/defi-python-nft-staking-rewards-v2,real_negative,4,test,4.7850945e-06,0,correct
neg_894,0,NEG::instant-coffee__cryptoZombies.json,instant-coffee/cryptoZombies,real_negative,4,test,1.2751904e-07,0,correct
neg_902,0,NEG::itsSauravK__Election-Voting-Blockchain.json,itsSauravK/Election-Voting-Blockchain,real_negative,4,test,1.1253516e-07,0,correct
neg_904,0,NEG::itstargetconfirmed__wrapped-ether.json,itstargetconfirmed/wrapped-ether,real_negative,4,test,2.6729447e-08,0,correct
neg_910,0,NEG::jaayperez__btc-wallet.json,jaayperez/btc-wallet,real_negative,4,test,1.4166088e-09,0,correct
neg_916,0,NEG::JACKORARO12__BlockChainVoting.json,JACKORARO12/BlockChainVoting,real_negative,4,test,4.1399375e-08,0,correct
neg_917,0,NEG::JackyVerse__SmartContractSolidityEth.json,JackyVerse/SmartContractSolidityEth,real_negative,4,test,9.736201e-10,0,correct
neg_925,0,NEG::JamBrains__jam-docs.json,JamBrains/jam-docs,real_negative,4,test,2.8130173e-06,0,correct
neg_926,0,NEG::JamesANZ__crypto-timelocked-backup.json,JamesANZ/crypto-timelocked-backup,real_negative,4,test,1.5381734e-07,0,correct
neg_927,0,NEG::JamesANZ__learn-solidity-with-examples.json,JamesANZ/learn-solidity-with-examples,real_negative,4,test,3.192377e-09,0,correct
neg_929,0,NEG::janfilips__blockchain-poker.json,janfilips/blockchain-poker,real_negative,4,test,1.6536897e-06,0,correct
neg_941,0,NEG::javascript-pro__crypto-casino.json,javascript-pro/crypto-casino,real_negative,4,test,3.850742e-09,0,correct
neg_942,0,NEG::jawedzaid__jawed.json,jawedzaid/jawed,real_negative,4,test,4.35688e-06,0,correct
neg_950,0,NEG::jeftarmascarenhas__smart-contract-training.json,jeftarmascarenhas/smart-contract-training,real_negative,4,test,2.486226e-09,0,correct
neg_951,0,NEG::Jeiwan__zuniswapv2.json,Jeiwan/zuniswapv2,real_negative,4,test,0.0015978455,0,correct
neg_953,0,NEG::jenil04__auction.json,jenil04/auction,real_negative,4,test,7.979938e-08,0,correct
neg_955,0,NEG::jevinjivani2507__casino-web3.json,jevinjivani2507/casino-web3,real_negative,4,test,0.0069576087,0,correct
neg_959,0,NEG::jitendragangwar123__Crypto-Zombies-Game.json,jitendragangwar123/Crypto-Zombies-Game,real_negative,4,test,1.1253516e-07,0,correct
neg_966,0,NEG::john-lawniczak__Smart-Contract-Resources.json,john-lawniczak/Smart-Contract-Resources,real_negative,4,test,1.5079722e-09,0,correct
neg_976,0,NEG::joshaustintech__ethereum-portfolio.json,joshaustintech/ethereum-portfolio,real_negative,4,test,6.7582624e-09,0,correct
neg_1000,0,NEG::KareimGazer__Blockchain-Sim.json,KareimGazer/Blockchain-Sim,real_negative,4,test,2.8857117e-05,0,correct
neg_1001,0,NEG::Karhal__web3-connect.json,Karhal/web3-connect,real_negative,4,test,1.2878952e-06,0,correct
neg_1006,0,NEG::KashifCh-eth__Lottery-Smart-contract.json,KashifCh-eth/Lottery-Smart-contract,real_negative,4,test,2.3588655e-08,0,correct
neg_1008,0,NEG::kausikds__ethereum-onChain-wallet.json,kausikds/ethereum-onChain-wallet,real_negative,4,test,1.2256068e-11,0,correct
neg_1011,0,NEG::kaymen99__uniswap-sushiswap-arbitrage.json,kaymen99/uniswap-sushiswap-arbitrage,real_negative,4,test,2.8453348e-08,0,correct
neg_1014,0,NEG::keep-network__tbtc-website.json,keep-network/tbtc-website,real_negative,4,test,7.734421e-08,0,correct
neg_1017,0,NEG::kelvincup__base-commit.json,kelvincup/base-commit,real_negative,4,test,5.1442214e-05,0,correct
neg_1020,0,NEG::KenatSF__NFT-Marketplace.json,KenatSF/NFT-Marketplace,real_negative,4,test,4.0929112e-06,0,correct
neg_1029,0,NEG::KevinSmall__blockchain3d.json,KevinSmall/blockchain3d,real_negative,4,test,1.6052281e-09,0,correct
neg_1030,0,NEG::KevzPeter__EduBlocks.json,KevzPeter/EduBlocks,real_negative,4,test,1.3709572e-06,0,correct
neg_1037,0,NEG::Kimonic99__Heneftee.json,Kimonic99/Heneftee,real_negative,4,test,3.192377e-09,0,correct
neg_1039,0,NEG::kinggongzilla__Stable_GME_SmartContract.json,kinggongzilla/Stable_GME_SmartContract,real_negative,4,test,1.3420013e-05,0,correct
neg_1050,0,NEG::koh-gt__ferrite-wallet.json,koh-gt/ferrite-wallet,real_negative,4,test,1.02464426e-07,0,correct
neg_1052,0,NEG::konradcodes__Web-3.0-Blockchain-App.json,konradcodes/Web-3.0-Blockchain-App,real_negative,4,test,9.625642e-08,0,correct
neg_1059,0,NEG::KrishGitVerse__speedrun-multisig-msu.json,KrishGitVerse/speedrun-multisig-msu,real_negative,4,test,0.03963884,1,false_positive
neg_1061,0,NEG::krushangSk17__Interaction_with_SmartContract.json,krushangSk17/Interaction_with_SmartContract,real_negative,4,test,0.0054269433,0,correct
neg_1071,0,NEG::l3lackcurtains__solo-coin-cryptocurrency.json,l3lackcurtains/solo-coin-cryptocurrency,real_negative,4,test,0.00026119032,0,correct
neg_1074,0,NEG::LanceHez__Blockchain_Army_Knife-wallet-cracker-with-multichian.json,LanceHez/Blockchain_Army_Knife-wallet-cracker-with-multichian,real_negative,4,test,2.6465736e-09,0,correct
neg_1079,0,NEG::Laszlo23__deficrown.json,Laszlo23/deficrown,real_negative,4,test,6.0141516e-05,0,correct
neg_1086,0,NEG::lbryio__lbry-desktop.json,lbryio/lbry-desktop,real_negative,4,test,7.889263e-06,0,correct
neg_1087,0,NEG::lbryio__torba.json,lbryio/torba,real_negative,4,test,8.677781e-09,0,correct
neg_1090,0,NEG::lee-seokmin__BlockChainVotingSystem.json,lee-seokmin/BlockChainVotingSystem,real_negative,4,test,6.2767043e-07,0,correct
neg_1094,0,NEG::Lemonio1Official__privateKey.json,Lemonio1Official/privateKey,real_negative,4,test,1.9525884e-05,0,correct
neg_1095,0,NEG::Lemury1__wallet_stealer.json,Lemury1/wallet_stealer,real_negative,4,test,0.98934746,1,false_positive
neg_1098,0,NEG::levintech__CryptoZombie.json,levintech/CryptoZombie,real_negative,4,test,7.979938e-08,0,correct
neg_1103,0,NEG::lionello__secp256k1-js.json,lionello/secp256k1-js,real_negative,4,test,1.3156694e-07,0,correct
neg_1106,0,NEG::lmacken__binance-chain-python.json,lmacken/binance-chain-python,real_negative,4,test,1.2029639e-05,0,correct
neg_1108,0,NEG::lnardon__BlockChainExchange.json,lnardon/BlockChainExchange,real_negative,4,test,1.9142874e-07,0,correct
neg_1111,0,NEG::Logarithm-Labs__basis-mcp-server.json,Logarithm-Labs/basis-mcp-server,real_negative,4,test,8.481104e-05,0,correct
neg_1115,0,NEG::Louis-XWB__ICP_Web3Jobs.json,Louis-XWB/ICP_Web3Jobs,real_negative,4,test,2.8172629e-09,0,correct
neg_1116,0,NEG::lssleo__crypto-unlimited.json,lssleo/crypto-unlimited,real_negative,4,test,1.7087564e-09,0,correct
neg_1117,0,NEG::lsw6684__Ethereum.json,lsw6684/Ethereum,real_negative,4,test,1.3887944e-11,0,correct
neg_1128,0,NEG::maAPPsDEV__rock-paper-scissors.json,maAPPsDEV/rock-paper-scissors,real_negative,4,test,1.884609e-07,0,correct
neg_1131,0,NEG::madilraza__BlockChain-Vtraders.pro-Project-.json,madilraza/BlockChain-Vtraders.pro-Project-,real_negative,4,test,1.520684e-05,0,correct
neg_1137,0,NEG::ManaanAnsari__MultiSigWallet-Solidity-Foundry.json,ManaanAnsari/MultiSigWallet-Solidity-Foundry,real_negative,4,test,1.2289183e-06,0,correct
neg_1150,0,NEG::marginalfriend__brownie_fund_me.json,marginalfriend/brownie_fund_me,real_negative,4,test,1.689353e-07,0,correct
neg_1159,0,NEG::mascarenhaswanja__Winter-2020-Introduction-To-Smart-Contracts.json,mascarenhaswanja/Winter-2020-Introduction-To-Smart-Contracts,real_negative,4,test,5.6027964e-09,0,correct
neg_1164,0,NEG::Mathieu2301__TradingView-API.json,Mathieu2301/TradingView-API,real_negative,4,test,0.060307633,1,false_positive
neg_1167,0,NEG::mattdf__RingCrypto.json,mattdf/RingCrypto,real_negative,4,test,2.2380286e-07,0,correct
neg_1170,0,NEG::mattycoles__Python_Blockchain.json,mattycoles/Python_Blockchain,real_negative,4,test,6.89361e-07,0,correct
neg_1171,0,NEG::MauriceBoendermaker__kraken_forge_hackathon_2025.json,MauriceBoendermaker/kraken_forge_hackathon_2025,real_negative,4,test,2.642586e-06,0,correct
neg_1176,0,NEG::mdsalman729__ethBucket.json,mdsalman729/ethBucket,real_negative,4,test,1.7983065e-07,0,correct
neg_1193,0,NEG::mexak__bitcoin.json,mexak/bitcoin,real_negative,4,test,7.5711495e-07,0,correct
neg_1198,0,NEG::mhxw__crypto-sdk.json,mhxw/crypto-sdk,real_negative,4,test,1.2237632e-08,0,correct
neg_1207,0,NEG::mikke555__eth-wallets-generator.json,mikke555/eth-wallets-generator,real_negative,4,test,6.339211e-06,0,correct
neg_1217,0,NEG::Mizogg__GUI_keyhunt.json,Mizogg/GUI_keyhunt,real_negative,4,test,8.4946e-08,0,correct
neg_1225,0,NEG::mohammedmuzammil38__Crypto-Art.json,mohammedmuzammil38/Crypto-Art,real_negative,4,test,7.042271e-08,0,correct
neg_1230,0,NEG::mollybeach__livestakes.json,mollybeach/livestakes,real_negative,4,test,0.01678549,1,false_positive
neg_1233,0,NEG::Mooninghnk__ethreum-wallet.json,Mooninghnk/ethreum-wallet,real_negative,4,test,9.818327e-06,0,correct
neg_1235,0,NEG::moonstream-to__api.json,moonstream-to/api,real_negative,4,test,4.7850945e-06,0,correct
neg_1237,0,NEG::morpho-org__morpho-aavev3-optimizer.json,morpho-org/morpho-aavev3-optimizer,real_negative,4,test,2.3552617e-05,0,correct
neg_1238,0,NEG::moseuh__blockchain-nft.json,moseuh/blockchain-nft,real_negative,4,test,3.8449352e-06,0,correct
neg_1240,0,NEG::Moyintech__First-nft-project.json,Moyintech/First-nft-project,real_negative,4,test,5.539172e-07,0,correct
neg_1243,0,NEG::mrazoriginal__Ali-Crypto-House-HardFork.json,mrazoriginal/Ali-Crypto-House-HardFork,real_negative,4,test,6.4759485e-07,0,correct
neg_1258,0,NEG::mujtaba1747__wave-eth-solidity.json,mujtaba1747/wave-eth-solidity,real_negative,4,test,2.3125503e-10,0,correct
neg_1261,0,NEG::multiversx__mx-sdk-dapp-sc-explorer.json,multiversx/mx-sdk-dapp-sc-explorer,real_negative,4,test,5.26334e-09,0,correct
neg_1263,0,NEG::Multy-io__Multy-back.json,Multy-io/Multy-back,real_negative,4,test,1.7257829e-08,0,correct
neg_1266,0,NEG::muzikoud__cryptoZombies_smart_contract.json,muzikoud/cryptoZombies_smart_contract,real_negative,4,test,7.8114834e-07,0,correct
neg_1270,0,NEG::my-number__solidity-wallet.json,my-number/solidity-wallet,real_negative,4,test,1.0364132e-09,0,correct
neg_1278,0,NEG::NaimaGhulamMuhammad__nftMarketplace-smartcontracts.json,NaimaGhulamMuhammad/nftMarketplace-smartcontracts,real_negative,4,test,5.905304e-10,0,correct
neg_1279,0,NEG::nakandakare__cryptopay-smart-contract.json,nakandakare/cryptopay-smart-contract,real_negative,4,test,4.0929112e-06,0,correct
neg_1286,0,NEG::nayrosk__evm-indexer.json,nayrosk/evm-indexer,real_negative,4,test,6.4120606e-08,0,correct
neg_1298,0,NEG::net2devcrypto__Soroban-NextJS-Vote-dApp-with-Freighter.json,net2devcrypto/Soroban-NextJS-Vote-dApp-with-Freighter,real_negative,4,test,0.01065251,0,correct
neg_1299,0,NEG::NetSepio__evmcontracts.json,NetSepio/evmcontracts,real_negative,4,test,2.8409744e-05,0,correct
neg_1301,0,NEG::Neurproject__NeurProjects.json,Neurproject/NeurProjects,real_negative,4,test,0.00015598026,0,correct
neg_1323,0,NEG::nirholas__lyra-web3-playground.json,nirholas/lyra-web3-playground,real_negative,4,test,4.8473687e-11,0,correct
neg_1325,0,NEG::Nishantthapa4591__Smart-Wallet-with-Blockchain.json,Nishantthapa4591/Smart-Wallet-with-Blockchain,real_negative,4,test,7.265816e-08,0,correct
neg_1329,0,NEG::nixen2802__Blockchain-Python.json,nixen2802/Blockchain-Python,real_negative,4,test,6.4759485e-07,0,correct
neg_1330,0,NEG::njublockchain__web3research-etl.json,njublockchain/web3research-etl,real_negative,4,test,1.05876266e-10,0,correct
neg_1332,0,NEG::Noahendriks__CryptoTokens.json,Noahendriks/CryptoTokens,real_negative,4,test,3.2241868e-08,0,correct
neg_1337,0,NEG::NoNameNo1F__Blockchain-Applied_BitcoinScripts.json,NoNameNo1F/Blockchain-Applied_BitcoinScripts,real_negative,4,test,2.8130173e-06,0,correct
neg_1338,0,NEG::Normalizex__1inch-api-v4.json,Normalizex/1inch-api-v4,real_negative,4,test,5.8291265e-05,0,correct
neg_1343,0,NEG::ntourne__nft-crypto-punks-contract.json,ntourne/nft-crypto-punks-contract,real_negative,4,test,0.0018969199,0,correct
neg_1346,0,NEG::nxm-rs__nexum.json,nxm-rs/nexum,real_negative,4,test,1.7087564e-09,0,correct
neg_1347,0,NEG::NyanyanKat__Crypto_Lottery_Solidity.json,NyanyanKat/Crypto_Lottery_Solidity,real_negative,4,test,3.398268e-09,0,correct
neg_1349,0,NEG::Obalfour__CryptoPokes.json,Obalfour/CryptoPokes,real_negative,4,test,5.896418e-07,0,correct
neg_1353,0,NEG::OffcierCia__ultimate-defi-research-base.json,OffcierCia/ultimate-defi-research-base,real_negative,4,test,9.028039e-05,0,correct
neg_1355,0,NEG::ogDAO__Optino.json,ogDAO/Optino,real_negative,4,test,4.2713534e-08,0,correct
neg_1366,0,NEG::olivermen__bitcoin-wallet-create-app.json,olivermen/bitcoin-wallet-create-app,real_negative,4,test,4.495181e-06,0,correct
neg_1367,0,NEG::Om-Mishra7__KRMU-OS-Expo_2023.json,Om-Mishra7/KRMU-OS-Expo_2023,real_negative,4,test,4.6448814e-09,0,correct
neg_1374,0,NEG::OneMug-Coffee__onemug-link-in-bio.json,OneMug-Coffee/onemug-link-in-bio,real_negative,4,test,0.00015356239,0,correct
neg_1379,0,NEG::opencodeiiita__CryptoWallet.json,opencodeiiita/CryptoWallet,real_negative,4,test,1.3307808e-09,0,correct
neg_1381,0,NEG::openocean-finance__OpenOcean-API-Examples.json,openocean-finance/OpenOcean-API-Examples,real_negative,4,test,3.2563122e-07,0,correct
neg_1387,0,NEG::OptimalLukasDev__Bitcoin-Wallet-finder.json,OptimalLukasDev/Bitcoin-Wallet-finder,real_negative,4,test,2.1233784e-06,0,correct
neg_1400,0,NEG::oxofonime__Celo.json,oxofonime/Celo,real_negative,4,test,1.0030142e-06,0,correct
neg_1404,0,NEG::pablwoAraujo__bitcoin-wallets.json,pablwoAraujo/bitcoin-wallets,real_negative,4,test,2.6465736e-09,0,correct
neg_1413,0,NEG::parv3213__Multi-Signature-Wallet.json,parv3213/Multi-Signature-Wallet,real_negative,4,test,1.4026326e-10,0,correct
neg_1416,0,NEG::patrana__cryptographic-parcel-ledger.json,patrana/cryptographic-parcel-ledger,real_negative,4,test,1.1365636e-06,0,correct
neg_1420,0,NEG::PaulRBerg__prb-math.json,PaulRBerg/prb-math,real_negative,4,test,4.8473687e-11,0,correct
neg_1421,0,NEG::pawanpaudel93__damn-vulnerable-defi.json,pawanpaudel93/damn-vulnerable-defi,real_negative,4,test,2.2603242e-06,0,correct
neg_1422,0,NEG::pawurb__Locker.json,pawurb/Locker,real_negative,4,test,7.05288e-11,0,correct
neg_1423,0,NEG::PaymagicXYZ__lensmo-fe.json,PaymagicXYZ/lensmo-fe,real_negative,4,test,2.5360188e-07,0,correct
neg_1434,0,NEG::Petrosdevri__Solidity-Token-Contract.json,Petrosdevri/Solidity-Token-Contract,real_negative,4,test,2.8453348e-08,0,correct
neg_1437,0,NEG::PiDAOLab__Pi-NFT-CryptoDragonKing.json,PiDAOLab/Pi-NFT-CryptoDragonKing,real_negative,4,test,2.7264703e-06,0,correct
neg_1444,0,NEG::Plycedes__rps-web3.json,Plycedes/rps-web3,real_negative,4,test,4.0929112e-06,0,correct
neg_1450,0,NEG::Polkaverse__Substrate-Chain-to-deploy-Smart-Contract.json,Polkaverse/Substrate-Chain-to-deploy-Smart-Contract,real_negative,4,test,6.0235735e-08,0,correct
neg_1463,0,NEG::pratikshappai__cryptos.json,pratikshappai/cryptos,real_negative,4,test,1.4738981e-05,0,correct
neg_1471,0,NEG::ProjectOpenSea__nft-tutorial.json,ProjectOpenSea/nft-tutorial,real_negative,4,test,3.3647407e-10,0,correct
neg_1473,0,NEG::PromiseGameFi__cyrrus-contract.json,PromiseGameFi/cyrrus-contract,real_negative,4,test,1.414476e-06,0,correct
neg_1476,0,NEG::provinzio__CoinTaxman.json,provinzio/CoinTaxman,real_negative,4,test,1.8448238e-06,0,correct
neg_1479,0,NEG::pvedha__HackIT_IX_Server.json,pvedha/HackIT_IX_Server,real_negative,4,test,4.936989e-06,0,correct
neg_1480,0,NEG::Pymmdrza__Rich-Address-Wallet.json,Pymmdrza/Rich-Address-Wallet,real_negative,4,test,0.0013670255,0,correct
neg_1485,0,NEG::qshuai__blockchain-wallet.json,qshuai/blockchain-wallet,real_negative,4,test,5.26334e-09,0,correct
neg_1487,0,NEG::quang1225__GoFox-Frontend.json,quang1225/GoFox-Frontend,real_negative,4,test,1.4738981e-05,0,correct
neg_1498,0,NEG::radixdlt__radix-dapp-toolkit.json,radixdlt/radix-dapp-toolkit,real_negative,4,test,2.510999e-08,0,correct
neg_1511,0,NEG::raketic-ognjen__ZombieCrypto.json,raketic-ognjen/ZombieCrypto,real_negative,4,test,2.586743e-05,0,correct
neg_1513,0,NEG::Ramprakash852__Proofify-Smart-Contract.json,Ramprakash852/Proofify-Smart-Contract,real_negative,4,test,5.2553955e-06,0,correct
neg_1515,0,NEG::ranchimall__blockchainbonds.json,ranchimall/blockchainbonds,real_negative,4,test,3.0241958e-05,0,correct
neg_1516,0,NEG::rango-exchange__rango-sdk.json,rango-exchange/rango-sdk,real_negative,4,test,1.3026892e-08,0,correct
neg_1526,0,NEG::rchak007__NFTArtMuseum.json,rchak007/NFTArtMuseum,real_negative,4,test,5.315785e-08,0,correct
neg_1532,0,NEG::RektifyAI__attack-playbook.json,RektifyAI/attack-playbook,real_negative,4,test,1.9750534e-07,0,correct
neg_1539,0,NEG::reown-com__reown_flutter.json,reown-com/reown_flutter,real_negative,4,test,6.214782e-08,0,correct
neg_1541,0,NEG::reshma149__crypto.json,reshma149/crypto,real_negative,4,test,1.1726421e-06,0,correct
neg_1557,0,NEG::robhato__FFXIV-NFT-Smart-Contract.json,robhato/FFXIV-NFT-Smart-Contract,real_negative,4,test,2.0580492e-06,0,correct
neg_1566,0,NEG::Rohit04052004__aave-credit-scoring-analysis.json,Rohit04052004/aave-credit-scoring-analysis,real_negative,4,test,0.11676401,1,false_positive
neg_1567,0,NEG::Rohitw3code__web3-solidity-python.json,Rohitw3code/web3-solidity-python,real_negative,4,test,1.602811e-06,0,correct
neg_1570,0,NEG::ronylucca__nft-dungeons-slayers.json,ronylucca/nft-dungeons-slayers,real_negative,4,test,5.093705e-06,0,correct
neg_1575,0,NEG::rstkey__whitelist_token.json,rstkey/whitelist_token,real_negative,4,test,0.99877447,1,false_positive
neg_1578,0,NEG::ruqqq__blockchainparser.json,ruqqq/blockchainparser,real_negative,4,test,1.602811e-06,0,correct
neg_1580,0,NEG::rusty-web3-developer__Solana-Bitcoin-NFT-Dex-Defi-P2EGame-SmartContract-Web3-Projects.json,rusty-web3-developer/Solana-Bitcoin-NFT-Dex-Defi-P2EGame-SmartContract-Web3-Projects,real_negative,4,test,2.642586e-06,0,correct
neg_1581,0,NEG::rustyneuron01__NFT-Launchpad-Alkanes.json,rustyneuron01/NFT-Launchpad-Alkanes,real_negative,4,test,8.677781e-09,0,correct
neg_1586,0,NEG::Ryu204__crypto_rocket.json,Ryu204/crypto_rocket,real_negative,4,test,6.89361e-07,0,correct
neg_1589,0,NEG::s-damian__hardhat-nft-ticketing.json,s-damian/hardhat-nft-ticketing,real_negative,4,test,1.14961916e-08,0,correct
neg_1597,0,NEG::saikun0293__gige-web3.json,saikun0293/gige-web3,real_negative,4,test,0.16451646,1,false_positive
neg_1602,0,NEG::Sammers21__crypto-owl.json,Sammers21/crypto-owl,real_negative,4,test,3.4268494e-05,0,correct
neg_1605,0,NEG::SANTHOSH17-DOT__HODL.json,SANTHOSH17-DOT/HODL,real_negative,4,test,1.9977386e-09,0,correct
neg_1606,0,NEG::santiellena__air-flatcoin-protocol.json,santiellena/air-flatcoin-protocol,real_negative,4,test,0.00019716944,0,correct
neg_1618,0,NEG::scaffold-eth__eth-components.json,scaffold-eth/eth-components,real_negative,4,test,1.4026326e-10,0,correct
neg_1627,0,NEG::sebitokazu__wave-and-token-ranking-dApp.json,sebitokazu/wave-and-token-ranking-dApp,real_negative,4,test,6.4120606e-08,0,correct
neg_1630,0,NEG::SecorD0__evm-mnemonic-generator.json,SecorD0/evm-mnemonic-generator,real_negative,4,test,6.083591e-07,0,correct
neg_1634,0,NEG::SergioCifuentes__mpl-core-staking-frontend.json,SergioCifuentes/mpl-core-staking-frontend,real_negative,4,test,1.7061833e-06,0,correct
neg_1641,0,NEG::Shaivpidadi__NFT-Dapp-Boilerplate.json,Shaivpidadi/NFT-Dapp-Boilerplate,real_negative,4,test,4.7850945e-06,0,correct
neg_1652,0,NEG::ShivankK26__Solidity-Smart-Contracts.json,ShivankK26/Solidity-Smart-Contracts,real_negative,4,test,0.00015843622,0,correct
neg_1660,0,NEG::SiddharthaBhattacharjee__Python_Script_To_Access_Deployed_Smartcontract.json,SiddharthaBhattacharjee/Python_Script_To_Access_Deployed_Smartcontract,real_negative,4,test,2.4579936e-07,0,correct
neg_1662,0,NEG::sidebetxyz__crypto-chess.json,sidebetxyz/crypto-chess,real_negative,4,test,0.00024923251,0,correct
neg_1669,0,NEG::sirlopu__defi-stake-yield-brownie.json,sirlopu/defi-stake-yield-brownie,real_negative,4,test,5.315785e-08,0,correct
neg_1670,0,NEG::SkSamreen3__Organ-Matching-Transplantation-Blockchain-.json,SkSamreen3/Organ-Matching-Transplantation-Blockchain-,real_negative,4,test,7.1832605e-06,0,correct
neg_1673,0,NEG::skydream118__NFTMarketplace.json,skydream118/NFTMarketplace,real_negative,4,test,1.6373771e-07,0,correct
neg_1681,0,NEG::smartbugs__smartbugs-curated.json,smartbugs/smartbugs-curated,real_negative,4,test,1.344041e-08,0,correct
neg_1691,0,NEG::sobi983__Binance-Marketplace-NFT-transfer-automation.json,sobi983/Binance-Marketplace-NFT-transfer-automation,real_negative,4,test,1.7429788e-07,0,correct
neg_1705,0,NEG::spareleg__bitcoin-ticker.json,spareleg/bitcoin-ticker,real_negative,4,test,5.594338e-06,0,correct
neg_1710,0,NEG::SpiderOak__Encryptr.json,SpiderOak/Encryptr,real_negative,4,test,0.0002959571,0,correct
neg_1720,0,NEG::stater-co__nft-lending-contracts.json,stater-co/nft-lending-contracts,real_negative,4,test,2.902312e-06,0,correct
neg_1725,0,NEG::StephanAkkerman__crypto-ohlcv.json,StephanAkkerman/crypto-ohlcv,real_negative,4,test,0.000115919334,0,correct
neg_1739,0,NEG::sun-blockchain__harmony-pet.json,sun-blockchain/harmony-pet,real_negative,4,test,7.4224995e-09,0,correct
neg_1751,0,NEG::supragya__CryptographyResearch.json,supragya/CryptographyResearch,real_negative,4,test,0.0014103585,0,correct
neg_1757,0,NEG::swarupyeole11__BlockchainCryptography.json,swarupyeole11/BlockchainCryptography,real_negative,4,test,4.35688e-06,0,correct
neg_1760,0,NEG::SwezyDev__MultiExodus.json,SwezyDev/MultiExodus,real_negative,4,test,4.1399375e-08,0,correct
neg_1764,0,NEG::sxnuru__FentaCode.json,sxnuru/FentaCode,real_negative,4,test,1.5534978e-06,0,correct
neg_1776,0,NEG::tanish35__Blockchain-Tracker.json,tanish35/Blockchain-Tracker,real_negative,4,test,1.2751904e-07,0,correct
neg_1777,0,NEG::tankbottoms__tiles-on-chain.json,tankbottoms/tiles-on-chain,real_negative,4,test,1.7257829e-08,0,correct
neg_1781,0,NEG::taoteh1221__Open_Crypto_Tracker.json,taoteh1221/Open_Crypto_Tracker,real_negative,4,test,0.0028338498,0,correct
neg_1789,0,NEG::teamssUTXO__bitcoin_mcp.json,teamssUTXO/bitcoin_mcp,real_negative,4,test,2.4061026e-06,0,correct
neg_1790,0,NEG::TechRate__Smart-Contract-Audits.json,TechRate/Smart-Contract-Audits,real_negative,4,test,3.7636444e-05,0,correct
neg_1791,0,NEG::teefeh-07__DefiDungeons.json,teefeh-07/DefiDungeons,real_negative,4,test,0.00021654405,0,correct
neg_1796,0,NEG::ten-protocol__go-ten.json,ten-protocol/go-ten,real_negative,4,test,9.042454e-08,0,correct
neg_1810,0,NEG::thenua3bhai__backend-nft-marketplace-ethereum.json,thenua3bhai/backend-nft-marketplace-ethereum,real_negative,4,test,1.4593763e-06,0,correct
neg_1811,0,NEG::TheODDYSEY__Vending-Machine-Smart-Contract.json,TheODDYSEY/Vending-Machine-Smart-Contract,real_negative,4,test,1.0364132e-09,0,correct
neg_1814,0,NEG::thisiskeanyvy__blocktracker.json,thisiskeanyvy/blocktracker,real_negative,4,test,5.4927885e-11,0,correct
neg_1820,0,NEG::timyiu478__cryptocurrencies-blockchain-technologies-stanford.json,timyiu478/cryptocurrencies-blockchain-technologies-stanford,real_negative,4,test,5.4845263e-08,0,correct
neg_1824,0,NEG::TJ-2004__dechai.json,TJ-2004/dechai,real_negative,4,test,1.1610741e-07,0,correct
neg_1825,0,NEG::tmdi123__amazing-cat-.json,tmdi123/amazing-cat-,real_negative,4,test,2.1233784e-06,0,correct
neg_1828,0,NEG::tomerweller__exp-tempo-clones.json,tomerweller/exp-tempo-clones,real_negative,4,test,2.8453348e-08,0,correct
neg_1829,0,NEG::tomteman__attendr.json,tomteman/attendr,real_negative,4,test,5.5475197e-10,0,correct
neg_1839,0,NEG::tr1sm0s1n__go-dapp-example.json,tr1sm0s1n/go-dapp-example,real_negative,4,test,9.530678e-09,0,correct
neg_1848,0,NEG::Trum3it__bsc-web3-connector.json,Trum3it/bsc-web3-connector,real_negative,4,test,3.4663265e-07,0,correct
neg_1851,0,NEG::trustwallet__wallet-core.json,trustwallet/wallet-core,real_negative,4,test,2.1265816e-09,0,correct
neg_1853,0,NEG::tsauvajon__cryptoblobs.json,tsauvajon/cryptoblobs,real_negative,4,test,1.05717e-07,0,correct
neg_1856,0,NEG::tunnckoCore__bitcoin-connect.json,tunnckoCore/bitcoin-connect,real_negative,4,test,5.2035716e-07,0,correct
neg_1860,0,NEG::txtx__txtx.json,txtx/txtx,real_negative,4,test,5.7806484e-09,0,correct
neg_1871,0,NEG::uhsr__CryptoShieldFramework.json,uhsr/CryptoShieldFramework,real_negative,4,test,0.010328153,0,correct
neg_1873,0,NEG::UMAprotocol__docs.json,UMAprotocol/docs,real_negative,4,test,4.8883027e-07,0,correct
neg_1874,0,NEG::UMAprotocol__protocol.json,UMAprotocol/protocol,real_negative,4,test,2.1940867e-09,0,correct
neg_1877,0,NEG::uport-project__uport-connect.json,uport-project/uport-connect,real_negative,4,test,5.6586238e-08,0,correct
neg_1884,0,NEG::valamicorp__top100token-ape-bot.json,valamicorp/top100token-ape-bot,real_negative,4,test,1.5870002e-07,0,correct
neg_1885,0,NEG::vancelin__ethereum-event-tracker.json,vancelin/ethereum-event-tracker,real_negative,4,test,2.6204627e-10,0,correct
neg_1887,0,NEG::VaultLayer__vaultlayer-sdk.json,VaultLayer/vaultlayer-sdk,real_negative,4,test,4.6112746e-05,0,correct
neg_1889,0,NEG::vdsalexandre__CryptoZombies.json,vdsalexandre/CryptoZombies,real_negative,4,test,1.5870002e-07,0,correct
neg_1892,0,NEG::ved-et9__Blockchain_web3.json,ved-et9/Blockchain_web3,real_negative,4,test,1.9555682e-08,0,correct
neg_1893,0,NEG::Vedant7789__defi_wallet_score.json,Vedant7789/defi_wallet_score,real_negative,4,test,1.568955e-05,0,correct
neg_1895,0,NEG::Velocity-BPA__n8n-nodes-aztec.json,Velocity-BPA/n8n-nodes-aztec,real_negative,4,test,0.00013658355,0,correct
neg_1898,0,NEG::vergecurrency__verge.json,vergecurrency/verge,real_negative,4,test,1.414476e-06,0,correct
neg_1902,0,NEG::viaprotocol__format-crypto.json,viaprotocol/format-crypto,real_negative,4,test,7.1832605e-06,0,correct
neg_1904,0,NEG::victorykop__Buildspace-Wave-Portal-Backend.json,victorykop/Buildspace-Wave-Portal-Backend,real_negative,4,test,9.946155e-11,0,correct
neg_1907,0,NEG::Vikash-8090-Yadav__Learn-Earn-in-WEB3.json,Vikash-8090-Yadav/Learn-Earn-in-WEB3,real_negative,4,test,3.850742e-09,0,correct
neg_1909,0,NEG::ViktorVL584__Crypto-News-Aggregator.json,ViktorVL584/Crypto-News-Aggregator,real_negative,4,test,6.748051e-06,0,correct
neg_1914,0,NEG::vishal-kr007__walletSmartContract.json,vishal-kr007/walletSmartContract,real_negative,4,test,4.8883027e-07,0,correct
neg_1918,0,NEG::Vitalik-Hakim__antimony.json,Vitalik-Hakim/antimony,real_negative,4,test,1.568955e-05,0,correct
neg_1923,0,NEG::vitwit__Multisig-Wallet-ERC20.json,vitwit/Multisig-Wallet-ERC20,real_negative,4,test,7.658115e-09,0,correct
neg_1929,0,NEG::vm542__bitcoin-wallet-bot.json,vm542/bitcoin-wallet-bot,real_negative,4,test,2.902312e-06,0,correct
neg_1930,0,NEG::vmeazevedo__myCrypto_MercadoBitcoin.json,vmeazevedo/myCrypto_MercadoBitcoin,real_negative,4,test,0.0039148238,0,correct
neg_1955,0,NEG::WeaverFi__cookietrack-api.json,WeaverFi/cookietrack-api,real_negative,4,test,1.3631346e-05,0,correct
neg_1958,0,NEG::Web3Auth__Auth.json,Web3Auth/Auth,real_negative,4,test,2.335593e-09,0,correct
neg_1969,0,NEG::weiweiyeih__web3.0-lottery-frontend-app.json,weiweiyeih/web3.0-lottery-frontend-app,real_negative,4,test,1.1253516e-07,0,correct
neg_1984,0,NEG::WTFAcademy__WTF-CTF.json,WTFAcademy/WTF-CTF,real_negative,4,test,2.2603242e-06,0,correct
neg_1989,0,NEG::xavierzho__dex-sdk.json,xavierzho/dex-sdk,real_negative,4,test,1.0129991e-05,0,correct
neg_1993,0,NEG::xerion12__Dapp-algorand.json,xerion12/Dapp-algorand,real_negative,4,test,1.3046516e-11,0,correct
neg_1995,0,NEG::xlnfinance__xln.json,xlnfinance/xln,real_negative,4,test,2.48248e-06,0,correct
neg_2003,0,NEG::y-chan__handmade_blockchain.json,y-chan/handmade_blockchain,real_negative,4,test,7.646538e-06,0,correct
neg_2004,0,NEG::Y-Xiang-hub__Crowdsourcing-With-Smart-Contract.json,Y-Xiang-hub/Crowdsourcing-With-Smart-Contract,real_negative,4,test,4.6378736e-06,0,correct
neg_2005,0,NEG::yakiyahi__projet-web3.json,yakiyahi/projet-web3,real_negative,4,test,8.664653e-06,0,correct
neg_2007,0,NEG::yannvr__lendx.json,yannvr/lendx,real_negative,4,test,1.621223e-08,0,correct
neg_2010,0,NEG::YarovoyVladimir09__rust-solana-NftLoanPlatform.json,YarovoyVladimir09/rust-solana-NftLoanPlatform,real_negative,4,test,4.1399375e-08,0,correct
neg_2016,0,NEG::yessGlory17__nft-marketplace.json,yessGlory17/nft-marketplace,real_negative,4,test,1.2098657e-06,0,correct
neg_2022,0,NEG::yogdaan__blockchain-certification.json,yogdaan/blockchain-certification,real_negative,4,test,1.7257829e-08,0,correct
neg_2023,0,NEG::yokeld__solgo.json,yokeld/solgo,real_negative,4,test,3.581748e-10,0,correct
neg_2026,0,NEG::YosephKS__truffle-opensea-nft.json,YosephKS/truffle-opensea-nft,real_negative,4,test,3.8891116e-08,0,correct
neg_2036,0,NEG::zama-ai__blockchain-wallet-exporter.json,zama-ai/blockchain-wallet-exporter,real_negative,4,test,4.2228335e-06,0,correct
neg_2039,0,NEG::zeriontech__defi-sdk.json,zeriontech/defi-sdk,real_negative,4,test,1.0467401e-08,0,correct
neg_2043,0,NEG::zillehuma75__lottery-smart-contract-.json,zillehuma75/lottery-smart-contract-,real_negative,4,test,6.4759485e-07,0,correct
neg_2045,0,NEG::zircuit-labs__web3-telegram-mini-app.json,zircuit-labs/web3-telegram-mini-app,real_negative,4,test,1.5229979e-08,0,correct
neg_2050,0,NEG::ZuInnoTe__spark-hadoopcryptoledger-ds.json,ZuInnoTe/spark-hadoopcryptoledger-ds,real_negative,4,test,2.48248e-06,0,correct
neg_2051,0,NEG::Zynora06JaA7__Arb-Script.json,Zynora06JaA7/Arb-Script,real_negative,4,test,5.4304166e-09,0,correct
neg_2053,0,NEG::zzzizo__cig-chain.json,zzzizo/cig-chain,real_negative,4,test,0.96432143,1,false_positive
