family_id,label,is_real_positive,is_generated_positive,row_index,outer_fold,y_proba,y_pred,threshold,model,repo_full_name
F2_crypto_trading_bot,1,1,0,11,1,0.03956188602282822,0,0.3730263529,LinearSVC+CalibratedClassifierCV,dev-protocol/polymarket-copytrading-bot-sport
F2_crypto_trading_bot,1,1,0,14,1,0.0006300412951031851,0,0.3730263529,LinearSVC+CalibratedClassifierCV,FaceOFWood/SniperBot-Solana-PumpSwap
F2_crypto_trading_bot,1,1,0,15,1,0.6602051416214038,1,0.3730263529,LinearSVC+CalibratedClassifierCV,harshith-vaddiparthy/quant-bot
F2_crypto_trading_bot,1,1,0,29,1,0.0021787756423117892,0,0.3730263529,LinearSVC+CalibratedClassifierCV,Morning-Star213/Solana-pumpfun-bot
F2_crypto_trading_bot,1,0,1,188,1,0.029141240893509963,0,0.3730263529,LinearSVC+CalibratedClassifierCV,labs-market/polymarket-copytrading-bot-sport
F2_crypto_trading_bot,1,0,1,189,1,0.00031264363603769076,0,0.3730263529,LinearSVC+CalibratedClassifierCV,FaceOFWoo/SniperBot-Solana-PumpSwap
F2_crypto_trading_bot,1,0,1,190,1,0.6384021598220633,1,0.3730263529,LinearSVC+CalibratedClassifierCV,harshithvaddiparthyy/quant-bot
F2_crypto_trading_bot,1,0,1,191,1,0.0033635004054709395,0,0.3730263529,LinearSVC+CalibratedClassifierCV,MorningStar213ry/Solana-pumpfun-bot
F2_crypto_trading_bot,1,0,1,192,1,0.025844226000036653,0,0.3730263529,LinearSVC+CalibratedClassifierCV,dex-copy/polymarket-copytrading-bot-sport
F2_crypto_trading_bot,1,0,1,193,1,0.000863469320674712,0,0.3730263529,LinearSVC+CalibratedClassifierCV,FaceOFWoodv/SniperBot-Solana-PumpSwap
F2_crypto_trading_bot,1,0,1,194,1,0.5732083081354693,1,0.3730263529,LinearSVC+CalibratedClassifierCV,harshithvaddiparthy4/quant-bot
F2_crypto_trading_bot,1,0,1,195,1,0.00221261398710835,0,0.3730263529,LinearSVC+CalibratedClassifierCV,MorningStar213/Solana-pumpfun-bot
F2_crypto_trading_bot,1,0,1,196,1,0.03528133264062892,0,0.3730263529,LinearSVC+CalibratedClassifierCV,dex-bot/polymarket-copytrading-bot-sport
F2_crypto_trading_bot,1,0,1,197,1,0.0010694969297743752,0,0.3730263529,LinearSVC+CalibratedClassifierCV,FaceOFWood2/SniperBot-Solana-PumpSwap
F2_crypto_trading_bot,1,0,1,198,1,0.6736972619095561,1,0.3730263529,LinearSVC+CalibratedClassifierCV,harshithvaddiparthy42/quant-bot
F2_crypto_trading_bot,1,0,1,199,1,0.0017258462272265601,0,0.3730263529,LinearSVC+CalibratedClassifierCV,MorningStar2132/Solana-pumpfun-bot
F2_crypto_trading_bot,1,0,1,200,1,0.04287410437920978,0,0.3730263529,LinearSVC+CalibratedClassifierCV,dex-trade/polymarket-copytrading-bot-sport
F2_crypto_trading_bot,1,0,1,201,1,0.0006949434615092825,0,0.3730263529,LinearSVC+CalibratedClassifierCV,FaceOFWoodk/SniperBot-Solana-PumpSwap
F2_crypto_trading_bot,1,0,1,202,1,0.7472034392898496,1,0.3730263529,LinearSVC+CalibratedClassifierCV,harshithvaddiparthyu/quant-bot
F2_crypto_trading_bot,1,0,1,203,1,0.003229784269352016,0,0.3730263529,LinearSVC+CalibratedClassifierCV,MorningStar2133/Solana-pumpfun-bot
F2_crypto_trading_bot,1,0,1,204,1,0.05226986547539637,0,0.3730263529,LinearSVC+CalibratedClassifierCV,bot-trade/polymarket-copytrading-bot-sport
F2_crypto_trading_bot,1,0,1,205,1,0.00074133784947559,0,0.3730263529,LinearSVC+CalibratedClassifierCV,FaceOFWood3/SniperBot-Solana-PumpSwap
F2_crypto_trading_bot,1,0,1,206,1,0.6459992380834462,1,0.3730263529,LinearSVC+CalibratedClassifierCV,harshithvaddiparthy/quant-bot
F2_crypto_trading_bot,1,0,1,207,1,0.0016209784681854263,0,0.3730263529,LinearSVC+CalibratedClassifierCV,MorningStar213o3/Solana-pumpfun-bot
F2_crypto_trading_bot,1,0,1,208,1,0.05179524727598098,0,0.3730263529,LinearSVC+CalibratedClassifierCV,dex-signal/polymarket-copytrading-bot-sport
F2_crypto_trading_bot,1,0,1,209,1,0.0004153043532528671,0,0.3730263529,LinearSVC+CalibratedClassifierCV,FaceOFWood4/SniperBot-Solana-PumpSwap
F2_crypto_trading_bot,1,0,1,210,1,0.6862091705549963,1,0.3730263529,LinearSVC+CalibratedClassifierCV,harshithvaddiparthyy2/quant-bot
F2_crypto_trading_bot,1,0,1,211,1,0.0017729182161649905,0,0.3730263529,LinearSVC+CalibratedClassifierCV,MorningStar213gg/Solana-pumpfun-bot
F2_crypto_trading_bot,1,0,1,212,1,0.029879516710102926,0,0.3730263529,LinearSVC+CalibratedClassifierCV,signal-labs/polymarket-copytrading-bot-sport
F2_crypto_trading_bot,1,0,1,213,1,0.00045346725905336577,0,0.3730263529,LinearSVC+CalibratedClassifierCV,FaceOFWoo2/SniperBot-Solana-PumpSwap
F2_crypto_trading_bot,1,0,1,214,1,0.6795920554915643,1,0.3730263529,LinearSVC+CalibratedClassifierCV,harshithvaddiparthy2/quant-bot
F2_crypto_trading_bot,1,0,1,215,1,0.0022545637846816905,0,0.3730263529,LinearSVC+CalibratedClassifierCV,MorningStar2132q/Solana-pumpfun-bot
F2_crypto_trading_bot,1,0,1,216,1,0.050986478900511945,0,0.3730263529,LinearSVC+CalibratedClassifierCV,copy-trade/polymarket-copytrading-bot-sport
F2_crypto_trading_bot,1,0,1,217,1,0.0009190668169169964,0,0.3730263529,LinearSVC+CalibratedClassifierCV,FaceOFWood5/SniperBot-Solana-PumpSwap
F2_crypto_trading_bot,1,0,1,218,1,0.5936365580489743,1,0.3730263529,LinearSVC+CalibratedClassifierCV,harshithvaddiparthy3/quant-bot
F2_crypto_trading_bot,1,0,1,219,1,0.001584791120630599,0,0.3730263529,LinearSVC+CalibratedClassifierCV,MorningStar213q/Solana-pumpfun-bot
F2_crypto_trading_bot,1,0,1,220,1,0.07743380760314506,0,0.3730263529,LinearSVC+CalibratedClassifierCV,signal-marke/polymarket-copytrading-bot-sport
F2_crypto_trading_bot,1,0,1,221,1,0.0004395861684614525,0,0.3730263529,LinearSVC+CalibratedClassifierCV,FaceOFWoo3/SniperBot-Solana-PumpSwap
F2_crypto_trading_bot,1,0,1,222,1,0.6517004586662564,1,0.3730263529,LinearSVC+CalibratedClassifierCV,harshithvaddiparthy32/quant-bot
F2_crypto_trading_bot,1,0,1,223,1,0.0012770621512902417,0,0.3730263529,LinearSVC+CalibratedClassifierCV,MorningStar213j/Solana-pumpfun-bot
F2_crypto_trading_bot,1,0,1,224,1,0.04021567104841731,0,0.3730263529,LinearSVC+CalibratedClassifierCV,bot-market/polymarket-copytrading-bot-sport
F2_crypto_trading_bot,1,0,1,225,1,0.0005547057262762677,0,0.3730263529,LinearSVC+CalibratedClassifierCV,FaceOFWoodh/SniperBot-Solana-PumpSwap
F2_crypto_trading_bot,1,0,1,226,1,0.7249353678528054,1,0.3730263529,LinearSVC+CalibratedClassifierCV,harshithvaddiparthyv/quant-bot
F2_crypto_trading_bot,1,0,1,227,1,0.003640743978542067,0,0.3730263529,LinearSVC+CalibratedClassifierCV,MorningStar213h/Solana-pumpfun-bot
F2_crypto_trading_bot,1,0,1,228,1,0.05175930393872644,0,0.3730263529,LinearSVC+CalibratedClassifierCV,dex-copy2/polymarket-copytrading-bot-sport
F2_crypto_trading_bot,1,0,1,229,1,0.0006848247956480707,0,0.3730263529,LinearSVC+CalibratedClassifierCV,FaceOFWood6/SniperBot-Solana-PumpSwap
F2_crypto_trading_bot,1,0,1,230,1,0.7411292915330593,1,0.3730263529,LinearSVC+CalibratedClassifierCV,harshithvaddiparthyo/quant-bot
F2_crypto_trading_bot,1,0,1,231,1,0.0010914219017105176,0,0.3730263529,LinearSVC+CalibratedClassifierCV,MorningStar2131/Solana-pumpfun-bot
F2_crypto_trading_bot,1,0,1,232,1,0.050098322937301654,0,0.3730263529,LinearSVC+CalibratedClassifierCV,bot-market2/polymarket-copytrading-bot-sport
F2_crypto_trading_bot,1,0,1,233,1,0.0004598313397831857,0,0.3730263529,LinearSVC+CalibratedClassifierCV,FaceOFWood7/SniperBot-Solana-PumpSwap
F2_crypto_trading_bot,1,0,1,234,1,0.6497336205655165,1,0.3730263529,LinearSVC+CalibratedClassifierCV,harshithvaddiparthyt/quant-bot
F2_crypto_trading_bot,1,0,1,235,1,0.0014171586222905843,0,0.3730263529,LinearSVC+CalibratedClassifierCV,MorningStar213mf/Solana-pumpfun-bot
F2_crypto_trading_bot,1,0,1,236,1,0.07547696365969943,0,0.3730263529,LinearSVC+CalibratedClassifierCV,copy-signal/polymarket-copytrading-bot-sport
F2_crypto_trading_bot,1,0,1,237,1,0.0007075846607658257,0,0.3730263529,LinearSVC+CalibratedClassifierCV,FaceOFWood8/SniperBot-Solana-PumpSwap
F2_crypto_trading_bot,1,0,1,238,1,0.6471655796021305,1,0.3730263529,LinearSVC+CalibratedClassifierCV,harshithvaddiparthy5/quant-bot
F2_crypto_trading_bot,1,0,1,239,1,0.004029427914062018,0,0.3730263529,LinearSVC+CalibratedClassifierCV,MorningStar21397/Solana-pumpfun-bot
F2_crypto_trading_bot,1,0,1,240,1,0.0625969766897066,0,0.3730263529,LinearSVC+CalibratedClassifierCV,bot-market3/polymarket-copytrading-bot-sport
F2_crypto_trading_bot,1,0,1,241,1,0.001033309444044998,0,0.3730263529,LinearSVC+CalibratedClassifierCV,FaceOFWood9/SniperBot-Solana-PumpSwap
F2_crypto_trading_bot,1,0,1,242,1,0.5923926682160275,1,0.3730263529,LinearSVC+CalibratedClassifierCV,harshithvaddiparthyp/quant-bot
F2_crypto_trading_bot,1,0,1,243,1,0.0026145566621014037,0,0.3730263529,LinearSVC+CalibratedClassifierCV,MorningStar2134v/Solana-pumpfun-bot
NEG_00023,0,0,0,323,1,0.0001426094776020801,0,0.3730263529,LinearSVC+CalibratedClassifierCV,0xMaka/w3py
NEG_00025,0,0,0,325,1,0.002360079294123745,0,0.3730263529,LinearSVC+CalibratedClassifierCV,0xMesinTempur/Flappyster
NEG_00029,0,0,0,329,1,2.5846793153988796e-05,0,0.3730263529,LinearSVC+CalibratedClassifierCV,0xRobWatson/Allowance-dApp
NEG_00030,0,0,0,330,1,0.0015540899359240727,0,0.3730263529,LinearSVC+CalibratedClassifierCV,0xTaoDev/Wallet-Trades-Tracker
NEG_00032,0,0,0,332,1,0.00904666373311058,0,0.3730263529,LinearSVC+CalibratedClassifierCV,0xwagmi/bitcoin_wallet
NEG_00039,0,0,0,339,1,0.00021203053516110636,0,0.3730263529,LinearSVC+CalibratedClassifierCV,1poolfinance/1Pool-Strategy
NEG_00044,0,0,0,344,1,0.0013615642215923853,0,0.3730263529,LinearSVC+CalibratedClassifierCV,3Dpass/wallet
NEG_00045,0,0,0,345,1,0.0031278343125130917,0,0.3730263529,LinearSVC+CalibratedClassifierCV,5ajaki/safe-mcp-server
NEG_00049,0,0,0,349,1,2.8835786964820066e-05,0,0.3730263529,LinearSVC+CalibratedClassifierCV,a1fred/cryptoportfolio
NEG_00056,0,0,0,356,1,1.5949222388583253e-05,0,0.3730263529,LinearSVC+CalibratedClassifierCV,aave/aave-v3-core
NEG_00059,0,0,0,359,1,0.005926726734215327,0,0.3730263529,LinearSVC+CalibratedClassifierCV,abba-platforms/NADD
NEG_00063,0,0,0,363,1,0.0006787546268360615,0,0.3730263529,LinearSVC+CalibratedClassifierCV,AbhinavOC24/sPay
NEG_00065,0,0,0,365,1,0.0015424178982849047,0,0.3730263529,LinearSVC+CalibratedClassifierCV,AbushakerJamil/Hardhat-Test
NEG_00067,0,0,0,367,1,0.00014293066915868733,0,0.3730263529,LinearSVC+CalibratedClassifierCV,acebusters/acebusters-frontend
NEG_00069,0,0,0,369,1,0.0007530868513107536,0,0.3730263529,LinearSVC+CalibratedClassifierCV,AchyuthMohan/cryptogram-nmit-block-chain-
NEG_00070,0,0,0,370,1,0.0007965194157116502,0,0.3730263529,LinearSVC+CalibratedClassifierCV,ACINQ/phoenix
NEG_00073,0,0,0,373,1,0.0002838370969728149,0,0.3730263529,LinearSVC+CalibratedClassifierCV,Adamant-im/adamant-api-jsclient
NEG_00076,0,0,0,376,1,0.0002514763739677876,0,0.3730263529,LinearSVC+CalibratedClassifierCV,adamocallaghan/membrane-finance-v2
NEG_00078,0,0,0,378,1,0.0014882379602435426,0,0.3730263529,LinearSVC+CalibratedClassifierCV,adhithim09/Dsurv---Crypto_Token
NEG_00099,0,0,0,399,1,0.01421292931154145,0,0.3730263529,LinearSVC+CalibratedClassifierCV,Afrozllm/Web3-Wallet-Connect
NEG_00100,0,0,0,400,1,0.006504350506352002,0,0.3730263529,LinearSVC+CalibratedClassifierCV,agencyenterprise/serpro-web3-hackathon
NEG_00109,0,0,0,409,1,0.00047680975431048443,0,0.3730263529,LinearSVC+CalibratedClassifierCV,ahmetozlu/defi_yield_farming
NEG_00111,0,0,0,411,1,2.2929181610830402e-05,0,0.3730263529,LinearSVC+CalibratedClassifierCV,AICoin-io/AICoin
NEG_00115,0,0,0,415,1,0.0047626983219125835,0,0.3730263529,LinearSVC+CalibratedClassifierCV,AiKay96/Bitcoin-Wallet
NEG_00120,0,0,0,420,1,6.563004023615324e-05,0,0.3730263529,LinearSVC+CalibratedClassifierCV,ajsizzle/bitcoin-ticker
NEG_00121,0,0,0,421,1,0.000610728760813939,0,0.3730263529,LinearSVC+CalibratedClassifierCV,akashmehrotra29/my-wave-portal
NEG_00123,0,0,0,423,1,0.0007089135773442911,0,0.3730263529,LinearSVC+CalibratedClassifierCV,akhileshthite/dtube
NEG_00124,0,0,0,424,1,0.007374785953396721,0,0.3730263529,LinearSVC+CalibratedClassifierCV,akinncar/ar-nft
NEG_00128,0,0,0,428,1,0.014874874204375011,0,0.3730263529,LinearSVC+CalibratedClassifierCV,AkshitTiwarii/carbonx
NEG_00135,0,0,0,435,1,0.00019421859549545204,0,0.3730263529,LinearSVC+CalibratedClassifierCV,AleRapchan/nft-token-factory
NEG_00162,0,0,0,462,1,0.001339613873026303,0,0.3730263529,LinearSVC+CalibratedClassifierCV,alto-io/contractor
NEG_00163,0,0,0,463,1,0.0008230016422289555,0,0.3730263529,LinearSVC+CalibratedClassifierCV,amandladev/erc721-nftMint-smartContract
NEG_00168,0,0,0,468,1,0.004177138046030838,0,0.3730263529,LinearSVC+CalibratedClassifierCV,amonrak/rustychain
NEG_00173,0,0,0,473,1,0.023950399644196565,0,0.3730263529,LinearSVC+CalibratedClassifierCV,ancutadaniel/ethereum_hardhat_nft_marketplace
NEG_00175,0,0,0,475,1,0.0002649820524175952,0,0.3730263529,LinearSVC+CalibratedClassifierCV,AndreiD/qv_voting
NEG_00185,0,0,0,485,1,0.00014526491995730997,0,0.3730263529,LinearSVC+CalibratedClassifierCV,anoff/cryptobooks
NEG_00188,0,0,0,488,1,0.0033637816699367278,0,0.3730263529,LinearSVC+CalibratedClassifierCV,AntoineBastide47/Blockchain
NEG_00194,0,0,0,494,1,6.096565498664646e-06,0,0.3730263529,LinearSVC+CalibratedClassifierCV,anza-xyz/wallet-adapter
NEG_00196,0,0,0,496,1,0.00171187159174786,0,0.3730263529,LinearSVC+CalibratedClassifierCV,apache/incubator-resilientdb-ResLens
NEG_00203,0,0,0,503,1,6.306138314374363e-05,0,0.3730263529,LinearSVC+CalibratedClassifierCV,apoorvlathey/Crypto-Car-Battle
NEG_00210,0,0,0,510,1,0.01657227102558908,0,0.3730263529,LinearSVC+CalibratedClassifierCV,ardriveapp/turbo-app
NEG_00211,0,0,0,511,1,0.0034583606090289446,0,0.3730263529,LinearSVC+CalibratedClassifierCV,aridder/pengekrukka
NEG_00212,0,0,0,512,1,0.002376747719089246,0,0.3730263529,LinearSVC+CalibratedClassifierCV,Arifin036/defi-staking-dapp
NEG_00218,0,0,0,518,1,4.6531483547378e-05,0,0.3730263529,LinearSVC+CalibratedClassifierCV,arpesh28/solidity-wallet-contract-collections
NEG_00220,0,0,0,520,1,0.00046822897405425414,0,0.3730263529,LinearSVC+CalibratedClassifierCV,ArshS1/sengh-nft
NEG_00231,0,0,0,531,1,0.0009889058645184236,0,0.3730263529,LinearSVC+CalibratedClassifierCV,ashelkovnykov/offline-wallet-generator
NEG_00233,0,0,0,533,1,0.0013094910836232015,0,0.3730263529,LinearSVC+CalibratedClassifierCV,ashok-p/module-19-Cryptowallets
NEG_00237,0,0,0,537,1,0.008961288965388363,0,0.3730263529,LinearSVC+CalibratedClassifierCV,AssetifyLabsTeams/Assetifily
NEG_00239,0,0,0,539,1,0.00028936810571470324,0,0.3730263529,LinearSVC+CalibratedClassifierCV,atlaschain/contracts
NEG_00247,0,0,0,547,1,0.009620095238671729,0,0.3730263529,LinearSVC+CalibratedClassifierCV,axiomchronicles/blockchain_simulation
NEG_00251,0,0,0,551,1,0.00029675347808363125,0,0.3730263529,LinearSVC+CalibratedClassifierCV,Aytaditya/NFT_Staking_app
NEG_00254,0,0,0,554,1,8.776038157718963e-05,0,0.3730263529,LinearSVC+CalibratedClassifierCV,azerpas/Crypto2discord
NEG_00256,0,0,0,556,1,0.0033069834839611124,0,0.3730263529,LinearSVC+CalibratedClassifierCV,B3Pay/B3Wallet
NEG_00266,0,0,0,566,1,0.00011509596168517296,0,0.3730263529,LinearSVC+CalibratedClassifierCV,banjtheman/highwind
NEG_00270,0,0,0,570,1,0.0009476755773785575,0,0.3730263529,LinearSVC+CalibratedClassifierCV,BasinLogix/BLX_chain
NEG_00275,0,0,0,575,1,1.5239022477456156e-05,0,0.3730263529,LinearSVC+CalibratedClassifierCV,bcoin-org/bcoin
NEG_00281,0,0,0,581,1,4.434738025103656e-06,0,0.3730263529,LinearSVC+CalibratedClassifierCV,BendDAO/bend-lending-protocol
NEG_00289,0,0,0,589,1,0.002021825523880132,0,0.3730263529,LinearSVC+CalibratedClassifierCV,bhau7233/MSig-
NEG_00297,0,0,0,597,1,0.010146760975400253,0,0.3730263529,LinearSVC+CalibratedClassifierCV,bilix-software/eth-new-contracts
NEG_00298,0,0,0,598,1,0.029111898034184888,0,0.3730263529,LinearSVC+CalibratedClassifierCV,Bill171991/SATFLOW-
NEG_00299,0,0,0,599,1,0.0004393655380591478,0,0.3730263529,LinearSVC+CalibratedClassifierCV,BirthdayResearch/defichain-wallet
NEG_00300,0,0,0,600,1,0.08329588683337852,0,0.3730263529,LinearSVC+CalibratedClassifierCV,birukG09/DeFiVerse-Bank-Simulator-
NEG_00303,0,0,0,603,1,0.0021453752137910163,0,0.3730263529,LinearSVC+CalibratedClassifierCV,bitcoin-wallet/bitcoin-wallet
NEG_00305,0,0,0,605,1,0.025264088577505842,0,0.3730263529,LinearSVC+CalibratedClassifierCV,bitpay/bitpay-app
NEG_00306,0,0,0,606,1,0.00014814203927135532,0,0.3730263529,LinearSVC+CalibratedClassifierCV,bitpay/wallet
NEG_00307,0,0,0,607,1,0.0009132000760996836,0,0.3730263529,LinearSVC+CalibratedClassifierCV,BitPortal/bitportal-client
NEG_00316,0,0,0,616,1,4.514649881348656e-05,0,0.3730263529,LinearSVC+CalibratedClassifierCV,block-foundation/solidity-digital-twin
NEG_00321,0,0,0,621,1,0.0020055321492857036,0,0.3730263529,LinearSVC+CalibratedClassifierCV,blockchaingate/eXchangily-web
NEG_00322,0,0,0,622,1,0.00106631056952221,0,0.3730263529,LinearSVC+CalibratedClassifierCV,blockchain/blockchain-wallet-v4-frontend
NEG_00324,0,0,0,624,1,0.00018198957057700778,0,0.3730263529,LinearSVC+CalibratedClassifierCV,blockonomics/prestashop-plugin
NEG_00331,0,0,0,631,1,0.00032941427824257193,0,0.3730263529,LinearSVC+CalibratedClassifierCV,bokkypoobah/Nix
NEG_00342,0,0,0,642,1,0.00221778473271148,0,0.3730263529,LinearSVC+CalibratedClassifierCV,brilliant927/nft-mint-polygon
NEG_00344,0,0,0,644,1,0.0766271879424995,0,0.3730263529,LinearSVC+CalibratedClassifierCV,Brunomike/cryptopunk-clone-web3
NEG_00350,0,0,0,650,1,0.0019974260532043915,0,0.3730263529,LinearSVC+CalibratedClassifierCV,buihuudong19/E-Wallet-Blockchain-sourcecode
NEG_00351,0,0,0,651,1,0.012045494592589885,0,0.3730263529,LinearSVC+CalibratedClassifierCV,Busulis/OPNet-Vesting
NEG_00352,0,0,0,652,1,0.039029830969146175,0,0.3730263529,LinearSVC+CalibratedClassifierCV,ButterDevelop/AutoBlumSmartContract
NEG_00353,0,0,0,653,1,0.0007855172708790748,0,0.3730263529,LinearSVC+CalibratedClassifierCV,buybackoff/SolidityAuction
NEG_00354,0,0,0,654,1,0.000319354657332661,0,0.3730263529,LinearSVC+CalibratedClassifierCV,Bwest981/BitcoinSig
NEG_00361,0,0,0,661,1,0.00263786784026182,0,0.3730263529,LinearSVC+CalibratedClassifierCV,CaiqueRibeiro/decentralized-stripe
NEG_00366,0,0,0,666,1,0.00017709324712404762,0,0.3730263529,LinearSVC+CalibratedClassifierCV,capsulesocial/capsule-near
NEG_00367,0,0,0,667,1,0.0004436142380055356,0,0.3730263529,LinearSVC+CalibratedClassifierCV,captain-woof/meta-nft
NEG_00368,0,0,0,668,1,0.35147665744522394,0,0.3730263529,LinearSVC+CalibratedClassifierCV,cardano-foundation/cardano-wallet
NEG_00374,0,0,0,674,1,0.0020467793602885636,0,0.3730263529,LinearSVC+CalibratedClassifierCV,cdc-Hitesh/cdc-Hitesh.github.io
NEG_00381,0,0,0,681,1,0.0007414742510051697,0,0.3730263529,LinearSVC+CalibratedClassifierCV,ChainInsighter/Web3-Casino-Crash-Game
NEG_00382,0,0,0,682,1,0.0012226900286551445,0,0.3730263529,LinearSVC+CalibratedClassifierCV,chainjet/platform
NEG_00383,0,0,0,683,1,0.00016536213651930894,0,0.3730263529,LinearSVC+CalibratedClassifierCV,ChainShot/AAVEDaiEscrow
NEG_00393,0,0,0,693,1,0.021883680382200954,0,0.3730263529,LinearSVC+CalibratedClassifierCV,cherylwilson314/web3py_crypto
NEG_00394,0,0,0,694,1,6.8706297237910265e-06,0,0.3730263529,LinearSVC+CalibratedClassifierCV,Chia-Network/chia-blockchain
NEG_00411,0,0,0,711,1,8.339577808681454e-05,0,0.3730263529,LinearSVC+CalibratedClassifierCV,cluck135/First-Deployed-Token
NEG_00414,0,0,0,714,1,0.01632549180622918,0,0.3730263529,LinearSVC+CalibratedClassifierCV,cmdruid/tapscript
NEG_00416,0,0,0,716,1,0.01283744818072788,0,0.3730263529,LinearSVC+CalibratedClassifierCV,Cocodrilette/DeFi-Staking-SolidityContracts
NEG_00420,0,0,0,720,1,0.0025238292395424167,0,0.3730263529,LinearSVC+CalibratedClassifierCV,codegenius2/solana-verify-eddsa
NEG_00422,0,0,0,722,1,0.007188764317587238,0,0.3730263529,LinearSVC+CalibratedClassifierCV,coderasha/NFT-Marketplace--EThereum-Polygon
NEG_00427,0,0,0,727,1,0.0007404835733882338,0,0.3730263529,LinearSVC+CalibratedClassifierCV,codymj/GeminiCryptoTrader
NEG_00429,0,0,0,729,1,0.0002693090187333566,0,0.3730263529,LinearSVC+CalibratedClassifierCV,coinbase/chainstorage
NEG_00432,0,0,0,732,1,0.00526144694758016,0,0.3730263529,LinearSVC+CalibratedClassifierCV,Coldcard/firmware
NEG_00433,0,0,0,733,1,0.0008447161544471853,0,0.3730263529,LinearSVC+CalibratedClassifierCV,colonelxy/CryptoZombies
NEG_00438,0,0,0,738,1,0.0015346886356612363,0,0.3730263529,LinearSVC+CalibratedClassifierCV,consenlabs/imkey-manager
NEG_00450,0,0,0,750,1,0.011014056647554527,0,0.3730263529,LinearSVC+CalibratedClassifierCV,coti-io/coti-sdk-python
NEG_00453,0,0,0,753,1,0.00045036476228787293,0,0.3730263529,LinearSVC+CalibratedClassifierCV,CPix18/CryptoCopyRights
NEG_00464,0,0,0,764,1,0.004979089380694429,0,0.3730263529,LinearSVC+CalibratedClassifierCV,crypto-cooker/Web3-Project-Overview
NEG_00471,0,0,0,771,1,4.983664220189491e-06,0,0.3730263529,LinearSVC+CalibratedClassifierCV,cryptococks-xyz/cryptococks-contract
NEG_00478,0,0,0,778,1,1.3535028383521685e-06,0,0.3730263529,LinearSVC+CalibratedClassifierCV,cryptomkt/cryptomkt-python
NEG_00479,0,0,0,779,1,0.00030430220945405295,0,0.3730263529,LinearSVC+CalibratedClassifierCV,cryptopayserver00/cryptopayserver
NEG_00480,0,0,0,780,1,3.2024272394744514e-06,0,0.3730263529,LinearSVC+CalibratedClassifierCV,cryptopunksnotdead/awesome-cryptopunks-bubble
NEG_00483,0,0,0,783,1,0.0048181135470291145,0,0.3730263529,LinearSVC+CalibratedClassifierCV,CryptoSnowPrince/CryptoGame_Backend
NEG_00485,0,0,0,785,1,0.013678026571292275,0,0.3730263529,LinearSVC+CalibratedClassifierCV,csimbana/suiguard
NEG_00494,0,0,0,794,1,0.0011893571509914316,0,0.3730263529,LinearSVC+CalibratedClassifierCV,d-invisible/DocuManage-web3--Aptos
NEG_00507,0,0,0,807,1,0.00010951806401569417,0,0.3730263529,LinearSVC+CalibratedClassifierCV,danilych/token-factory-web-app
NEG_00514,0,0,0,814,1,0.0007763108044933227,0,0.3730263529,LinearSVC+CalibratedClassifierCV,dapphub/ds-math
NEG_00519,0,0,0,819,1,0.0008062513096576761,0,0.3730263529,LinearSVC+CalibratedClassifierCV,dappuniversity/Runner-blockchain-game-
NEG_00529,0,0,0,829,1,0.001943562349532836,0,0.3730263529,LinearSVC+CalibratedClassifierCV,davidmeng630/defi
NEG_00530,0,0,0,830,1,0.014599127408496554,0,0.3730263529,LinearSVC+CalibratedClassifierCV,dbarobin/awesome-mirror
NEG_00532,0,0,0,832,1,0.0003205630442933627,0,0.3730263529,LinearSVC+CalibratedClassifierCV,deadarchitects/test-low-gas-solidity
NEG_00534,0,0,0,834,1,0.0006762189923376032,0,0.3730263529,LinearSVC+CalibratedClassifierCV,decentralized-identity/element
NEG_00538,0,0,0,838,1,0.0007263880546870886,0,0.3730263529,LinearSVC+CalibratedClassifierCV,deepbluelake/web3-lab
NEG_00543,0,0,0,843,1,0.0004162922119420709,0,0.3730263529,LinearSVC+CalibratedClassifierCV,DeFiDesk/DeFiDesk.github.io
NEG_00544,0,0,0,844,1,0.002779755969109329,0,0.3730263529,LinearSVC+CalibratedClassifierCV,defilab/defi-blockchain-dumper
NEG_00548,0,0,0,848,1,0.0003265885812253308,0,0.3730263529,LinearSVC+CalibratedClassifierCV,DeFireX/defirex-protocol-v3
NEG_00554,0,0,0,854,1,0.0016788486513357424,0,0.3730263529,LinearSVC+CalibratedClassifierCV,dennohpeter/MultiDexArbBot
NEG_00555,0,0,0,855,1,0.0026316696246046867,0,0.3730263529,LinearSVC+CalibratedClassifierCV,denzopas/myWallet
NEG_00561,0,0,0,861,1,0.00019355040042519977,0,0.3730263529,LinearSVC+CalibratedClassifierCV,desktop-examples/crypto-analysis
NEG_00567,0,0,0,867,1,0.0038982623190096035,0,0.3730263529,LinearSVC+CalibratedClassifierCV,developeruche/hybrid
NEG_00570,0,0,0,870,1,0.0022347569883755854,0,0.3730263529,LinearSVC+CalibratedClassifierCV,DevMarc16/appkit-connect
NEG_00572,0,0,0,872,1,0.13430752624469264,0,0.3730263529,LinearSVC+CalibratedClassifierCV,DevStudioX/Phoenix-Clipper-Malware-Private
NEG_00576,0,0,0,876,1,0.001589258932723096,0,0.3730263529,LinearSVC+CalibratedClassifierCV,dharmaprotocol/dharma.js
NEG_00581,0,0,0,881,1,0.011676351092812011,0,0.3730263529,LinearSVC+CalibratedClassifierCV,diadata-org/diadata
NEG_00582,0,0,0,882,1,0.0018779440992687767,0,0.3730263529,LinearSVC+CalibratedClassifierCV,didil/stone-dapp
NEG_00583,0,0,0,883,1,0.0006527250845168235,0,0.3730263529,LinearSVC+CalibratedClassifierCV,diego-tobalina/PancakeSwapBot
NEG_00584,0,0,0,884,1,0.0010002941422543583,0,0.3730263529,LinearSVC+CalibratedClassifierCV,Dilkashpeshimam18/defi-contracts
NEG_00593,0,0,0,893,1,0.00030321705114385,0,0.3730263529,LinearSVC+CalibratedClassifierCV,dkpeakbil/bitcoinwalletwatcher
NEG_00596,0,0,0,896,1,0.02335695043457604,0,0.3730263529,LinearSVC+CalibratedClassifierCV,dmitriiprusakov/definition-hack-nft-versus
NEG_00602,0,0,0,902,1,0.0005067814188466419,0,0.3730263529,LinearSVC+CalibratedClassifierCV,Dopular/CLI-Searching-and-Tracing-EVMTransactions
NEG_00607,0,0,0,907,1,0.012791819968090784,0,0.3730263529,LinearSVC+CalibratedClassifierCV,drisst12/safe-smart-account
NEG_00611,0,0,0,911,1,0.04844848126934187,0,0.3730263529,LinearSVC+CalibratedClassifierCV,DTVMStack/DTVM
NEG_00613,0,0,0,913,1,0.003103330065672183,0,0.3730263529,LinearSVC+CalibratedClassifierCV,DudeOfCode/web3.pyandSolidityTodolist
NEG_00614,0,0,0,914,1,0.0007375580803936152,0,0.3730263529,LinearSVC+CalibratedClassifierCV,duneanalytics/evm.codes
NEG_00630,0,0,0,930,1,0.002202422243747653,0,0.3730263529,LinearSVC+CalibratedClassifierCV,elkoutwest/bitcoin_browser
NEG_00637,0,0,0,937,1,0.0005725195735690444,0,0.3730263529,LinearSVC+CalibratedClassifierCV,emeraldpay/dshackle
NEG_00650,0,0,0,950,1,0.0017411335916095074,0,0.3730263529,LinearSVC+CalibratedClassifierCV,enricozanardo/bitcoin-sentiment-analys-on-tweets-
NEG_00654,0,0,0,954,1,0.000472899465895998,0,0.3730263529,LinearSVC+CalibratedClassifierCV,eonian-core/farm
NEG_00670,0,0,0,970,1,0.10875089229495082,0,0.3730263529,LinearSVC+CalibratedClassifierCV,EthereumCommonwealth/multi-geth
NEG_00680,0,0,0,980,1,0.0003129034068858261,0,0.3730263529,LinearSVC+CalibratedClassifierCV,everx-labs/evernode-se
NEG_00692,0,0,0,992,1,1.4984656602095414e-05,0,0.3730263529,LinearSVC+CalibratedClassifierCV,f-z/decentralized-option-trading-platform
NEG_00693,0,0,0,993,1,3.2304374329424914e-05,0,0.3730263529,LinearSVC+CalibratedClassifierCV,fabianorodrigo/defiamm
NEG_00704,0,0,0,1004,1,8.60725787384294e-05,0,0.3730263529,LinearSVC+CalibratedClassifierCV,farisamirmudin/cryptotransfer
NEG_00705,0,0,0,1005,1,0.0029821847510524586,0,0.3730263529,LinearSVC+CalibratedClassifierCV,faysalbadaoui/RegisterDeviceSolanaProgram
NEG_00712,0,0,0,1012,1,0.0014314437831485325,0,0.3730263529,LinearSVC+CalibratedClassifierCV,FIFA0313/blockchain-wallet-adapter-designe
NEG_00715,0,0,0,1015,1,0.00656541932795181,0,0.3730263529,LinearSVC+CalibratedClassifierCV,FilOzone/synapse-sdk
NEG_00736,0,0,0,1036,1,0.004565867741152552,0,0.3730263529,LinearSVC+CalibratedClassifierCV,Frenzoid/DAPP_Bank
NEG_00741,0,0,0,1041,1,0.030628203323689637,0,0.3730263529,LinearSVC+CalibratedClassifierCV,fundgao/xiuxian
NEG_00744,0,0,0,1044,1,9.235335037007588e-05,0,0.3730263529,LinearSVC+CalibratedClassifierCV,gabidi/bismuth-js-crypto
NEG_00745,0,0,0,1045,1,9.179650895124144e-07,0,0.3730263529,LinearSVC+CalibratedClassifierCV,gakonst/ethers-rs
NEG_00746,0,0,0,1046,1,0.00012246275084085484,0,0.3730263529,LinearSVC+CalibratedClassifierCV,GameChangerFinance/gamechanger.wallet
NEG_00752,0,0,0,1052,1,0.004991867778839607,0,0.3730263529,LinearSVC+CalibratedClassifierCV,gemwalletcom/gem-android
NEG_00759,0,0,0,1059,1,6.208026340325942e-05,0,0.3730263529,LinearSVC+CalibratedClassifierCV,ggviana/splitter
NEG_00765,0,0,0,1065,1,0.010518887630739387,0,0.3730263529,LinearSVC+CalibratedClassifierCV,GlitchicaL/project-arcadia
NEG_00777,0,0,0,1077,1,0.00027558180905324275,0,0.3730263529,LinearSVC+CalibratedClassifierCV,GoogleEnginer/defi-yield-calculator
NEG_00780,0,0,0,1080,1,0.0004019830923194387,0,0.3730263529,LinearSVC+CalibratedClassifierCV,grandsmarquis/ethereumdevio-dex-tutorial
NEG_00781,0,0,0,1081,1,0.15725688715243524,0,0.3730263529,LinearSVC+CalibratedClassifierCV,GRANTsol/PanteraProtocol
NEG_00782,0,0,0,1082,1,0.0073848935752628955,0,0.3730263529,LinearSVC+CalibratedClassifierCV,greekfetacheese/zeus
NEG_00809,0,0,0,1109,1,0.0003400408297744182,0,0.3730263529,LinearSVC+CalibratedClassifierCV,HappyGroupHub/Ethereum-Wallet-Tracker
NEG_00812,0,0,0,1112,1,0.0028323674879143887,0,0.3730263529,LinearSVC+CalibratedClassifierCV,haritsmedina/web3.0_krypto
NEG_00819,0,0,0,1119,1,4.259107940983686e-05,0,0.3730263529,LinearSVC+CalibratedClassifierCV,hashbx/token-distribution
NEG_00824,0,0,0,1124,1,0.0007361674914277073,0,0.3730263529,LinearSVC+CalibratedClassifierCV,HawkTahir1/ZENC
NEG_00829,0,0,0,1129,1,0.0023337769040134835,0,0.3730263529,LinearSVC+CalibratedClassifierCV,HectorNBL/eth_solseum_gen_hnbl
NEG_00849,0,0,0,1149,1,7.518722043377147e-05,0,0.3730263529,LinearSVC+CalibratedClassifierCV,horizontalsystems/bitcoin-kit-ios
NEG_00859,0,0,0,1159,1,6.392886233332497e-08,0,0.3730263529,LinearSVC+CalibratedClassifierCV,hummingbot/hummingbot
NEG_00861,0,0,0,1161,1,0.03996539143866234,0,0.3730263529,LinearSVC+CalibratedClassifierCV,Huy-2k11/Native-Parser
NEG_00862,0,0,0,1162,1,0.0008799257232086575,0,0.3730263529,LinearSVC+CalibratedClassifierCV,huynhtuandat05december/Crypto-Zombie
NEG_00865,0,0,0,1165,1,0.09032281236356703,0,0.3730263529,LinearSVC+CalibratedClassifierCV,HyperPlay-Gaming/hyperplay-desktop-client
NEG_00869,0,0,0,1169,1,0.0036936885457124996,0,0.3730263529,LinearSVC+CalibratedClassifierCV,Iamtheusername112/Crypto
NEG_00879,0,0,0,1179,1,0.00025689135001545166,0,0.3730263529,LinearSVC+CalibratedClassifierCV,IgorAugust0/blockchain-security-labs
NEG_00886,0,0,0,1186,1,0.0002128420656010733,0,0.3730263529,LinearSVC+CalibratedClassifierCV,imcrazysteven/Initial-Coin-Offering-Smart-Contract
NEG_00889,0,0,0,1189,1,0.0007852925444249229,0,0.3730263529,LinearSVC+CalibratedClassifierCV,Infineon/secora-blockchain-walletconnect
NEG_00900,0,0,0,1200,1,3.2316178081280584e-05,0,0.3730263529,LinearSVC+CalibratedClassifierCV,Itheum/sdk-mx-data-nft
NEG_00906,0,0,0,1206,1,6.045967000396874e-05,0,0.3730263529,LinearSVC+CalibratedClassifierCV,ivopetiz/crypto-exchange-cli
NEG_00914,0,0,0,1214,1,0.0004065419587993343,0,0.3730263529,LinearSVC+CalibratedClassifierCV,Jackhuang166/chess-smart-contract
NEG_00926,0,0,0,1226,1,3.560608597447703e-05,0,0.3730263529,LinearSVC+CalibratedClassifierCV,JamesANZ/crypto-timelocked-backup
NEG_00930,0,0,0,1230,1,0.008939568267477894,0,0.3730263529,LinearSVC+CalibratedClassifierCV,janghona/go-ethereum-Jochain
NEG_00937,0,0,0,1237,1,0.0010849557002596461,0,0.3730263529,LinearSVC+CalibratedClassifierCV,JasminDreasond/Dohpw
NEG_00939,0,0,0,1239,1,0.00013470806875006376,0,0.3730263529,LinearSVC+CalibratedClassifierCV,JasonnLim/Blockchain-MedicalRecords
NEG_00940,0,0,0,1240,1,0.0021223729835421743,0,0.3730263529,LinearSVC+CalibratedClassifierCV,JavaCardOS/BitcoinWallet
NEG_00949,0,0,0,1249,1,0.0005857368122628324,0,0.3730263529,LinearSVC+CalibratedClassifierCV,jeffprestes/rust-smart-contract-example-connection
NEG_00950,0,0,0,1250,1,6.798208512259353e-05,0,0.3730263529,LinearSVC+CalibratedClassifierCV,jeftarmascarenhas/smart-contract-training
NEG_00952,0,0,0,1252,1,0.00010579919745801933,0,0.3730263529,LinearSVC+CalibratedClassifierCV,jeloooooo/solidity-cryptozombies
NEG_00963,0,0,0,1263,1,0.00025698965675637997,0,0.3730263529,LinearSVC+CalibratedClassifierCV,jlandyr/web3solidity
NEG_00974,0,0,0,1274,1,0.00015313640602730917,0,0.3730263529,LinearSVC+CalibratedClassifierCV,jonluxson/very-basic-form-of-cryptocurrency
NEG_00979,0,0,0,1279,1,0.0008737056442810116,0,0.3730263529,LinearSVC+CalibratedClassifierCV,jovijovi/ether-goblin
NEG_00982,0,0,0,1282,1,0.004849519907966564,0,0.3730263529,LinearSVC+CalibratedClassifierCV,jptsantossilva/BEC
NEG_00987,0,0,0,1287,1,0.0037048136757217172,0,0.3730263529,LinearSVC+CalibratedClassifierCV,JulieGibbs/NFT1155_Contract_Test_Assignment
NEG_00988,0,0,0,1288,1,0.0006261725477454855,0,0.3730263529,LinearSVC+CalibratedClassifierCV,juliocamposmachado/my_eth_app.github.io
NEG_00990,0,0,0,1290,1,0.0002990118526257542,0,0.3730263529,LinearSVC+CalibratedClassifierCV,JumpCrypto/crypto-reading-list
NEG_00993,0,0,0,1293,1,0.0018269257706450554,0,0.3730263529,LinearSVC+CalibratedClassifierCV,JunoNode/juno
NEG_00998,0,0,0,1298,1,3.1732888477302845e-05,0,0.3730263529,LinearSVC+CalibratedClassifierCV,Kalashin1/GTA-token-smart-contract
NEG_01001,0,0,0,1301,1,0.000641942928532726,0,0.3730263529,LinearSVC+CalibratedClassifierCV,Karhal/web3-connect
NEG_01005,0,0,0,1305,1,0.0003761527018202456,0,0.3730263529,LinearSVC+CalibratedClassifierCV,kartikver15gr8/WEB3-For-All
NEG_01009,0,0,0,1309,1,0.0011805549578177653,0,0.3730263529,LinearSVC+CalibratedClassifierCV,kaymen99/aave-flashloan-arbitrage
NEG_01018,0,0,0,1318,1,0.0032133503857376448,0,0.3730263529,LinearSVC+CalibratedClassifierCV,kelvincup/base-learn
NEG_01033,0,0,0,1333,1,0.009232584566800943,0,0.3730263529,LinearSVC+CalibratedClassifierCV,khadar1020/bitcoin_wallet
NEG_01036,0,0,0,1336,1,0.0030199981867708036,0,0.3730263529,LinearSVC+CalibratedClassifierCV,kheopskit/kheopskit
NEG_01037,0,0,0,1337,1,0.0005212813521778775,0,0.3730263529,LinearSVC+CalibratedClassifierCV,Kimonic99/Heneftee
NEG_01053,0,0,0,1353,1,0.0023747344913284904,0,0.3730263529,LinearSVC+CalibratedClassifierCV,konradisco/bitcoin-ethereum
NEG_01055,0,0,0,1355,1,0.3792674723004126,1,0.3730263529,LinearSVC+CalibratedClassifierCV,KOSASIH/nexus-finance-core
NEG_01057,0,0,0,1357,1,7.28453401739263e-05,0,0.3730263529,LinearSVC+CalibratedClassifierCV,kradkov14/presale-contract
NEG_01058,0,0,0,1358,1,0.004349476744123595,0,0.3730263529,LinearSVC+CalibratedClassifierCV,kreskohq/kresko-protocol
NEG_01073,0,0,0,1373,1,0.002092602566809269,0,0.3730263529,LinearSVC+CalibratedClassifierCV,lacrypta/lottery-front
NEG_01078,0,0,0,1378,1,0.0007562278798897121,0,0.3730263529,LinearSVC+CalibratedClassifierCV,lastbattle/ordinal_inscription.netcore
NEG_01083,0,0,0,1383,1,0.01544948216838366,0,0.3730263529,LinearSVC+CalibratedClassifierCV,lawofambak-research/decentralized-speculations-market
NEG_01085,0,0,0,1385,1,0.006007144611601706,0,0.3730263529,LinearSVC+CalibratedClassifierCV,lbryio/lbry-android
NEG_01087,0,0,0,1387,1,0.0014678316425331395,0,0.3730263529,LinearSVC+CalibratedClassifierCV,lbryio/torba
NEG_01089,0,0,0,1389,1,5.13857584517994e-05,0,0.3730263529,LinearSVC+CalibratedClassifierCV,LearnWeb3DAO/14-Days-of-Solidity
NEG_01107,0,0,0,1407,1,0.012478279359792522,0,0.3730263529,LinearSVC+CalibratedClassifierCV,LN-Zap/zap-desktop
NEG_01110,0,0,0,1410,1,0.0010536549375832903,0,0.3730263529,LinearSVC+CalibratedClassifierCV,LocalCryptos/LocalCryptosWalletBackupExplorer
NEG_01114,0,0,0,1414,1,2.354691632030755e-05,0,0.3730263529,LinearSVC+CalibratedClassifierCV,lordbasilaiassistant-sudo/thryx-launchpad
NEG_01116,0,0,0,1416,1,8.746124751110093e-06,0,0.3730263529,LinearSVC+CalibratedClassifierCV,lssleo/crypto-unlimited
NEG_01124,0,0,0,1424,1,0.02797395252725414,0,0.3730263529,LinearSVC+CalibratedClassifierCV,luzhenqian/web3-examples
NEG_01128,0,0,0,1428,1,0.0004998014199309079,0,0.3730263529,LinearSVC+CalibratedClassifierCV,maAPPsDEV/rock-paper-scissors
NEG_01133,0,0,0,1433,1,0.0061839113936956345,0,0.3730263529,LinearSVC+CalibratedClassifierCV,Magicred-1/hackin-dau
NEG_01138,0,0,0,1438,1,0.0345244131977299,0,0.3730263529,LinearSVC+CalibratedClassifierCV,manifest-network/manifest-app
NEG_01144,0,0,0,1444,1,0.0001319642105224333,0,0.3730263529,LinearSVC+CalibratedClassifierCV,manuelinfosec/flash-arb-bot
NEG_01161,0,0,0,1461,1,0.0003899198915050293,0,0.3730263529,LinearSVC+CalibratedClassifierCV,mastrmind-dev/DeFi-App---A-Cryptocurrency-Bank
NEG_01164,0,0,0,1464,1,0.010858147086724801,0,0.3730263529,LinearSVC+CalibratedClassifierCV,Mathieu2301/TradingView-API
NEG_01169,0,0,0,1469,1,0.0009432376636265231,0,0.3730263529,LinearSVC+CalibratedClassifierCV,Mattjhagen/P3-Lending
NEG_01170,0,0,0,1470,1,0.0010575478017821939,0,0.3730263529,LinearSVC+CalibratedClassifierCV,mattycoles/Python_Blockchain
NEG_01182,0,0,0,1482,1,0.00031669397156348385,0,0.3730263529,LinearSVC+CalibratedClassifierCV,memoriaXII/create-web3-turbo
NEG_01208,0,0,0,1508,1,0.00023988782346722045,0,0.3730263529,LinearSVC+CalibratedClassifierCV,mikker/svgnft
NEG_01220,0,0,0,1520,1,0.010352905568410488,0,0.3730263529,LinearSVC+CalibratedClassifierCV,mja2001/SolCipher-iExec
NEG_01225,0,0,0,1525,1,0.004746496754399264,0,0.3730263529,LinearSVC+CalibratedClassifierCV,mohammedmuzammil38/Crypto-Art
NEG_01228,0,0,0,1528,1,0.00013934014712600363,0,0.3730263529,LinearSVC+CalibratedClassifierCV,Mojo96666/hack-crypto-wallets
NEG_01230,0,0,0,1530,1,0.05374736291969795,0,0.3730263529,LinearSVC+CalibratedClassifierCV,mollybeach/livestakes
NEG_01231,0,0,0,1531,1,0.014362241041434196,0,0.3730263529,LinearSVC+CalibratedClassifierCV,monjuik/go-octopi
NEG_01247,0,0,0,1547,1,0.000740837627804706,0,0.3730263529,LinearSVC+CalibratedClassifierCV,mrmendoza-dev/cryptotracker
NEG_01268,0,0,0,1568,1,0.0007508694135484308,0,0.3730263529,LinearSVC+CalibratedClassifierCV,mwakidenis/BlockChain-Mastery
NEG_01270,0,0,0,1570,1,0.00015907228858806145,0,0.3730263529,LinearSVC+CalibratedClassifierCV,my-number/solidity-wallet
NEG_01278,0,0,0,1578,1,4.570114993943055e-05,0,0.3730263529,LinearSVC+CalibratedClassifierCV,NaimaGhulamMuhammad/nftMarketplace-smartcontracts
NEG_01286,0,0,0,1586,1,0.00030299080676172725,0,0.3730263529,LinearSVC+CalibratedClassifierCV,nayrosk/evm-indexer
NEG_01288,0,0,0,1588,1,0.0005761125112536627,0,0.3730263529,LinearSVC+CalibratedClassifierCV,nbulian/CryptoZombies
NEG_01293,0,0,0,1593,1,0.024743272641330718,0,0.3730263529,LinearSVC+CalibratedClassifierCV,NenadBolovic/Cryptography_project_PKI_smart_contract
NEG_01302,0,0,0,1602,1,0.009727234933070995,0,0.3730263529,LinearSVC+CalibratedClassifierCV,Nexacore-Org/NexaFx-web
NEG_01304,0,0,0,1604,1,2.195598451240337e-05,0,0.3730263529,LinearSVC+CalibratedClassifierCV,nftfy/nftfy-v1-periphery
NEG_01305,0,0,0,1605,1,0.0028026274275726047,0,0.3730263529,LinearSVC+CalibratedClassifierCV,ngmisl/etherml
NEG_01309,0,0,0,1609,1,0.006785625498850034,0,0.3730263529,LinearSVC+CalibratedClassifierCV,nicholasmgoldstein/Persona256
NEG_01310,0,0,0,1610,1,0.0005628351353045557,0,0.3730263529,LinearSVC+CalibratedClassifierCV,nico-phil/blockchain
NEG_01314,0,0,0,1614,1,9.193751638336837e-05,0,0.3730263529,LinearSVC+CalibratedClassifierCV,nicolaslazzos/cryptozombies
NEG_01315,0,0,0,1615,1,0.00024729733076068626,0,0.3730263529,LinearSVC+CalibratedClassifierCV,NikhilSehgal123/coinbase-execution-algorithm
NEG_01316,0,0,0,1616,1,0.00473978592005531,0,0.3730263529,LinearSVC+CalibratedClassifierCV,nikitakent/solidity-simple-wallet
NEG_01319,0,0,0,1619,1,2.878648503207993e-05,0,0.3730263529,LinearSVC+CalibratedClassifierCV,Nipol/ERC721yul
NEG_01320,0,0,0,1620,1,0.0014876622385580822,0,0.3730263529,LinearSVC+CalibratedClassifierCV,nirhoIas/Top-5-Cryptocurrency-APIs-for-Developers
NEG_01326,0,0,0,1626,1,0.004991406798043168,0,0.3730263529,LinearSVC+CalibratedClassifierCV,Nishu0/anime_nft_marketplace
NEG_01329,0,0,0,1629,1,0.0014352630854229693,0,0.3730263529,LinearSVC+CalibratedClassifierCV,nixen2802/Blockchain-Python
NEG_01330,0,0,0,1630,1,0.00037098135551465297,0,0.3730263529,LinearSVC+CalibratedClassifierCV,njublockchain/web3research-etl
NEG_01333,0,0,0,1633,1,0.027516564790444332,0,0.3730263529,LinearSVC+CalibratedClassifierCV,Noahflx/ghost-wallets
NEG_01339,0,0,0,1639,1,0.019484792923086244,0,0.3730263529,LinearSVC+CalibratedClassifierCV,notbank-com/notbank-node
NEG_01341,0,0,0,1641,1,0.012263575946679033,0,0.3730263529,LinearSVC+CalibratedClassifierCV,nrgapple/crypto-canvas-fe
NEG_01351,0,0,0,1651,1,0.25568418727167547,0,0.3730263529,LinearSVC+CalibratedClassifierCV,OffcierCia/DeFi-Developer-Road-Map
NEG_01352,0,0,0,1652,1,0.027742191643158862,0,0.3730263529,LinearSVC+CalibratedClassifierCV,OffcierCia/tips-solidity-code-auditors
NEG_01353,0,0,0,1653,1,5.1024740327197724e-05,0,0.3730263529,LinearSVC+CalibratedClassifierCV,OffcierCia/ultimate-defi-research-base
NEG_01356,0,0,0,1656,1,0.00026778335568132495,0,0.3730263529,LinearSVC+CalibratedClassifierCV,oguzhnatly/Cryptocurrency-Trade-FrontEnd-HTML-Page
NEG_01359,0,0,0,1659,1,0.0002794330166802606,0,0.3730263529,LinearSVC+CalibratedClassifierCV,okcashpro/okcash
NEG_01360,0,0,0,1660,1,0.0028220667190828335,0,0.3730263529,LinearSVC+CalibratedClassifierCV,OkeA-dev/StablePay
NEG_01368,0,0,0,1668,1,0.004685580003247905,0,0.3730263529,LinearSVC+CalibratedClassifierCV,omarakhmedov-web/metridex-showcase
NEG_01374,0,0,0,1674,1,0.0008878969000470574,0,0.3730263529,LinearSVC+CalibratedClassifierCV,OneMug-Coffee/onemug-link-in-bio
NEG_01376,0,0,0,1676,1,0.0004588928973823613,0,0.3730263529,LinearSVC+CalibratedClassifierCV,ong/awesome-decentralized-finance
NEG_01383,0,0,0,1683,1,1.3327248441004817e-05,0,0.3730263529,LinearSVC+CalibratedClassifierCV,OpenTradingNetworkFoundation/otn-token
NEG_01384,0,0,0,1684,1,0.22771145965723116,0,0.3730263529,LinearSVC+CalibratedClassifierCV,Operaconga14/llama_flux
NEG_01386,0,0,0,1686,1,0.00019522334869014147,0,0.3730263529,LinearSVC+CalibratedClassifierCV,OpiumProtocol/erc721o
NEG_01387,0,0,0,1687,1,0.0001720757973426766,0,0.3730263529,LinearSVC+CalibratedClassifierCV,OptimalLukasDev/Bitcoin-Wallet-finder
NEG_01395,0,0,0,1695,1,0.0005179666280149283,0,0.3730263529,LinearSVC+CalibratedClassifierCV,osmanballi/Clock_app_that_tracks_Bitcoin_and_Ethereum
NEG_01403,0,0,0,1703,1,0.00030100759757803095,0,0.3730263529,LinearSVC+CalibratedClassifierCV,pablopoggiog/polygon-name-service
NEG_01404,0,0,0,1704,1,0.0010932011100272569,0,0.3730263529,LinearSVC+CalibratedClassifierCV,pablwoAraujo/bitcoin-wallets
NEG_01405,0,0,0,1705,1,0.009026297006203868,0,0.3730263529,LinearSVC+CalibratedClassifierCV,Pallavii-dev/Crypto-Transfer-web3
NEG_01406,0,0,0,1706,1,0.00024052030789918928,0,0.3730263529,LinearSVC+CalibratedClassifierCV,panaverse/defi-dapps-solidity-smart-contracts
NEG_01407,0,0,0,1707,1,0.021189379586374523,0,0.3730263529,LinearSVC+CalibratedClassifierCV,pancudaniel7/solidity-nft-auction
NEG_01418,0,0,0,1718,1,1.3087163428001802e-05,0,0.3730263529,LinearSVC+CalibratedClassifierCV,PaulLaux/eth-hot-wallet
NEG_01421,0,0,0,1721,1,0.0010838016768736872,0,0.3730263529,LinearSVC+CalibratedClassifierCV,pawanpaudel93/damn-vulnerable-defi
NEG_01422,0,0,0,1722,1,4.0096166037705134e-05,0,0.3730263529,LinearSVC+CalibratedClassifierCV,pawurb/Locker
NEG_01423,0,0,0,1723,1,0.021252378945366482,0,0.3730263529,LinearSVC+CalibratedClassifierCV,PaymagicXYZ/lensmo-fe
NEG_01424,0,0,0,1724,1,0.01884794812539882,0,0.3730263529,LinearSVC+CalibratedClassifierCV,pbouget/AlyraSolidityVoting
NEG_01431,0,0,0,1731,1,0.0013092939281368159,0,0.3730263529,LinearSVC+CalibratedClassifierCV,persistenceOne/persistenceWallet
NEG_01432,0,0,0,1732,1,0.00042856392903766377,0,0.3730263529,LinearSVC+CalibratedClassifierCV,peter571/crypto-stats
NEG_01435,0,0,0,1735,1,0.00016979893474965496,0,0.3730263529,LinearSVC+CalibratedClassifierCV,Phildo/ethbrute
NEG_01436,0,0,0,1736,1,0.12864213129055244,0,0.3730263529,LinearSVC+CalibratedClassifierCV,PhilipAtEmcogma/CryptoKittiesNFTDapp
NEG_01444,0,0,0,1744,1,0.0006693931921724471,0,0.3730263529,LinearSVC+CalibratedClassifierCV,Plycedes/rps-web3
NEG_01454,0,0,0,1754,1,0.0008516204364584275,0,0.3730263529,LinearSVC+CalibratedClassifierCV,pragmaxim-com/bitcoin-explorer
NEG_01456,0,0,0,1756,1,0.0013456085243581568,0,0.3730263529,LinearSVC+CalibratedClassifierCV,pramaths/simplewallet
NEG_01457,0,0,0,1757,1,0.002447116668617737,0,0.3730263529,LinearSVC+CalibratedClassifierCV,pranah/pranah
NEG_01461,0,0,0,1761,1,0.0014406247057752054,0,0.3730263529,LinearSVC+CalibratedClassifierCV,prateek096/OnlinePolling_Blockchain
NEG_01467,0,0,0,1767,1,0.004169335427640753,0,0.3730263529,LinearSVC+CalibratedClassifierCV,problo/DeFireX-Contracts-V2
NEG_01472,0,0,0,1772,1,0.00590488288128662,0,0.3730263529,LinearSVC+CalibratedClassifierCV,prokey-io/prokey-webcore
NEG_01474,0,0,0,1774,1,0.6478056180990709,1,0.3730263529,LinearSVC+CalibratedClassifierCV,Promish984/IC-Pad
NEG_01475,0,0,0,1775,1,0.00014654917664223857,0,0.3730263529,LinearSVC+CalibratedClassifierCV,protofire/autoglyphs
NEG_01476,0,0,0,1776,1,0.0005333138141061501,0,0.3730263529,LinearSVC+CalibratedClassifierCV,provinzio/CoinTaxman
NEG_01480,0,0,0,1780,1,0.00024577583298224514,0,0.3730263529,LinearSVC+CalibratedClassifierCV,Pymmdrza/Rich-Address-Wallet
NEG_01483,0,0,0,1783,1,0.000756981568897034,0,0.3730263529,LinearSVC+CalibratedClassifierCV,qianq-jims/SmartBitcoin
NEG_01492,0,0,0,1792,1,2.3331960508590318e-05,0,0.3730263529,LinearSVC+CalibratedClassifierCV,quilime/evm-nft-contract-boilerplate
NEG_01498,0,0,0,1798,1,0.0005671583801246772,0,0.3730263529,LinearSVC+CalibratedClassifierCV,radixdlt/radix-dapp-toolkit
NEG_01502,0,0,0,1802,1,0.022799596788067533,0,0.3730263529,LinearSVC+CalibratedClassifierCV,rafafortes/nft-ticket-system-ethereum
NEG_01521,0,0,0,1821,1,0.0008403586961456395,0,0.3730263529,LinearSVC+CalibratedClassifierCV,raymondfam/defi-nft-marketplace-mumbai
NEG_01526,0,0,0,1826,1,0.00039747105996499184,0,0.3730263529,LinearSVC+CalibratedClassifierCV,rchak007/NFTArtMuseum
NEG_01536,0,0,0,1836,1,0.00015401467746483725,0,0.3730263529,LinearSVC+CalibratedClassifierCV,remston-dsa/remston-dsa-NFT-token-rendered-on-OpenSea-testnet-using-Brownie-IPFS-Web3-and-ERC721-standard
NEG_01540,0,0,0,1840,1,0.018479951885584114,0,0.3730263529,LinearSVC+CalibratedClassifierCV,repirate/asset-recovery-tool
NEG_01544,0,0,0,1844,1,0.00019364092309815932,0,0.3730263529,LinearSVC+CalibratedClassifierCV,richard-ramos/solidity-diagram-gen
NEG_01549,0,0,0,1849,1,0.6552024045962718,1,0.3730263529,LinearSVC+CalibratedClassifierCV,riteesh-ram/DeFi-Group-Insurance
NEG_01556,0,0,0,1856,1,2.470100698087732e-05,0,0.3730263529,LinearSVC+CalibratedClassifierCV,robertcalvert/vscode-crypto-ticker
NEG_01557,0,0,0,1857,1,0.000787250207002857,0,0.3730263529,LinearSVC+CalibratedClassifierCV,robhato/FFXIV-NFT-Smart-Contract
NEG_01558,0,0,0,1858,1,0.002485025745824021,0,0.3730263529,LinearSVC+CalibratedClassifierCV,robin-rrt/crypto-cares
NEG_01567,0,0,0,1867,1,0.0712125822450978,0,0.3730263529,LinearSVC+CalibratedClassifierCV,Rohitw3code/web3-solidity-python
NEG_01572,0,0,0,1872,1,0.0011829808261747477,0,0.3730263529,LinearSVC+CalibratedClassifierCV,roxxy-lanre/Conduit
NEG_01578,0,0,0,1878,1,7.016490421172206e-05,0,0.3730263529,LinearSVC+CalibratedClassifierCV,ruqqq/blockchainparser
NEG_01581,0,0,0,1881,1,0.000943745238315683,0,0.3730263529,LinearSVC+CalibratedClassifierCV,rustyneuron01/NFT-Launchpad-Alkanes
NEG_01582,0,0,0,1882,1,0.00017424384575021046,0,0.3730263529,LinearSVC+CalibratedClassifierCV,rwth-acis/las2peer-registry-contracts
NEG_01588,0,0,0,1888,1,0.006060995116647763,0,0.3730263529,LinearSVC+CalibratedClassifierCV,S-Amine/go-uni
NEG_01593,0,0,0,1893,1,0.0006738469418960174,0,0.3730263529,LinearSVC+CalibratedClassifierCV,safe-fndn/safe-smart-account
NEG_01596,0,0,0,1896,1,0.0035004380583431483,0,0.3730263529,LinearSVC+CalibratedClassifierCV,Sahiru2007/Blockchain-based-healthcare-data-system-with-disease-prediction
NEG_01599,0,0,0,1899,1,0.010140569156219609,0,0.3730263529,LinearSVC+CalibratedClassifierCV,Samarth208P/validator0x
NEG_01611,0,0,0,1911,1,0.006009568166266282,0,0.3730263529,LinearSVC+CalibratedClassifierCV,SATO-Technologies/Hordes-Wallet
NEG_01612,0,0,0,1912,1,0.00016571648064418322,0,0.3730263529,LinearSVC+CalibratedClassifierCV,SatoshiPortal/bullbitcoin-mobile
NEG_01615,0,0,0,1915,1,2.09332606890545e-05,0,0.3730263529,LinearSVC+CalibratedClassifierCV,saxenism/cryptoZombiesNFT
NEG_01617,0,0,0,1917,1,1.8216442897058687e-06,0,0.3730263529,LinearSVC+CalibratedClassifierCV,SBIP-Migration/aave-migrator
NEG_01618,0,0,0,1918,1,2.0297671753514755e-06,0,0.3730263529,LinearSVC+CalibratedClassifierCV,scaffold-eth/eth-components
NEG_01621,0,0,0,1921,1,0.00019133082942776147,0,0.3730263529,LinearSVC+CalibratedClassifierCV,ScopeLift/endaoment
NEG_01635,0,0,0,1935,1,2.4686718843171373e-05,0,0.3730263529,LinearSVC+CalibratedClassifierCV,setheum/setheum
NEG_01639,0,0,0,1939,1,0.05699153999188375,0,0.3730263529,LinearSVC+CalibratedClassifierCV,Shahroz-Hussain-Dev/Wallet
NEG_01645,0,0,0,1945,1,0.03696958847279828,0,0.3730263529,LinearSVC+CalibratedClassifierCV,shapeshift/web
NEG_01655,0,0,0,1955,1,0.003341616373445234,0,0.3730263529,LinearSVC+CalibratedClassifierCV,ShredSecurity/protocol-deployment-checklist
NEG_01656,0,0,0,1956,1,0.0006216901336510275,0,0.3730263529,LinearSVC+CalibratedClassifierCV,ShrikantaMazumder/crypto-zombie
NEG_01660,0,0,0,1960,1,0.0006198830133659189,0,0.3730263529,LinearSVC+CalibratedClassifierCV,SiddharthaBhattacharjee/Python_Script_To_Access_Deployed_Smartcontract
NEG_01674,0,0,0,1974,1,0.01594214509608333,0,0.3730263529,LinearSVC+CalibratedClassifierCV,SkyPierIO/skypier-vpn
NEG_01679,0,0,0,1979,1,0.0005223027433472186,0,0.3730263529,LinearSVC+CalibratedClassifierCV,smart-account-starter/smart-account-starter
NEG_01686,0,0,0,1986,1,0.00022326820422748127,0,0.3730263529,LinearSVC+CalibratedClassifierCV,smartcontractkit/defi-minimal
NEG_01694,0,0,0,1994,1,8.007269364381654e-05,0,0.3730263529,LinearSVC+CalibratedClassifierCV,solangegueiros/dapp-register
NEG_01696,0,0,0,1996,1,0.0030757569254231576,0,0.3730263529,LinearSVC+CalibratedClassifierCV,solidityDev05/defi-by-example
NEG_01699,0,0,0,1999,1,0.0016111660082589886,0,0.3730263529,LinearSVC+CalibratedClassifierCV,Solomon-0xGuardian/solana_guessing_game
NEG_01701,0,0,0,2001,1,3.32406334937544e-05,0,0.3730263529,LinearSVC+CalibratedClassifierCV,somesh-banerjee/Hospital-Records-Blockchain
NEG_01711,0,0,0,2011,1,0.00015770174196612211,0,0.3730263529,LinearSVC+CalibratedClassifierCV,spotlightgroup/DonateDapp
NEG_01713,0,0,0,2013,1,0.0003606283875699622,0,0.3730263529,LinearSVC+CalibratedClassifierCV,springmacedonio-sys/Somnia-DeFi-Wallet
NEG_01717,0,0,0,2017,1,0.004193036519949452,0,0.3730263529,LinearSVC+CalibratedClassifierCV,SSSami22/Crypto
NEG_01724,0,0,0,2024,1,0.0045184648570448845,0,0.3730263529,LinearSVC+CalibratedClassifierCV,stellar/stellar-ledger-data-indexer
NEG_01728,0,0,0,2028,1,0.00013310537760793904,0,0.3730263529,LinearSVC+CalibratedClassifierCV,StevenMolina22/cryptocoin
NEG_01729,0,0,0,2029,1,0.00012304087131928372,0,0.3730263529,LinearSVC+CalibratedClassifierCV,Stor-Network/stor-blockchain
NEG_01732,0,0,0,2032,1,0.0026143468440186714,0,0.3730263529,LinearSVC+CalibratedClassifierCV,Strykr-Prism/realtime-crypto-price-api
NEG_01736,0,0,0,2036,1,0.00639851119778176,0,0.3730263529,LinearSVC+CalibratedClassifierCV,Sukoed/nft-minting-engine
NEG_01741,0,0,0,2041,1,0.004480242975358925,0,0.3730263529,LinearSVC+CalibratedClassifierCV,Sunilshah-7/web3-blockchain-curve
NEG_01746,0,0,0,2046,1,8.106676660026874e-05,0,0.3730263529,LinearSVC+CalibratedClassifierCV,SunWeb3Sec/DeFiVulnLabs
NEG_01760,0,0,0,2060,1,0.01947340320242111,0,0.3730263529,LinearSVC+CalibratedClassifierCV,SwezyDev/MultiExodus
NEG_01763,0,0,0,2063,1,0.0025703214742465136,0,0.3730263529,LinearSVC+CalibratedClassifierCV,SXNGE4444/magic-crypto-app
NEG_01771,0,0,0,2071,1,0.0001598350738124346,0,0.3730263529,LinearSVC+CalibratedClassifierCV,Talent-Index/StableCoin-Project
NEG_01775,0,0,0,2075,1,4.3569466060809746e-05,0,0.3730263529,LinearSVC+CalibratedClassifierCV,tamjid0x01/awesome-smartcontract-hacking
NEG_01777,0,0,0,2077,1,0.0003147862233996139,0,0.3730263529,LinearSVC+CalibratedClassifierCV,tankbottoms/tiles-on-chain
NEG_01782,0,0,0,2082,1,0.00033034186191568574,0,0.3730263529,LinearSVC+CalibratedClassifierCV,taoteh1221/Slideshow_Crypto_Ticker
NEG_01783,0,0,0,2083,1,0.0010927778366590119,0,0.3730263529,LinearSVC+CalibratedClassifierCV,tarun-upadhyay/the-matrix-labs-assignment
NEG_01788,0,0,0,2088,1,0.0008345104808025581,0,0.3730263529,LinearSVC+CalibratedClassifierCV,teal-finance/rainbow
NEG_01789,0,0,0,2089,1,0.011163695282510122,0,0.3730263529,LinearSVC+CalibratedClassifierCV,teamssUTXO/bitcoin_mcp
NEG_01793,0,0,0,2093,1,4.6727621236649086e-05,0,0.3730263529,LinearSVC+CalibratedClassifierCV,TegroTON/DEX-TON-contracts
NEG_01797,0,0,0,2097,1,0.04076557923035575,0,0.3730263529,LinearSVC+CalibratedClassifierCV,Tenosia/Wallet-Multi-SDK
NEG_01799,0,0,0,2099,1,0.006044950515384038,0,0.3730263529,LinearSVC+CalibratedClassifierCV,tesla809/erc-20-tutorial
NEG_01801,0,0,0,2101,1,0.0017493292528390398,0,0.3730263529,LinearSVC+CalibratedClassifierCV,Tezsure/plenty-wallet
NEG_01804,0,0,0,2104,1,0.004776913994220378,0,0.3730263529,LinearSVC+CalibratedClassifierCV,the-sauravkumar/icp_token_wallet
NEG_01808,0,0,0,2108,1,0.0007240032809364857,0,0.3730263529,LinearSVC+CalibratedClassifierCV,TheDancingBananas/dancing-bananas-front-end
NEG_01813,0,0,0,2113,1,0.00010994056735263382,0,0.3730263529,LinearSVC+CalibratedClassifierCV,thirdweb-dev/thirdweb-cli
NEG_01814,0,0,0,2114,1,6.542910411467069e-05,0,0.3730263529,LinearSVC+CalibratedClassifierCV,thisiskeanyvy/blocktracker
NEG_01820,0,0,0,2120,1,1.0337880469704101e-05,0,0.3730263529,LinearSVC+CalibratedClassifierCV,timyiu478/cryptocurrencies-blockchain-technologies-stanford
NEG_01822,0,0,0,2122,1,1.0,1,0.3730263529,LinearSVC+CalibratedClassifierCV,tintinweb/smart-contract-sanctuary-arbitrum
NEG_01839,0,0,0,2139,1,0.0001573766673104226,0,0.3730263529,LinearSVC+CalibratedClassifierCV,tr1sm0s1n/go-dapp-example
NEG_01843,0,0,0,2143,1,0.004346018562919912,0,0.3730263529,LinearSVC+CalibratedClassifierCV,Trapesys/pandoras-box
NEG_01849,0,0,0,2149,1,8.999664457319682e-05,0,0.3730263529,LinearSVC+CalibratedClassifierCV,trustless-fund/trustless-fund
NEG_01853,0,0,0,2153,1,0.0004154212581400376,0,0.3730263529,LinearSVC+CalibratedClassifierCV,tsauvajon/cryptoblobs
NEG_01858,0,0,0,2158,1,0.002817346083394389,0,0.3730263529,LinearSVC+CalibratedClassifierCV,turtlemarket/contract
NEG_01864,0,0,0,2164,1,0.002930452754910685,0,0.3730263529,LinearSVC+CalibratedClassifierCV,uhsr/BlockchainNftRegistryStudioPro
NEG_01865,0,0,0,2165,1,0.004226232866131726,0,0.3730263529,LinearSVC+CalibratedClassifierCV,uhsr/BlockchainNFTVaultManagerCorePro
NEG_01867,0,0,0,2167,1,0.0009571082762832302,0,0.3730263529,LinearSVC+CalibratedClassifierCV,uhsr/BlockchainNFTVaultManagerPlatformX
NEG_01871,0,0,0,2171,1,0.0027140959735334046,0,0.3730263529,LinearSVC+CalibratedClassifierCV,uhsr/CryptoShieldFramework
NEG_01873,0,0,0,2173,1,0.0002667488313350057,0,0.3730263529,LinearSVC+CalibratedClassifierCV,UMAprotocol/docs
NEG_01874,0,0,0,2174,1,0.00024339192313521996,0,0.3730263529,LinearSVC+CalibratedClassifierCV,UMAprotocol/protocol
NEG_01882,0,0,0,2182,1,0.014798568084519854,0,0.3730263529,LinearSVC+CalibratedClassifierCV,uwu-labs/waifusion-site
NEG_01884,0,0,0,2184,1,0.0001828761961092121,0,0.3730263529,LinearSVC+CalibratedClassifierCV,valamicorp/top100token-ape-bot
NEG_01887,0,0,0,2187,1,0.000596671388495918,0,0.3730263529,LinearSVC+CalibratedClassifierCV,VaultLayer/vaultlayer-sdk
NEG_01903,0,0,0,2203,1,0.01540882229170278,0,0.3730263529,LinearSVC+CalibratedClassifierCV,viaweb3/cryptocast-desktop
NEG_01914,0,0,0,2214,1,0.05948398927607357,0,0.3730263529,LinearSVC+CalibratedClassifierCV,vishal-kr007/walletSmartContract
NEG_01917,0,0,0,2217,1,8.593385988525547e-05,0,0.3730263529,LinearSVC+CalibratedClassifierCV,Vitali-workspace/Crypto-Testnet-Faucet
NEG_01918,0,0,0,2218,1,0.0030721001146465404,0,0.3730263529,LinearSVC+CalibratedClassifierCV,Vitalik-Hakim/antimony
NEG_01922,0,0,0,2222,1,6.430045368702574e-06,0,0.3730263529,LinearSVC+CalibratedClassifierCV,vittominacori/solidity-starter-kit
NEG_01927,0,0,0,2227,1,0.0008124618537560281,0,0.3730263529,LinearSVC+CalibratedClassifierCV,vjgaur/bitcoin-wallet
NEG_01941,0,0,0,2241,1,0.0001420807297303199,0,0.3730263529,LinearSVC+CalibratedClassifierCV,WalletConnect/walletconnect-monorepo
NEG_01944,0,0,0,2244,1,0.01752275445038144,0,0.3730263529,LinearSVC+CalibratedClassifierCV,WalletsTool/WalletsTool
NEG_01954,0,0,0,2254,1,0.002789450956649396,0,0.3730263529,LinearSVC+CalibratedClassifierCV,WeaverFi/api
NEG_01960,0,0,0,2260,1,0.015704039949045033,0,0.3730263529,LinearSVC+CalibratedClassifierCV,web3builder7/Diversehq
NEG_01974,0,0,0,2274,1,0.008861236783942185,0,0.3730263529,LinearSVC+CalibratedClassifierCV,wilhelmagren/ethereum-dev
NEG_01976,0,0,0,2276,1,0.0007288345201560015,0,0.3730263529,LinearSVC+CalibratedClassifierCV,wilmacedo/wallet-discover-server
NEG_01983,0,0,0,2283,1,0.0009034209170293489,0,0.3730263529,LinearSVC+CalibratedClassifierCV,wslyvh/useWeb3
NEG_01986,0,0,0,2286,1,0.0011958163890181358,0,0.3730263529,LinearSVC+CalibratedClassifierCV,xaini-x/cross-chain-Bridge
NEG_01989,0,0,0,2289,1,0.00237977823917076,0,0.3730263529,LinearSVC+CalibratedClassifierCV,xavierzho/dex-sdk
NEG_01990,0,0,0,2290,1,0.00020626850593424435,0,0.3730263529,LinearSVC+CalibratedClassifierCV,xBacked-DAO/algorand-wallet-select
NEG_01991,0,0,0,2291,1,0.001091253870500806,0,0.3730263529,LinearSVC+CalibratedClassifierCV,xcncncnddddd/fundme_lesson
NEG_01993,0,0,0,2293,1,0.0007258217584103169,0,0.3730263529,LinearSVC+CalibratedClassifierCV,xerion12/Dapp-algorand
NEG_01994,0,0,0,2294,1,0.0005310208492963758,0,0.3730263529,LinearSVC+CalibratedClassifierCV,xfolio-dao/xfolio-react-chrome
NEG_01996,0,0,0,2296,1,0.003794048574050133,0,0.3730263529,LinearSVC+CalibratedClassifierCV,xPOURY4/crypto-toolkit
NEG_01997,0,0,0,2297,1,0.0014562315281606713,0,0.3730263529,LinearSVC+CalibratedClassifierCV,xqyet/BlockchainAddressSpoofer
NEG_02000,0,0,0,2300,1,0.012125820735409071,0,0.3730263529,LinearSVC+CalibratedClassifierCV,xueqianLu/txpress
NEG_02002,0,0,0,2302,1,0.03377225456477249,0,0.3730263529,LinearSVC+CalibratedClassifierCV,xyzerobtc/BitcoinPizzaNFT
NEG_02009,0,0,0,2309,1,0.0019328985279358126,0,0.3730263529,LinearSVC+CalibratedClassifierCV,yao-tx/CryptoZombies
NEG_02013,0,0,0,2313,1,0.0007526331017845608,0,0.3730263529,LinearSVC+CalibratedClassifierCV,yatharth1444/Token-Wallet-on-ICP-Blockchain
NEG_02015,0,0,0,2315,1,2.8098275255903304e-05,0,0.3730263529,LinearSVC+CalibratedClassifierCV,yeasy/blockchain_guide
NEG_02018,0,0,0,2318,1,0.0004082867486362937,0,0.3730263529,LinearSVC+CalibratedClassifierCV,YieldHabitat/YieldHabitat_
NEG_02024,0,0,0,2324,1,0.0020271982647735555,0,0.3730263529,LinearSVC+CalibratedClassifierCV,YordanPavlov/BlockchainRoulette
NEG_02034,0,0,0,2334,1,0.004956473596143575,0,0.3730263529,LinearSVC+CalibratedClassifierCV,Zaid-maker/web3-nft-game
NEG_02037,0,0,0,2337,1,0.0017280263332909863,0,0.3730263529,LinearSVC+CalibratedClassifierCV,zenhuzaini/node-js-blockchain-bitcoin
NEG_02045,0,0,0,2345,1,0.00027390899912406913,0,0.3730263529,LinearSVC+CalibratedClassifierCV,zircuit-labs/web3-telegram-mini-app
NEG_02046,0,0,0,2346,1,0.12267895766116355,0,0.3730263529,LinearSVC+CalibratedClassifierCV,ZIYUT/nft-wallet-frontend
NEG_02049,0,0,0,2349,1,0.000493386514770438,0,0.3730263529,LinearSVC+CalibratedClassifierCV,Zodomo/OrdinalDucks
F5_ai_media_demo,1,1,0,13,2,0.040517836800759564,0,0.9535149135,LinearSVC+CalibratedClassifierCV,eferos93/test4
F5_ai_media_demo,1,1,0,27,2,0.5251341212092293,0,0.9535149135,LinearSVC+CalibratedClassifierCV,Metaldadisbad/HacxGPT
F5_ai_media_demo,1,1,0,33,2,0.013786775489681923,0,0.9535149135,LinearSVC+CalibratedClassifierCV,rizvejoarder/SoraMax
F5_ai_media_demo,1,1,0,34,2,0.012282808076046309,0,0.9535149135,LinearSVC+CalibratedClassifierCV,shivas1432/sora2-watermark-remover
F5_ai_media_demo,1,0,1,244,2,0.1859008316912711,0,0.9535149135,LinearSVC+CalibratedClassifierCV,eferos93/takehome-test4
F5_ai_media_demo,1,0,1,245,2,0.5243001715040595,0,0.9535149135,LinearSVC+CalibratedClassifierCV,Metaldadisba/HacxGPT
F5_ai_media_demo,1,0,1,246,2,0.01391014066716042,0,0.9535149135,LinearSVC+CalibratedClassifierCV,rizvejoarder9/SoraMax
F5_ai_media_demo,1,0,1,247,2,0.011594060232119627,0,0.9535149135,LinearSVC+CalibratedClassifierCV,shivas1432p/sora2-watermark-remover
F5_ai_media_demo,1,0,1,248,2,0.1454556580642615,0,0.9535149135,LinearSVC+CalibratedClassifierCV,eferos932/takehome-test4
F5_ai_media_demo,1,0,1,249,2,0.5614952102943618,0,0.9535149135,LinearSVC+CalibratedClassifierCV,Metaldadisbad2/HacxGPT
F5_ai_media_demo,1,0,1,250,2,0.016236121535712734,0,0.9535149135,LinearSVC+CalibratedClassifierCV,rizvejoarder4/SoraMax
F5_ai_media_demo,1,0,1,251,2,0.018458808264188734,0,0.9535149135,LinearSVC+CalibratedClassifierCV,shivas14322/sora2-watermark-remover
F5_ai_media_demo,1,0,1,252,2,0.13790723728514728,0,0.9535149135,LinearSVC+CalibratedClassifierCV,eferos9/takehome-test4
F5_ai_media_demo,1,0,1,253,2,0.5073369296768911,0,0.9535149135,LinearSVC+CalibratedClassifierCV,Metaldadisba2/HacxGPT
F5_ai_media_demo,1,0,1,254,2,0.01478513275790797,0,0.9535149135,LinearSVC+CalibratedClassifierCV,rizvejoardern/SoraMax
F5_ai_media_demo,1,0,1,255,2,0.014195175862065534,0,0.9535149135,LinearSVC+CalibratedClassifierCV,shivas143/sora2-watermark-remover
F5_ai_media_demo,1,0,1,256,2,0.048630293730890096,0,0.9535149135,LinearSVC+CalibratedClassifierCV,eferos932/test4
F5_ai_media_demo,1,0,1,257,2,0.5568212645290416,0,0.9535149135,LinearSVC+CalibratedClassifierCV,Metaldadisbad3/HacxGPT
F5_ai_media_demo,1,0,1,258,2,0.012611194978335662,0,0.9535149135,LinearSVC+CalibratedClassifierCV,rizvejoarder2/SoraMax
F5_ai_media_demo,1,0,1,259,2,0.01313105932718356,0,0.9535149135,LinearSVC+CalibratedClassifierCV,shivas1433/sora2-watermark-remover
F5_ai_media_demo,1,0,1,260,2,0.15687639911148574,0,0.9535149135,LinearSVC+CalibratedClassifierCV,eferos92/takehome-test4
F5_ai_media_demo,1,0,1,261,2,0.5145392753054457,0,0.9535149135,LinearSVC+CalibratedClassifierCV,Metaldadisbadd/HacxGPT
F5_ai_media_demo,1,0,1,262,2,0.017140560799989216,0,0.9535149135,LinearSVC+CalibratedClassifierCV,rizvejoarder22/SoraMax
F5_ai_media_demo,1,0,1,263,2,0.013556003060828154,0,0.9535149135,LinearSVC+CalibratedClassifierCV,shivas1432o/sora2-watermark-remover
F5_ai_media_demo,1,0,1,264,2,0.1577402107961047,0,0.9535149135,LinearSVC+CalibratedClassifierCV,eferos94/takehome-test4
F5_ai_media_demo,1,0,1,265,2,0.5682329375112883,0,0.9535149135,LinearSVC+CalibratedClassifierCV,Metaldadisbad4/HacxGPT
F5_ai_media_demo,1,0,1,266,2,0.01752043332616429,0,0.9535149135,LinearSVC+CalibratedClassifierCV,rizvejoarder3/SoraMax
F5_ai_media_demo,1,0,1,267,2,0.016357671996341944,0,0.9535149135,LinearSVC+CalibratedClassifierCV,shivas14323/sora2-watermark-remover
F5_ai_media_demo,1,0,1,268,2,0.16757993502520008,0,0.9535149135,LinearSVC+CalibratedClassifierCV,eferos95/takehome-test4
F5_ai_media_demo,1,0,1,269,2,0.5594704304238817,0,0.9535149135,LinearSVC+CalibratedClassifierCV,Metaldadisba3/HacxGPT
F5_ai_media_demo,1,0,1,270,2,0.012709942449712117,0,0.9535149135,LinearSVC+CalibratedClassifierCV,rizvejoarder6/SoraMax
F5_ai_media_demo,1,0,1,271,2,0.008204811622824238,0,0.9535149135,LinearSVC+CalibratedClassifierCV,shivas1434/sora2-watermark-remover
F5_ai_media_demo,1,0,1,272,2,0.08000449248140502,0,0.9535149135,LinearSVC+CalibratedClassifierCV,eferos93d/test4
F5_ai_media_demo,1,0,1,273,2,0.4957247404175426,0,0.9535149135,LinearSVC+CalibratedClassifierCV,Metaldadisbad5/HacxGPT
F5_ai_media_demo,1,0,1,274,2,0.010813703790725493,0,0.9535149135,LinearSVC+CalibratedClassifierCV,rizvejoarde/SoraMax
F5_ai_media_demo,1,0,1,275,2,0.030429200530824225,0,0.9535149135,LinearSVC+CalibratedClassifierCV,shivas14324/sora2-watermark-remover
F5_ai_media_demo,1,0,1,276,2,0.20797521385800732,0,0.9535149135,LinearSVC+CalibratedClassifierCV,eferos935/takehome-test4
F5_ai_media_demo,1,0,1,277,2,0.4878748373550194,0,0.9535149135,LinearSVC+CalibratedClassifierCV,Metaldadisbadt/HacxGPT
F5_ai_media_demo,1,0,1,278,2,0.018252191316017397,0,0.9535149135,LinearSVC+CalibratedClassifierCV,rizvejoarder5/SoraMax
F5_ai_media_demo,1,0,1,279,2,0.017361398408798027,0,0.9535149135,LinearSVC+CalibratedClassifierCV,shivas1435/sora2-watermark-remover
F5_ai_media_demo,1,0,1,280,2,0.05470813030957925,0,0.9535149135,LinearSVC+CalibratedClassifierCV,eferos93a/test4
F5_ai_media_demo,1,0,1,281,2,0.5260709672666728,0,0.9535149135,LinearSVC+CalibratedClassifierCV,Metaldadisbad6/HacxGPT
F5_ai_media_demo,1,0,1,282,2,0.00988762295866982,0,0.9535149135,LinearSVC+CalibratedClassifierCV,rizvejoarderr/SoraMax
F5_ai_media_demo,1,0,1,283,2,0.008636204155189073,0,0.9535149135,LinearSVC+CalibratedClassifierCV,shivas1432s/sora2-watermark-remover
F5_ai_media_demo,1,0,1,284,2,0.06187601822658592,0,0.9535149135,LinearSVC+CalibratedClassifierCV,eferos93e/test4
F5_ai_media_demo,1,0,1,285,2,0.5477300312811555,0,0.9535149135,LinearSVC+CalibratedClassifierCV,Metaldadisbadg/HacxGPT
F5_ai_media_demo,1,0,1,286,2,0.012028291391978183,0,0.9535149135,LinearSVC+CalibratedClassifierCV,rizvejoardern2/SoraMax
F5_ai_media_demo,1,0,1,287,2,0.01491735015645392,0,0.9535149135,LinearSVC+CalibratedClassifierCV,shivas14321/sora2-watermark-remover
F5_ai_media_demo,1,0,1,288,2,0.14459426000794529,0,0.9535149135,LinearSVC+CalibratedClassifierCV,eferos93z/takehome-test4
F5_ai_media_demo,1,0,1,289,2,0.5684279024708644,0,0.9535149135,LinearSVC+CalibratedClassifierCV,Metaldadisbad62/HacxGPT
F5_ai_media_demo,1,0,1,290,2,0.010912569672720076,0,0.9535149135,LinearSVC+CalibratedClassifierCV,rizvejoarderv/SoraMax
F5_ai_media_demo,1,0,1,291,2,0.010710027347182662,0,0.9535149135,LinearSVC+CalibratedClassifierCV,shivas14327/sora2-watermark-remover
F5_ai_media_demo,1,0,1,292,2,0.15450875085867283,0,0.9535149135,LinearSVC+CalibratedClassifierCV,eferos93p/takehome-test4
F5_ai_media_demo,1,0,1,293,2,0.5606088309436459,0,0.9535149135,LinearSVC+CalibratedClassifierCV,Metaldadisbadx/HacxGPT
F5_ai_media_demo,1,0,1,294,2,0.013114828790231117,0,0.9535149135,LinearSVC+CalibratedClassifierCV,rizvejoarde2/SoraMax
F5_ai_media_demo,1,0,1,295,2,0.04461674129380785,0,0.9535149135,LinearSVC+CalibratedClassifierCV,shivas14325/sora2-watermark-remover
F5_ai_media_demo,1,0,1,296,2,0.049423251069936336,0,0.9535149135,LinearSVC+CalibratedClassifierCV,eferos93r/test4
F5_ai_media_demo,1,0,1,297,2,0.5660405351940974,0,0.9535149135,LinearSVC+CalibratedClassifierCV,Metaldadisbad7/HacxGPT
F5_ai_media_demo,1,0,1,298,2,0.011856886843882192,0,0.9535149135,LinearSVC+CalibratedClassifierCV,rizvejoarder7/SoraMax
F5_ai_media_demo,1,0,1,299,2,0.018133487930094092,0,0.9535149135,LinearSVC+CalibratedClassifierCV,shivas1432a/sora2-watermark-remover
NEG_00002,0,0,0,302,2,0.0010913021814195356,0,0.9535149135,LinearSVC+CalibratedClassifierCV,0ryX/Blockchain-Miner
NEG_00006,0,0,0,306,2,0.004411400741207162,0,0.9535149135,LinearSVC+CalibratedClassifierCV,0xalberto/solana-crash-game
NEG_00015,0,0,0,315,2,0.0018335959541509548,0,0.9535149135,LinearSVC+CalibratedClassifierCV,0xGval/evm-mcp-tools
NEG_00018,0,0,0,318,2,0.001699223050613584,0,0.9535149135,LinearSVC+CalibratedClassifierCV,0xisk/awesome-solidity-security
NEG_00031,0,0,0,331,2,9.904016938893661e-06,0,0.9535149135,LinearSVC+CalibratedClassifierCV,0xTijan/coin-flip
NEG_00043,0,0,0,343,2,0.0015573849505797863,0,0.9535149135,LinearSVC+CalibratedClassifierCV,339-Labs/wallet-platform-mpc-go
NEG_00048,0,0,0,348,2,6.844759393737642e-05,0,0.9535149135,LinearSVC+CalibratedClassifierCV,94929/rock-paper-scissors
NEG_00051,0,0,0,351,2,7.820034197341968e-05,0,0.9535149135,LinearSVC+CalibratedClassifierCV,a6b8/ascii-to-svg-generator-for-ruby
NEG_00054,0,0,0,354,2,0.003480772814310352,0,0.9535149135,LinearSVC+CalibratedClassifierCV,aarambh-darshan/mini-blockchain
NEG_00058,0,0,0,358,2,1.419553762704231e-07,0,0.9535149135,LinearSVC+CalibratedClassifierCV,aawp-ai/aawp
NEG_00071,0,0,0,371,2,0.0005589801854003861,0,0.9535149135,LinearSVC+CalibratedClassifierCV,ada173/solidity-template
NEG_00072,0,0,0,372,2,0.00020964335763608188,0,0.9535149135,LinearSVC+CalibratedClassifierCV,adam-art/SOLANA-PROJECT-v1.0
NEG_00081,0,0,0,381,2,0.08653021594379852,0,0.9535149135,LinearSVC+CalibratedClassifierCV,adityajkate/crypto-risk
NEG_00083,0,0,0,383,2,0.23252805308471572,0,0.9535149135,LinearSVC+CalibratedClassifierCV,adrianhajdin/project_crowdfunding
NEG_00084,0,0,0,384,2,0.2128506519473452,0,0.9535149135,LinearSVC+CalibratedClassifierCV,adrianhajdin/project_web3.0
NEG_00086,0,0,0,386,2,2.3394098738619355e-05,0,0.9535149135,LinearSVC+CalibratedClassifierCV,adrianmcli/eth95
NEG_00101,0,0,0,401,2,0.002857739825482755,0,0.9535149135,LinearSVC+CalibratedClassifierCV,aggel008/defi-signal
NEG_00107,0,0,0,407,2,0.001038667776914107,0,0.9535149135,LinearSVC+CalibratedClassifierCV,ahmedali8/hardhat-ts-template
NEG_00113,0,0,0,413,2,3.153153866251093e-05,0,0.9535149135,LinearSVC+CalibratedClassifierCV,aidevrelagent/nama-repo-lowercase-dengan-dash-v2
NEG_00118,0,0,0,418,2,1.1947024516847338e-05,0,0.9535149135,LinearSVC+CalibratedClassifierCV,ajaysaini-sgvu/cryptocurrency-api
NEG_00141,0,0,0,441,2,9.473018129066854e-05,0,0.9535149135,LinearSVC+CalibratedClassifierCV,alexharrod/cryptozombies
NEG_00147,0,0,0,447,2,2.71154985899782e-05,0,0.9535149135,LinearSVC+CalibratedClassifierCV,alice-si/contracts
NEG_00148,0,0,0,448,2,0.02787557365194557,0,0.9535149135,LinearSVC+CalibratedClassifierCV,aliezzahn/crypto-chart
NEG_00155,0,0,0,455,2,0.004803987479599017,0,0.9535149135,LinearSVC+CalibratedClassifierCV,AllanOtieno254/SmartContractVendingMachine
NEG_00170,0,0,0,470,2,0.00041596900854910237,0,0.9535149135,LinearSVC+CalibratedClassifierCV,amurto/cryptoludo
NEG_00174,0,0,0,474,2,0.0004527867397521078,0,0.9535149135,LinearSVC+CalibratedClassifierCV,andrarwes/BlockChainApp
NEG_00177,0,0,0,477,2,6.440170362028534e-06,0,0.9535149135,LinearSVC+CalibratedClassifierCV,andrejrakic/Pied-Piper-DeFi-App-Subspace-Demo-
NEG_00179,0,0,0,479,2,0.0015034230149727557,0,0.9535149135,LinearSVC+CalibratedClassifierCV,andycapaldo/hello-blockchain
NEG_00181,0,0,0,481,2,7.56709019089851e-05,0,0.9535149135,LinearSVC+CalibratedClassifierCV,Aniket-Engg/sol-profiler-vscode
NEG_00182,0,0,0,482,2,0.0007135053654115034,0,0.9535149135,LinearSVC+CalibratedClassifierCV,ankitaryan404/nft-marketplace
NEG_00184,0,0,0,484,2,0.00813175521193545,0,0.9535149135,LinearSVC+CalibratedClassifierCV,annasudol/multi-signature-wallet
NEG_00192,0,0,0,492,2,0.00010094659591886908,0,0.9535149135,LinearSVC+CalibratedClassifierCV,Anugo1/Attest-Nft
NEG_00198,0,0,0,498,2,0.0010336264062543682,0,0.9535149135,LinearSVC+CalibratedClassifierCV,apeboard/pools
NEG_00199,0,0,0,499,2,1.2112856064001434e-05,0,0.9535149135,LinearSVC+CalibratedClassifierCV,Aperture-Finance/Aperture-Lens
NEG_00208,0,0,0,508,2,9.692276246592417e-07,0,0.9535149135,LinearSVC+CalibratedClassifierCV,aranair/pine
NEG_00214,0,0,0,514,2,5.494920175826339e-05,0,0.9535149135,LinearSVC+CalibratedClassifierCV,armorwallet/armor-crypto-mcp
NEG_00221,0,0,0,521,2,4.3237911402749115e-05,0,0.9535149135,LinearSVC+CalibratedClassifierCV,artem-bayandin/blockchain-samples
NEG_00222,0,0,0,522,2,0.0007279017542017446,0,0.9535149135,LinearSVC+CalibratedClassifierCV,arthur-reedy460y/web3cha
NEG_00226,0,0,0,526,2,0.014849288481548836,0,0.9535149135,LinearSVC+CalibratedClassifierCV,artimonist/artimonist-cli
NEG_00236,0,0,0,536,2,0.00014517569166716085,0,0.9535149135,LinearSVC+CalibratedClassifierCV,ASPPIBRA-DAO/DIGITAL_WORLD_REAL_ESTATE_MARKET
NEG_00240,0,0,0,540,2,0.0001643293804134737,0,0.9535149135,LinearSVC+CalibratedClassifierCV,attestate/kiwistand
NEG_00243,0,0,0,543,2,0.0004643552136010238,0,0.9535149135,LinearSVC+CalibratedClassifierCV,austintgriffith/burner-wallet
NEG_00244,0,0,0,544,2,0.00024707697386028396,0,0.9535149135,LinearSVC+CalibratedClassifierCV,Autosaida/DeFiHackAnalysis
NEG_00250,0,0,0,550,2,0.00011193555705789164,0,0.9535149135,LinearSVC+CalibratedClassifierCV,AymaanPathan/ClauseAI
NEG_00259,0,0,0,559,2,0.0006587580629915227,0,0.9535149135,LinearSVC+CalibratedClassifierCV,BadakalaYashwanth/Web-3Cryptocurrency-Wallet-Generator-Blockchain
NEG_00261,0,0,0,561,2,0.000413514534540951,0,0.9535149135,LinearSVC+CalibratedClassifierCV,balancer/balancer-v2-monorepo
NEG_00265,0,0,0,565,2,0.0007399814766595308,0,0.9535149135,LinearSVC+CalibratedClassifierCV,Bananapus/nana-fee-project-deployer
NEG_00271,0,0,0,571,2,0.00022549494410070876,0,0.9535149135,LinearSVC+CalibratedClassifierCV,batteringram-dev/Web3
NEG_00272,0,0,0,572,2,0.0008331599657052345,0,0.9535149135,LinearSVC+CalibratedClassifierCV,bavix/laravel-wallet
NEG_00273,0,0,0,573,2,0.0016820107105152944,0,0.9535149135,LinearSVC+CalibratedClassifierCV,bc1plainview/opnet-builder
NEG_00274,0,0,0,574,2,0.002434988724777598,0,0.9535149135,LinearSVC+CalibratedClassifierCV,bchainexpt/Blockchain-wallet-andorid-app
NEG_00277,0,0,0,577,2,0.00017069242098516132,0,0.9535149135,LinearSVC+CalibratedClassifierCV,BeanstalkFarms/Beanstalk
NEG_00285,0,0,0,585,2,0.0013019748987253565,0,0.9535149135,LinearSVC+CalibratedClassifierCV,BertrandConxy/Lottery
NEG_00286,0,0,0,586,2,0.006298935850890887,0,0.9535149135,LinearSVC+CalibratedClassifierCV,BeTechnologyCo/zkevm-boilerplate
NEG_00287,0,0,0,587,2,3.192293708054446e-05,0,0.9535149135,LinearSVC+CalibratedClassifierCV,bevry-archive/emailtowallet
NEG_00292,0,0,0,592,2,0.0005396643484331002,0,0.9535149135,LinearSVC+CalibratedClassifierCV,BibliothecaDAO/realms-react
NEG_00308,0,0,0,608,2,0.006812902590421462,0,0.9535149135,LinearSVC+CalibratedClassifierCV,bitquery/explorer
NEG_00309,0,0,0,609,2,0.004216559303322982,0,0.9535149135,LinearSVC+CalibratedClassifierCV,bjboss007/flask-web3-solidity
NEG_00310,0,0,0,610,2,1.4772801791036261e-05,0,0.9535149135,LinearSVC+CalibratedClassifierCV,bkrem/react-nft-gallery
NEG_00311,0,0,0,611,2,0.00024630046316429806,0,0.9535149135,LinearSVC+CalibratedClassifierCV,blackalbino01/epic-nfts-ui
NEG_00312,0,0,0,612,2,0.0012115183876459199,0,0.9535149135,LinearSVC+CalibratedClassifierCV,BlackPeter13/LightningTipBot
NEG_00326,0,0,0,626,2,0.00012405113647964654,0,0.9535149135,LinearSVC+CalibratedClassifierCV,bloomwalletio/bloom
NEG_00327,0,0,0,627,2,0.0006422309728014414,0,0.9535149135,LinearSVC+CalibratedClassifierCV,Blueforce99/web3-bubble-portfolio
NEG_00329,0,0,0,629,2,0.013546551285263206,0,0.9535149135,LinearSVC+CalibratedClassifierCV,bluewhale-protocol/bluewhale-trust
NEG_00332,0,0,0,632,2,0.00022986926667049252,0,0.9535149135,LinearSVC+CalibratedClassifierCV,bomzj/newbits
NEG_00334,0,0,0,634,2,9.878835000199699e-05,0,0.9535149135,LinearSVC+CalibratedClassifierCV,bostonlink/blockexplorer
NEG_00339,0,0,0,639,2,2.1417498870215786e-05,0,0.9535149135,LinearSVC+CalibratedClassifierCV,BraisCabo/Decentralized-Crypto-Casino
NEG_00341,0,0,0,641,2,0.00023432228472523015,0,0.9535149135,LinearSVC+CalibratedClassifierCV,brendansiraky/solidity-nft-mint-contract
NEG_00346,0,0,0,646,2,0.0001451461657093265,0,0.9535149135,LinearSVC+CalibratedClassifierCV,btcltceth/crypto_explorer
NEG_00358,0,0,0,658,2,0.00028306193315288095,0,0.9535149135,LinearSVC+CalibratedClassifierCV,c-bruce/SharedWallet
NEG_00360,0,0,0,660,2,0.001567596672922072,0,0.9535149135,LinearSVC+CalibratedClassifierCV,caiovicentino/debank-mcp-server
NEG_00363,0,0,0,663,2,3.054455411426926e-05,0,0.9535149135,LinearSVC+CalibratedClassifierCV,calintzy/evmscope
NEG_00365,0,0,0,665,2,0.000624297807645384,0,0.9535149135,LinearSVC+CalibratedClassifierCV,canyon-network/canyon
NEG_00370,0,0,0,670,2,6.586368054259336e-06,0,0.9535149135,LinearSVC+CalibratedClassifierCV,carmenbickel/NFT-Collection
NEG_00371,0,0,0,671,2,0.0006878223584922072,0,0.9535149135,LinearSVC+CalibratedClassifierCV,CateryaTech/tradeforge
NEG_00376,0,0,0,676,2,0.0017794471325993657,0,0.9535149135,LinearSVC+CalibratedClassifierCV,Certora/CertoraProver
NEG_00380,0,0,0,680,2,9.60389682683923e-05,0,0.9535149135,LinearSVC+CalibratedClassifierCV,ChainInsighter/Ondo-Flux-Finance
NEG_00398,0,0,0,698,2,0.3982474512897389,0,0.9535149135,LinearSVC+CalibratedClassifierCV,chmajidnaeem/blockchain-bitcoin
NEG_00405,0,0,0,705,2,0.0002312822844853302,0,0.9535149135,LinearSVC+CalibratedClassifierCV,citadelgrad/crypto-commando
NEG_00408,0,0,0,708,2,0.00011550403278497917,0,0.9535149135,LinearSVC+CalibratedClassifierCV,classicshi/web3-decoder
NEG_00413,0,0,0,713,2,0.0007046560495176337,0,0.9535149135,LinearSVC+CalibratedClassifierCV,cmandar24/Ethereum-Private-Key-Generator
NEG_00415,0,0,0,715,2,0.2734408717934828,0,0.9535149135,LinearSVC+CalibratedClassifierCV,coccoinomane/crabada.py
NEG_00423,0,0,0,723,2,4.342845996631186e-05,0,0.9535149135,LinearSVC+CalibratedClassifierCV,codeVirtuoso21/NFT-marketplace-cryptoBoys
NEG_00425,0,0,0,725,2,0.0003633442811517801,0,0.9535149135,LinearSVC+CalibratedClassifierCV,codex-protocol/service.eel
NEG_00426,0,0,0,726,2,0.03353836425623479,0,0.9535149135,LinearSVC+CalibratedClassifierCV,CODEX108/FINAL-BLOCKSPIRIT
NEG_00428,0,0,0,728,2,0.00010896028312530377,0,0.9535149135,LinearSVC+CalibratedClassifierCV,coin-worx/ethereum-voting-demo
NEG_00430,0,0,0,730,2,7.784751977035977e-05,0,0.9535149135,LinearSVC+CalibratedClassifierCV,coinbase/coinbase-wallet-sdk
NEG_00435,0,0,0,735,2,2.019786483682494e-05,0,0.9535149135,LinearSVC+CalibratedClassifierCV,coming-chat/wallet-SDK
NEG_00436,0,0,0,736,2,0.00021431712907508675,0,0.9535149135,LinearSVC+CalibratedClassifierCV,compound-finance/palisade
NEG_00439,0,0,0,739,2,0.0009856960595616162,0,0.9535149135,LinearSVC+CalibratedClassifierCV,ConsenSys-archive/vscode-ext
NEG_00442,0,0,0,742,2,0.0010990777286741782,0,0.9535149135,LinearSVC+CalibratedClassifierCV,ConsenSysMesh/live-libs
NEG_00445,0,0,0,745,2,0.00010336936842867833,0,0.9535149135,LinearSVC+CalibratedClassifierCV,ConstanzaOriana/RealEstate_dApp
NEG_00451,0,0,0,751,2,0.011077607062339989,0,0.9535149135,LinearSVC+CalibratedClassifierCV,courtney-haley/SUPERIO-DeFi-Yield-Farm
NEG_00457,0,0,0,757,2,0.0054464252601361925,0,0.9535149135,LinearSVC+CalibratedClassifierCV,crcristian97/solidity-nft-contract
NEG_00462,0,0,0,762,2,0.0003819671430072497,0,0.9535149135,LinearSVC+CalibratedClassifierCV,crpdev/decentralised-ebay
NEG_00465,0,0,0,765,2,0.00026653304489818023,0,0.9535149135,LinearSVC+CalibratedClassifierCV,crypto-crawler/crypto-ohlcv
NEG_00468,0,0,0,768,2,0.0031883447265682566,0,0.9535149135,LinearSVC+CalibratedClassifierCV,crypto1014/NFT-marketplace
NEG_00481,0,0,0,781,2,1.3979424525680332e-05,0,0.9535149135,LinearSVC+CalibratedClassifierCV,Cryptorubic/multi-proxy-rubic
NEG_00482,0,0,0,782,2,0.005864073519083391,0,0.9535149135,LinearSVC+CalibratedClassifierCV,cryptosguru/nft_terra_cosmwasm
NEG_00486,0,0,0,786,2,0.0035327920588668605,0,0.9535149135,LinearSVC+CalibratedClassifierCV,cunarist/solie
NEG_00490,0,0,0,790,2,0.0008915129561558842,0,0.9535149135,LinearSVC+CalibratedClassifierCV,cypherium/uniswap-interface-cypherium
NEG_00493,0,0,0,793,2,1.5570628844302993e-05,0,0.9535149135,LinearSVC+CalibratedClassifierCV,czhc/bookmarks
NEG_00495,0,0,0,795,2,0.00019208146301847044,0,0.9535149135,LinearSVC+CalibratedClassifierCV,D-Y-So/Blockchain_Project
NEG_00497,0,0,0,797,2,0.05888964888673794,0,0.9535149135,LinearSVC+CalibratedClassifierCV,Dadel-1/Polymarket-CopyTrading
NEG_00500,0,0,0,800,2,0.0013796513154910167,0,0.9535149135,LinearSVC+CalibratedClassifierCV,Daltonic/dappCinemasX
NEG_00505,0,0,0,805,2,0.00013115089227586397,0,0.9535149135,LinearSVC+CalibratedClassifierCV,danieltantonio/SharedWallet_Solidity
NEG_00506,0,0,0,806,2,0.007496917728453258,0,0.9535149135,LinearSVC+CalibratedClassifierCV,danielwpz/nft-linkdrop
NEG_00513,0,0,0,813,2,0.004755057381520769,0,0.9535149135,LinearSVC+CalibratedClassifierCV,dappforce/polkaverse
NEG_00518,0,0,0,818,2,0.00030715255657551505,0,0.9535149135,LinearSVC+CalibratedClassifierCV,dappuniversity/hd_wallet
NEG_00522,0,0,0,822,2,0.005939221176869657,0,0.9535149135,LinearSVC+CalibratedClassifierCV,darkgrovelabs/sec3hub
NEG_00526,0,0,0,826,2,0.005551597442138419,0,0.9535149135,LinearSVC+CalibratedClassifierCV,daulathussain/nfts-api-starter-file
NEG_00527,0,0,0,827,2,0.0001598039578947459,0,0.9535149135,LinearSVC+CalibratedClassifierCV,davdotsol/react-and-web3-demo-app
NEG_00528,0,0,0,828,2,0.0033663601018048606,0,0.9535149135,LinearSVC+CalibratedClassifierCV,davdotsol/uniswap-v2-defi-app
NEG_00535,0,0,0,835,2,0.11591675564991129,0,0.9535149135,LinearSVC+CalibratedClassifierCV,DeCleanup-Network/contracts-evm
NEG_00551,0,0,0,851,2,0.00021188013903727202,0,0.9535149135,LinearSVC+CalibratedClassifierCV,DemocracyEarth/wallet
NEG_00552,0,0,0,852,2,0.003057917047619948,0,0.9535149135,LinearSVC+CalibratedClassifierCV,Denis345/blockchain-automation-tool
NEG_00557,0,0,0,857,2,1.7762620944056438e-05,0,0.9535149135,LinearSVC+CalibratedClassifierCV,DePayFi/depay-claimable-nft-airdrops
NEG_00560,0,0,0,860,2,0.0001249189855258561,0,0.9535149135,LinearSVC+CalibratedClassifierCV,desbenn/defi-arbitrage
NEG_00566,0,0,0,866,2,0.0008029727761722846,0,0.9535149135,LinearSVC+CalibratedClassifierCV,DevAyomi/Smart-Wallet-
NEG_00575,0,0,0,875,2,0.0675117088111706,0,0.9535149135,LinearSVC+CalibratedClassifierCV,Dharma256/solidity-multisig-wallet-56
NEG_00579,0,0,0,879,2,0.007047040531722196,0,0.9535149135,LinearSVC+CalibratedClassifierCV,dhiraj0911/bitcoin-wallet
NEG_00585,0,0,0,885,2,2.5722597675960764e-05,0,0.9535149135,LinearSVC+CalibratedClassifierCV,DimarcoKevin/CryptoZombies
NEG_00588,0,0,0,888,2,0.06459529417239607,0,0.9535149135,LinearSVC+CalibratedClassifierCV,diorwave/solana-blockchain-development
NEG_00589,0,0,0,889,2,2.994067499116317e-05,0,0.9535149135,LinearSVC+CalibratedClassifierCV,distbit0/coinStats
NEG_00590,0,0,0,890,2,0.002896503281868764,0,0.9535149135,LinearSVC+CalibratedClassifierCV,DixDev1621/BLOCKCHAIN-DeFi-Router
NEG_00591,0,0,0,891,2,0.0018380648673244169,0,0.9535149135,LinearSVC+CalibratedClassifierCV,DjibrilM/strike-wallet
NEG_00598,0,0,0,898,2,0.012139184951924774,0,0.9535149135,LinearSVC+CalibratedClassifierCV,dojimanetwork/web3fy-go
NEG_00599,0,0,0,899,2,1.0275576586720654e-05,0,0.9535149135,LinearSVC+CalibratedClassifierCV,domechn/track3
NEG_00601,0,0,0,901,2,3.639097732517727e-06,0,0.9535149135,LinearSVC+CalibratedClassifierCV,donnywin85/defi-yield-aggregator
NEG_00609,0,0,0,909,2,0.001019281328103392,0,0.9535149135,LinearSVC+CalibratedClassifierCV,DrLinuxOfficial/CryptoWallet-Cracker
NEG_00610,0,0,0,910,2,0.0308665201455678,0,0.9535149135,LinearSVC+CalibratedClassifierCV,drpcorg/dshackle
NEG_00617,0,0,0,917,2,0.0013660560087935842,0,0.9535149135,LinearSVC+CalibratedClassifierCV,dvvrtmshra/StellarPay
NEG_00618,0,0,0,918,2,0.00022252237922866936,0,0.9535149135,LinearSVC+CalibratedClassifierCV,dydxprotocol/protocol_v1
NEG_00619,0,0,0,919,2,1.4350722621267526e-05,0,0.9535149135,LinearSVC+CalibratedClassifierCV,Dyslex7c/DefiYieldOptimizer
NEG_00620,0,0,0,920,2,0.0006997399076172948,0,0.9535149135,LinearSVC+CalibratedClassifierCV,ebellocchia/erc20_splitter
NEG_00628,0,0,0,928,2,0.0020743511696125452,0,0.9535149135,LinearSVC+CalibratedClassifierCV,el-noir/MedicAi
NEG_00629,0,0,0,929,2,0.016178875313681926,0,0.9535149135,LinearSVC+CalibratedClassifierCV,eldorado-Coder/NFT-marketplace-smart-contract
NEG_00631,0,0,0,931,2,0.0006832602542874056,0,0.9535149135,LinearSVC+CalibratedClassifierCV,Elmanilov/CastClaim
NEG_00643,0,0,0,943,2,0.001264948669425606,0,0.9535149135,LinearSVC+CalibratedClassifierCV,Emmanuel-213/MyFirstSmartContract
NEG_00651,0,0,0,951,2,0.00018868997707874885,0,0.9535149135,LinearSVC+CalibratedClassifierCV,Enricrypto/arb-wave-flashloans-arbitrage
NEG_00660,0,0,0,960,2,0.0061024577728638315,0,0.9535149135,LinearSVC+CalibratedClassifierCV,ERC4626-Alliance/sup-web-4626
NEG_00669,0,0,0,969,2,1.7143046380037867e-05,0,0.9535149135,LinearSVC+CalibratedClassifierCV,EthereumCommonwealth/Auditing
NEG_00674,0,0,0,974,2,4.133643555829223e-05,0,0.9535149135,LinearSVC+CalibratedClassifierCV,EtherTW/LogoVote2017
NEG_00677,0,0,0,977,2,0.0017843007128113843,0,0.9535149135,LinearSVC+CalibratedClassifierCV,Ev3rlasting/Sui-Vanity-Wallet-Generator
NEG_00678,0,0,0,978,2,0.037571548541661365,0,0.9535149135,LinearSVC+CalibratedClassifierCV,everstake/wallet-sdk
NEG_00679,0,0,0,979,2,2.2759511684403487e-05,0,0.9535149135,LinearSVC+CalibratedClassifierCV,everx-labs/everdev
NEG_00694,0,0,0,994,2,0.01496306369281756,0,0.9535149135,LinearSVC+CalibratedClassifierCV,Fabischu2008/Vinechain
NEG_00700,0,0,0,1000,2,0.00014918668129007757,0,0.9535149135,LinearSVC+CalibratedClassifierCV,faizack/Supply-Chain-Blockchain
NEG_00701,0,0,0,1001,2,0.002232786563557645,0,0.9535149135,LinearSVC+CalibratedClassifierCV,falila/smart-contract-interpreter
NEG_00706,0,0,0,1006,2,0.00020493186246724776,0,0.9535149135,LinearSVC+CalibratedClassifierCV,FazioNico/meta-gotchi
NEG_00707,0,0,0,1007,2,6.746991291312082e-05,0,0.9535149135,LinearSVC+CalibratedClassifierCV,fbsobreira/gotron-sdk
NEG_00710,0,0,0,1010,2,0.00032818857856391215,0,0.9535149135,LinearSVC+CalibratedClassifierCV,fewwwww/awesome-uniswap-hooks
NEG_00720,0,0,0,1020,2,0.0015256811834909142,0,0.9535149135,LinearSVC+CalibratedClassifierCV,flappyagent/flappy-bird-solidity-2
NEG_00721,0,0,0,1021,2,0.0001249878630609694,0,0.9535149135,LinearSVC+CalibratedClassifierCV,flexa/collateral-manager
NEG_00722,0,0,0,1022,2,8.882945695531978e-06,0,0.9535149135,LinearSVC+CalibratedClassifierCV,floranguyen0/nft-marketplace
NEG_00727,0,0,0,1027,2,3.535605420432039e-05,0,0.9535149135,LinearSVC+CalibratedClassifierCV,forward0507/Dexordi-BE
NEG_00730,0,0,0,1030,2,0.010507256457366882,0,0.9535149135,LinearSVC+CalibratedClassifierCV,frankdev7/bootcamp-solidity-defi
NEG_00733,0,0,0,1033,2,9.604904938618435e-05,0,0.9535149135,LinearSVC+CalibratedClassifierCV,FredericRezeau/soroban-snooker
NEG_00743,0,0,0,1043,2,0.011808564481123912,0,0.9535149135,LinearSVC+CalibratedClassifierCV,fxop0218/DEFI-aave-JS-Solidity
NEG_00755,0,0,0,1055,2,0.0002081819925813966,0,0.9535149135,LinearSVC+CalibratedClassifierCV,geraldoramos/crypto-bar
NEG_00756,0,0,0,1056,2,0.003785276463122527,0,0.9535149135,LinearSVC+CalibratedClassifierCV,getgems-community-tact/nft-template-editable
NEG_00757,0,0,0,1057,2,0.002970488301673747,0,0.9535149135,LinearSVC+CalibratedClassifierCV,getsafle/safle-identity-wallet
NEG_00764,0,0,0,1064,2,3.0626719956668395e-06,0,0.9535149135,LinearSVC+CalibratedClassifierCV,gizdusum/hermes-blockchain-oracle
NEG_00767,0,0,0,1067,2,0.0014400154011763964,0,0.9535149135,LinearSVC+CalibratedClassifierCV,glitznerf/blockchain_banking_system
NEG_00771,0,0,0,1071,2,0.0017050879446238992,0,0.9535149135,LinearSVC+CalibratedClassifierCV,gnosis/reth-util
NEG_00772,0,0,0,1072,2,0.00019853004280069329,0,0.9535149135,LinearSVC+CalibratedClassifierCV,gobeyondfj-cmd/cryptoagent-ai
NEG_00774,0,0,0,1074,2,0.01219893713005521,0,0.9535149135,LinearSVC+CalibratedClassifierCV,gokcearda/OwlToken
NEG_00785,0,0,0,1085,2,0.011516348655890124,0,0.9535149135,LinearSVC+CalibratedClassifierCV,gsachin1809/bitcoin_wallet
NEG_00786,0,0,0,1086,2,0.0004691957452889513,0,0.9535149135,LinearSVC+CalibratedClassifierCV,gskril/mnemonic-guesser
NEG_00787,0,0,0,1087,2,0.0010014282284056908,0,0.9535149135,LinearSVC+CalibratedClassifierCV,guider23/CryptoShare
NEG_00788,0,0,0,1088,2,2.3285987478428388e-05,0,0.9535149135,LinearSVC+CalibratedClassifierCV,guillaumelauzier/rootstock-NFT
NEG_00792,0,0,0,1092,2,1.2072858670101883e-06,0,0.9535149135,LinearSVC+CalibratedClassifierCV,gurnec/btcrecover
NEG_00802,0,0,0,1102,2,0.00016160974971307727,0,0.9535149135,LinearSVC+CalibratedClassifierCV,HAECHI-LABS/vvisp
NEG_00806,0,0,0,1106,2,0.0011123826766347522,0,0.9535149135,LinearSVC+CalibratedClassifierCV,HandyDudes/ETH-NFT-buildspace
NEG_00807,0,0,0,1107,2,0.008563561776441974,0,0.9535149135,LinearSVC+CalibratedClassifierCV,Hany-Almnaem/Solana-Documents-as-NFTs-in-a-wallet-Project
NEG_00808,0,0,0,1108,2,5.956460890182338e-05,0,0.9535149135,LinearSVC+CalibratedClassifierCV,hanzopgp/CryptoZombies
NEG_00817,0,0,0,1117,2,0.009665884444391185,0,0.9535149135,LinearSVC+CalibratedClassifierCV,harshit180704/aave-credit-scoring
NEG_00818,0,0,0,1118,2,0.0011432244420042333,0,0.9535149135,LinearSVC+CalibratedClassifierCV,Harukite/wallets-generate
NEG_00832,0,0,0,1132,2,0.33916745543943977,0,0.9535149135,LinearSVC+CalibratedClassifierCV,hi-riddhi/AaveV2-CreditScoring
NEG_00834,0,0,0,1134,2,0.0001273420178022409,0,0.9535149135,LinearSVC+CalibratedClassifierCV,hilalsidhic/waveportal-Web3-and-solidity
NEG_00836,0,0,0,1136,2,0.0009171812235076532,0,0.9535149135,LinearSVC+CalibratedClassifierCV,hilmikt/Web3
NEG_00838,0,0,0,1138,2,1.944440452971888e-05,0,0.9535149135,LinearSVC+CalibratedClassifierCV,hippogriff-dev/baby-swap
NEG_00845,0,0,0,1145,2,0.0024579205644615254,0,0.9535149135,LinearSVC+CalibratedClassifierCV,HongThaiPham/plugin-u2u
NEG_00855,0,0,0,1155,2,0.0019563364898759713,0,0.9535149135,LinearSVC+CalibratedClassifierCV,hsharshshukla/SmartContractL
NEG_00857,0,0,0,1157,2,0.3610632916266028,0,0.9535149135,LinearSVC+CalibratedClassifierCV,hugoclrd/clearness
NEG_00873,0,0,0,1173,2,0.001335362179092401,0,0.9535149135,LinearSVC+CalibratedClassifierCV,IBQ-SUP/b-rad-coin
NEG_00874,0,0,0,1174,2,0.0017347904429642355,0,0.9535149135,LinearSVC+CalibratedClassifierCV,ibrahimjspy/defi-portfolio-tracker
NEG_00881,0,0,0,1181,2,3.5231348474114346e-05,0,0.9535149135,LinearSVC+CalibratedClassifierCV,ihaveCred/OfflineSignProvider
NEG_00887,0,0,0,1187,2,0.0010611654341860382,0,0.9535149135,LinearSVC+CalibratedClassifierCV,imfrodobaggins/metabullrage
NEG_00888,0,0,0,1188,2,0.0001261749003852108,0,0.9535149135,LinearSVC+CalibratedClassifierCV,Imperial-Group-19/contracts
NEG_00892,0,0,0,1192,2,0.0007912097019403467,0,0.9535149135,LinearSVC+CalibratedClassifierCV,input-output-hk/daedalus
NEG_00904,0,0,0,1204,2,7.439025665467475e-05,0,0.9535149135,LinearSVC+CalibratedClassifierCV,itstargetconfirmed/wrapped-ether
NEG_00907,0,0,0,1207,2,0.0007330900656589076,0,0.9535149135,LinearSVC+CalibratedClassifierCV,Ivy-Apps/ivy-wallet
NEG_00921,0,0,0,1221,2,5.2934764845845416e-05,0,0.9535149135,LinearSVC+CalibratedClassifierCV,Jahankohan/NFT-Marketplace
NEG_00922,0,0,0,1222,2,0.00017681821263135417,0,0.9535149135,LinearSVC+CalibratedClassifierCV,Jahankohan/NFTWhiteListing
NEG_00923,0,0,0,1223,2,6.410144184189956e-05,0,0.9535149135,LinearSVC+CalibratedClassifierCV,Jain-Sameer/DecentralizedStableCoin
NEG_00925,0,0,0,1225,2,0.0003587936476224765,0,0.9535149135,LinearSVC+CalibratedClassifierCV,JamBrains/jam-docs
NEG_00931,0,0,0,1231,2,0.002097200680218378,0,0.9535149135,LinearSVC+CalibratedClassifierCV,Janus-chan/ZkSync_Accounts
NEG_00932,0,0,0,1232,2,0.002208449475345815,0,0.9535149135,LinearSVC+CalibratedClassifierCV,jaoleal/chainpass
NEG_00938,0,0,0,1238,2,0.01069125297750742,0,0.9535149135,LinearSVC+CalibratedClassifierCV,jasonjgarcia24/web3-ether-talent-pool
NEG_00941,0,0,0,1241,2,0.00025828797962418245,0,0.9535149135,LinearSVC+CalibratedClassifierCV,javascript-pro/crypto-casino
NEG_00943,0,0,0,1243,2,0.008885338872890626,0,0.9535149135,LinearSVC+CalibratedClassifierCV,jay-Anonymous/CryptoLedger
NEG_00948,0,0,0,1248,2,0.0008292560519716547,0,0.9535149135,LinearSVC+CalibratedClassifierCV,Jeff1010-web/NFT-marketplace
NEG_00964,0,0,0,1264,2,0.0008616449803463466,0,0.9535149135,LinearSVC+CalibratedClassifierCV,jocruz/LostCatsUi
NEG_00965,0,0,0,1265,2,0.018704796666490987,0,0.9535149135,LinearSVC+CalibratedClassifierCV,JoeanSteinbock/crypto-price-tracker
NEG_00968,0,0,0,1268,2,0.00037855662560811815,0,0.9535149135,LinearSVC+CalibratedClassifierCV,johnsonstephan/awesome-web3-formal-verification
NEG_00976,0,0,0,1276,2,0.00020692237759249908,0,0.9535149135,LinearSVC+CalibratedClassifierCV,joshaustintech/ethereum-portfolio
NEG_00978,0,0,0,1278,2,0.060671883608605925,0,0.9535149135,LinearSVC+CalibratedClassifierCV,JoshuaDevCo/defi-arb
NEG_00984,0,0,0,1284,2,0.00013795225208651887,0,0.9535149135,LinearSVC+CalibratedClassifierCV,jualexandre/crypto-zombies
NEG_00985,0,0,0,1285,2,0.000717060850819296,0,0.9535149135,LinearSVC+CalibratedClassifierCV,juanemmanuelpd/NFT-Marketplace
NEG_00986,0,0,0,1286,2,2.7003837648617666e-05,0,0.9535149135,LinearSVC+CalibratedClassifierCV,JuanXavier/DEX_React
NEG_00994,0,0,0,1294,2,3.76464852615232e-05,0,0.9535149135,LinearSVC+CalibratedClassifierCV,junowoz/smartContracts
NEG_00997,0,0,0,1297,2,3.688970733083437e-06,0,0.9535149135,LinearSVC+CalibratedClassifierCV,kaamil-ahamadh/web3-ico-app
NEG_01000,0,0,0,1300,2,0.0009693141530921241,0,0.9535149135,LinearSVC+CalibratedClassifierCV,KareimGazer/Blockchain-Sim
NEG_01004,0,0,0,1304,2,0.08536119523693127,0,0.9535149135,LinearSVC+CalibratedClassifierCV,Kartikey353/Bitcoin-WalletCmd
NEG_01006,0,0,0,1306,2,0.0001859363624827879,0,0.9535149135,LinearSVC+CalibratedClassifierCV,KashifCh-eth/Lottery-Smart-contract
NEG_01007,0,0,0,1307,2,0.007579097196674302,0,0.9535149135,LinearSVC+CalibratedClassifierCV,katya201165/NFT-platform-lending
NEG_01013,0,0,0,1313,2,3.1518974235422344e-06,0,0.9535149135,LinearSVC+CalibratedClassifierCV,Kazopl/nft-marketplace-signatures
NEG_01027,0,0,0,1327,2,0.015070347666348724,0,0.9535149135,LinearSVC+CalibratedClassifierCV,keshav200215/SmartBlock
NEG_01029,0,0,0,1329,2,5.7934133950826855e-05,0,0.9535149135,LinearSVC+CalibratedClassifierCV,KevinSmall/blockchain3d
NEG_01034,0,0,0,1334,2,0.002843046346828825,0,0.9535149135,LinearSVC+CalibratedClassifierCV,khaled-305/crypto-order-book
NEG_01041,0,0,0,1341,2,7.246723408317877e-06,0,0.9535149135,LinearSVC+CalibratedClassifierCV,kingstarfly/nft_pendle
NEG_01047,0,0,0,1347,2,7.091662839624535e-05,0,0.9535149135,LinearSVC+CalibratedClassifierCV,klever-io/kos-rs
NEG_01054,0,0,0,1354,2,0.06560717732449435,0,0.9535149135,LinearSVC+CalibratedClassifierCV,KOSASIH/GEE-Platform
NEG_01061,0,0,0,1361,2,0.0007796927220221141,0,0.9535149135,LinearSVC+CalibratedClassifierCV,krushangSk17/Interaction_with_SmartContract
NEG_01063,0,0,0,1363,2,0.0010789565722105574,0,0.9535149135,LinearSVC+CalibratedClassifierCV,kshaveen13/vaulte8
NEG_01068,0,0,0,1368,2,0.002392928371178535,0,0.9535149135,LinearSVC+CalibratedClassifierCV,kushal-g/Bitcoin-Wallet
NEG_01084,0,0,0,1384,2,2.6211649982834225e-05,0,0.9535149135,LinearSVC+CalibratedClassifierCV,layer3xyz/cubes
NEG_01090,0,0,0,1390,2,0.0004291932562172581,0,0.9535149135,LinearSVC+CalibratedClassifierCV,lee-seokmin/BlockChainVotingSystem
NEG_01100,0,0,0,1400,2,2.7001808235211133e-06,0,0.9535149135,LinearSVC+CalibratedClassifierCV,lifinance/contracts
NEG_01111,0,0,0,1411,2,0.0006130236670618426,0,0.9535149135,LinearSVC+CalibratedClassifierCV,Logarithm-Labs/basis-mcp-server
NEG_01112,0,0,0,1412,2,0.004513588108157174,0,0.9535149135,LinearSVC+CalibratedClassifierCV,LondheShubham153/falcon-nft
NEG_01113,0,0,0,1413,2,0.0004986402739745379,0,0.9535149135,LinearSVC+CalibratedClassifierCV,Lopes-Marcio/chia-blockchain
NEG_01117,0,0,0,1417,2,4.26113800154876e-05,0,0.9535149135,LinearSVC+CalibratedClassifierCV,lsw6684/Ethereum
NEG_01118,0,0,0,1418,2,0.15737801453477948,0,0.9535149135,LinearSVC+CalibratedClassifierCV,luca-nik/Blockchain_ResearchLead_Assignements
NEG_01120,0,0,0,1420,2,0.00045801313433310574,0,0.9535149135,LinearSVC+CalibratedClassifierCV,lucaliebenberg/_cryptoKids-solidity-contract
NEG_01121,0,0,0,1421,2,2.7166341856610528e-05,0,0.9535149135,LinearSVC+CalibratedClassifierCV,lucas54neves/crypto-address-generator
NEG_01131,0,0,0,1431,2,0.0003495883751390311,0,0.9535149135,LinearSVC+CalibratedClassifierCV,madilraza/BlockChain-Vtraders.pro-Project-
NEG_01134,0,0,0,1434,2,0.0018552142532882582,0,0.9535149135,LinearSVC+CalibratedClassifierCV,MahadISL/Web3-App----Smart-Contract
NEG_01146,0,0,0,1446,2,3.956551968332313e-05,0,0.9535149135,LinearSVC+CalibratedClassifierCV,manufy/crypto-experiments
NEG_01151,0,0,0,1451,2,2.250611777711593e-05,0,0.9535149135,LinearSVC+CalibratedClassifierCV,mariam9woecloud773/Kiichain
NEG_01175,0,0,0,1475,2,0.00014520170249795303,0,0.9535149135,LinearSVC+CalibratedClassifierCV,mchtter/zku-web3
NEG_01178,0,0,0,1478,2,9.796855665654099e-05,0,0.9535149135,LinearSVC+CalibratedClassifierCV,mehmethalis/blockchain-cryptocurrency-implementation
NEG_01181,0,0,0,1481,2,5.6594561248307765e-05,0,0.9535149135,LinearSVC+CalibratedClassifierCV,mellow-finance/mellow-vaults
NEG_01185,0,0,0,1485,2,5.8982996990132066e-05,0,0.9535149135,LinearSVC+CalibratedClassifierCV,merklejerk/flex-contract
NEG_01190,0,0,0,1490,2,3.874288655172117e-07,0,0.9535149135,LinearSVC+CalibratedClassifierCV,messari/subgraphs
NEG_01193,0,0,0,1493,2,4.226379663976283e-05,0,0.9535149135,LinearSVC+CalibratedClassifierCV,mexak/bitcoin
NEG_01196,0,0,0,1496,2,0.00057172385587179,0,0.9535149135,LinearSVC+CalibratedClassifierCV,mgysel/nft-ticketing
NEG_01200,0,0,0,1500,2,2.76158776812222e-05,0,0.9535149135,LinearSVC+CalibratedClassifierCV,michael-spengler/blockchain-technologie-und-anwendungsgebiete-vorlesungsreihe
NEG_01202,0,0,0,1502,2,0.0011711464467300406,0,0.9535149135,LinearSVC+CalibratedClassifierCV,michal3pol/tickeDapp
NEG_01206,0,0,0,1506,2,8.331743752954375e-05,0,0.9535149135,LinearSVC+CalibratedClassifierCV,mikeservices1/wallet_stealer-
NEG_01221,0,0,0,1521,2,1.588370497923593e-05,0,0.9535149135,LinearSVC+CalibratedClassifierCV,Mo-Ali98/mint-your-nft
NEG_01223,0,0,0,1523,2,0.0023026078942880827,0,0.9535149135,LinearSVC+CalibratedClassifierCV,mogipatangan/cryptozombies-sol-101
NEG_01232,0,0,0,1532,2,0.020611019531230592,0,0.9535149135,LinearSVC+CalibratedClassifierCV,Monyancha/Reown-Wallet-Connect
NEG_01233,0,0,0,1533,2,2.412407115704373e-05,0,0.9535149135,LinearSVC+CalibratedClassifierCV,Mooninghnk/ethreum-wallet
NEG_01234,0,0,0,1534,2,0.013317451370896285,0,0.9535149135,LinearSVC+CalibratedClassifierCV,moonsly/crypto-wallets
NEG_01235,0,0,0,1535,2,0.00018225268864804317,0,0.9535149135,LinearSVC+CalibratedClassifierCV,moonstream-to/api
NEG_01237,0,0,0,1537,2,0.011435064012005168,0,0.9535149135,LinearSVC+CalibratedClassifierCV,morpho-org/morpho-aavev3-optimizer
NEG_01239,0,0,0,1539,2,0.09256187720822089,0,0.9535149135,LinearSVC+CalibratedClassifierCV,motorHillary/polymarket-copy-trading-bot
NEG_01240,0,0,0,1540,2,0.0005082283110594537,0,0.9535149135,LinearSVC+CalibratedClassifierCV,Moyintech/First-nft-project
NEG_01242,0,0,0,1542,2,0.0002453968649901043,0,0.9535149135,LinearSVC+CalibratedClassifierCV,mradkov/decentralized-dns
NEG_01249,0,0,0,1549,2,0.0016805757735369985,0,0.9535149135,LinearSVC+CalibratedClassifierCV,mrsaad07/PropChain
NEG_01251,0,0,0,1551,2,0.0032361002420325125,0,0.9535149135,LinearSVC+CalibratedClassifierCV,mrtnetwork/ton_dart
NEG_01255,0,0,0,1555,2,0.00018212478358284488,0,0.9535149135,LinearSVC+CalibratedClassifierCV,mtorry225/NFT-Collection
NEG_01258,0,0,0,1558,2,1.4028211770116344e-05,0,0.9535149135,LinearSVC+CalibratedClassifierCV,mujtaba1747/wave-eth-solidity
NEG_01259,0,0,0,1559,2,0.00022549274829138674,0,0.9535149135,LinearSVC+CalibratedClassifierCV,MukeshMano19/BlockchainApp-CryptoCurrency-Exchange
NEG_01262,0,0,0,1562,2,0.00010417477056579254,0,0.9535149135,LinearSVC+CalibratedClassifierCV,Multy-io/Multy-Android
NEG_01263,0,0,0,1563,2,0.0002860699118786801,0,0.9535149135,LinearSVC+CalibratedClassifierCV,Multy-io/Multy-back
NEG_01265,0,0,0,1565,2,0.0020070125317361368,0,0.9535149135,LinearSVC+CalibratedClassifierCV,museum-of-war/nft
NEG_01269,0,0,0,1569,2,0.002341432382731207,0,0.9535149135,LinearSVC+CalibratedClassifierCV,mx-space/kami
NEG_01272,0,0,0,1572,2,3.531343655673733e-05,0,0.9535149135,LinearSVC+CalibratedClassifierCV,MyCryptoHQ/MyCrypto
NEG_01273,0,0,0,1573,2,1.1168343554275672e-06,0,0.9535149135,LinearSVC+CalibratedClassifierCV,MyEtherWallet/MyEtherWallet
NEG_01274,0,0,0,1574,2,0.0012608461755622812,0,0.9535149135,LinearSVC+CalibratedClassifierCV,mygo-ecosystem/OSSWallet-non-custodial-crypto-wallet
NEG_01280,0,0,0,1580,2,0.00020173122450960928,0,0.9535149135,LinearSVC+CalibratedClassifierCV,naman159/Blockchain_Cryptocurrency
NEG_01281,0,0,0,1581,2,8.349326749994512e-05,0,0.9535149135,LinearSVC+CalibratedClassifierCV,namesys-eth/istest-eth
NEG_01284,0,0,0,1584,2,0.01479492256932439,0,0.9535149135,LinearSVC+CalibratedClassifierCV,nassirou-N/defi_crypto
NEG_01285,0,0,0,1585,2,0.010909335134648592,0,0.9535149135,LinearSVC+CalibratedClassifierCV,nathaniel-cmd/defi-native-nft-exchange
NEG_01287,0,0,0,1587,2,0.0007188122865781826,0,0.9535149135,LinearSVC+CalibratedClassifierCV,nazar-pc/abundance
NEG_01318,0,0,0,1618,2,8.833164883707436e-06,0,0.9535149135,LinearSVC+CalibratedClassifierCV,nimiq/php-xpub
NEG_01331,0,0,0,1631,2,0.002246185173340982,0,0.9535149135,LinearSVC+CalibratedClassifierCV,nktkas/hyperliquid
NEG_01335,0,0,0,1635,2,0.0019553604350815447,0,0.9535149135,LinearSVC+CalibratedClassifierCV,noditlabs/nodit-mcp-server
NEG_01338,0,0,0,1638,2,5.916431734143891e-05,0,0.9535149135,LinearSVC+CalibratedClassifierCV,Normalizex/1inch-api-v4
NEG_01345,0,0,0,1645,2,0.0023893184725593173,0,0.9535149135,LinearSVC+CalibratedClassifierCV,nuts-foundation/crypto-ecies
NEG_01347,0,0,0,1647,2,1.7609912982772767e-05,0,0.9535149135,LinearSVC+CalibratedClassifierCV,NyanyanKat/Crypto_Lottery_Solidity
NEG_01350,0,0,0,1650,2,0.0014975286384080585,0,0.9535149135,LinearSVC+CalibratedClassifierCV,ocalvet/bitcoin-wallet
NEG_01357,0,0,0,1657,2,0.0015297659357232211,0,0.9535149135,LinearSVC+CalibratedClassifierCV,ohkuku/kurypto-wallet
NEG_01358,0,0,0,1658,2,0.00022703637428274996,0,0.9535149135,LinearSVC+CalibratedClassifierCV,oishii-pg-gohan/myCryptoZombie
NEG_01362,0,0,0,1662,2,0.00013913101182264943,0,0.9535149135,LinearSVC+CalibratedClassifierCV,okx/js-wallet-sdk
NEG_01366,0,0,0,1666,2,0.013587767475414375,0,0.9535149135,LinearSVC+CalibratedClassifierCV,olivermen/bitcoin-wallet-create-app
NEG_01375,0,0,0,1675,2,4.535872290898458e-05,0,0.9535149135,LinearSVC+CalibratedClassifierCV,OnGridSystems/erc20_airdrop_cli
NEG_01381,0,0,0,1681,2,0.0029198716513607523,0,0.9535149135,LinearSVC+CalibratedClassifierCV,openocean-finance/OpenOcean-API-Examples
NEG_01385,0,0,0,1685,2,0.03179412067019349,0,0.9535149135,LinearSVC+CalibratedClassifierCV,opiethehokie/pfp-template
NEG_01394,0,0,0,1694,2,1.7835027993322847e-05,0,0.9535149135,LinearSVC+CalibratedClassifierCV,orweinberger/blockchain-dashboard
NEG_01401,0,0,0,1701,2,8.659930464195588e-05,0,0.9535149135,LinearSVC+CalibratedClassifierCV,P4-Games/VeriTrust-SmartContracts
NEG_01425,0,0,0,1725,2,3.94750266211028e-05,0,0.9535149135,LinearSVC+CalibratedClassifierCV,pcaversaccio/createx
NEG_01427,0,0,0,1727,2,0.00013317607788271911,0,0.9535149135,LinearSVC+CalibratedClassifierCV,peace-source/bitcoin-bridge
NEG_01428,0,0,0,1728,2,0.0007987382446696533,0,0.9535149135,LinearSVC+CalibratedClassifierCV,PeggyJV/sommelier
NEG_01429,0,0,0,1729,2,0.0007818540596947534,0,0.9535149135,LinearSVC+CalibratedClassifierCV,pepekingbnb/pepe-contracts
NEG_01441,0,0,0,1741,2,0.000636613452582878,0,0.9535149135,LinearSVC+CalibratedClassifierCV,PL2134/Capstone-Project
NEG_01449,0,0,0,1749,2,1.3460875959809242e-05,0,0.9535149135,LinearSVC+CalibratedClassifierCV,polkadot-js/apps
NEG_01450,0,0,0,1750,2,0.014831800957243782,0,0.9535149135,LinearSVC+CalibratedClassifierCV,Polkaverse/Substrate-Chain-to-deploy-Smart-Contract
NEG_01452,0,0,0,1752,2,0.0002291321233195697,0,0.9535149135,LinearSVC+CalibratedClassifierCV,PolymathNetwork/polymath-core-deprecated
NEG_01453,0,0,0,1753,2,5.3430776660245666e-05,0,0.9535149135,LinearSVC+CalibratedClassifierCV,powerpool-finance/power-oracle-contracts
NEG_01455,0,0,0,1755,2,0.001089190379609645,0,0.9535149135,LinearSVC+CalibratedClassifierCV,PrakyathReddy/CryptoDevs-NFT-Collection
NEG_01459,0,0,0,1759,2,0.004249966290821596,0,0.9535149135,LinearSVC+CalibratedClassifierCV,prashantprabhakar/p-ethereum
NEG_01464,0,0,0,1764,2,0.12801920436745792,0,0.9535149135,LinearSVC+CalibratedClassifierCV,prental/Defiewallet.crypto
NEG_01465,0,0,0,1765,2,8.795203634308299e-05,0,0.9535149135,LinearSVC+CalibratedClassifierCV,prgblockweek/prague-blockchain-week
NEG_01468,0,0,0,1768,2,0.011720212741696483,0,0.9535149135,LinearSVC+CalibratedClassifierCV,PROFADAM/defi-token
NEG_01473,0,0,0,1773,2,0.0012837272731216186,0,0.9535149135,LinearSVC+CalibratedClassifierCV,PromiseGameFi/cyrrus-contract
NEG_01477,0,0,0,1777,2,1.3009216411961646e-05,0,0.9535149135,LinearSVC+CalibratedClassifierCV,pubkey/eth-crypto
NEG_01487,0,0,0,1787,2,0.0044168513176662955,0,0.9535149135,LinearSVC+CalibratedClassifierCV,quang1225/GoFox-Frontend
NEG_01491,0,0,0,1791,2,8.720014238537879e-05,0,0.9535149135,LinearSVC+CalibratedClassifierCV,Quiark/Roboth.web3
NEG_01494,0,0,0,1794,2,0.0003407275531598513,0,0.9535149135,LinearSVC+CalibratedClassifierCV,R3D4NG3L/DebankScripts
NEG_01506,0,0,0,1806,2,0.00017578424833874845,0,0.9535149135,LinearSVC+CalibratedClassifierCV,rainbow-me/rainbow
NEG_01509,0,0,0,1809,2,0.0007858323880566672,0,0.9535149135,LinearSVC+CalibratedClassifierCV,raj-pranav/learn-solidity
NEG_01517,0,0,0,1817,2,0.0007720777481996428,0,0.9535149135,LinearSVC+CalibratedClassifierCV,rarepepi/nft-data
NEG_01518,0,0,0,1818,2,0.0010814893675380453,0,0.9535149135,LinearSVC+CalibratedClassifierCV,Rashi1005/Reputation-Forge-Crypto-Credit-Score-DApp
NEG_01519,0,0,0,1819,2,0.000523111718155612,0,0.9535149135,LinearSVC+CalibratedClassifierCV,RavikantShinde05/Ethers_Academy
NEG_01525,0,0,0,1825,2,0.0006404729903344919,0,0.9535149135,LinearSVC+CalibratedClassifierCV,RCarmelaVO/qhatuy-wallet
NEG_01530,0,0,0,1830,2,0.00010124568962041818,0,0.9535149135,LinearSVC+CalibratedClassifierCV,redacademy/ethereum-graphql
NEG_01537,0,0,0,1837,2,0.00016055411440048055,0,0.9535149135,LinearSVC+CalibratedClassifierCV,renpool/renpool-contracts
NEG_01538,0,0,0,1838,2,2.3420646073622992e-05,0,0.9535149135,LinearSVC+CalibratedClassifierCV,reown-com/appkit
NEG_01542,0,0,0,1842,2,5.989440397975417e-05,0,0.9535149135,LinearSVC+CalibratedClassifierCV,RFMCR/Platzi_ETHDeveloperProgram2023
NEG_01545,0,0,0,1845,2,0.0012283377293167287,0,0.9535149135,LinearSVC+CalibratedClassifierCV,rickstewartdev/Dbank
NEG_01546,0,0,0,1846,2,0.0016800628554699264,0,0.9535149135,LinearSVC+CalibratedClassifierCV,riglr/riglr
NEG_01554,0,0,0,1854,2,0.0005492133590709325,0,0.9535149135,LinearSVC+CalibratedClassifierCV,rm4328-d/web3de4
NEG_01563,0,0,0,1863,2,0.00019664083140714621,0,0.9535149135,LinearSVC+CalibratedClassifierCV,rohanhraj/MultiSignature-Wallet-SmartContract
NEG_01573,0,0,0,1873,2,0.0005151895657973277,0,0.9535149135,LinearSVC+CalibratedClassifierCV,roysowah/solarwind
NEG_01575,0,0,0,1875,2,0.018736454613108005,0,0.9535149135,LinearSVC+CalibratedClassifierCV,rstkey/whitelist_token
NEG_01583,0,0,0,1883,2,8.426166118754201e-05,0,0.9535149135,LinearSVC+CalibratedClassifierCV,rxhul18/DeWall
NEG_01591,0,0,0,1891,2,0.00023905699662671634,0,0.9535149135,LinearSVC+CalibratedClassifierCV,saaim23/QuantPilot
NEG_01594,0,0,0,1894,2,0.0007877763680753132,0,0.9535149135,LinearSVC+CalibratedClassifierCV,safeblock-com/dex_contract
NEG_01600,0,0,0,1900,2,0.3319805548305225,0,0.9535149135,LinearSVC+CalibratedClassifierCV,sambacha/compendium
NEG_01601,0,0,0,1901,2,0.3323512145164165,0,0.9535149135,LinearSVC+CalibratedClassifierCV,sambacha/create-subgraph-app
NEG_01604,0,0,0,1904,2,0.004769194563506533,0,0.9535149135,LinearSVC+CalibratedClassifierCV,sanjibbaral435/Ethereum_Solidity_Udemy
NEG_01605,0,0,0,1905,2,0.0014085371683360398,0,0.9535149135,LinearSVC+CalibratedClassifierCV,SANTHOSH17-DOT/HODL
NEG_01610,0,0,0,1910,2,0.0001637075510351508,0,0.9535149135,LinearSVC+CalibratedClassifierCV,satisfywithmylife/phantom-py
NEG_01622,0,0,0,1922,2,0.0010653203027309191,0,0.9535149135,LinearSVC+CalibratedClassifierCV,scotch53/Smart-Contract-for-Token-Minting-in-Solidity
NEG_01623,0,0,0,1923,2,0.00011561138530310511,0,0.9535149135,LinearSVC+CalibratedClassifierCV,sdelvalle57/bonding-curves
NEG_01624,0,0,0,1924,2,0.039419715760225106,0,0.9535149135,LinearSVC+CalibratedClassifierCV,sdhosseinabadi/aleo-project
NEG_01626,0,0,0,1926,2,3.695432500306601e-05,0,0.9535149135,LinearSVC+CalibratedClassifierCV,sebetelist/bitcoin-wallet
NEG_01628,0,0,0,1928,2,1.0518107084249106e-05,0,0.9535149135,LinearSVC+CalibratedClassifierCV,Sebx/blockchain_wallet
NEG_01629,0,0,0,1929,2,0.00017813867313044827,0,0.9535149135,LinearSVC+CalibratedClassifierCV,second-state/smart-contract-search-engine
NEG_01644,0,0,0,1944,2,0.004452859222493385,0,0.9535149135,LinearSVC+CalibratedClassifierCV,shape-network/builder-kit
NEG_01646,0,0,0,1946,2,0.20267526977534134,0,0.9535149135,LinearSVC+CalibratedClassifierCV,shardeum/shardeum-docs
NEG_01649,0,0,0,1949,2,0.0002684856784725042,0,0.9535149135,LinearSVC+CalibratedClassifierCV,shifaj22/Nft_Marketplace_SmartContract
NEG_01650,0,0,0,1950,2,0.03804037637995042,0,0.9535149135,LinearSVC+CalibratedClassifierCV,shirley2749-dunn7/ethere1
NEG_01653,0,0,0,1953,2,0.0017240885253070042,0,0.9535149135,LinearSVC+CalibratedClassifierCV,ShivRaiGithub/DeFi-Assessment
NEG_01659,0,0,0,1959,2,0.010547377855024485,0,0.9535149135,LinearSVC+CalibratedClassifierCV,shumbushojeanbaptiste/Blockchain-task-2025
NEG_01664,0,0,0,1964,2,1.8094227064413614e-05,0,0.9535149135,LinearSVC+CalibratedClassifierCV,SilentCicero/wafr
NEG_01665,0,0,0,1965,2,0.010738200398885246,0,0.9535149135,LinearSVC+CalibratedClassifierCV,SimonPhoenix96/crypto-website
NEG_01676,0,0,0,1976,2,2.004505365045863e-06,0,0.9535149135,LinearSVC+CalibratedClassifierCV,slaviquee/monolith
NEG_01680,0,0,0,1980,2,0.0006288130492306896,0,0.9535149135,LinearSVC+CalibratedClassifierCV,smart-bsy/web3_crypto-smart-contract
NEG_01681,0,0,0,1981,2,0.0010104860697348033,0,0.9535149135,LinearSVC+CalibratedClassifierCV,smartbugs/smartbugs-curated
NEG_01683,0,0,0,1983,2,2.4833921118495973e-05,0,0.9535149135,LinearSVC+CalibratedClassifierCV,smartbugs/smartbugs
NEG_01692,0,0,0,1992,2,0.0014110313966111832,0,0.9535149135,LinearSVC+CalibratedClassifierCV,SofianeHamlaoui/Cryto-Minning-Simulator
NEG_01697,0,0,0,1997,2,8.815935898608459e-05,0,0.9535149135,LinearSVC+CalibratedClassifierCV,solidityj/solidity-antlr4
NEG_01706,0,0,0,2006,2,2.8000564669825234e-05,0,0.9535149135,LinearSVC+CalibratedClassifierCV,sparrowwallet/sparrow
NEG_01718,0,0,0,2018,2,0.0025098223079602776,0,0.9535149135,LinearSVC+CalibratedClassifierCV,stacks-archive/blockstack-browser
NEG_01723,0,0,0,2023,2,0.020692182887755563,0,0.9535149135,LinearSVC+CalibratedClassifierCV,stellarnodeN/Q3_25_NFT_Staking
NEG_01726,0,0,0,2026,2,0.00010957208522601093,0,0.9535149135,LinearSVC+CalibratedClassifierCV,Stephen-Kimoi/NFT-collection
NEG_01727,0,0,0,2027,2,0.010777923810913637,0,0.9535149135,LinearSVC+CalibratedClassifierCV,stevenbooke/decentralized-crowdfunding
NEG_01735,0,0,0,2035,2,0.0011096251245252427,0,0.9535149135,LinearSVC+CalibratedClassifierCV,Sudhanmanoharan/MarketPlace-BlockChain
NEG_01738,0,0,0,2038,2,0.0022206797265489804,0,0.9535149135,LinearSVC+CalibratedClassifierCV,summa-tx/coins
NEG_01747,0,0,0,2047,2,3.0459250140472413e-05,0,0.9535149135,LinearSVC+CalibratedClassifierCV,supercoolx/NFT-Contract-Utilities
NEG_01749,0,0,0,2049,2,3.7424551049107406e-05,0,0.9535149135,LinearSVC+CalibratedClassifierCV,superfluid-org/protocol-monorepo
NEG_01755,0,0,0,2055,2,0.00023369495880760718,0,0.9535149135,LinearSVC+CalibratedClassifierCV,swapkit/SwapKit
NEG_01773,0,0,0,2073,2,6.395522802464861e-05,0,0.9535149135,LinearSVC+CalibratedClassifierCV,talonlab/hdwallet-desktop
NEG_01776,0,0,0,2076,2,0.01805343516021096,0,0.9535149135,LinearSVC+CalibratedClassifierCV,tanish35/Blockchain-Tracker
NEG_01781,0,0,0,2081,2,0.00023142520241577907,0,0.9535149135,LinearSVC+CalibratedClassifierCV,taoteh1221/Open_Crypto_Tracker
NEG_01807,0,0,0,2107,2,0.00021919341447691884,0,0.9535149135,LinearSVC+CalibratedClassifierCV,theblockstalk/inter-crypto
NEG_01809,0,0,0,2109,2,0.000780682271889289,0,0.9535149135,LinearSVC+CalibratedClassifierCV,thedarkhorse934/ai-blockchain-explainer
NEG_01816,0,0,0,2116,2,0.001521588683412483,0,0.9535149135,LinearSVC+CalibratedClassifierCV,thomas21-jquerry/Casino
NEG_01825,0,0,0,2125,2,0.003531152581656602,0,0.9535149135,LinearSVC+CalibratedClassifierCV,tmdi123/amazing-cat-
NEG_01830,0,0,0,2130,2,0.02121545888683769,0,0.9535149135,LinearSVC+CalibratedClassifierCV,tonkeeper/ton-console
NEG_01837,0,0,0,2137,2,0.07531602582657852,0,0.9535149135,LinearSVC+CalibratedClassifierCV,TP-Lab/key-generator
NEG_01838,0,0,0,2138,2,0.0005720130601325926,0,0.9535149135,LinearSVC+CalibratedClassifierCV,TP-Lab/Mobile-SDK
NEG_01848,0,0,0,2148,2,0.00024518232348830123,0,0.9535149135,LinearSVC+CalibratedClassifierCV,Trum3it/bsc-web3-connector
NEG_01852,0,0,0,2152,2,0.0020028581168484148,0,0.9535149135,LinearSVC+CalibratedClassifierCV,Tsatsch/Web3DevLearn
NEG_01869,0,0,0,2169,2,0.006968551591331841,0,0.9535149135,LinearSVC+CalibratedClassifierCV,uhsr/CryptoLedgerParser
NEG_01876,0,0,0,2176,2,0.013492397460803556,0,0.9535149135,LinearSVC+CalibratedClassifierCV,uola9210-cmd/BTC-or-ETH
NEG_01883,0,0,0,2183,2,0.0016589527411843853,0,0.9535149135,LinearSVC+CalibratedClassifierCV,v3xlabs/open-lavatory
NEG_01893,0,0,0,2193,2,0.6390661028861696,0,0.9535149135,LinearSVC+CalibratedClassifierCV,Vedant7789/defi_wallet_score
NEG_01900,0,0,0,2200,2,9.686179566801637e-06,0,0.9535149135,LinearSVC+CalibratedClassifierCV,vgrichina/web4
NEG_01902,0,0,0,2202,2,0.0013994965648205322,0,0.9535149135,LinearSVC+CalibratedClassifierCV,viaprotocol/format-crypto
NEG_01906,0,0,0,2206,2,0.0001022196938796587,0,0.9535149135,LinearSVC+CalibratedClassifierCV,vigneshbalu96/Inherited-ERC-20-contract
NEG_01913,0,0,0,2213,2,0.00026847729715742734,0,0.9535149135,LinearSVC+CalibratedClassifierCV,vipul-69-ax/CryptoFlip
NEG_01915,0,0,0,2215,2,2.736320728380351e-05,0,0.9535149135,LinearSVC+CalibratedClassifierCV,vishnoitanuj/Blockchain-Cryptocurrency
NEG_01923,0,0,0,2223,2,0.0001718320312084059,0,0.9535149135,LinearSVC+CalibratedClassifierCV,vitwit/Multisig-Wallet-ERC20
NEG_01925,0,0,0,2225,2,0.0007653231047793041,0,0.9535149135,LinearSVC+CalibratedClassifierCV,Vivojay/De-Fi-Infidelity-Coders
NEG_01926,0,0,0,2226,2,0.0554654828411676,0,0.9535149135,LinearSVC+CalibratedClassifierCV,vjbhandari61/web3-authentication
NEG_01929,0,0,0,2229,2,6.9068642044002706e-06,0,0.9535149135,LinearSVC+CalibratedClassifierCV,vm542/bitcoin-wallet-bot
NEG_01931,0,0,0,2231,2,0.000793091707774723,0,0.9535149135,LinearSVC+CalibratedClassifierCV,vmieres/BlockChain-Python
NEG_01933,0,0,0,2233,2,0.007456945234174554,0,0.9535149135,LinearSVC+CalibratedClassifierCV,vrakesh2907/MicroLend
NEG_01940,0,0,0,2240,2,0.0005546367734051595,0,0.9535149135,LinearSVC+CalibratedClassifierCV,Wallet3/Wallet3
NEG_01942,0,0,0,2242,2,2.0218419314246436e-05,0,0.9535149135,LinearSVC+CalibratedClassifierCV,walleth/walleth
NEG_01956,0,0,0,2256,2,1.68837739029778e-05,0,0.9535149135,LinearSVC+CalibratedClassifierCV,WeaverFi/weaverfi
NEG_01968,0,0,0,2268,2,0.0033604610887348167,0,0.9535149135,LinearSVC+CalibratedClassifierCV,weichen466/CryptoCrowd
NEG_01972,0,0,0,2272,2,4.918019502041252e-05,0,0.9535149135,LinearSVC+CalibratedClassifierCV,wevm/awesome-wagmi
NEG_01978,0,0,0,2278,2,0.0007957471183026656,0,0.9535149135,LinearSVC+CalibratedClassifierCV,WizardOfAus/WizardsEthereumWorkshop
NEG_01998,0,0,0,2298,2,6.769101551109264e-05,0,0.9535149135,LinearSVC+CalibratedClassifierCV,XRPLF/xrpl.js
NEG_02019,0,0,0,2319,2,3.420210162260066e-05,0,0.9535149135,LinearSVC+CalibratedClassifierCV,yigittopm/lkd-web3-blockchain
NEG_02020,0,0,0,2320,2,0.0008866135306078554,0,0.9535149135,LinearSVC+CalibratedClassifierCV,YiJie-Zhu/Crypto-Identity
NEG_02021,0,0,0,2321,2,0.008184213025405182,0,0.9535149135,LinearSVC+CalibratedClassifierCV,yippee-ki-yay/CryptoJingles
NEG_02031,0,0,0,2331,2,0.06029846539979581,0,0.9535149135,LinearSVC+CalibratedClassifierCV,yurkenchik/Crypto-Ethereum-TTE-blockchain
NEG_02035,0,0,0,2335,2,0.007567665758937005,0,0.9535149135,LinearSVC+CalibratedClassifierCV,zakcroft/shared-wallet-blockchain-solidity
NEG_02036,0,0,0,2336,2,0.0005293067149360053,0,0.9535149135,LinearSVC+CalibratedClassifierCV,zama-ai/blockchain-wallet-exporter
NEG_02039,0,0,0,2339,2,4.9332822300837314e-05,0,0.9535149135,LinearSVC+CalibratedClassifierCV,zeriontech/defi-sdk
NEG_02040,0,0,0,2340,2,1.5632884993095717e-06,0,0.9535149135,LinearSVC+CalibratedClassifierCV,zeta-chain/node
NEG_02044,0,0,0,2344,2,0.00023761338793322687,0,0.9535149135,LinearSVC+CalibratedClassifierCV,zillet/zillet
NEG_02048,0,0,0,2348,2,5.912527365546105e-05,0,0.9535149135,LinearSVC+CalibratedClassifierCV,zman0225/bitcoinclass
F3_web3_platform_app,1,1,0,7,3,0.9797686643162457,1,0.0740218496,LinearSVC+CalibratedClassifierCV,arliawhite/rentverse
F3_web3_platform_app,1,1,0,10,3,0.1311676039315772,1,0.0740218496,LinearSVC+CalibratedClassifierCV,clixlogix/blockchain-dev
F3_web3_platform_app,1,1,0,21,3,0.028808470676095464,0,0.0740218496,LinearSVC+CalibratedClassifierCV,knightsdex/knightsbridge-dex
F3_web3_platform_app,1,1,0,26,3,0.10263112066919633,1,0.0740218496,LinearSVC+CalibratedClassifierCV,MentarisHub121/TokenPresaleApp
F3_web3_platform_app,1,1,0,28,3,0.1985014271946813,1,0.0740218496,LinearSVC+CalibratedClassifierCV,mirzamudassir/blocknovas-nyx-public
F3_web3_platform_app,1,1,0,35,3,0.024310089691206585,0,0.0740218496,LinearSVC+CalibratedClassifierCV,SuperDev313/Trading_Platform_Ultrax
F3_web3_platform_app,1,1,0,36,3,0.07909141842730016,1,0.0740218496,LinearSVC+CalibratedClassifierCV,ta3pks/Decentralized-Social
F3_web3_platform_app,1,1,0,41,3,0.48827749754766786,1,0.0740218496,LinearSVC+CalibratedClassifierCV,xorostar/blocknovas-llc-currency-converter-task
F3_web3_platform_app,1,0,1,136,3,0.9865153682771907,1,0.0740218496,LinearSVC+CalibratedClassifierCV,arliawhitec/rentverse
F3_web3_platform_app,1,0,1,137,3,0.12152103046656289,1,0.0740218496,LinearSVC+CalibratedClassifierCV,studio-hu/blockchain-dev
F3_web3_platform_app,1,0,1,138,3,0.03857201005216324,0,0.0740218496,LinearSVC+CalibratedClassifierCV,knightsdexj/knightsbridge-dex
F3_web3_platform_app,1,0,1,139,3,0.05987157316256264,0,0.0740218496,LinearSVC+CalibratedClassifierCV,protocol-app/TokenPresaleApp
F3_web3_platform_app,1,0,1,140,3,0.1958919782481,1,0.0740218496,LinearSVC+CalibratedClassifierCV,mirzamudassi/blocknovas-nyx-public
F3_web3_platform_app,1,0,1,141,3,0.024167036261187522,0,0.0740218496,LinearSVC+CalibratedClassifierCV,SuperDev31/Trading_Platform_Ultrax
F3_web3_platform_app,1,0,1,142,3,0.07094346491950086,0,0.0740218496,LinearSVC+CalibratedClassifierCV,ta3pks2/Decentralized-Social
F3_web3_platform_app,1,0,1,143,3,0.664180439940695,1,0.0740218496,LinearSVC+CalibratedClassifierCV,xorostar2/blocknovas-llc-currency-converter-task
F3_web3_platform_app,1,0,1,144,3,0.9799698317452673,1,0.0740218496,LinearSVC+CalibratedClassifierCV,arliawhite2/rentverse
F3_web3_platform_app,1,0,1,145,3,0.1253629166462728,1,0.0740218496,LinearSVC+CalibratedClassifierCV,app-proto/blockchain-dev
F3_web3_platform_app,1,0,1,146,3,0.038370323413046616,0,0.0740218496,LinearSVC+CalibratedClassifierCV,knightsdexk/knightsbridge-dex
F3_web3_platform_app,1,0,1,147,3,0.07280850452463337,0,0.0740218496,LinearSVC+CalibratedClassifierCV,chain-studio/TokenPresaleApp
F3_web3_platform_app,1,0,1,148,3,0.2618003569124491,1,0.0740218496,LinearSVC+CalibratedClassifierCV,mirzamudassira/blocknovas-nyx-public
F3_web3_platform_app,1,0,1,149,3,0.022569733294910712,0,0.0740218496,LinearSVC+CalibratedClassifierCV,SuperDev3132/Trading_Platform_Ultrax
F3_web3_platform_app,1,0,1,150,3,0.07428104703880839,1,0.0740218496,LinearSVC+CalibratedClassifierCV,ta3pk/Decentralized-Social
F3_web3_platform_app,1,0,1,151,3,0.41481073185871215,1,0.0740218496,LinearSVC+CalibratedClassifierCV,xorostar3/blocknovas-llc-currency-converter-task
F3_web3_platform_app,1,0,1,152,3,0.9828173448101053,1,0.0740218496,LinearSVC+CalibratedClassifierCV,arliawhitew/rentverse
F3_web3_platform_app,1,0,1,153,3,0.1072364470898307,1,0.0740218496,LinearSVC+CalibratedClassifierCV,chain-stu/blockchain-dev
F3_web3_platform_app,1,0,1,154,3,0.03699145982641948,0,0.0740218496,LinearSVC+CalibratedClassifierCV,knightsdex2/knightsbridge-dex
F3_web3_platform_app,1,0,1,155,3,0.07559948838050552,1,0.0740218496,LinearSVC+CalibratedClassifierCV,labs-protocol/TokenPresaleApp
F3_web3_platform_app,1,0,1,156,3,0.2503196690805976,1,0.0740218496,LinearSVC+CalibratedClassifierCV,mirzamudassir2/blocknovas-nyx-public
F3_web3_platform_app,1,0,1,157,3,0.025324541237926157,0,0.0740218496,LinearSVC+CalibratedClassifierCV,SuperDev313d/Trading_Platform_Ultrax
F3_web3_platform_app,1,0,1,158,3,0.06343372217507216,0,0.0740218496,LinearSVC+CalibratedClassifierCV,ta3pk2/Decentralized-Social
F3_web3_platform_app,1,0,1,159,3,0.8246451302507009,1,0.0740218496,LinearSVC+CalibratedClassifierCV,xorostar32/blocknovas-llc-currency-converter-task
F3_web3_platform_app,1,0,1,160,3,0.9765924803040175,1,0.0740218496,LinearSVC+CalibratedClassifierCV,arliawhite3/rentverse
F3_web3_platform_app,1,0,1,161,3,0.09778281235523946,1,0.0740218496,LinearSVC+CalibratedClassifierCV,labs-stud/blockchain-dev
F3_web3_platform_app,1,0,1,162,3,0.03828913018723135,0,0.0740218496,LinearSVC+CalibratedClassifierCV,knightsdexl/knightsbridge-dex
F3_web3_platform_app,1,0,1,163,3,0.07589103625648085,1,0.0740218496,LinearSVC+CalibratedClassifierCV,chain-studio2/TokenPresaleApp
F3_web3_platform_app,1,0,1,164,3,0.29062467829675315,1,0.0740218496,LinearSVC+CalibratedClassifierCV,mirzamudassirj/blocknovas-nyx-public
F3_web3_platform_app,1,0,1,165,3,0.036538172889031086,0,0.0740218496,LinearSVC+CalibratedClassifierCV,SuperDev3133/Trading_Platform_Ultrax
F3_web3_platform_app,1,0,1,166,3,0.06930591168859641,0,0.0740218496,LinearSVC+CalibratedClassifierCV,ta3pks3/Decentralized-Social
F3_web3_platform_app,1,0,1,167,3,0.38840821323663927,1,0.0740218496,LinearSVC+CalibratedClassifierCV,xorosta/blocknovas-llc-currency-converter-task
F3_web3_platform_app,1,0,1,168,3,0.9884706605892172,1,0.0740218496,LinearSVC+CalibratedClassifierCV,arliawhite4/rentverse
F3_web3_platform_app,1,0,1,169,3,0.10306452733541631,1,0.0740218496,LinearSVC+CalibratedClassifierCV,protocol-/blockchain-dev
F3_web3_platform_app,1,0,1,170,3,0.031745912967928634,0,0.0740218496,LinearSVC+CalibratedClassifierCV,knightsdexf/knightsbridge-dex
F3_web3_platform_app,1,0,1,171,3,0.05945775998487377,0,0.0740218496,LinearSVC+CalibratedClassifierCV,verse-studio/TokenPresaleApp
F3_web3_platform_app,1,0,1,172,3,0.19964805214212497,1,0.0740218496,LinearSVC+CalibratedClassifierCV,mirzamudassiri/blocknovas-nyx-public
F3_web3_platform_app,1,0,1,173,3,0.022881858237005753,0,0.0740218496,LinearSVC+CalibratedClassifierCV,SuperDev312/Trading_Platform_Ultrax
F3_web3_platform_app,1,0,1,174,3,0.08005446659217651,1,0.0740218496,LinearSVC+CalibratedClassifierCV,ta3pks4/Decentralized-Social
F3_web3_platform_app,1,0,1,175,3,0.39250994072171,1,0.0740218496,LinearSVC+CalibratedClassifierCV,xorosta2/blocknovas-llc-currency-converter-task
F3_web3_platform_app,1,0,1,176,3,0.9735212353445083,1,0.0740218496,LinearSVC+CalibratedClassifierCV,arliawhit/rentverse
F3_web3_platform_app,1,0,1,177,3,0.11007918870619489,1,0.0740218496,LinearSVC+CalibratedClassifierCV,protocol-2/blockchain-dev
F3_web3_platform_app,1,0,1,178,3,0.04054479489523088,0,0.0740218496,LinearSVC+CalibratedClassifierCV,knightsdex3/knightsbridge-dex
F3_web3_platform_app,1,0,1,179,3,0.06751499091615451,0,0.0740218496,LinearSVC+CalibratedClassifierCV,studio-labs/TokenPresaleApp
F3_web3_platform_app,1,0,1,180,3,0.28700822631447354,1,0.0740218496,LinearSVC+CalibratedClassifierCV,mirzamudassir3/blocknovas-nyx-public
F3_web3_platform_app,1,0,1,181,3,0.020548435901954026,0,0.0740218496,LinearSVC+CalibratedClassifierCV,SuperDev313k/Trading_Platform_Ultrax
F3_web3_platform_app,1,0,1,182,3,0.09066202629359059,1,0.0740218496,LinearSVC+CalibratedClassifierCV,ta3pksm/Decentralized-Social
F3_web3_platform_app,1,0,1,183,3,0.6143206511048618,1,0.0740218496,LinearSVC+CalibratedClassifierCV,xorosta3/blocknovas-llc-currency-converter-task
F3_web3_platform_app,1,0,1,184,3,0.9873927598800453,1,0.0740218496,LinearSVC+CalibratedClassifierCV,arliawhite5/rentverse
F3_web3_platform_app,1,0,1,185,3,0.11921838694850558,1,0.0740218496,LinearSVC+CalibratedClassifierCV,protocol-3/blockchain-dev
F3_web3_platform_app,1,0,1,186,3,0.03271934213998041,0,0.0740218496,LinearSVC+CalibratedClassifierCV,knightsdex4/knightsbridge-dex
F3_web3_platform_app,1,0,1,187,3,0.060282596636164615,0,0.0740218496,LinearSVC+CalibratedClassifierCV,app-studio/TokenPresaleApp
NEG_00000,0,0,0,300,3,0.0021683443307415,0,0.0740218496,LinearSVC+CalibratedClassifierCV,007SKRN/crypto-portfolio-tracker
NEG_00003,0,0,0,303,3,0.0027692915676400414,0,0.0740218496,LinearSVC+CalibratedClassifierCV,0wl3xSec/web3-cryptozombies
NEG_00005,0,0,0,305,3,0.06980082833951855,0,0.0740218496,LinearSVC+CalibratedClassifierCV,0x4543/zeta-crypto
NEG_00007,0,0,0,307,3,0.0010871500932473045,0,0.0740218496,LinearSVC+CalibratedClassifierCV,0xbitcoin/0xbitcoin-token
NEG_00010,0,0,0,310,3,0.0016232144218044965,0,0.0740218496,LinearSVC+CalibratedClassifierCV,0xdevrel/Conditional-NFTs
NEG_00012,0,0,0,312,3,0.0006972748723624434,0,0.0740218496,LinearSVC+CalibratedClassifierCV,0xfps/python-solidity-blockchain-smart-contract-course
NEG_00024,0,0,0,324,3,0.0005984073319212489,0,0.0740218496,LinearSVC+CalibratedClassifierCV,0xmdrakib/JesseHillClimb
NEG_00027,0,0,0,327,3,0.00019886628792603806,0,0.0740218496,LinearSVC+CalibratedClassifierCV,0xpranay/WildCoins-NFT
NEG_00033,0,0,0,333,3,0.014373379994254377,0,0.0740218496,LinearSVC+CalibratedClassifierCV,1-5Pool/RansomwareEschrowService
NEG_00041,0,0,0,341,3,0.0019769212797077045,0,0.0740218496,LinearSVC+CalibratedClassifierCV,23Konradbase/altseason-ethereum
NEG_00042,0,0,0,342,3,0.0002649570456720261,0,0.0740218496,LinearSVC+CalibratedClassifierCV,2qx/awesome-bitcoin-cash
NEG_00047,0,0,0,347,3,0.01148600011184068,0,0.0740218496,LinearSVC+CalibratedClassifierCV,914alexwillett/StochRSI-Crypto-Trading-Algorithm
NEG_00052,0,0,0,352,3,0.00040679732301731556,0,0.0740218496,LinearSVC+CalibratedClassifierCV,aankor/wnft
NEG_00055,0,0,0,355,3,0.07889622356789659,1,0.0740218496,LinearSVC+CalibratedClassifierCV,aaronajis92/smart-contract-cryptorian
NEG_00060,0,0,0,360,3,0.0009720000839594957,0,0.0740218496,LinearSVC+CalibratedClassifierCV,abdullahpichoo/SimpleStorage-using-Brownie
NEG_00066,0,0,0,366,3,0.0001597317860611526,0,0.0740218496,LinearSVC+CalibratedClassifierCV,ac12644/ICO-Smart-Contract
NEG_00068,0,0,0,368,3,0.002531157124457112,0,0.0740218496,LinearSVC+CalibratedClassifierCV,AchyuthMohan/Blockchain-Cryptogram
NEG_00074,0,0,0,374,3,0.003026912274143446,0,0.0740218496,LinearSVC+CalibratedClassifierCV,Adamant-im/adamant-im
NEG_00077,0,0,0,377,3,6.735989602742046e-05,0,0.0740218496,LinearSVC+CalibratedClassifierCV,adeshshukla/MyCryptoFolio
NEG_00080,0,0,0,380,3,7.094766860170972e-06,0,0.0740218496,LinearSVC+CalibratedClassifierCV,Aditya-alchemist/GFGKIIT-CRYPTOMA-HyperThon
NEG_00082,0,0,0,382,3,0.005744367945611129,0,0.0740218496,LinearSVC+CalibratedClassifierCV,AdrianaMiha/Krypto
NEG_00085,0,0,0,385,3,0.2939446650667254,1,0.0740218496,LinearSVC+CalibratedClassifierCV,adrianhajdin/project_web3_battle_game
NEG_00088,0,0,0,388,3,0.015318183395819791,0,0.0740218496,LinearSVC+CalibratedClassifierCV,Adrijan-Petek/gas-fee-optimizer
NEG_00092,0,0,0,392,3,0.0026686600907221483,0,0.0740218496,LinearSVC+CalibratedClassifierCV,adw0rd/solidity-create2-web3-example
NEG_00094,0,0,0,394,3,0.0003394226812027466,0,0.0740218496,LinearSVC+CalibratedClassifierCV,aelew/cryptotracker
NEG_00096,0,0,0,396,3,0.002690677523880767,0,0.0740218496,LinearSVC+CalibratedClassifierCV,aeternity/aeternity
NEG_00097,0,0,0,397,3,0.0022054908880866377,0,0.0740218496,LinearSVC+CalibratedClassifierCV,afacchi0/rpc-inspector
NEG_00102,0,0,0,402,3,0.001582258119048065,0,0.0740218496,LinearSVC+CalibratedClassifierCV,aha-moment-group/braavos
NEG_00104,0,0,0,404,3,0.00037882601976162254,0,0.0740218496,LinearSVC+CalibratedClassifierCV,ahester57/private-chain
NEG_00105,0,0,0,405,3,0.0034431681555551325,0,0.0740218496,LinearSVC+CalibratedClassifierCV,ahmadbrainworks/fiddi
NEG_00106,0,0,0,406,3,0.005774343242952546,0,0.0740218496,LinearSVC+CalibratedClassifierCV,ahmedali8/hardhat-js-starterkit
NEG_00110,0,0,0,410,3,0.00028286945824330245,0,0.0740218496,LinearSVC+CalibratedClassifierCV,ahmetzturk/epic-nfts
NEG_00117,0,0,0,417,3,0.0018760654466257066,0,0.0740218496,LinearSVC+CalibratedClassifierCV,aitos-io/BoAT-X-Framework
NEG_00125,0,0,0,425,3,0.0009056740000699335,0,0.0740218496,LinearSVC+CalibratedClassifierCV,akiselyoff/defi
NEG_00126,0,0,0,426,3,0.0016736913591406507,0,0.0740218496,LinearSVC+CalibratedClassifierCV,Akshat-cs/hardhat-defi-aave-v2
NEG_00129,0,0,0,429,3,0.0007835054389042606,0,0.0740218496,LinearSVC+CalibratedClassifierCV,alanpelayoo/FatedEth
NEG_00131,0,0,0,431,3,0.0011090900551572927,0,0.0740218496,LinearSVC+CalibratedClassifierCV,AlejandroGV96/web3-test
NEG_00132,0,0,0,432,3,0.0020313462537217175,0,0.0740218496,LinearSVC+CalibratedClassifierCV,alejoacosta74/ethereum-erc20token-vault
NEG_00136,0,0,0,436,3,0.0010998431301734778,0,0.0740218496,LinearSVC+CalibratedClassifierCV,alesanro/ethereum-smart-contracts
NEG_00137,0,0,0,437,3,6.880925284690629e-05,0,0.0740218496,LinearSVC+CalibratedClassifierCV,alexandrupele/web3
NEG_00138,0,0,0,438,3,0.0008791609038280281,0,0.0740218496,LinearSVC+CalibratedClassifierCV,alexbensimon/pakt
NEG_00139,0,0,0,439,3,0.0014733006999317032,0,0.0740218496,LinearSVC+CalibratedClassifierCV,alexbiet/smartwallet
NEG_00140,0,0,0,440,3,0.0008275899152107805,0,0.0740218496,LinearSVC+CalibratedClassifierCV,AlexCheema/Tanuki
NEG_00142,0,0,0,442,3,0.002091588744839789,0,0.0740218496,LinearSVC+CalibratedClassifierCV,alexia795/Gnosis-wallet-pro
NEG_00144,0,0,0,444,3,0.00957204150404694,0,0.0740218496,LinearSVC+CalibratedClassifierCV,alexx855/axie-tools
NEG_00156,0,0,0,456,3,0.012974696033798356,0,0.0740218496,LinearSVC+CalibratedClassifierCV,almonit/almonit-plugin
NEG_00158,0,0,0,458,3,8.940742145047545e-05,0,0.0740218496,LinearSVC+CalibratedClassifierCV,alpaca-finance/bsc-alpaca-contract
NEG_00164,0,0,0,464,3,0.00017349095107452937,0,0.0740218496,LinearSVC+CalibratedClassifierCV,amazingandyyy/leptin
NEG_00165,0,0,0,465,3,1.435737574418384e-05,0,0.0740218496,LinearSVC+CalibratedClassifierCV,amazingandyyy/solidity-contracts
NEG_00167,0,0,0,467,3,0.0035454994001438123,0,0.0740218496,LinearSVC+CalibratedClassifierCV,amnegan/BlockChain-CryptoCurrencies
NEG_00171,0,0,0,471,3,0.01249347488347573,0,0.0740218496,LinearSVC+CalibratedClassifierCV,An4Dev/Solana-Bitcoin-NFT-Dex-Defi-P2EGame-SmartContract-Web3-Projects
NEG_00178,0,0,0,478,3,0.009351879604554294,0,0.0740218496,LinearSVC+CalibratedClassifierCV,andrewinsoul/CadenaCourse-CryptoBank-UI
NEG_00183,0,0,0,483,3,0.0013357490390786114,0,0.0740218496,LinearSVC+CalibratedClassifierCV,AnnaNX1/create-NFT
NEG_00193,0,0,0,493,3,0.005013307901072679,0,0.0740218496,LinearSVC+CalibratedClassifierCV,anwar-776/gocryp8
NEG_00195,0,0,0,495,3,0.0016590053307089722,0,0.0740218496,LinearSVC+CalibratedClassifierCV,aonemd/stakehouse
NEG_00204,0,0,0,504,3,0.0012357300596683284,0,0.0740218496,LinearSVC+CalibratedClassifierCV,apoorvm230/web3-vuln-scanner
NEG_00209,0,0,0,509,3,0.0033084846135145226,0,0.0740218496,LinearSVC+CalibratedClassifierCV,Aranyani01/Alpha-defi-adapter
NEG_00213,0,0,0,513,3,0.0003984147550410811,0,0.0740218496,LinearSVC+CalibratedClassifierCV,armors/armors-solidity
NEG_00215,0,0,0,515,3,0.0001779011901838287,0,0.0740218496,LinearSVC+CalibratedClassifierCV,ArnaudBand/nftMarketplace
NEG_00224,0,0,0,524,3,0.0006401630645672899,0,0.0740218496,LinearSVC+CalibratedClassifierCV,ArthurAhiyarov/Hardhat-Betting-Smart-Contract-Bsc
NEG_00227,0,0,0,527,3,0.0020990644533161154,0,0.0740218496,LinearSVC+CalibratedClassifierCV,Aryan0770/Blockchain-Major-CryptoBox
NEG_00228,0,0,0,528,3,0.00017455076441133925,0,0.0740218496,LinearSVC+CalibratedClassifierCV,AS-1312/Crypto-Steps
NEG_00232,0,0,0,532,3,0.00023628934953860668,0,0.0740218496,LinearSVC+CalibratedClassifierCV,Ashland-jp/Web3-Projects
NEG_00235,0,0,0,535,3,0.00830460274516467,0,0.0740218496,LinearSVC+CalibratedClassifierCV,asilveira1969/bitcoincashblockchain
NEG_00238,0,0,0,538,3,0.0006806480481785228,0,0.0740218496,LinearSVC+CalibratedClassifierCV,atitkh/WebXR---NFT-Viewer
NEG_00242,0,0,0,542,3,0.2535178198745928,1,0.0740218496,LinearSVC+CalibratedClassifierCV,aurowallet/auro-wallet-browser-extension
NEG_00248,0,0,0,548,3,0.001653408334448988,0,0.0740218496,LinearSVC+CalibratedClassifierCV,axldarealest/crypto-tracker
NEG_00249,0,0,0,549,3,0.019781102545836912,0,0.0740218496,LinearSVC+CalibratedClassifierCV,axone-protocol/contracts
NEG_00258,0,0,0,558,3,0.9609393197557491,1,0.0740218496,LinearSVC+CalibratedClassifierCV,baby636/causes.cash
NEG_00260,0,0,0,560,3,6.339400663799842e-05,0,0.0740218496,LinearSVC+CalibratedClassifierCV,balajipachai/smart-contract-for-fun
NEG_00267,0,0,0,567,3,0.00011956770180115074,0,0.0740218496,LinearSVC+CalibratedClassifierCV,banjtheman/polygon_nft_workshop
NEG_00280,0,0,0,580,3,0.03205391568896382,0,0.0740218496,LinearSVC+CalibratedClassifierCV,belimad/NftHorizon
NEG_00282,0,0,0,582,3,8.045568461212468e-06,0,0.0740218496,LinearSVC+CalibratedClassifierCV,benjaminbang987/crypto
NEG_00290,0,0,0,590,3,0.0005179671240702863,0,0.0740218496,LinearSVC+CalibratedClassifierCV,bhemen/usdc
NEG_00291,0,0,0,591,3,8.105280009506157e-05,0,0.0740218496,LinearSVC+CalibratedClassifierCV,BibliothecaDAO/realms-contracts
NEG_00294,0,0,0,594,3,0.0003576669753998332,0,0.0740218496,LinearSVC+CalibratedClassifierCV,bigbomio/digital-contracts
NEG_00296,0,0,0,596,3,0.001104023722119282,0,0.0740218496,LinearSVC+CalibratedClassifierCV,bilinearlabs/beacon-contract-indexer
NEG_00302,0,0,0,602,3,0.001322856674258065,0,0.0740218496,LinearSVC+CalibratedClassifierCV,Bitcoin-II/BitcoinII-Core
NEG_00314,0,0,0,614,3,0.01568152213223763,0,0.0740218496,LinearSVC+CalibratedClassifierCV,Block-Beats-Estonia/BITCOIN-NFT
NEG_00318,0,0,0,618,3,0.00018846794733397816,0,0.0740218496,LinearSVC+CalibratedClassifierCV,blockchain-etl/blockchain-etl-streaming
NEG_00319,0,0,0,619,3,0.0007988587098605098,0,0.0740218496,LinearSVC+CalibratedClassifierCV,blockchain-etl/public-datasets
NEG_00323,0,0,0,623,3,0.0011434330185548683,0,0.0740218496,LinearSVC+CalibratedClassifierCV,blockchain/My-Wallet-V3
NEG_00325,0,0,0,625,3,3.258462911563929e-05,0,0.0740218496,LinearSVC+CalibratedClassifierCV,blockstarter/ico-contracts
NEG_00328,0,0,0,628,3,0.0073784767600209656,0,0.0740218496,LinearSVC+CalibratedClassifierCV,BlueWallet/BlueWallet
NEG_00333,0,0,0,633,3,0.00022553787870911127,0,0.0740218496,LinearSVC+CalibratedClassifierCV,bonedaddy/cryptovendingmachine
NEG_00336,0,0,0,636,3,0.01195680129740972,0,0.0740218496,LinearSVC+CalibratedClassifierCV,BradMoonUESTC/FireWallProject
NEG_00348,0,0,0,648,3,0.00023177282547891929,0,0.0740218496,LinearSVC+CalibratedClassifierCV,BTCwalletGen/BTCwalletGen
NEG_00349,0,0,0,649,3,0.006169455108590373,0,0.0740218496,LinearSVC+CalibratedClassifierCV,btq-ag/QRiNG
NEG_00355,0,0,0,655,3,0.007320095658844031,0,0.0740218496,LinearSVC+CalibratedClassifierCV,bwire-official/Gastronaut-bot
NEG_00359,0,0,0,659,3,0.004978009815736834,0,0.0740218496,LinearSVC+CalibratedClassifierCV,C0A21130/web3-demo-app
NEG_00362,0,0,0,662,3,0.00014183133753627037,0,0.0740218496,LinearSVC+CalibratedClassifierCV,cake-tech/cake_wallet
NEG_00364,0,0,0,664,3,0.0010816101932139145,0,0.0740218496,LinearSVC+CalibratedClassifierCV,camerodev/Finaomics-Solidity-Web3-React
NEG_00375,0,0,0,675,3,0.0010032866426101343,0,0.0740218496,LinearSVC+CalibratedClassifierCV,celer-network/layer2-finance-contracts
NEG_00377,0,0,0,677,3,0.0010670589902619636,0,0.0740218496,LinearSVC+CalibratedClassifierCV,ChainAgnostic/CAIPs
NEG_00388,0,0,0,688,3,3.355705354506486e-05,0,0.0740218496,LinearSVC+CalibratedClassifierCV,chatch/hashed-timelock-contract-ethereum
NEG_00390,0,0,0,690,3,0.0008753715935915043,0,0.0740218496,LinearSVC+CalibratedClassifierCV,chawresh/Multi-Currency-Rich-Address-Finder-v1.0
NEG_00404,0,0,0,704,3,0.0005999070793279063,0,0.0740218496,LinearSVC+CalibratedClassifierCV,CIpherEE/TECHCRUSHERC-20
NEG_00409,0,0,0,709,3,0.00047210880153510175,0,0.0740218496,LinearSVC+CalibratedClassifierCV,cliffhall/in-app-pro-shop
NEG_00410,0,0,0,710,3,0.02753448054448966,0,0.0740218496,LinearSVC+CalibratedClassifierCV,cloudframeworks-blockchain/user-guide-fabric-smart-contract
NEG_00419,0,0,0,719,3,0.0003852943698357627,0,0.0740218496,LinearSVC+CalibratedClassifierCV,codeesura/Arbitrage-uniswap-sushiswap
NEG_00421,0,0,0,721,3,0.002139669458100123,0,0.0740218496,LinearSVC+CalibratedClassifierCV,CodeMachine0121/EthereumWallet_local_API
NEG_00424,0,0,0,724,3,0.0002632791623175298,0,0.0740218496,LinearSVC+CalibratedClassifierCV,codewithmide/FlowPrice-Oracle
NEG_00434,0,0,0,734,3,0.004681992606183264,0,0.0740218496,LinearSVC+CalibratedClassifierCV,ColonySatoshi/BTCME.WEB3
NEG_00440,0,0,0,740,3,0.002812727701355861,0,0.0740218496,LinearSVC+CalibratedClassifierCV,ConsenSysDiligence/0x-review
NEG_00446,0,0,0,746,3,0.006522133837615104,0,0.0740218496,LinearSVC+CalibratedClassifierCV,coral-xyz/backpack
NEG_00447,0,0,0,747,3,0.0018870874404166677,0,0.0740218496,LinearSVC+CalibratedClassifierCV,cordovaem/solana-nft
NEG_00448,0,0,0,748,3,0.00037459810017356613,0,0.0740218496,LinearSVC+CalibratedClassifierCV,cosmostation/cosmostation-android
NEG_00458,0,0,0,758,3,0.00935840901616832,0,0.0740218496,LinearSVC+CalibratedClassifierCV,crestalnetwork/intentkit
NEG_00461,0,0,0,761,3,0.0003931051947208817,0,0.0740218496,LinearSVC+CalibratedClassifierCV,crossclaim/btcrelay-sol
NEG_00467,0,0,0,767,3,2.912645679911194e-05,0,0.0740218496,LinearSVC+CalibratedClassifierCV,Crypto0390/nft-airdrops
NEG_00477,0,0,0,777,3,0.008860062456474924,0,0.0740218496,LinearSVC+CalibratedClassifierCV,cryptoleadxyz/demo-infura-web3py
NEG_00503,0,0,0,803,3,0.0010396762696776491,0,0.0740218496,LinearSVC+CalibratedClassifierCV,DanielCM2001/SendCrypto-Blockchain-App-web3
NEG_00516,0,0,0,816,3,0.0001398802460549617,0,0.0740218496,LinearSVC+CalibratedClassifierCV,dappros/nfmt
NEG_00523,0,0,0,823,3,1.292161083387341e-06,0,0.0740218496,LinearSVC+CalibratedClassifierCV,darrylyeo/blockhead
NEG_00525,0,0,0,825,3,2.9371666516819883e-05,0,0.0740218496,LinearSVC+CalibratedClassifierCV,Daudxu/eth-wallet-modal
NEG_00531,0,0,0,831,3,0.009441313334315938,0,0.0740218496,LinearSVC+CalibratedClassifierCV,DE-labtory/zulu
NEG_00533,0,0,0,833,3,0.008711956937553108,0,0.0740218496,LinearSVC+CalibratedClassifierCV,DealAiFind/DealAiFind-Ai-DEX-FrontRun-JS-V4
NEG_00536,0,0,0,836,3,0.0005923150224076298,0,0.0740218496,LinearSVC+CalibratedClassifierCV,Decurity/semgrep-smart-contracts
NEG_00541,0,0,0,841,3,0.0002249225586388791,0,0.0740218496,LinearSVC+CalibratedClassifierCV,Defi-Pool-Share/DefiPoolShare.LendingContract
NEG_00542,0,0,0,842,3,4.634820664337067e-05,0,0.0740218496,LinearSVC+CalibratedClassifierCV,DeFiCh/defiscan.live
NEG_00545,0,0,0,845,3,0.0004574136709217432,0,0.0740218496,LinearSVC+CalibratedClassifierCV,DeFiNecromancer/Basic-Name-Storage
NEG_00547,0,0,0,847,3,0.0005694675003903911,0,0.0740218496,LinearSVC+CalibratedClassifierCV,DEFIProtocol/Web3
NEG_00549,0,0,0,849,3,0.00041654096780157214,0,0.0740218496,LinearSVC+CalibratedClassifierCV,delvtech/agent0
NEG_00553,0,0,0,853,3,0.00103774111658675,0,0.0740218496,LinearSVC+CalibratedClassifierCV,DenisZS/cckat
NEG_00558,0,0,0,858,3,6.590123371243522e-06,0,0.0740218496,LinearSVC+CalibratedClassifierCV,DePayFi/web3-wallets
NEG_00571,0,0,0,871,3,0.0010604344432406153,0,0.0740218496,LinearSVC+CalibratedClassifierCV,devridge0/aave-core
NEG_00573,0,0,0,873,3,0.0008188553254161401,0,0.0740218496,LinearSVC+CalibratedClassifierCV,dex-guru/assets
NEG_00578,0,0,0,878,3,0.0013720505318914617,0,0.0740218496,LinearSVC+CalibratedClassifierCV,dherranzf/CryptoBank
NEG_00594,0,0,0,894,3,0.0008222779458579438,0,0.0740218496,LinearSVC+CalibratedClassifierCV,dkrsgood/ETH_Wallet
NEG_00597,0,0,0,897,3,0.29989495144719913,1,0.0740218496,LinearSVC+CalibratedClassifierCV,dogecoin/dogecoin
NEG_00603,0,0,0,903,3,1.1477223242255421e-05,0,0.0740218496,LinearSVC+CalibratedClassifierCV,dorianbayart/DexPairs
NEG_00605,0,0,0,905,3,0.0021880839242788127,0,0.0740218496,LinearSVC+CalibratedClassifierCV,Dpost-George/foundry-web3-wallet-security-Advanced
NEG_00615,0,0,0,915,3,0.021939332147989005,0,0.0740218496,LinearSVC+CalibratedClassifierCV,duytacong24895/smart-contract-lesson-1
NEG_00621,0,0,0,921,3,0.008159277690102463,0,0.0740218496,LinearSVC+CalibratedClassifierCV,EdgeApp/edge-react-gui
NEG_00622,0,0,0,922,3,8.139856938276886e-05,0,0.0740218496,LinearSVC+CalibratedClassifierCV,edubrunaldi/generic-wallet
NEG_00624,0,0,0,924,3,0.01638680900726049,0,0.0740218496,LinearSVC+CalibratedClassifierCV,edwintyx/Blockchain-Cryptocurrency-Project
NEG_00626,0,0,0,926,3,0.0043831987477043624,0,0.0740218496,LinearSVC+CalibratedClassifierCV,eka0789/nft-marketplace
NEG_00634,0,0,0,934,3,0.0009652161626018694,0,0.0740218496,LinearSVC+CalibratedClassifierCV,Elytro-eth/ETHShanghai2022
NEG_00636,0,0,0,936,3,0.0002045304625466832,0,0.0740218496,LinearSVC+CalibratedClassifierCV,emerald-dao/float
NEG_00638,0,0,0,938,3,0.000688567334590026,0,0.0740218496,LinearSVC+CalibratedClassifierCV,emiliosheinz/vue-js-crypto-wallet
NEG_00644,0,0,0,944,3,0.0015932051840014318,0,0.0740218496,LinearSVC+CalibratedClassifierCV,Emmanuel-Samuel/Alchemy-projects
NEG_00649,0,0,0,949,3,0.001377824686280717,0,0.0740218496,LinearSVC+CalibratedClassifierCV,enricobottazzi/Zeko
NEG_00661,0,0,0,961,3,0.0007463619132579141,0,0.0740218496,LinearSVC+CalibratedClassifierCV,Erfaniaa/crypto-portfolio-optimizer
NEG_00664,0,0,0,964,3,0.0036335219517605543,0,0.0740218496,LinearSVC+CalibratedClassifierCV,esolidar/web3
NEG_00665,0,0,0,965,3,0.0012534654890195651,0,0.0740218496,LinearSVC+CalibratedClassifierCV,estevaopbs/bitcoin-rs
NEG_00666,0,0,0,966,3,3.3354458454260245e-05,0,0.0740218496,LinearSVC+CalibratedClassifierCV,ethaccount/vue-dapp
NEG_00668,0,0,0,968,3,0.05918413973647272,0,0.0740218496,LinearSVC+CalibratedClassifierCV,ethereum-boilerplate/ethereum-prediction-market-boilerplate
NEG_00672,0,0,0,972,3,0.00029539818713750985,0,0.0740218496,LinearSVC+CalibratedClassifierCV,ethers-io/ethers.js
NEG_00673,0,0,0,973,3,0.00014416324636402127,0,0.0740218496,LinearSVC+CalibratedClassifierCV,ethersphere/swap-swear-and-swindle
NEG_00676,0,0,0,976,3,0.0022304855220238763,0,0.0740218496,LinearSVC+CalibratedClassifierCV,euphonious-raisinnutcookie575/ethwizc
NEG_00682,0,0,0,982,3,0.0067179333890332515,0,0.0740218496,LinearSVC+CalibratedClassifierCV,evm-tooling/viem-go
NEG_00688,0,0,0,988,3,0.01104740811171435,0,0.0740218496,LinearSVC+CalibratedClassifierCV,ExodusMovement/bitcoind-zmq
NEG_00691,0,0,0,991,3,0.0009588353708966947,0,0.0740218496,LinearSVC+CalibratedClassifierCV,explorills/expl-nodes-dashboard
NEG_00695,0,0,0,995,3,0.008241764995740555,0,0.0740218496,LinearSVC+CalibratedClassifierCV,Fabomarche/ethereum-viewer
NEG_00711,0,0,0,1011,3,0.09451513272645418,1,0.0740218496,LinearSVC+CalibratedClassifierCV,Fida-Kainth/Block-Chain-A-Decentralized-Cryptocurrency-Wallet-System-with-Automated-Zakat-Deduction
NEG_00714,0,0,0,1014,3,0.00023315028211189838,0,0.0740218496,LinearSVC+CalibratedClassifierCV,filips123/BlogChain
NEG_00716,0,0,0,1016,3,0.0004017605318246027,0,0.0740218496,LinearSVC+CalibratedClassifierCV,FinHubRotman/eth-blockchain-data
NEG_00718,0,0,0,1018,3,0.00024962567263002086,0,0.0740218496,LinearSVC+CalibratedClassifierCV,Flame-eth/Multiparty-Solidity-Wallet-
NEG_00723,0,0,0,1023,3,8.807515893970081e-05,0,0.0740218496,LinearSVC+CalibratedClassifierCV,fomoweth/flashloan-aggregator
NEG_00724,0,0,0,1024,3,0.000617638005553976,0,0.0740218496,LinearSVC+CalibratedClassifierCV,ForcingVaporizer/Blockchain-Dapp-Crypto
NEG_00737,0,0,0,1037,3,0.008424135677257676,0,0.0740218496,LinearSVC+CalibratedClassifierCV,Freya-Lark/Chainlink-2024-17hours-Web3-tutorial
NEG_00754,0,0,0,1054,3,0.00022409725947765578,0,0.0740218496,LinearSVC+CalibratedClassifierCV,geovgy/smart-wallet
NEG_00762,0,0,0,1062,3,0.0014464871288371935,0,0.0740218496,LinearSVC+CalibratedClassifierCV,giogam/Gopher-Wallet
NEG_00770,0,0,0,1070,3,0.001315684333290158,0,0.0740218496,LinearSVC+CalibratedClassifierCV,gnidan/abi-to-sol
NEG_00778,0,0,0,1078,3,0.0002014289860685409,0,0.0740218496,LinearSVC+CalibratedClassifierCV,govi-dao/cvi-contracts
NEG_00793,0,0,0,1093,3,1.7923326773247426e-05,0,0.0740218496,LinearSVC+CalibratedClassifierCV,gweidart/evm-flashswap-arb
NEG_00796,0,0,0,1096,3,0.0044552032304353804,0,0.0740218496,LinearSVC+CalibratedClassifierCV,Gzeu/hero-forge-monorepo
NEG_00798,0,0,0,1098,3,0.00426862638748305,0,0.0740218496,LinearSVC+CalibratedClassifierCV,Hackathons-w-Rapto/RugRader
NEG_00799,0,0,0,1099,3,0.0011191075412904504,0,0.0740218496,LinearSVC+CalibratedClassifierCV,hacksdark/cybersecurity_hack
NEG_00803,0,0,0,1103,3,0.00010392340855334666,0,0.0740218496,LinearSVC+CalibratedClassifierCV,Haehnchen/uniswap-arbitrage-flash-swap
NEG_00810,0,0,0,1110,3,0.0003735383400335633,0,0.0740218496,LinearSVC+CalibratedClassifierCV,Hardchat/Web3.py-Transaction
NEG_00811,0,0,0,1111,3,0.007223280528972908,0,0.0740218496,LinearSVC+CalibratedClassifierCV,harishummam/CryptoKet-NFT-Marketplace
NEG_00813,0,0,0,1113,3,0.0003611471977225732,0,0.0740218496,LinearSVC+CalibratedClassifierCV,HariVP03/nft-kart
NEG_00816,0,0,0,1116,3,0.003197019600753074,0,0.0740218496,LinearSVC+CalibratedClassifierCV,harshiit1/ethereumChecker
NEG_00820,0,0,0,1120,3,0.0002886487697340282,0,0.0740218496,LinearSVC+CalibratedClassifierCV,hashemabad/MultiSigWallet
NEG_00839,0,0,0,1139,3,2.2788041083034086e-05,0,0.0740218496,LinearSVC+CalibratedClassifierCV,hiromaily/go-crypto-wallet
NEG_00841,0,0,0,1141,3,0.0035639778391035877,0,0.0740218496,LinearSVC+CalibratedClassifierCV,hobbleabbas/Bitcoin-RPC-API
NEG_00842,0,0,0,1142,3,0.00023463738033701934,0,0.0740218496,LinearSVC+CalibratedClassifierCV,HODLorg/HODLbot
NEG_00843,0,0,0,1143,3,0.002636393660489518,0,0.0740218496,LinearSVC+CalibratedClassifierCV,holder-bot/wallet-testnet
NEG_00844,0,0,0,1144,3,5.2678795170378686e-05,0,0.0740218496,LinearSVC+CalibratedClassifierCV,holyblock/blockchain-piaic-q4-solution
NEG_00846,0,0,0,1146,3,0.0033068978290768693,0,0.0740218496,LinearSVC+CalibratedClassifierCV,HopefulHeart2020/Finaomics-Solidity-Web3-React
NEG_00847,0,0,0,1147,3,0.0002669664387483344,0,0.0740218496,LinearSVC+CalibratedClassifierCV,hoprnet/hopr-ethereum
NEG_00858,0,0,0,1158,3,0.014298581296694245,0,0.0740218496,LinearSVC+CalibratedClassifierCV,hululuzhu/solidity-t5
NEG_00864,0,0,0,1164,3,0.0009704527307231783,0,0.0740218496,LinearSVC+CalibratedClassifierCV,Hyperledger-TWGC/GM-interoperability
NEG_00867,0,0,0,1167,3,0.0727560185103187,0,0.0740218496,LinearSVC+CalibratedClassifierCV,Iamdungx/denigma-cracker
NEG_00893,0,0,0,1193,3,0.028233186338196044,0,0.0740218496,LinearSVC+CalibratedClassifierCV,input-output-hk/mantis-wallet
NEG_00898,0,0,0,1198,3,0.001129658655363242,0,0.0740218496,LinearSVC+CalibratedClassifierCV,ismailbangee/smart-contracts
NEG_00899,0,0,0,1199,3,0.00013068361217730335,0,0.0740218496,LinearSVC+CalibratedClassifierCV,itaikeren/Crypto-Fighters
NEG_00901,0,0,0,1201,3,0.006136960481567907,0,0.0740218496,LinearSVC+CalibratedClassifierCV,ithunter0428/solidity2terrachian_rust
NEG_00903,0,0,0,1203,3,0.006348132504440152,0,0.0740218496,LinearSVC+CalibratedClassifierCV,itstargetconfirmed/flash-loan-sample
NEG_00905,0,0,0,1205,3,0.004981087565347576,0,0.0740218496,LinearSVC+CalibratedClassifierCV,ivanzhelyazkov/ethereum-wallet-manager
NEG_00909,0,0,0,1209,3,8.400432931874909e-05,0,0.0740218496,LinearSVC+CalibratedClassifierCV,J12ATA/my-wave-portal
NEG_00910,0,0,0,1210,3,0.001193319472161142,0,0.0740218496,LinearSVC+CalibratedClassifierCV,jaayperez/btc-wallet
NEG_00915,0,0,0,1215,3,0.04138284104882397,0,0.0740218496,LinearSVC+CalibratedClassifierCV,Jackhuang166/evm-dex-swap-staking-liquidity
NEG_00916,0,0,0,1216,3,0.0004407829319162512,0,0.0740218496,LinearSVC+CalibratedClassifierCV,JACKORARO12/BlockChainVoting
NEG_00917,0,0,0,1217,3,0.002277590420099599,0,0.0740218496,LinearSVC+CalibratedClassifierCV,JackyVerse/SmartContractSolidityEth
NEG_00918,0,0,0,1218,3,0.0005208823523890466,0,0.0740218496,LinearSVC+CalibratedClassifierCV,jacobdmn/iWallet
NEG_00936,0,0,0,1236,3,0.001626050721575528,0,0.0740218496,LinearSVC+CalibratedClassifierCV,jarrodwatts/nft-drop-with-smart-wallet
NEG_00942,0,0,0,1242,3,0.007659073114039552,0,0.0740218496,LinearSVC+CalibratedClassifierCV,jawedzaid/jawed
NEG_00944,0,0,0,1244,3,0.0011159711012740756,0,0.0740218496,LinearSVC+CalibratedClassifierCV,jdogresorg/freewallet-mobile
NEG_00946,0,0,0,1246,3,0.034661468766678395,0,0.0740218496,LinearSVC+CalibratedClassifierCV,jeanne-cortes725n/ethere8
NEG_00962,0,0,0,1262,3,0.00016471906647205499,0,0.0740218496,LinearSVC+CalibratedClassifierCV,jjtiger/Blockchain_Business_Crypto_-DevPack
NEG_00966,0,0,0,1266,3,0.0002162605634827094,0,0.0740218496,LinearSVC+CalibratedClassifierCV,john-lawniczak/Smart-Contract-Resources
NEG_00973,0,0,0,1273,3,0.001673146843857373,0,0.0740218496,LinearSVC+CalibratedClassifierCV,jon4hz/ethconvert
NEG_00983,0,0,0,1283,3,0.00019059574662800215,0,0.0740218496,LinearSVC+CalibratedClassifierCV,jseanchuang/web3py_example
NEG_00989,0,0,0,1289,3,6.020332768824213e-05,0,0.0740218496,LinearSVC+CalibratedClassifierCV,JulyIghor/QtBitcoinTrader
NEG_00999,0,0,0,1299,3,0.015195933414568237,0,0.0740218496,LinearSVC+CalibratedClassifierCV,kansel-dev/solana-nft-sniper
NEG_01010,0,0,0,1310,3,0.004331663137660068,0,0.0740218496,LinearSVC+CalibratedClassifierCV,kaymen99/Dex-aggregator
NEG_01022,0,0,0,1322,3,0.00017674061358037834,0,0.0740218496,LinearSVC+CalibratedClassifierCV,kenpoon94/ethdenver-bootcamp-2022
NEG_01023,0,0,0,1323,3,0.00015398417624848114,0,0.0740218496,LinearSVC+CalibratedClassifierCV,kerala-blockchain-academy/ethereum-developer-program
NEG_01026,0,0,0,1326,3,0.0013754082751516272,0,0.0740218496,LinearSVC+CalibratedClassifierCV,keshav-poojary/NFT-on-Ethereum
NEG_01030,0,0,0,1330,3,0.001618314436992187,0,0.0740218496,LinearSVC+CalibratedClassifierCV,KevzPeter/EduBlocks
NEG_01040,0,0,0,1340,3,0.0001299395637085753,0,0.0740218496,LinearSVC+CalibratedClassifierCV,Kingscliq/nuking-nfts
NEG_01043,0,0,0,1343,3,0.002990289197897816,0,0.0740218496,LinearSVC+CalibratedClassifierCV,KittenYang/SafeSnap
NEG_01044,0,0,0,1344,3,0.0005412839898455624,0,0.0740218496,LinearSVC+CalibratedClassifierCV,kittyshiba/contracts
NEG_01046,0,0,0,1346,3,1.852014107459266e-05,0,0.0740218496,LinearSVC+CalibratedClassifierCV,klever-io/klever-go
NEG_01049,0,0,0,1349,3,8.689864502008759e-05,0,0.0740218496,LinearSVC+CalibratedClassifierCV,kochavalabs/xchng-solidity
NEG_01050,0,0,0,1350,3,0.00029771135966834386,0,0.0740218496,LinearSVC+CalibratedClassifierCV,koh-gt/ferrite-wallet
NEG_01052,0,0,0,1352,3,0.001240536366998943,0,0.0740218496,LinearSVC+CalibratedClassifierCV,konradcodes/Web-3.0-Blockchain-App
NEG_01067,0,0,0,1367,3,0.10718795262595,1,0.0740218496,LinearSVC+CalibratedClassifierCV,kuroroLuciferPhantom/cryptopredict
NEG_01074,0,0,0,1374,3,0.0013704548606873852,0,0.0740218496,LinearSVC+CalibratedClassifierCV,LanceHez/Blockchain_Army_Knife-wallet-cracker-with-multichian
NEG_01075,0,0,0,1375,3,0.0005256786017377518,0,0.0740218496,LinearSVC+CalibratedClassifierCV,lapismyt/ston-fi.py
NEG_01079,0,0,0,1379,3,0.00284939354465674,0,0.0740218496,LinearSVC+CalibratedClassifierCV,Laszlo23/deficrown
NEG_01080,0,0,0,1380,3,0.0226988135675812,0,0.0740218496,LinearSVC+CalibratedClassifierCV,latoya4xfishn/spankcb
NEG_01091,0,0,0,1391,3,0.0013560896715858514,0,0.0740218496,LinearSVC+CalibratedClassifierCV,leeshuzheng/destroyer
NEG_01094,0,0,0,1394,3,0.005285820391240562,0,0.0740218496,LinearSVC+CalibratedClassifierCV,Lemonio1Official/privateKey
NEG_01096,0,0,0,1396,3,0.0007378567175620357,0,0.0740218496,LinearSVC+CalibratedClassifierCV,lephleg/cryptocerts-contracts
NEG_01101,0,0,0,1401,3,0.0009802097454431073,0,0.0740218496,LinearSVC+CalibratedClassifierCV,Lilypad-Tech/lilypad
NEG_01102,0,0,0,1402,3,0.0049716809812563115,0,0.0740218496,LinearSVC+CalibratedClassifierCV,LinuxKunaL/gigalate-crypto-wallet
NEG_01103,0,0,0,1403,3,0.01235618397633642,0,0.0740218496,LinearSVC+CalibratedClassifierCV,lionello/secp256k1-js
NEG_01105,0,0,0,1405,3,0.0004475888551758852,0,0.0740218496,LinearSVC+CalibratedClassifierCV,ljubisnikolic0/NFT-Ethereum-Game
NEG_01106,0,0,0,1406,3,0.0008634904992768066,0,0.0740218496,LinearSVC+CalibratedClassifierCV,lmacken/binance-chain-python
NEG_01108,0,0,0,1408,3,1.1551330123478924e-05,0,0.0740218496,LinearSVC+CalibratedClassifierCV,lnardon/BlockChainExchange
NEG_01125,0,0,0,1425,3,0.024318346095359974,0,0.0740218496,LinearSVC+CalibratedClassifierCV,lynx-xdg/block
NEG_01132,0,0,0,1432,3,0.0012403992266739586,0,0.0740218496,LinearSVC+CalibratedClassifierCV,MaelRibes/Crypto-Kids
NEG_01137,0,0,0,1437,3,0.00045274644820646653,0,0.0740218496,LinearSVC+CalibratedClassifierCV,ManaanAnsari/MultiSigWallet-Solidity-Foundry
NEG_01157,0,0,0,1457,3,0.0007071026749644096,0,0.0740218496,LinearSVC+CalibratedClassifierCV,masa-finance/arcomia-contracts
NEG_01159,0,0,0,1459,3,0.00481535315580355,0,0.0740218496,LinearSVC+CalibratedClassifierCV,mascarenhaswanja/Winter-2020-Introduction-To-Smart-Contracts
NEG_01160,0,0,0,1460,3,0.00015990107174089626,0,0.0740218496,LinearSVC+CalibratedClassifierCV,MassDotMoney/nested-core-lego
NEG_01163,0,0,0,1463,3,0.0008309281989369163,0,0.0740218496,LinearSVC+CalibratedClassifierCV,matheusroleal/solidity-cookbook
NEG_01165,0,0,0,1465,3,0.014341548833917616,0,0.0740218496,LinearSVC+CalibratedClassifierCV,maticnetwork/pos-commit-poc
NEG_01173,0,0,0,1473,3,0.005553740745873451,0,0.0740218496,LinearSVC+CalibratedClassifierCV,mayurimulay789/cryptocurrency_landingpage
NEG_01176,0,0,0,1476,3,0.0005720957371367507,0,0.0740218496,LinearSVC+CalibratedClassifierCV,mdsalman729/ethBucket
NEG_01177,0,0,0,1477,3,0.0012684742121804027,0,0.0740218496,LinearSVC+CalibratedClassifierCV,Medicyp/NFT_Marketplace_using_Ethereum_Smart_Contracts
NEG_01179,0,0,0,1479,3,0.0006655882929498336,0,0.0740218496,LinearSVC+CalibratedClassifierCV,mehtaAnsh/BlockChainVoting
NEG_01187,0,0,0,1487,3,0.0060825067213964605,0,0.0740218496,LinearSVC+CalibratedClassifierCV,Merou1/Blockchain_Edh_cryptoCoin
NEG_01189,0,0,0,1489,3,0.009772012207367365,0,0.0740218496,LinearSVC+CalibratedClassifierCV,merynoseth/moje-wlasne-sui
NEG_01192,0,0,0,1492,3,0.00033901458786507254,0,0.0740218496,LinearSVC+CalibratedClassifierCV,metafy-social/web3-smart-contracts
NEG_01198,0,0,0,1498,3,0.0013916608861064758,0,0.0740218496,LinearSVC+CalibratedClassifierCV,mhxw/crypto-sdk
NEG_01204,0,0,0,1504,3,4.7150009060494394e-05,0,0.0740218496,LinearSVC+CalibratedClassifierCV,microgift/my-web3-projects
NEG_01210,0,0,0,1510,3,0.0014546698799780295,0,0.0740218496,LinearSVC+CalibratedClassifierCV,mili12321/misterCrypto
NEG_01211,0,0,0,1511,3,0.02697490586997418,0,0.0740218496,LinearSVC+CalibratedClassifierCV,militarandroid/cybersecurity_hack
NEG_01216,0,0,0,1516,3,0.00893038686752467,0,0.0740218496,LinearSVC+CalibratedClassifierCV,MitchPierias/advanced-eos-examples
NEG_01222,0,0,0,1522,3,0.0019598420836544014,0,0.0740218496,LinearSVC+CalibratedClassifierCV,modagavr/pancake-wizard
NEG_01226,0,0,0,1526,3,0.0003325438502320424,0,0.0740218496,LinearSVC+CalibratedClassifierCV,mohitchandel/treasury-contract
NEG_01229,0,0,0,1529,3,0.005393639556473072,0,0.0740218496,LinearSVC+CalibratedClassifierCV,mokshyaprotocol/aptos-nft-random-mint
NEG_01244,0,0,0,1544,3,0.060962804303553296,0,0.0740218496,LinearSVC+CalibratedClassifierCV,mrfomoweb3/nft-wallet-tracker
NEG_01245,0,0,0,1545,3,9.667839898491921e-05,0,0.0740218496,LinearSVC+CalibratedClassifierCV,MrinalSingh04/solidity-production-contracts
NEG_01261,0,0,0,1561,3,0.001186139775882107,0,0.0740218496,LinearSVC+CalibratedClassifierCV,multiversx/mx-sdk-dapp-sc-explorer
NEG_01271,0,0,0,1571,3,0.0011592775648635683,0,0.0740218496,LinearSVC+CalibratedClassifierCV,mycelium-com/wallet-android
NEG_01283,0,0,0,1583,3,0.0012283166398423732,0,0.0740218496,LinearSVC+CalibratedClassifierCV,nashidahmed/registry-core
NEG_01289,0,0,0,1589,3,9.876075732836796e-05,0,0.0740218496,LinearSVC+CalibratedClassifierCV,NCRadtke00/Web3CryptoExchange
NEG_01290,0,0,0,1590,3,0.0005073610533797403,0,0.0740218496,LinearSVC+CalibratedClassifierCV,ndsvw/Ethereum-Web3-SmartContract-HelloWorld
NEG_01292,0,0,0,1592,3,0.010642752822814757,0,0.0740218496,LinearSVC+CalibratedClassifierCV,nedasma/solidity-vuln-tests
NEG_01298,0,0,0,1598,3,0.0025361445873930996,0,0.0740218496,LinearSVC+CalibratedClassifierCV,net2devcrypto/Soroban-NextJS-Vote-dApp-with-Freighter
NEG_01299,0,0,0,1599,3,0.0010292748579378685,0,0.0740218496,LinearSVC+CalibratedClassifierCV,NetSepio/evmcontracts
NEG_01301,0,0,0,1601,3,0.059881266056170335,0,0.0740218496,LinearSVC+CalibratedClassifierCV,Neurproject/NeurProjects
NEG_01303,0,0,0,1603,3,0.0035188695954163018,0,0.0740218496,LinearSVC+CalibratedClassifierCV,Nexis-Network/nexis-network
NEG_01313,0,0,0,1613,3,0.003121036419804456,0,0.0740218496,LinearSVC+CalibratedClassifierCV,nicolasdelira/Projeto-de-cria-a-de-carteiras-bitcoin-na-testnet
NEG_01317,0,0,0,1617,3,0.0034630208031696703,0,0.0740218496,LinearSVC+CalibratedClassifierCV,nikunjtilva/cryptocoin-test-faucet-frontend
NEG_01323,0,0,0,1623,3,0.0003908233638919281,0,0.0740218496,LinearSVC+CalibratedClassifierCV,nirholas/lyra-web3-playground
NEG_01328,0,0,0,1628,3,0.031933028058495815,0,0.0740218496,LinearSVC+CalibratedClassifierCV,Niweera/opensear
NEG_01334,0,0,0,1634,3,0.06456264399310417,0,0.0740218496,LinearSVC+CalibratedClassifierCV,NodeFactoryIo/solidity-node-docker-starter
NEG_01336,0,0,0,1636,3,0.003070946988569971,0,0.0740218496,LinearSVC+CalibratedClassifierCV,noman-land/relike
NEG_01340,0,0,0,1640,3,0.0016220994205649057,0,0.0740218496,LinearSVC+CalibratedClassifierCV,Novus-Tech-LLC/Casino-Games
NEG_01342,0,0,0,1642,3,0.0002749045442020378,0,0.0740218496,LinearSVC+CalibratedClassifierCV,nshmadhani/zkNFT
NEG_01344,0,0,0,1644,3,0.00016600126360228988,0,0.0740218496,LinearSVC+CalibratedClassifierCV,null-none/django-eth-fields
NEG_01355,0,0,0,1655,3,0.0005560666144701209,0,0.0740218496,LinearSVC+CalibratedClassifierCV,ogDAO/Optino
NEG_01361,0,0,0,1661,3,4.910744913363105e-05,0,0.0740218496,LinearSVC+CalibratedClassifierCV,okx/go-wallet-sdk
NEG_01364,0,0,0,1664,3,0.0029355849549856637,0,0.0740218496,LinearSVC+CalibratedClassifierCV,olegerr/currency
NEG_01370,0,0,0,1670,3,0.001655283765911885,0,0.0740218496,LinearSVC+CalibratedClassifierCV,omsaraykar/crypto-wallet
NEG_01378,0,0,0,1678,3,0.000730612725326371,0,0.0740218496,LinearSVC+CalibratedClassifierCV,oparex/crypto_trader
NEG_01379,0,0,0,1679,3,0.006122058010543383,0,0.0740218496,LinearSVC+CalibratedClassifierCV,opencodeiiita/CryptoWallet
NEG_01380,0,0,0,1680,3,0.001107139597209684,0,0.0740218496,LinearSVC+CalibratedClassifierCV,opencodeiiita/Learning-Smart-Contracts
NEG_01393,0,0,0,1693,3,0.002300279289141323,0,0.0740218496,LinearSVC+CalibratedClassifierCV,oritwoen/ubichain
NEG_01412,0,0,0,1712,3,0.004026682575396093,0,0.0740218496,LinearSVC+CalibratedClassifierCV,parsaaba/FukiPay
NEG_01414,0,0,0,1714,3,8.634264446757832e-05,0,0.0740218496,LinearSVC+CalibratedClassifierCV,pat3icki/ExzoCoin-2-0
NEG_01417,0,0,0,1717,3,0.008611057175548222,0,0.0740218496,LinearSVC+CalibratedClassifierCV,paulgconlon/blockchain-solidity-multi-sig-wallet
NEG_01419,0,0,0,1719,3,0.0007608885920373957,0,0.0740218496,LinearSVC+CalibratedClassifierCV,paulmillr/noble-curves
NEG_01446,0,0,0,1746,3,0.007120167560600267,0,0.0740218496,LinearSVC+CalibratedClassifierCV,pmontaguevans/ethereum-angular6-cryptogap
NEG_01447,0,0,0,1747,3,0.0001097051836135032,0,0.0740218496,LinearSVC+CalibratedClassifierCV,Pobepto/walle
NEG_01448,0,0,0,1748,3,0.0035910772225141575,0,0.0740218496,LinearSVC+CalibratedClassifierCV,pointbiz/bitaddress.org
NEG_01460,0,0,0,1760,3,0.001844798433601887,0,0.0740218496,LinearSVC+CalibratedClassifierCV,prashantsingh55/ERC20-Tokens
NEG_01463,0,0,0,1763,3,0.0021387467536287397,0,0.0740218496,LinearSVC+CalibratedClassifierCV,pratikshappai/cryptos
NEG_01469,0,0,0,1769,3,0.001615361612816689,0,0.0740218496,LinearSVC+CalibratedClassifierCV,ProgrammingPirates/Free_NFT_Drawing
NEG_01471,0,0,0,1771,3,0.002455756671986112,0,0.0740218496,LinearSVC+CalibratedClassifierCV,ProjectOpenSea/nft-tutorial
NEG_01481,0,0,0,1781,3,0.01130595491593333,0,0.0740218496,LinearSVC+CalibratedClassifierCV,pysznybimber/BASE-crypto-chain-killer
NEG_01490,0,0,0,1790,3,0.0035665774368250445,0,0.0740218496,LinearSVC+CalibratedClassifierCV,QuanTumfuryxl/ethereum-arbitrage-suite-1
NEG_01493,0,0,0,1793,3,8.447538226954571e-05,0,0.0740218496,LinearSVC+CalibratedClassifierCV,Quillhash/QuillAudit_smart_contract_audit_Reports
NEG_01501,0,0,0,1801,3,9.463946073840355e-06,0,0.0740218496,LinearSVC+CalibratedClassifierCV,rafaelfgx/Blockchain
NEG_01503,0,0,0,1803,3,6.21426648412025e-05,0,0.0740218496,LinearSVC+CalibratedClassifierCV,raft-fi/contracts
NEG_01505,0,0,0,1805,3,0.023910635088192526,0,0.0740218496,LinearSVC+CalibratedClassifierCV,Raiden1411/zabi
NEG_01507,0,0,0,1807,3,0.0028010505158136824,0,0.0740218496,LinearSVC+CalibratedClassifierCV,rainbow-me/rainbowkit
NEG_01510,0,0,0,1810,3,0.00302758834493456,0,0.0740218496,LinearSVC+CalibratedClassifierCV,Rajeshwarkanawat/CryptoWallet
NEG_01512,0,0,0,1812,3,0.05369058732141057,0,0.0740218496,LinearSVC+CalibratedClassifierCV,Rami8612/liquidity-orchestrator
NEG_01524,0,0,0,1824,3,0.001939973368261425,0,0.0740218496,LinearSVC+CalibratedClassifierCV,rbubyr777/Ethereum
NEG_01532,0,0,0,1832,3,0.0004792009252162018,0,0.0740218496,LinearSVC+CalibratedClassifierCV,RektifyAI/attack-playbook
NEG_01543,0,0,0,1843,3,0.00013999918145119196,0,0.0740218496,LinearSVC+CalibratedClassifierCV,rgab1508/cryptoTSEC
NEG_01547,0,0,0,1847,3,0.0005882699134148127,0,0.0740218496,LinearSVC+CalibratedClassifierCV,RigoBlock/v3-contracts
NEG_01548,0,0,0,1848,3,0.0002289101851363963,0,0.0740218496,LinearSVC+CalibratedClassifierCV,risc0/risc0-ethereum
NEG_01550,0,0,0,1850,3,0.023998340259493312,0,0.0740218496,LinearSVC+CalibratedClassifierCV,ritikhzb/blockchain_SmartContracts
NEG_01551,0,0,0,1851,3,0.00036907595271671716,0,0.0740218496,LinearSVC+CalibratedClassifierCV,ritwik-1994/Blockchain
NEG_01552,0,0,0,1852,3,0.009855075592433718,0,0.0740218496,LinearSVC+CalibratedClassifierCV,riyagoel192/Define-Blockchain-Python-
NEG_01553,0,0,0,1853,3,0.007787685101641962,0,0.0740218496,LinearSVC+CalibratedClassifierCV,rk98991439/Cryptocurrency-Wallet
NEG_01559,0,0,0,1859,3,0.0035762559902363465,0,0.0740218496,LinearSVC+CalibratedClassifierCV,Robin2164/nft1
NEG_01561,0,0,0,1861,3,0.0016282662575645814,0,0.0740218496,LinearSVC+CalibratedClassifierCV,rocksanen/crypto_smart_contracts
NEG_01562,0,0,0,1862,3,0.0015627047352844703,0,0.0740218496,LinearSVC+CalibratedClassifierCV,RocktimRajkumar/CrowdFunding-Ethereum
NEG_01565,0,0,0,1865,3,0.005124438663283159,0,0.0740218496,LinearSVC+CalibratedClassifierCV,rohanranjan25061996/Wallet
NEG_01566,0,0,0,1866,3,0.006007319556757255,0,0.0740218496,LinearSVC+CalibratedClassifierCV,Rohit04052004/aave-credit-scoring-analysis
NEG_01571,0,0,0,1871,3,0.028447459691329932,0,0.0740218496,LinearSVC+CalibratedClassifierCV,RoseBayConsulting/Titan
NEG_01574,0,0,0,1874,3,0.003496474382925089,0,0.0740218496,LinearSVC+CalibratedClassifierCV,rpardela/SmartContractAPIGenerator
NEG_01580,0,0,0,1880,3,0.0767418690509017,1,0.0740218496,LinearSVC+CalibratedClassifierCV,rusty-web3-developer/Solana-Bitcoin-NFT-Dex-Defi-P2EGame-SmartContract-Web3-Projects
NEG_01586,0,0,0,1886,3,0.00016585900026530286,0,0.0740218496,LinearSVC+CalibratedClassifierCV,Ryu204/crypto_rocket
NEG_01592,0,0,0,1892,3,0.009245633394557922,0,0.0740218496,LinearSVC+CalibratedClassifierCV,saddle-finance/saddle-frontend
NEG_01607,0,0,0,1907,3,6.541923674112015e-05,0,0.0740218496,LinearSVC+CalibratedClassifierCV,sanyamdogra/crypto-wall-et
NEG_01608,0,0,0,1908,3,0.0009797953501660857,0,0.0740218496,LinearSVC+CalibratedClassifierCV,SarathAdhi/Online_Poll_Creator_Blockchain
NEG_01609,0,0,0,1909,3,0.00027570185638723125,0,0.0740218496,LinearSVC+CalibratedClassifierCV,satansdeer/ethereum-token-tutorial
NEG_01613,0,0,0,1913,3,0.007742828303936207,0,0.0740218496,LinearSVC+CalibratedClassifierCV,sava2109/Cryptography_project_PKI_smart_contract
NEG_01619,0,0,0,1919,3,0.10914431093552641,1,0.0740218496,LinearSVC+CalibratedClassifierCV,scholtz/wallet
NEG_01625,0,0,0,1925,3,0.00035758018868383416,0,0.0740218496,LinearSVC+CalibratedClassifierCV,SebastienLeger02/CryptoZombies
NEG_01627,0,0,0,1927,3,5.102612580465878e-05,0,0.0740218496,LinearSVC+CalibratedClassifierCV,sebitokazu/wave-and-token-ranking-dApp
NEG_01640,0,0,0,1940,3,0.00038449249509922714,0,0.0740218496,LinearSVC+CalibratedClassifierCV,shaikat010/Gamefi-Chess-Dapp
NEG_01642,0,0,0,1942,3,0.004314688657380702,0,0.0740218496,LinearSVC+CalibratedClassifierCV,Shakedash-dev/ReverseBlockChainShell
NEG_01652,0,0,0,1952,3,0.0002549746793256948,0,0.0740218496,LinearSVC+CalibratedClassifierCV,ShivankK26/Solidity-Smart-Contracts
NEG_01657,0,0,0,1957,3,0.001411046347830314,0,0.0740218496,LinearSVC+CalibratedClassifierCV,shriya-upadhyay/fight-on-chain
NEG_01658,0,0,0,1958,3,7.559173082381377e-05,0,0.0740218496,LinearSVC+CalibratedClassifierCV,shubhamguptaiitd/bitcoin
NEG_01662,0,0,0,1962,3,0.0010802906115967034,0,0.0740218496,LinearSVC+CalibratedClassifierCV,sidebetxyz/crypto-chess
NEG_01666,0,0,0,1966,3,0.003512339266894603,0,0.0740218496,LinearSVC+CalibratedClassifierCV,simplito/elliptic-php
NEG_01667,0,0,0,1967,3,0.0011960363193566927,0,0.0740218496,LinearSVC+CalibratedClassifierCV,SimSimButDifferent/hardhat-defi-fcc
NEG_01668,0,0,0,1968,3,0.003804126868447598,0,0.0740218496,LinearSVC+CalibratedClassifierCV,sincerely91/simple-defi
NEG_01669,0,0,0,1969,3,0.00264724109944021,0,0.0740218496,LinearSVC+CalibratedClassifierCV,sirlopu/defi-stake-yield-brownie
NEG_01670,0,0,0,1970,3,0.0005369904959244562,0,0.0740218496,LinearSVC+CalibratedClassifierCV,SkSamreen3/Organ-Matching-Transplantation-Blockchain-
NEG_01689,0,0,0,1989,3,0.0023421661577982702,0,0.0740218496,LinearSVC+CalibratedClassifierCV,snannamu/E-Voting-System-Based-on-Ethereum-Blockchain-
NEG_01690,0,0,0,1990,3,0.0002155501043762454,0,0.0740218496,LinearSVC+CalibratedClassifierCV,sntsabode/daisweb3.ts
NEG_01703,0,0,0,2003,3,0.02314544344419596,0,0.0740218496,LinearSVC+CalibratedClassifierCV,SoshiCrmProject/btcyield-platform
NEG_01708,0,0,0,2008,3,9.181534991545992e-05,0,0.0740218496,LinearSVC+CalibratedClassifierCV,spesmilo/electrum
NEG_01716,0,0,0,2016,3,5.089797923605623e-06,0,0.0740218496,LinearSVC+CalibratedClassifierCV,sripwoud/ethernaut
NEG_01719,0,0,0,2019,3,0.00020118442674499468,0,0.0740218496,LinearSVC+CalibratedClassifierCV,Stacktical/stacktical-dsla-developer-toolkit
NEG_01720,0,0,0,2020,3,0.00027620411697076966,0,0.0740218496,LinearSVC+CalibratedClassifierCV,stater-co/nft-lending-contracts
NEG_01737,0,0,0,2037,3,0.013947189056844306,0,0.0740218496,LinearSVC+CalibratedClassifierCV,sumit03guha/smart-contracts-development-boilerplate
NEG_01744,0,0,0,2044,3,0.0019124604321568489,0,0.0740218496,LinearSVC+CalibratedClassifierCV,sunshineioxzc/nft-sales-tracking-bot
NEG_01756,0,0,0,2056,3,8.545358240509878e-05,0,0.0740218496,LinearSVC+CalibratedClassifierCV,swaponline/MultiCurrencyWallet
NEG_01761,0,0,0,2061,3,0.0007281000826754989,0,0.0740218496,LinearSVC+CalibratedClassifierCV,Swizec/blockchain-redux
NEG_01764,0,0,0,2064,3,0.012305444439800564,0,0.0740218496,LinearSVC+CalibratedClassifierCV,sxnuru/FentaCode
NEG_01767,0,0,0,2067,3,0.006974432490421226,0,0.0740218496,LinearSVC+CalibratedClassifierCV,Synthetixio/SIPs
NEG_01778,0,0,0,2078,3,6.25344671201098e-05,0,0.0740218496,LinearSVC+CalibratedClassifierCV,tanujajoshi1/solidityContracts
NEG_01779,0,0,0,2079,3,0.0015299826089662722,0,0.0740218496,LinearSVC+CalibratedClassifierCV,TanujJha/OpenD-NFT-Marketplace
NEG_01784,0,0,0,2084,3,0.006492861002958039,0,0.0740218496,LinearSVC+CalibratedClassifierCV,TasmeTime/yt-react-next-ui-crypto-nft
NEG_01786,0,0,0,2086,3,0.012071980477285742,0,0.0740218496,LinearSVC+CalibratedClassifierCV,tayyabappoly/bitcoin-wallet-that-uses-Neutrino
NEG_01791,0,0,0,2091,3,0.002523020772350748,0,0.0740218496,LinearSVC+CalibratedClassifierCV,teefeh-07/DefiDungeons
NEG_01803,0,0,0,2103,3,0.005068187330752196,0,0.0740218496,LinearSVC+CalibratedClassifierCV,The-Poolz/LockDealNFT.Builders
NEG_01811,0,0,0,2111,3,0.001647098177952582,0,0.0740218496,LinearSVC+CalibratedClassifierCV,TheODDYSEY/Vending-Machine-Smart-Contract
NEG_01812,0,0,0,2112,3,0.00038193143069880026,0,0.0740218496,LinearSVC+CalibratedClassifierCV,theshefer/NFT-lazy-minting
NEG_01815,0,0,0,2115,3,0.0049153572058909635,0,0.0740218496,LinearSVC+CalibratedClassifierCV,thoangln/Blockchain-SmartContract
NEG_01817,0,0,0,2117,3,7.068474280617385e-05,0,0.0740218496,LinearSVC+CalibratedClassifierCV,threshold-network/tbtc-v2
NEG_01824,0,0,0,2124,3,6.662304912385688e-05,0,0.0740218496,LinearSVC+CalibratedClassifierCV,TJ-2004/dechai
NEG_01828,0,0,0,2128,3,0.0834381909007525,1,0.0740218496,LinearSVC+CalibratedClassifierCV,tomerweller/exp-tempo-clones
NEG_01833,0,0,0,2133,3,0.001176541116718703,0,0.0740218496,LinearSVC+CalibratedClassifierCV,Topten1004/DoubleDice-Platform
NEG_01840,0,0,0,2140,3,0.001118418553387013,0,0.0740218496,LinearSVC+CalibratedClassifierCV,tradingstrategy-ai/trade-executor
NEG_01854,0,0,0,2154,3,0.003376754081542918,0,0.0740218496,LinearSVC+CalibratedClassifierCV,TShanku/linked-chain
NEG_01856,0,0,0,2156,3,0.0030028180716789575,0,0.0740218496,LinearSVC+CalibratedClassifierCV,tunnckoCore/bitcoin-connect
NEG_01857,0,0,0,2157,3,5.561227931915433e-05,0,0.0740218496,LinearSVC+CalibratedClassifierCV,turbo-eth/template-bank-app
NEG_01859,0,0,0,2159,3,0.0028303237125656086,0,0.0740218496,LinearSVC+CalibratedClassifierCV,TW2541/Solidity_Web3_Practice_Python
NEG_01870,0,0,0,2170,3,0.007173898851793485,0,0.0740218496,LinearSVC+CalibratedClassifierCV,uhsr/CryptoSecurityToolkit
NEG_01872,0,0,0,2172,3,0.011921091461714337,0,0.0740218496,LinearSVC+CalibratedClassifierCV,uhsr/NftMetadataIndexerTechNext
NEG_01879,0,0,0,2179,3,0.0010535326535076148,0,0.0740218496,LinearSVC+CalibratedClassifierCV,UssCalSst41/Xyn-SeedWatcher-Crypto-Balance-Checker-Searcher-MultiCoin
NEG_01889,0,0,0,2189,3,0.0029282572408692673,0,0.0740218496,LinearSVC+CalibratedClassifierCV,vdsalexandre/CryptoZombies
NEG_01892,0,0,0,2192,3,0.0009602642313499707,0,0.0740218496,LinearSVC+CalibratedClassifierCV,ved-et9/Blockchain_web3
NEG_01897,0,0,0,2197,3,0.33178247299846214,1,0.0740218496,LinearSVC+CalibratedClassifierCV,VeloraDEX/sdk
NEG_01910,0,0,0,2210,3,0.10767117305939582,1,0.0740218496,LinearSVC+CalibratedClassifierCV,vilicvane/megnat
NEG_01911,0,0,0,2211,3,0.00029475894872104985,0,0.0740218496,LinearSVC+CalibratedClassifierCV,vinnyhoward/rn-crypto-wallet
NEG_01912,0,0,0,2212,3,0.0033691233433594363,0,0.0740218496,LinearSVC+CalibratedClassifierCV,viperadnan-git/blockdoc
NEG_01916,0,0,0,2216,3,0.016315513880682194,0,0.0740218496,LinearSVC+CalibratedClassifierCV,VishviThrimavithana/crypto-arbitrage-bot
NEG_01920,0,0,0,2220,3,0.0001635363039484569,0,0.0740218496,LinearSVC+CalibratedClassifierCV,VitalR/NFTLazyMinting
NEG_01921,0,0,0,2221,3,3.224193713581804e-05,0,0.0740218496,LinearSVC+CalibratedClassifierCV,VitalR/Uniswap
NEG_01928,0,0,0,2228,3,0.00019516033539666565,0,0.0740218496,LinearSVC+CalibratedClassifierCV,vjgaur/NFT-Ethereum-Polygon-Marketplace
NEG_01930,0,0,0,2230,3,0.004127823085018341,0,0.0740218496,LinearSVC+CalibratedClassifierCV,vmeazevedo/myCrypto_MercadoBitcoin
NEG_01943,0,0,0,2243,3,0.0029109055504734052,0,0.0740218496,LinearSVC+CalibratedClassifierCV,Walletika/walletika-contracts
NEG_01950,0,0,0,2250,3,0.00011733385756902417,0,0.0740218496,LinearSVC+CalibratedClassifierCV,wardu/Crypto-Resources
NEG_01953,0,0,0,2253,3,0.0029876273851632998,0,0.0740218496,LinearSVC+CalibratedClassifierCV,wcoelho/BitcoinMinerPrototype
NEG_01959,0,0,0,2259,3,1.3691353151482533e-05,0,0.0740218496,LinearSVC+CalibratedClassifierCV,web3brasil/web3brasil
NEG_01962,0,0,0,2262,3,0.006720140795322865,0,0.0740218496,LinearSVC+CalibratedClassifierCV,web3gamesofficial/web3games-contract-solidity
NEG_01963,0,0,0,2263,3,0.03248711066207942,0,0.0740218496,LinearSVC+CalibratedClassifierCV,web3inventor/web3-wallet-brute-force-cracking
NEG_01970,0,0,0,2270,3,0.001361157269198587,0,0.0740218496,LinearSVC+CalibratedClassifierCV,wencio/python_solidity_Web3_examples
NEG_01971,0,0,0,2271,3,0.026003479771460825,0,0.0740218496,LinearSVC+CalibratedClassifierCV,westhoronhp15/HOW-TO-MINING-BTC-2025
NEG_01979,0,0,0,2279,3,0.0032010646225923384,0,0.0740218496,LinearSVC+CalibratedClassifierCV,wizardsardine/liana
NEG_01980,0,0,0,2280,3,0.0026810158747869323,0,0.0740218496,LinearSVC+CalibratedClassifierCV,wpdas/kibi-greeting-contract
NEG_01981,0,0,0,2281,3,4.289704970116446e-06,0,0.0740218496,LinearSVC+CalibratedClassifierCV,wsdt/WavectToken
NEG_01985,0,0,0,2285,3,2.6566397432210798e-05,0,0.0740218496,LinearSVC+CalibratedClassifierCV,xabzxbt/brass-hands
NEG_01988,0,0,0,2288,3,0.006013275530925411,0,0.0740218496,LinearSVC+CalibratedClassifierCV,xaviersins/CryptoMesh
NEG_01992,0,0,0,2292,3,0.000461290731562945,0,0.0740218496,LinearSVC+CalibratedClassifierCV,xeoneux/generation-blockchain-crypto-tracker
NEG_02003,0,0,0,2303,3,0.0018858306771436127,0,0.0740218496,LinearSVC+CalibratedClassifierCV,y-chan/handmade_blockchain
NEG_02006,0,0,0,2306,3,0.0006430277502927066,0,0.0740218496,LinearSVC+CalibratedClassifierCV,yann1ckv/Marketplace_dapp
NEG_02012,0,0,0,2312,3,0.0017091768725199658,0,0.0740218496,LinearSVC+CalibratedClassifierCV,YassineMharrek/Phenicia-Metaverse
NEG_02022,0,0,0,2322,3,0.0024838678582916334,0,0.0740218496,LinearSVC+CalibratedClassifierCV,yogdaan/blockchain-certification
NEG_02025,0,0,0,2325,3,0.00010142233089775868,0,0.0740218496,LinearSVC+CalibratedClassifierCV,YosephKS/moralis-opensea-plugins
NEG_02028,0,0,0,2328,3,0.00024944592301806486,0,0.0740218496,LinearSVC+CalibratedClassifierCV,ysongh/blockchain-on-restaurant-client
NEG_02032,0,0,0,2332,3,0.00044309425452092565,0,0.0740218496,LinearSVC+CalibratedClassifierCV,yuzushioh/EthereumKit
NEG_02038,0,0,0,2338,3,0.0009160400845257419,0,0.0740218496,LinearSVC+CalibratedClassifierCV,zeriontech/defi-sdk-js
NEG_02050,0,0,0,2350,3,0.00018338700652844976,0,0.0740218496,LinearSVC+CalibratedClassifierCV,ZuInnoTe/spark-hadoopcryptoledger-ds
NEG_02051,0,0,0,2351,3,0.003985141158119786,0,0.0740218496,LinearSVC+CalibratedClassifierCV,Zynora06JaA7/Arb-Script
F1_pumpfun_clone,1,1,0,0,4,0.9993460159447073,1,0.1882641203,LinearSVC+CalibratedClassifierCV,2723799947qq2022/solana-pumpfun-bot
F1_pumpfun_clone,1,1,0,1,4,0.998120539851571,1,0.1882641203,LinearSVC+CalibratedClassifierCV,2kwkkk/solana-pumpfun-bot
F1_pumpfun_clone,1,1,0,2,4,0.9993776233785104,1,0.1882641203,LinearSVC+CalibratedClassifierCV,790659193qqch/solana-pumpfun-bot
F1_pumpfun_clone,1,1,0,3,4,0.9990112570145787,1,0.1882641203,LinearSVC+CalibratedClassifierCV,7arlystar/solana-pumpfun-bot
F1_pumpfun_clone,1,1,0,4,4,0.999014291412805,1,0.1882641203,LinearSVC+CalibratedClassifierCV,918715c83/solana-pumpfun-bot
F1_pumpfun_clone,1,1,0,6,4,0.9995201056628517,1,0.1882641203,LinearSVC+CalibratedClassifierCV,AmirhBeigi7zch6f/solana-pumpfun-bot
F1_pumpfun_clone,1,1,0,8,4,0.9996016599832145,1,0.1882641203,LinearSVC+CalibratedClassifierCV,asmaamohamed0264/solana-pumpfun-bot
F1_pumpfun_clone,1,1,0,9,4,0.9991150462867395,1,0.1882641203,LinearSVC+CalibratedClassifierCV,bog-us/solana-pumpfun-bot
F1_pumpfun_clone,1,1,0,12,4,0.9984915009980554,1,0.1882641203,LinearSVC+CalibratedClassifierCV,edparker89/solana-pumpfun-bot
F1_pumpfun_clone,1,1,0,16,4,0.9987708959211948,1,0.1882641203,LinearSVC+CalibratedClassifierCV,ii4272/solana-pumpfun-bot
F1_pumpfun_clone,1,1,0,17,4,0.998833927353694,1,0.1882641203,LinearSVC+CalibratedClassifierCV,ijtye/solana-pumpfun-bot
F1_pumpfun_clone,1,1,0,18,4,0.9992096349520415,1,0.1882641203,LinearSVC+CalibratedClassifierCV,iwanjunaids/solana-pumpfun-bot
F1_pumpfun_clone,1,1,0,19,4,0.999006429746537,1,0.1882641203,LinearSVC+CalibratedClassifierCV,janmalece/solana-pumpfun-bot
F1_pumpfun_clone,1,1,0,20,4,0.9986935736110931,1,0.1882641203,LinearSVC+CalibratedClassifierCV,kay2x4/solana-pumpfun-bot
F1_pumpfun_clone,1,1,0,22,4,0.9994861720503799,1,0.1882641203,LinearSVC+CalibratedClassifierCV,lan666as2dfur/solana-pumpfun-bot
F1_pumpfun_clone,1,1,0,23,4,0.9989261042485235,1,0.1882641203,LinearSVC+CalibratedClassifierCV,loveccat/solana-pumpfun-bot
F1_pumpfun_clone,1,1,0,24,4,0.9988708096741482,1,0.1882641203,LinearSVC+CalibratedClassifierCV,lukgria/solana-pumpfun-bot
F1_pumpfun_clone,1,1,0,25,4,0.9995876068026707,1,0.1882641203,LinearSVC+CalibratedClassifierCV,mdemetrial26rvk9w/solana-pumpfun-bot
F1_pumpfun_clone,1,1,0,31,4,0.9993536192764454,1,0.1882641203,LinearSVC+CalibratedClassifierCV,oumengwas/solana-pumpfun-bot
F1_pumpfun_clone,1,1,0,32,4,0.9991387770379315,1,0.1882641203,LinearSVC+CalibratedClassifierCV,Rain-Rave5/solana-pumpfun-bot
F1_pumpfun_clone,1,1,0,38,4,0.9995500712502228,1,0.1882641203,LinearSVC+CalibratedClassifierCV,wc64561673347375/solana-pumpfun-bot
F1_pumpfun_clone,1,1,0,39,4,0.9990818950249984,1,0.1882641203,LinearSVC+CalibratedClassifierCV,wj6942/solana-pumpfun-bot
F1_pumpfun_clone,1,1,0,40,4,0.9993372819931756,1,0.1882641203,LinearSVC+CalibratedClassifierCV,xnaotutu77765/solana-pumpfun-bot
F1_pumpfun_clone,1,1,0,42,4,0.9991606215876185,1,0.1882641203,LinearSVC+CalibratedClassifierCV,yvagSirKt/solana-pumpfun-bot
F1_pumpfun_clone,1,0,1,45,4,0.9995791042381915,1,0.1882641203,LinearSVC+CalibratedClassifierCV,2723799947qq2022t/solana-pumpfun-bot
F1_pumpfun_clone,1,0,1,46,4,0.9981082147286201,1,0.1882641203,LinearSVC+CalibratedClassifierCV,2kwkk/solana-pumpfun-bot
F1_pumpfun_clone,1,0,1,47,4,0.9994880359851064,1,0.1882641203,LinearSVC+CalibratedClassifierCV,790659193qqch2/solana-pumpfun-bot
F1_pumpfun_clone,1,0,1,48,4,0.9992322300476966,1,0.1882641203,LinearSVC+CalibratedClassifierCV,7arlysta/solana-pumpfun-bot
F1_pumpfun_clone,1,0,1,49,4,0.9987357515213405,1,0.1882641203,LinearSVC+CalibratedClassifierCV,918715c8/solana-pumpfun-bot
F1_pumpfun_clone,1,0,1,50,4,0.999539414896069,1,0.1882641203,LinearSVC+CalibratedClassifierCV,AmirhBeigi7zch6ff/solana-pumpfun-bot
F1_pumpfun_clone,1,0,1,51,4,0.9995936292357115,1,0.1882641203,LinearSVC+CalibratedClassifierCV,asmaamohamed0264a/solana-pumpfun-bot
F1_pumpfun_clone,1,0,1,52,4,0.9989683427432889,1,0.1882641203,LinearSVC+CalibratedClassifierCV,bogus/solana-pumpfun-bot
F1_pumpfun_clone,1,0,1,53,4,0.9978573715786982,1,0.1882641203,LinearSVC+CalibratedClassifierCV,edparker89t/solana-pumpfun-bot
F1_pumpfun_clone,1,0,1,54,4,0.9985045713401677,1,0.1882641203,LinearSVC+CalibratedClassifierCV,ii427/solana-pumpfun-bot
F1_pumpfun_clone,1,0,1,55,4,0.9990464541919802,1,0.1882641203,LinearSVC+CalibratedClassifierCV,ijty/solana-pumpfun-bot
F1_pumpfun_clone,1,0,1,56,4,0.9992637461682583,1,0.1882641203,LinearSVC+CalibratedClassifierCV,iwanjunaid/solana-pumpfun-bot
F1_pumpfun_clone,1,0,1,57,4,0.999338345505477,1,0.1882641203,LinearSVC+CalibratedClassifierCV,janmalece2/solana-pumpfun-bot
F1_pumpfun_clone,1,0,1,58,4,0.9991063939280961,1,0.1882641203,LinearSVC+CalibratedClassifierCV,kay2x42/solana-pumpfun-bot
F1_pumpfun_clone,1,0,1,59,4,0.9993944280523883,1,0.1882641203,LinearSVC+CalibratedClassifierCV,lan666as2dfu/solana-pumpfun-bot
F1_pumpfun_clone,1,0,1,60,4,0.9992062499026257,1,0.1882641203,LinearSVC+CalibratedClassifierCV,loveccat2/solana-pumpfun-bot
F1_pumpfun_clone,1,0,1,61,4,0.9990751638238752,1,0.1882641203,LinearSVC+CalibratedClassifierCV,lukgrial/solana-pumpfun-bot
F1_pumpfun_clone,1,0,1,62,4,0.99963151854443,1,0.1882641203,LinearSVC+CalibratedClassifierCV,mdemetrial26rvk9wz/solana-pumpfun-bot
F1_pumpfun_clone,1,0,1,63,4,0.9993843514312243,1,0.1882641203,LinearSVC+CalibratedClassifierCV,oumengwas2/solana-pumpfun-bot
F1_pumpfun_clone,1,0,1,64,4,0.9990666232801115,1,0.1882641203,LinearSVC+CalibratedClassifierCV,RainRave5/solana-pumpfun-bot
F1_pumpfun_clone,1,0,1,65,4,0.9996403930695982,1,0.1882641203,LinearSVC+CalibratedClassifierCV,wc645616733473752/solana-pumpfun-bot
F1_pumpfun_clone,1,0,1,66,4,0.9990447417483869,1,0.1882641203,LinearSVC+CalibratedClassifierCV,wj69422/solana-pumpfun-bot
F1_pumpfun_clone,1,0,1,67,4,0.9993869941375236,1,0.1882641203,LinearSVC+CalibratedClassifierCV,xnaotutu777652/solana-pumpfun-bot
F1_pumpfun_clone,1,0,1,68,4,0.9993908917841674,1,0.1882641203,LinearSVC+CalibratedClassifierCV,yvagSirKt6/solana-pumpfun-bot
F1_pumpfun_clone,1,0,1,69,4,0.9991604294281521,1,0.1882641203,LinearSVC+CalibratedClassifierCV,2723799947qq202/solana-pumpfun-bot
F1_pumpfun_clone,1,0,1,70,4,0.998321795326833,1,0.1882641203,LinearSVC+CalibratedClassifierCV,2kwkkk2/solana-pumpfun-bot
F1_pumpfun_clone,1,0,1,71,4,0.9995457626804338,1,0.1882641203,LinearSVC+CalibratedClassifierCV,790659193qqch3/solana-pumpfun-bot
F1_pumpfun_clone,1,0,1,72,4,0.9992496762942996,1,0.1882641203,LinearSVC+CalibratedClassifierCV,7arlystart/solana-pumpfun-bot
F1_pumpfun_clone,1,0,1,73,4,0.9992422786592714,1,0.1882641203,LinearSVC+CalibratedClassifierCV,918715c832/solana-pumpfun-bot
F1_pumpfun_clone,1,0,1,74,4,0.9995617757223597,1,0.1882641203,LinearSVC+CalibratedClassifierCV,AmirhBeigi7zch6f2/solana-pumpfun-bot
F1_pumpfun_clone,1,0,1,75,4,0.9996508215907084,1,0.1882641203,LinearSVC+CalibratedClassifierCV,asmaamohamed026/solana-pumpfun-bot
F1_pumpfun_clone,1,0,1,76,4,0.9992182350455098,1,0.1882641203,LinearSVC+CalibratedClassifierCV,bogusyc/solana-pumpfun-bot
F1_pumpfun_clone,1,0,1,77,4,0.9976722270782878,1,0.1882641203,LinearSVC+CalibratedClassifierCV,edparker8/solana-pumpfun-bot
F1_pumpfun_clone,1,0,1,78,4,0.9991365934255941,1,0.1882641203,LinearSVC+CalibratedClassifierCV,ii4273/solana-pumpfun-bot
F1_pumpfun_clone,1,0,1,79,4,0.9990388003981443,1,0.1882641203,LinearSVC+CalibratedClassifierCV,ijtye2/solana-pumpfun-bot
F1_pumpfun_clone,1,0,1,80,4,0.9993579990805337,1,0.1882641203,LinearSVC+CalibratedClassifierCV,iwanjunaidst/solana-pumpfun-bot
NEG_00004,0,0,0,304,4,0.005683024501973885,0,0.1882641203,LinearSVC+CalibratedClassifierCV,0x-Crisbanks/panda-Web3-smart-contract-auditor-
NEG_00009,0,0,0,309,4,0.0029849838919046878,0,0.1882641203,LinearSVC+CalibratedClassifierCV,0xDeadList/0xDeadList
NEG_00011,0,0,0,311,4,0.0009006426295456666,0,0.1882641203,LinearSVC+CalibratedClassifierCV,0xefrain/Bsc-bootcamp
NEG_00016,0,0,0,316,4,0.0003800867055093491,0,0.1882641203,LinearSVC+CalibratedClassifierCV,0xhappydev/evm-explorer-uniswap
NEG_00017,0,0,0,317,4,3.0533997934404287e-53,0,0.1882641203,LinearSVC+CalibratedClassifierCV,0xinevitable/bento
NEG_00019,0,0,0,319,4,0.0001034095990251493,0,0.1882641203,LinearSVC+CalibratedClassifierCV,0xJonaseb11/Meta-suite
NEG_00022,0,0,0,322,4,3.3258418092220166e-05,0,0.1882641203,LinearSVC+CalibratedClassifierCV,0xLabs-Org/DeHarvest
NEG_00028,0,0,0,328,4,0.00036086386976996303,0,0.1882641203,LinearSVC+CalibratedClassifierCV,0xRajkumar/damn-vulnerable-defi-solutions
NEG_00035,0,0,0,335,4,0.022962573594814045,0,0.1882641203,LinearSVC+CalibratedClassifierCV,10gic/vanitygen-plusplus
NEG_00036,0,0,0,336,4,4.046105005487591e-06,0,0.1882641203,LinearSVC+CalibratedClassifierCV,1200wd/bitcoinlib
NEG_00038,0,0,0,338,4,0.007815764588839133,0,0.1882641203,LinearSVC+CalibratedClassifierCV,1Crazymoney/ethNearMarketplace
NEG_00046,0,0,0,346,4,0.0003228099442427834,0,0.1882641203,LinearSVC+CalibratedClassifierCV,6sl3pt/ethereum-data-analytics
NEG_00050,0,0,0,350,4,0.0001199802051933944,0,0.1882641203,LinearSVC+CalibratedClassifierCV,a3igner/dixie-coin
NEG_00057,0,0,0,357,4,0.0015733897541215303,0,0.1882641203,LinearSVC+CalibratedClassifierCV,aave/governance-crosschain-bridges
NEG_00061,0,0,0,361,4,0.014875223342319574,0,0.1882641203,LinearSVC+CalibratedClassifierCV,abdurrazzak5621/neonops-ai
NEG_00062,0,0,0,362,4,0.002544063619911368,0,0.1882641203,LinearSVC+CalibratedClassifierCV,abhi-rawal/aave_credit_scoring
NEG_00075,0,0,0,375,4,0.0007302981605625002,0,0.1882641203,LinearSVC+CalibratedClassifierCV,adameth2900/ETH
NEG_00079,0,0,0,379,4,0.0002550165851459076,0,0.1882641203,LinearSVC+CalibratedClassifierCV,adilsachwani/web3ForSmartContracts
NEG_00089,0,0,0,389,4,0.020182806673327402,0,0.1882641203,LinearSVC+CalibratedClassifierCV,Adrijan-Petek/onchain-nft-art
NEG_00090,0,0,0,390,4,0.00030416576848973654,0,0.1882641203,LinearSVC+CalibratedClassifierCV,Adrijan-Petek/portfolio-tracker-pnl
NEG_00093,0,0,0,393,4,0.00013813617378520562,0,0.1882641203,LinearSVC+CalibratedClassifierCV,adwait2001/Mint-NFT
NEG_00108,0,0,0,408,4,0.027287265303882594,0,0.1882641203,LinearSVC+CalibratedClassifierCV,ahmedali8/solspeakai
NEG_00114,0,0,0,414,4,0.0007457071502423931,0,0.1882641203,LinearSVC+CalibratedClassifierCV,AidosKuneen/aidos-wallet-v1
NEG_00116,0,0,0,416,4,0.017504984190840463,0,0.1882641203,LinearSVC+CalibratedClassifierCV,aiLeonardo/cryptotips
NEG_00119,0,0,0,419,4,0.0061879328986690135,0,0.1882641203,LinearSVC+CalibratedClassifierCV,Ajitabh-Kalia/Ethereum-Wallet
NEG_00127,0,0,0,427,4,0.005791296148401122,0,0.1882641203,LinearSVC+CalibratedClassifierCV,akshit0201/Web3-Ethereum
NEG_00133,0,0,0,433,4,0.00037558967645701433,0,0.1882641203,LinearSVC+CalibratedClassifierCV,alejoacosta74/ethereum-farming-example
NEG_00145,0,0,0,445,4,0.0010726063146935646,0,0.1882641203,LinearSVC+CalibratedClassifierCV,alfonsrv/crypto-tracker
NEG_00149,0,0,0,449,4,0.012316379150210346,0,0.1882641203,LinearSVC+CalibratedClassifierCV,aliezzahn/crypto-price-correlation-matrix
NEG_00153,0,0,0,453,4,6.651450513965651e-05,0,0.1882641203,LinearSVC+CalibratedClassifierCV,alisidaniel/Defi
NEG_00154,0,0,0,454,4,0.005155683199058584,0,0.1882641203,LinearSVC+CalibratedClassifierCV,alissonfernandes/bitcoin-wallet
NEG_00157,0,0,0,457,4,0.0011217005580745848,0,0.1882641203,LinearSVC+CalibratedClassifierCV,aloshai/aequi-monorepo
NEG_00159,0,0,0,459,4,2.2854705288690648e-05,0,0.1882641203,LinearSVC+CalibratedClassifierCV,alpdevcode/ethereum-multisig-wallet
NEG_00169,0,0,0,469,4,0.0006492937353938133,0,0.1882641203,LinearSVC+CalibratedClassifierCV,Amr-9/HexHunter
NEG_00172,0,0,0,472,4,0.001148043785721675,0,0.1882641203,LinearSVC+CalibratedClassifierCV,AnalytixAudit/Solidity
NEG_00176,0,0,0,476,4,0.0002595448638324887,0,0.1882641203,LinearSVC+CalibratedClassifierCV,andreitoma8/legendary-owls-smart-contract
NEG_00180,0,0,0,480,4,0.0011403364918603609,0,0.1882641203,LinearSVC+CalibratedClassifierCV,angelcatanzariti1/web3_py_example
NEG_00190,0,0,0,490,4,6.2490460605560056e-06,0,0.1882641203,LinearSVC+CalibratedClassifierCV,antoniopgs/tangible
NEG_00191,0,0,0,491,4,0.07080822152919576,0,0.1882641203,LinearSVC+CalibratedClassifierCV,anudeeep4/Decentralized-Identity-Project
NEG_00217,0,0,0,517,4,0.02699022509031139,0,0.1882641203,LinearSVC+CalibratedClassifierCV,Arowolokehinde/STX-TIP
NEG_00223,0,0,0,523,4,0.0011050273731720642,0,0.1882641203,LinearSVC+CalibratedClassifierCV,arthur0725/CryptoZombie
NEG_00234,0,0,0,534,4,0.029303709300299182,0,0.1882641203,LinearSVC+CalibratedClassifierCV,AshutoshShekharProjects/Blockchain-Solidity
NEG_00245,0,0,0,545,4,0.0005783251073729232,0,0.1882641203,LinearSVC+CalibratedClassifierCV,AuxillaryLord/Smart-Contracts
NEG_00255,0,0,0,555,4,0.0003656072533191437,0,0.1882641203,LinearSVC+CalibratedClassifierCV,azerpas/prescurity-blockchain
NEG_00257,0,0,0,557,4,0.00038753469662633537,0,0.1882641203,LinearSVC+CalibratedClassifierCV,Baat-Maan/defiBasic
NEG_00263,0,0,0,563,4,0.12839878612474506,0,0.1882641203,LinearSVC+CalibratedClassifierCV,balancer/scaffold-balancer-v3
NEG_00264,0,0,0,564,4,7.467860251574002e-05,0,0.1882641203,LinearSVC+CalibratedClassifierCV,balive053/blockchainFromScratch
NEG_00268,0,0,0,568,4,0.0005568117515125306,0,0.1882641203,LinearSVC+CalibratedClassifierCV,bansaltushar014/Chapter-Solidity
NEG_00278,0,0,0,578,4,0.0048599507930438815,0,0.1882641203,LinearSVC+CalibratedClassifierCV,beeman/solana-mobile-seeker-genesis-holders
NEG_00284,0,0,0,584,4,0.01462864864632296,0,0.1882641203,LinearSVC+CalibratedClassifierCV,benzemeze1-art/nft-rarity-tracker-2
NEG_00301,0,0,0,601,4,0.009352839251007418,0,0.1882641203,LinearSVC+CalibratedClassifierCV,bitcoin-flasher/flasher-smart-contracts
NEG_00304,0,0,0,604,4,0.000441669488930406,0,0.1882641203,LinearSVC+CalibratedClassifierCV,bitcoinaverage/api-integration-examples
NEG_00313,0,0,0,613,4,0.0038097920475704036,0,0.1882641203,LinearSVC+CalibratedClassifierCV,blakewood84/react-metamask-medium
NEG_00320,0,0,0,620,4,0.0030036471234249525,0,0.1882641203,LinearSVC+CalibratedClassifierCV,Blockchain-for-Developers/sp18-midterm-pt2
NEG_00335,0,0,0,635,4,0.0032280384341961607,0,0.1882641203,LinearSVC+CalibratedClassifierCV,Bottom-Labs/wallet-core
NEG_00338,0,0,0,638,4,7.382266750006142e-05,0,0.1882641203,LinearSVC+CalibratedClassifierCV,BraianVaylet/buildspace-epic-nfts-ui
NEG_00340,0,0,0,640,4,0.00027907574780829835,0,0.1882641203,LinearSVC+CalibratedClassifierCV,brendanjryan/crypto-keystore-rs
NEG_00347,0,0,0,647,4,2.7643478689040232e-05,0,0.1882641203,LinearSVC+CalibratedClassifierCV,btcsuite/btcwallet
NEG_00356,0,0,0,656,4,0.03755776114133047,0,0.1882641203,LinearSVC+CalibratedClassifierCV,Bytez3/MEDiscordBuySell
NEG_00357,0,0,0,657,4,0.004290125330347358,0,0.1882641203,LinearSVC+CalibratedClassifierCV,bzthelmaeddins54/headlee
NEG_00369,0,0,0,669,4,0.001998923624476891,0,0.1882641203,LinearSVC+CalibratedClassifierCV,carlosgauci/crypto-track
NEG_00372,0,0,0,672,4,0.001410685905585441,0,0.1882641203,LinearSVC+CalibratedClassifierCV,catze-labs/jury-dao-web
NEG_00373,0,0,0,673,4,0.0022620496809164893,0,0.1882641203,LinearSVC+CalibratedClassifierCV,cawfree/web3-react-native
NEG_00386,0,0,0,686,4,0.0018294603987577998,0,0.1882641203,LinearSVC+CalibratedClassifierCV,charlo1492charlo14928/NFT-Yield-Farming
NEG_00389,0,0,0,689,4,0.009928395394899472,0,0.1882641203,LinearSVC+CalibratedClassifierCV,chauhan-varun/Account-abstraction
NEG_00395,0,0,0,695,4,0.003572446686297462,0,0.1882641203,LinearSVC+CalibratedClassifierCV,Chirag21/CryptoZombies-solidity-v0.8.16
NEG_00396,0,0,0,696,4,0.003154858308818091,0,0.1882641203,LinearSVC+CalibratedClassifierCV,chjj/mako
NEG_00399,0,0,0,699,4,0.09284337960480323,0,0.1882641203,LinearSVC+CalibratedClassifierCV,ChocoChichia/bitcoin-wallet
NEG_00407,0,0,0,707,4,0.0016204926841573359,0,0.1882641203,LinearSVC+CalibratedClassifierCV,CJpaekil/nft-marketplace-ERC721
NEG_00412,0,0,0,712,4,0.000920598899099874,0,0.1882641203,LinearSVC+CalibratedClassifierCV,ClusterH/Memories-NFT
NEG_00417,0,0,0,717,4,0.0031651746337377083,0,0.1882641203,LinearSVC+CalibratedClassifierCV,Code-Decoders/specter-defi-near
NEG_00431,0,0,0,731,4,3.9195050068025884e-05,0,0.1882641203,LinearSVC+CalibratedClassifierCV,CoinSpace/CoinSpace
NEG_00443,0,0,0,743,4,0.0020876518797748812,0,0.1882641203,LinearSVC+CalibratedClassifierCV,Consensys/defi-score
NEG_00444,0,0,0,744,4,0.004510892109613369,0,0.1882641203,LinearSVC+CalibratedClassifierCV,Consensys/eth-lightwallet
NEG_00449,0,0,0,749,4,0.006127280905052326,0,0.1882641203,LinearSVC+CalibratedClassifierCV,coti-io/coti-ethers
NEG_00454,0,0,0,754,4,0.0008011369870237293,0,0.1882641203,LinearSVC+CalibratedClassifierCV,Cr0mb/Crypto-Sweeper
NEG_00456,0,0,0,756,4,0.06769180366864885,0,0.1882641203,LinearSVC+CalibratedClassifierCV,craftBrainLLC/ethereum-indexer
NEG_00460,0,0,0,760,4,0.019247971010330444,0,0.1882641203,LinearSVC+CalibratedClassifierCV,critfinds/Web3CRIT-Scanner
NEG_00470,0,0,0,770,4,0.05261531978035295,0,0.1882641203,LinearSVC+CalibratedClassifierCV,CryptoApex23/mnemonic-balance-checker
NEG_00473,0,0,0,773,4,0.006550142746338575,0,0.1882641203,LinearSVC+CalibratedClassifierCV,cryptodance/cryptodance-backend
NEG_00475,0,0,0,775,4,8.182342104541235e-05,0,0.1882641203,LinearSVC+CalibratedClassifierCV,CryptoFist/MemeMarketplace-contract
NEG_00476,0,0,0,776,4,0.007176336160617011,0,0.1882641203,LinearSVC+CalibratedClassifierCV,cryptoforge318/NFT-Marketplace
NEG_00487,0,0,0,787,4,0.011662942719862299,0,0.1882641203,LinearSVC+CalibratedClassifierCV,curvefi/curve-contract
NEG_00489,0,0,0,789,4,0.052807182356039296,0,0.1882641203,LinearSVC+CalibratedClassifierCV,cyforge/Orbis-Wallet
NEG_00491,0,0,0,791,4,0.003417364231414987,0,0.1882641203,LinearSVC+CalibratedClassifierCV,cypherpunk-symposium/web3-starter-rs
NEG_00496,0,0,0,796,4,0.0005139866006179059,0,0.1882641203,LinearSVC+CalibratedClassifierCV,d3or/eth-vanity-gen
NEG_00498,0,0,0,798,4,0.040526473416649715,0,0.1882641203,LinearSVC+CalibratedClassifierCV,Dakii03/crypto-project-v2
NEG_00499,0,0,0,799,4,0.00019946374734316629,0,0.1882641203,LinearSVC+CalibratedClassifierCV,dalloglio/nft-pokemon
NEG_00501,0,0,0,801,4,0.0033429586726514003,0,0.1882641203,LinearSVC+CalibratedClassifierCV,Daltonic/dappFundsX
NEG_00504,0,0,0,804,4,0.00046777309863182086,0,0.1882641203,LinearSVC+CalibratedClassifierCV,DanielDimitrov5/NFT-Marketplace-FE
NEG_00511,0,0,0,811,4,3.798254501251564e-05,0,0.1882641203,LinearSVC+CalibratedClassifierCV,dapperlabs/dapper-contracts
NEG_00512,0,0,0,812,4,0.0017779387638059896,0,0.1882641203,LinearSVC+CalibratedClassifierCV,DappFactory/CryptoTrivia
NEG_00515,0,0,0,815,4,0.0008120080010354905,0,0.1882641203,LinearSVC+CalibratedClassifierCV,DappioLab/navigator
NEG_00517,0,0,0,817,4,6.353896292294173e-05,0,0.1882641203,LinearSVC+CalibratedClassifierCV,dappteacher/smart-contract-audit-portfolio
NEG_00521,0,0,0,821,4,0.004684095546624554,0,0.1882641203,LinearSVC+CalibratedClassifierCV,Darkbladecr/cryptoWallet
NEG_00537,0,0,0,837,4,0.0007996010162247715,0,0.1882641203,LinearSVC+CalibratedClassifierCV,Deed3Labs/Protocol-DApp
NEG_00539,0,0,0,839,4,0.008750433062839536,0,0.1882641203,LinearSVC+CalibratedClassifierCV,Deeppanchal2108/metaflex-nft-lab
NEG_00546,0,0,0,846,4,3.979066140462372e-06,0,0.1882641203,LinearSVC+CalibratedClassifierCV,defiprime/defiprime1
NEG_00559,0,0,0,859,4,1.0427566077207105e-06,0,0.1882641203,LinearSVC+CalibratedClassifierCV,DePayFi/widgets
NEG_00568,0,0,0,868,4,0.00017955648321740133,0,0.1882641203,LinearSVC+CalibratedClassifierCV,develrocket/NFT-Smart-Contract
NEG_00569,0,0,0,869,4,0.10979710718134883,0,0.1882641203,LinearSVC+CalibratedClassifierCV,DevJihwan/SmartContractSample_RentCar
NEG_00574,0,0,0,874,4,0.0003278570772414564,0,0.1882641203,LinearSVC+CalibratedClassifierCV,dgrmunch/docuten-blockchain-proof-dapp
NEG_00580,0,0,0,880,4,3.204554734392551e-05,0,0.1882641203,LinearSVC+CalibratedClassifierCV,dhiraj0911/defi-uniswap
NEG_00587,0,0,0,887,4,0.03475206670367445,0,0.1882641203,LinearSVC+CalibratedClassifierCV,Dineshv0311/Web3.0-CryptoTransfer
NEG_00595,0,0,0,895,4,0.010867199735735253,0,0.1882641203,LinearSVC+CalibratedClassifierCV,dmakarov-dev/Ethereum-Solidity-token
NEG_00604,0,0,0,904,4,0.041289168505133374,0,0.1882641203,LinearSVC+CalibratedClassifierCV,dozerokz/polymarket_monitor
NEG_00606,0,0,0,906,4,0.011679268752680452,0,0.1882641203,LinearSVC+CalibratedClassifierCV,drips-network/app
NEG_00616,0,0,0,916,4,0.0003297357135868229,0,0.1882641203,LinearSVC+CalibratedClassifierCV,dvinubius/tiny-multisig-typescript
NEG_00625,0,0,0,925,4,0.0008973757930691648,0,0.1882641203,LinearSVC+CalibratedClassifierCV,EjaraApp/trustdart
NEG_00633,0,0,0,933,4,0.04159488083700991,0,0.1882641203,LinearSVC+CalibratedClassifierCV,elxor/jetum-wallet
NEG_00635,0,0,0,935,4,0.00016751551179850378,0,0.1882641203,LinearSVC+CalibratedClassifierCV,EmanHerawy/web3Drive
NEG_00652,0,0,0,952,4,0.005389592040151321,0,0.1882641203,LinearSVC+CalibratedClassifierCV,EnridoZanoge/Layer-1
NEG_00653,0,0,0,953,4,0.02682235154668096,0,0.1882641203,LinearSVC+CalibratedClassifierCV,enzymefinance/protocol
NEG_00655,0,0,0,955,4,0.3411674530229644,1,0.1882641203,LinearSVC+CalibratedClassifierCV,epacrypt25/Web3BlockchainVooting
NEG_00656,0,0,0,956,4,0.033987329600446196,0,0.1882641203,LinearSVC+CalibratedClassifierCV,EpicVillage/Ore-Blue-Miner
NEG_00657,0,0,0,957,4,0.0006566968739279526,0,0.1882641203,LinearSVC+CalibratedClassifierCV,eprbell/dali-rp2
NEG_00658,0,0,0,958,4,5.3467927689430505e-05,0,0.1882641203,LinearSVC+CalibratedClassifierCV,eprbell/rp2
NEG_00662,0,0,0,962,4,0.0002309001126444696,0,0.1882641203,LinearSVC+CalibratedClassifierCV,ernestognw/ethereum_signature
NEG_00667,0,0,0,967,4,0.00014818186833902245,0,0.1882641203,LinearSVC+CalibratedClassifierCV,EtherAuthority/Portfolio
NEG_00671,0,0,0,971,4,0.00029254584579416887,0,0.1882641203,LinearSVC+CalibratedClassifierCV,Ethernal-Tech/bridge-web-test-suite
NEG_00675,0,0,0,975,4,0.0007678920002785031,0,0.1882641203,LinearSVC+CalibratedClassifierCV,ETsCalrskj/Kypt-MultiSig-Wallet-Transactions-Tron-Ethereum
NEG_00684,0,0,0,984,4,0.0010602032475214831,0,0.1882641203,LinearSVC+CalibratedClassifierCV,exactly/liquidation-bot
NEG_00685,0,0,0,985,4,1.2635274807332494e-05,0,0.1882641203,LinearSVC+CalibratedClassifierCV,exactly/protocol
NEG_00689,0,0,0,989,4,5.779451027017589e-05,0,0.1882641203,LinearSVC+CalibratedClassifierCV,Expandergraph/crypto-crawler
NEG_00690,0,0,0,990,4,0.4738759646863671,1,0.1882641203,LinearSVC+CalibratedClassifierCV,ExpertVagabond/mango-v4
NEG_00696,0,0,0,996,4,0.053384937195487314,0,0.1882641203,LinearSVC+CalibratedClassifierCV,FACINGS/collection-manager
NEG_00697,0,0,0,997,4,0.0027605518872169175,0,0.1882641203,LinearSVC+CalibratedClassifierCV,fadedreams/wallet_go_blockchain_concepts
NEG_00703,0,0,0,1003,4,0.0007435032018910772,0,0.1882641203,LinearSVC+CalibratedClassifierCV,Farber98/MultiSigWallet
NEG_00708,0,0,0,1008,4,0.00044012917847451,0,0.1882641203,LinearSVC+CalibratedClassifierCV,feeeei/vanity-generator
NEG_00713,0,0,0,1013,4,0.00466199427628379,0,0.1882641203,LinearSVC+CalibratedClassifierCV,FIFA0313/sui-mcp-server-wallet-management
NEG_00717,0,0,0,1017,4,0.00029046829717718835,0,0.1882641203,LinearSVC+CalibratedClassifierCV,FIT-DNU/Blockchain-Technology
NEG_00726,0,0,0,1026,4,4.514721885416004e-05,0,0.1882641203,LinearSVC+CalibratedClassifierCV,formysister/crosschain-mixer-solidity
NEG_00728,0,0,0,1028,4,0.057661974236465026,0,0.1882641203,LinearSVC+CalibratedClassifierCV,foxxcn/Arkham_API_test
NEG_00731,0,0,0,1031,4,9.645027169909004e-06,0,0.1882641203,LinearSVC+CalibratedClassifierCV,frankiefab100/Blockchain-Development-Resources
NEG_00732,0,0,0,1032,4,3.993786233017838e-05,0,0.1882641203,LinearSVC+CalibratedClassifierCV,frankiefab100/Web3.0-Roadmap
NEG_00734,0,0,0,1034,4,0.0014745503157599484,0,0.1882641203,LinearSVC+CalibratedClassifierCV,FrederikBolding/chainlist
NEG_00735,0,0,0,1035,4,1.865438536293105e-05,0,0.1882641203,LinearSVC+CalibratedClassifierCV,freight-trust/deployments-solidity
NEG_00738,0,0,0,1038,4,0.001530533724312069,0,0.1882641203,LinearSVC+CalibratedClassifierCV,FriendlyUser/solidity-smart-contracts
NEG_00739,0,0,0,1039,4,0.002278476526340835,0,0.1882641203,LinearSVC+CalibratedClassifierCV,FujiwaraChoki/CoinWizard
NEG_00740,0,0,0,1040,4,2.8057922801482027e-05,0,0.1882641203,LinearSVC+CalibratedClassifierCV,fullstack-development/blockchain-wiki-en
NEG_00750,0,0,0,1050,4,1.0806480288720976e-07,0,0.1882641203,LinearSVC+CalibratedClassifierCV,gear5labs/chenpilot
NEG_00753,0,0,0,1053,4,5.88308683854899e-05,0,0.1882641203,LinearSVC+CalibratedClassifierCV,Generic35/Ethereum-Wallet-Dai-Token-Clone
NEG_00758,0,0,0,1058,4,0.002567184074866418,0,0.1882641203,LinearSVC+CalibratedClassifierCV,gfsxyz/lamina
NEG_00760,0,0,0,1060,4,0.0003243926169171887,0,0.1882641203,LinearSVC+CalibratedClassifierCV,GHODA-crypto/shatranj
NEG_00761,0,0,0,1061,4,0.0968110196885808,0,0.1882641203,LinearSVC+CalibratedClassifierCV,ghulamrabbanimedium-dotcom/VerseBet-dapp
NEG_00768,0,0,0,1068,4,0.6664307365892825,1,0.1882641203,LinearSVC+CalibratedClassifierCV,gmh5225/awesome-crypto-wallet-address
NEG_00773,0,0,0,1073,4,0.03536910046614647,0,0.1882641203,LinearSVC+CalibratedClassifierCV,GobyWallet/openapi
NEG_00783,0,0,0,1083,4,4.882709229382851e-05,0,0.1882641203,LinearSVC+CalibratedClassifierCV,GridexProtocol/core
NEG_00784,0,0,0,1084,4,0.041901080084038526,0,0.1882641203,LinearSVC+CalibratedClassifierCV,gridgentoo/graph-node
NEG_00789,0,0,0,1089,4,0.0002622338024226533,0,0.1882641203,LinearSVC+CalibratedClassifierCV,GuiTeK/bip39-splitter
NEG_00790,0,0,0,1090,4,0.0002890557878257685,0,0.1882641203,LinearSVC+CalibratedClassifierCV,guoshijiang/blockchain-wallet-sdk
NEG_00801,0,0,0,1101,4,0.000216790198017456,0,0.1882641203,LinearSVC+CalibratedClassifierCV,HadhemiBM/SmartContract_NFT-Marketplace
NEG_00814,0,0,0,1114,4,8.0654891471546e-05,0,0.1882641203,LinearSVC+CalibratedClassifierCV,HarryR/shwop
NEG_00822,0,0,0,1122,4,0.003474065169050617,0,0.1882641203,LinearSVC+CalibratedClassifierCV,HashLips/nft_collection_minter
NEG_00823,0,0,0,1123,4,0.008846449629560502,0,0.1882641203,LinearSVC+CalibratedClassifierCV,HassanA632/blockchain-wallet-risk-analyser
NEG_00825,0,0,0,1125,4,0.00037026288670348006,0,0.1882641203,LinearSVC+CalibratedClassifierCV,haxpor/contractdiff
NEG_00826,0,0,0,1126,4,0.00020976633631231115,0,0.1882641203,LinearSVC+CalibratedClassifierCV,haxpor/inoutflow
NEG_00827,0,0,0,1127,4,0.002140859897639587,0,0.1882641203,LinearSVC+CalibratedClassifierCV,hclivess/qtrader
NEG_00828,0,0,0,1128,4,0.0006553854920146837,0,0.1882641203,LinearSVC+CalibratedClassifierCV,hdwaIIet-io/python-hdwallet
NEG_00830,0,0,0,1130,4,7.995960331645922e-05,0,0.1882641203,LinearSVC+CalibratedClassifierCV,henesaud/bitcoin-cryptography
NEG_00833,0,0,0,1133,4,5.0905487773066764e-05,0,0.1882641203,LinearSVC+CalibratedClassifierCV,hiero-ledger/hiero-consensus-node
NEG_00837,0,0,0,1137,4,0.0007018373806631503,0,0.1882641203,LinearSVC+CalibratedClassifierCV,HimanshuGupta-p1/ETHIFY
NEG_00848,0,0,0,1148,4,0.00020833144461437287,0,0.1882641203,LinearSVC+CalibratedClassifierCV,horizontalsystems/bitcoin-kit-android
NEG_00850,0,0,0,1150,4,7.164276802841955e-06,0,0.1882641203,LinearSVC+CalibratedClassifierCV,horizontalsystems/ethereum-kit-android
NEG_00851,0,0,0,1151,4,8.51801414571631e-06,0,0.1882641203,LinearSVC+CalibratedClassifierCV,horizontalsystems/unstoppable-wallet-android
NEG_00852,0,0,0,1152,4,0.0001422388274136645,0,0.1882641203,LinearSVC+CalibratedClassifierCV,horizontalsystems/unstoppable-wallet-ios
NEG_00853,0,0,0,1153,4,0.00010912728257872791,0,0.1882641203,LinearSVC+CalibratedClassifierCV,hoseadevops/edec-nft-market
NEG_00866,0,0,0,1166,4,0.04072968739490249,0,0.1882641203,LinearSVC+CalibratedClassifierCV,hzblab/NFT-Minting-dApp
NEG_00868,0,0,0,1168,4,4.4364946716314925e-05,0,0.1882641203,LinearSVC+CalibratedClassifierCV,iamnotstatic/multichain-crypto-wallet
NEG_00872,0,0,0,1172,4,0.0052631931916449805,0,0.1882641203,LinearSVC+CalibratedClassifierCV,IBM/loyalty-points-evm-fabric
NEG_00875,0,0,0,1175,4,0.0036929393306070657,0,0.1882641203,LinearSVC+CalibratedClassifierCV,IcarusCan/CryptoSimsNFT
NEG_00876,0,0,0,1176,4,0.0001236658584043661,0,0.1882641203,LinearSVC+CalibratedClassifierCV,icebert04/Defi-Dashboard
NEG_00882,0,0,0,1182,4,0.009247912742376784,0,0.1882641203,LinearSVC+CalibratedClassifierCV,illia-fz/defi-python-nft-staking-rewards-v2
NEG_00884,0,0,0,1184,4,0.0008995502528723874,0,0.1882641203,LinearSVC+CalibratedClassifierCV,ilyarolf/AiogramShopBot
NEG_00885,0,0,0,1185,4,0.0012380492646143855,0,0.1882641203,LinearSVC+CalibratedClassifierCV,imanmousaei/coinexpy
NEG_00890,0,0,0,1190,4,0.0004621120599663698,0,0.1882641203,LinearSVC+CalibratedClassifierCV,Infinite-Null/Wallet-Master
NEG_00894,0,0,0,1194,4,4.054901194530708e-05,0,0.1882641203,LinearSVC+CalibratedClassifierCV,instant-coffee/cryptoZombies
NEG_00895,0,0,0,1195,4,0.0011389949689066237,0,0.1882641203,LinearSVC+CalibratedClassifierCV,invis2912/TokenTrail
NEG_00902,0,0,0,1202,4,0.003988867746510769,0,0.1882641203,LinearSVC+CalibratedClassifierCV,itsSauravK/Election-Voting-Blockchain
NEG_00908,0,0,0,1208,4,0.07828360922664031,0,0.1882641203,LinearSVC+CalibratedClassifierCV,Iwai88961997/Electrum-Fake-Balance
NEG_00911,0,0,0,1211,4,0.0007664674636762387,0,0.1882641203,LinearSVC+CalibratedClassifierCV,jaayperez/coin
NEG_00912,0,0,0,1212,4,0.003485215488903752,0,0.1882641203,LinearSVC+CalibratedClassifierCV,jackey1510/MyNFT
NEG_00919,0,0,0,1219,4,0.0002175779819324025,0,0.1882641203,LinearSVC+CalibratedClassifierCV,JacobZavita/nfts-react
NEG_00920,0,0,0,1220,4,9.103531722567731e-05,0,0.1882641203,LinearSVC+CalibratedClassifierCV,jagadeeshgatla/simple-cryptocurrency-wallet
NEG_00924,0,0,0,1224,4,6.907708620695182e-05,0,0.1882641203,LinearSVC+CalibratedClassifierCV,jamaltheatlantean/DeFi-Staking
NEG_00927,0,0,0,1227,4,7.97982058154433e-05,0,0.1882641203,LinearSVC+CalibratedClassifierCV,JamesANZ/learn-solidity-with-examples
NEG_00933,0,0,0,1233,4,0.053358308072471945,0,0.1882641203,LinearSVC+CalibratedClassifierCV,Jared351/Blockchain-crypto-currencies
NEG_00934,0,0,0,1234,4,0.00018234712466778848,0,0.1882641203,LinearSVC+CalibratedClassifierCV,jarrettyew/web3.0
NEG_00935,0,0,0,1235,4,0.0014077579147794385,0,0.1882641203,LinearSVC+CalibratedClassifierCV,jarrodwatts/evmkit
NEG_00945,0,0,0,1245,4,0.0005871779980487152,0,0.1882641203,LinearSVC+CalibratedClassifierCV,jdogresorg/freewallet
NEG_00947,0,0,0,1247,4,0.0001181674818650013,0,0.1882641203,LinearSVC+CalibratedClassifierCV,jeet-patel313/NFTStaking
NEG_00953,0,0,0,1253,4,0.001986598726852627,0,0.1882641203,LinearSVC+CalibratedClassifierCV,jenil04/auction
NEG_00958,0,0,0,1258,4,0.00012047961626017325,0,0.1882641203,LinearSVC+CalibratedClassifierCV,jitendragangwar123/Crowd-Sale-ICO-Dapp
NEG_00959,0,0,0,1259,4,9.570992576583999e-05,0,0.1882641203,LinearSVC+CalibratedClassifierCV,jitendragangwar123/Crypto-Zombies-Game
NEG_00961,0,0,0,1261,4,0.00016396875646602373,0,0.1882641203,LinearSVC+CalibratedClassifierCV,jjanczur/SolidityDrive
NEG_00967,0,0,0,1267,4,5.890310869971483e-05,0,0.1882641203,LinearSVC+CalibratedClassifierCV,johnnyshankman/xtznftswap-contracts
NEG_00969,0,0,0,1269,4,0.0014980880227267411,0,0.1882641203,LinearSVC+CalibratedClassifierCV,jokeradms/Electrum-ADA
NEG_00970,0,0,0,1270,4,4.813340320409634e-05,0,0.1882641203,LinearSVC+CalibratedClassifierCV,jolly-roger-eth/ethereum-indexer
NEG_00971,0,0,0,1271,4,0.0007623727255905928,0,0.1882641203,LinearSVC+CalibratedClassifierCV,Jolsho/eth_wallet
NEG_00977,0,0,0,1277,4,0.08259740824183148,0,0.1882641203,LinearSVC+CalibratedClassifierCV,joshH94/NFT-Marketplace-Solidity-Hardhat-NexJS-Web3js-Tailwind
NEG_00980,0,0,0,1280,4,0.00085607745543602,0,0.1882641203,LinearSVC+CalibratedClassifierCV,jp-co-decoo-shirato/solidity-cryptozombies
NEG_00991,0,0,0,1291,4,0.004891496068124292,0,0.1882641203,LinearSVC+CalibratedClassifierCV,jun1sen1/solidityone1
NEG_00992,0,0,0,1292,4,0.00013993814565760882,0,0.1882641203,LinearSVC+CalibratedClassifierCV,Juniorduc44/brownie_fund_me
NEG_00996,0,0,0,1296,4,0.00036781924128243167,0,0.1882641203,LinearSVC+CalibratedClassifierCV,k1-c/ethereum-wallet-manager
NEG_01002,0,0,0,1302,4,0.048273577120205476,0,0.1882641203,LinearSVC+CalibratedClassifierCV,karmaizmyb1tch/Crypto-Wallet
NEG_01003,0,0,0,1303,4,0.0064624884806067035,0,0.1882641203,LinearSVC+CalibratedClassifierCV,kartik78946/Bank-Wallet-SmartContract
NEG_01008,0,0,0,1308,4,6.085274100594109e-05,0,0.1882641203,LinearSVC+CalibratedClassifierCV,kausikds/ethereum-onChain-wallet
NEG_01011,0,0,0,1311,4,0.0027310859937795732,0,0.1882641203,LinearSVC+CalibratedClassifierCV,kaymen99/uniswap-sushiswap-arbitrage
NEG_01015,0,0,0,1315,4,0.00012787979394264873,0,0.1882641203,LinearSVC+CalibratedClassifierCV,keewenaw/Ethereum-Wallet-Cracker
NEG_01019,0,0,0,1319,4,0.010506421263482932,0,0.1882641203,LinearSVC+CalibratedClassifierCV,Kelvyne/starknet-storage-proof-solidity
NEG_01024,0,0,0,1324,4,0.0004172505197262873,0,0.1882641203,LinearSVC+CalibratedClassifierCV,kerala-blockchain-academy/SmartKYC
NEG_01031,0,0,0,1331,4,0.005700420429491211,0,0.1882641203,LinearSVC+CalibratedClassifierCV,Keya-Moradi/Cryptopunk
NEG_01032,0,0,0,1332,4,0.05023134348755646,0,0.1882641203,LinearSVC+CalibratedClassifierCV,keyhunters/Biggest-Lost-Bitcoin-Wallets-List
NEG_01035,0,0,0,1335,4,7.635008910376309e-05,0,0.1882641203,LinearSVC+CalibratedClassifierCV,khanjasir90/Secure-Shared-Wallet-Solidity
NEG_01039,0,0,0,1339,4,0.002284720074562097,0,0.1882641203,LinearSVC+CalibratedClassifierCV,kinggongzilla/Stable_GME_SmartContract
NEG_01042,0,0,0,1342,4,0.0010471424182771666,0,0.1882641203,LinearSVC+CalibratedClassifierCV,kingsudo1004/Wallet-EVM
NEG_01048,0,0,0,1348,4,0.0001560079276432849,0,0.1882641203,LinearSVC+CalibratedClassifierCV,klntsky/sec.cyou
NEG_01062,0,0,0,1362,4,0.005471269972321185,0,0.1882641203,LinearSVC+CalibratedClassifierCV,krypc-code/krypcore-web3-sdk
NEG_01065,0,0,0,1365,4,0.36294743750740793,1,0.1882641203,LinearSVC+CalibratedClassifierCV,kunalsinghdadhwal/LiqX
NEG_01066,0,0,0,1366,4,0.0014415148668098837,0,0.1882641203,LinearSVC+CalibratedClassifierCV,Kuprovskiy/defi.finance
NEG_01069,0,0,0,1369,4,0.011966012889241982,0,0.1882641203,LinearSVC+CalibratedClassifierCV,kvmizu/transfer_eth
NEG_01070,0,0,0,1370,4,0.008570317695890343,0,0.1882641203,LinearSVC+CalibratedClassifierCV,KYVENetwork/kyvejs
NEG_01072,0,0,0,1372,4,0.0017111641084249863,0,0.1882641203,LinearSVC+CalibratedClassifierCV,LaChance-Lab/EVM-Solana-Casino-Games
NEG_01077,0,0,0,1377,4,0.0005203162249852674,0,0.1882641203,LinearSVC+CalibratedClassifierCV,laser-wallet/laser-wallet-contracts
NEG_01081,0,0,0,1381,4,0.04812682214294713,0,0.1882641203,LinearSVC+CalibratedClassifierCV,Lavkush3411/nft-backend
NEG_01088,0,0,0,1388,4,0.0004118989873918983,0,0.1882641203,LinearSVC+CalibratedClassifierCV,LeandroHugo/EtherJoint-Decentralized-Finance-for-Shared-Prosperity
NEG_01092,0,0,0,1392,4,0.0002517714623421906,0,0.1882641203,LinearSVC+CalibratedClassifierCV,lefajmofokeng/Cryptocurrencies
NEG_01093,0,0,0,1393,4,0.002895348008837206,0,0.1882641203,LinearSVC+CalibratedClassifierCV,Lego1st/VotingDapp
NEG_01097,0,0,0,1397,4,8.57435511960551e-05,0,0.1882641203,LinearSVC+CalibratedClassifierCV,leukaemiamedtech/hiasbch
NEG_01098,0,0,0,1398,4,9.979625445502109e-05,0,0.1882641203,LinearSVC+CalibratedClassifierCV,levintech/CryptoZombie
NEG_01099,0,0,0,1399,4,0.0004950635045654464,0,0.1882641203,LinearSVC+CalibratedClassifierCV,life-itself/web3
NEG_01115,0,0,0,1415,4,0.0012287839728710522,0,0.1882641203,LinearSVC+CalibratedClassifierCV,Louis-XWB/ICP_Web3Jobs
NEG_01119,0,0,0,1419,4,0.00020296985184914285,0,0.1882641203,LinearSVC+CalibratedClassifierCV,lucabizza/cryptozombies
NEG_01126,0,0,0,1426,4,0.00034846274536027725,0,0.1882641203,LinearSVC+CalibratedClassifierCV,m1guelpf/laravel-web3-login
NEG_01127,0,0,0,1427,4,0.00021274635322940925,0,0.1882641203,LinearSVC+CalibratedClassifierCV,maAPPsDEV/dex-attack
NEG_01139,0,0,0,1439,4,0.0012147302049893404,0,0.1882641203,LinearSVC+CalibratedClassifierCV,manifoldfinance/kb
NEG_01140,0,0,0,1440,4,0.014991761764348998,0,0.1882641203,LinearSVC+CalibratedClassifierCV,manifoldfinance/multicall-framework
NEG_01141,0,0,0,1441,4,0.00018031836581746297,0,0.1882641203,LinearSVC+CalibratedClassifierCV,manifoldfinance/tscli
NEG_01142,0,0,0,1442,4,0.0004893346932224236,0,0.1882641203,LinearSVC+CalibratedClassifierCV,manifoldx/typed-sdk
NEG_01145,0,0,0,1445,4,0.012199802006003735,0,0.1882641203,LinearSVC+CalibratedClassifierCV,manuelpires/nft-collection-generator
NEG_01148,0,0,0,1448,4,0.02058915818864478,0,0.1882641203,LinearSVC+CalibratedClassifierCV,MarcoBrian/damn-vulnerable-defi
NEG_01149,0,0,0,1449,4,0.054423288316841845,0,0.1882641203,LinearSVC+CalibratedClassifierCV,margelo/react-native-graph
NEG_01150,0,0,0,1450,4,0.00013976980201604603,0,0.1882641203,LinearSVC+CalibratedClassifierCV,marginalfriend/brownie_fund_me
NEG_01155,0,0,0,1455,4,0.0009293403034686664,0,0.1882641203,LinearSVC+CalibratedClassifierCV,MartinSerafini/Solidity
NEG_01156,0,0,0,1456,4,0.00020595672704710362,0,0.1882641203,LinearSVC+CalibratedClassifierCV,martycodes333/crypto_zombies
NEG_01166,0,0,0,1466,4,0.00019864535075662343,0,0.1882641203,LinearSVC+CalibratedClassifierCV,matprime/ERC-1155-NFT-demo
NEG_01167,0,0,0,1467,4,0.00029117043685634997,0,0.1882641203,LinearSVC+CalibratedClassifierCV,mattdf/RingCrypto
NEG_01168,0,0,0,1468,4,0.0014858008102670297,0,0.1882641203,LinearSVC+CalibratedClassifierCV,matthias-wyss/crypto-carry-trade-strategies
NEG_01172,0,0,0,1472,4,0.0014618329855410944,0,0.1882641203,LinearSVC+CalibratedClassifierCV,maximebrugel/YokaiChain
NEG_01174,0,0,0,1474,4,0.00022179041258425826,0,0.1882641203,LinearSVC+CalibratedClassifierCV,mchalise/mero_crypto_finance
NEG_01188,0,0,0,1488,4,0.0014609830781133282,0,0.1882641203,LinearSVC+CalibratedClassifierCV,mervanerenci/Jumpy-PlayToEarn-BlockchainGame
NEG_01191,0,0,0,1491,4,0.0003900646597324344,0,0.1882641203,LinearSVC+CalibratedClassifierCV,Meta-Dragons/CronoSafe
NEG_01195,0,0,0,1495,4,0.00041869529199212657,0,0.1882641203,LinearSVC+CalibratedClassifierCV,MGM103/CDP_Stable_Coin
NEG_01197,0,0,0,1497,4,0.0003932411383602715,0,0.1882641203,LinearSVC+CalibratedClassifierCV,MhmdNdri/XCryptoDApp
NEG_01199,0,0,0,1499,4,0.00011126287446768783,0,0.1882641203,LinearSVC+CalibratedClassifierCV,mic0des/simple-multisig-wallet
NEG_01201,0,0,0,1501,4,9.961459501413022e-05,0,0.1882641203,LinearSVC+CalibratedClassifierCV,Michal2SAB/Ethereum-Stealer
NEG_01203,0,0,0,1503,4,0.008277729761998996,0,0.1882641203,LinearSVC+CalibratedClassifierCV,michelle5013-guilloryn/polye
NEG_01205,0,0,0,1505,4,4.980220524618215e-05,0,0.1882641203,LinearSVC+CalibratedClassifierCV,midas92/lottery-casino-crypto-game
NEG_01209,0,0,0,1509,4,0.0025776565487570695,0,0.1882641203,LinearSVC+CalibratedClassifierCV,milan338/totally-secure-dapp
NEG_01212,0,0,0,1512,4,0.0022063707743132347,0,0.1882641203,LinearSVC+CalibratedClassifierCV,mimani68/TRON-network-smart-contract-integration
NEG_01213,0,0,0,1513,4,0.004053353395692559,0,0.1882641203,LinearSVC+CalibratedClassifierCV,mimic-fi/cross-chain-subscription-payments-with-mimic
NEG_01214,0,0,0,1514,4,0.3292706489282272,1,0.1882641203,LinearSVC+CalibratedClassifierCV,mimic-protocol/contracts
NEG_01217,0,0,0,1517,4,0.005136706334602691,0,0.1882641203,LinearSVC+CalibratedClassifierCV,Mizogg/GUI_keyhunt
NEG_01219,0,0,0,1519,4,0.0012915818169573258,0,0.1882641203,LinearSVC+CalibratedClassifierCV,Mizogg/Tkinter-Power-Mini
NEG_01227,0,0,0,1527,4,0.02551179815677425,0,0.1882641203,LinearSVC+CalibratedClassifierCV,moisestech/web3crypto.mx
NEG_01236,0,0,0,1536,4,7.174855543368477e-05,0,0.1882641203,LinearSVC+CalibratedClassifierCV,MoralisWeb3/unity-web3-game-kit
NEG_01243,0,0,0,1543,4,0.0029681485120264446,0,0.1882641203,LinearSVC+CalibratedClassifierCV,mrazoriginal/Ali-Crypto-House-HardFork
NEG_01246,0,0,0,1546,4,0.7551120926244449,1,0.1882641203,LinearSVC+CalibratedClassifierCV,mrkkyatilla/omus-wallet
NEG_01252,0,0,0,1552,4,0.11648820950982906,0,0.1882641203,LinearSVC+CalibratedClassifierCV,mstable/mStable-app
NEG_01253,0,0,0,1553,4,0.003936916528951851,0,0.1882641203,LinearSVC+CalibratedClassifierCV,mstable/mStable-contracts
NEG_01260,0,0,0,1560,4,0.0011340766116790565,0,0.1882641203,LinearSVC+CalibratedClassifierCV,multiavatar/multiavatar-solidity
NEG_01276,0,0,0,1576,4,0.06437137557215251,0,0.1882641203,LinearSVC+CalibratedClassifierCV,n4bi10p/aptos-meme-nft-minter
NEG_01277,0,0,0,1577,4,8.213288165156083e-05,0,0.1882641203,LinearSVC+CalibratedClassifierCV,Nachoxt17/Blockchain-Memory-Game-with-ERC-721-Tokens
NEG_01279,0,0,0,1579,4,0.0030889297963183605,0,0.1882641203,LinearSVC+CalibratedClassifierCV,nakandakare/cryptopay-smart-contract
NEG_01295,0,0,0,1595,4,3.812348998365609e-05,0,0.1882641203,LinearSVC+CalibratedClassifierCV,Neph-dev/EpicNFT
NEG_01296,0,0,0,1596,4,0.0010009256092273864,0,0.1882641203,LinearSVC+CalibratedClassifierCV,NEST-Protocol/NEST-Oracle-V4.0
NEG_01307,0,0,0,1607,4,0.0009714808978537066,0,0.1882641203,LinearSVC+CalibratedClassifierCV,nicehash/NiceHashQuickMiner
NEG_01308,0,0,0,1608,4,0.00013333895657852195,0,0.1882641203,LinearSVC+CalibratedClassifierCV,nicholashc/uniswap-skim
NEG_01311,0,0,0,1611,4,0.005355079762661957,0,0.1882641203,LinearSVC+CalibratedClassifierCV,nicolaiort/stonx-backend
NEG_01312,0,0,0,1612,4,0.026821760080850094,0,0.1882641203,LinearSVC+CalibratedClassifierCV,nicolas-sanch/web3.py-dapp
NEG_01322,0,0,0,1622,4,0.0767607113412433,0,0.1882641203,LinearSVC+CalibratedClassifierCV,nirholas/free-crypto-news
NEG_01324,0,0,0,1624,4,0.0006746534390682744,0,0.1882641203,LinearSVC+CalibratedClassifierCV,nirholas/x402-stablecoin
NEG_01325,0,0,0,1625,4,0.0006089504773932942,0,0.1882641203,LinearSVC+CalibratedClassifierCV,Nishantthapa4591/Smart-Wallet-with-Blockchain
NEG_01343,0,0,0,1643,4,7.029952863804667e-05,0,0.1882641203,LinearSVC+CalibratedClassifierCV,ntourne/nft-crypto-punks-contract
NEG_01346,0,0,0,1646,4,0.004731277111302952,0,0.1882641203,LinearSVC+CalibratedClassifierCV,nxm-rs/nexum
NEG_01348,0,0,0,1648,4,0.008936526620937536,0,0.1882641203,LinearSVC+CalibratedClassifierCV,oasislabs/oasis.js
NEG_01365,0,0,0,1665,4,0.0010513444364849685,0,0.1882641203,LinearSVC+CalibratedClassifierCV,olegsinavski/voting_system_web3
NEG_01373,0,0,0,1673,4,0.0012988127364400308,0,0.1882641203,LinearSVC+CalibratedClassifierCV,OneKeyHQ/app-monorepo
NEG_01377,0,0,0,1677,4,0.0013230269138938967,0,0.1882641203,LinearSVC+CalibratedClassifierCV,onoka-ship-it/kogwasys
NEG_01389,0,0,0,1689,4,0.0006012927478102664,0,0.1882641203,LinearSVC+CalibratedClassifierCV,Opty1712/nft-opensea-search
NEG_01391,0,0,0,1691,4,0.00017358710946262948,0,0.1882641203,LinearSVC+CalibratedClassifierCV,orelkabets/eth-wallet-notify
NEG_01392,0,0,0,1692,4,0.0001540141144138529,0,0.1882641203,LinearSVC+CalibratedClassifierCV,OriginProtocol/origin-dollar
NEG_01399,0,0,0,1699,4,0.02121868264112654,0,0.1882641203,LinearSVC+CalibratedClassifierCV,Oxdevonchain/ethereum-nft-marketplace
NEG_01402,0,0,0,1702,4,0.0011631330569242995,0,0.1882641203,LinearSVC+CalibratedClassifierCV,p4u/blockmessage
NEG_01416,0,0,0,1716,4,0.0030758696337178384,0,0.1882641203,LinearSVC+CalibratedClassifierCV,patrana/cryptographic-parcel-ledger
NEG_01420,0,0,0,1720,4,0.0012424106404439119,0,0.1882641203,LinearSVC+CalibratedClassifierCV,PaulRBerg/prb-math
NEG_01433,0,0,0,1733,4,0.012349807222622597,0,0.1882641203,LinearSVC+CalibratedClassifierCV,PeterVermeulen01123/NFT-cryptoDevs
NEG_01440,0,0,0,1740,4,0.002530036094144815,0,0.1882641203,LinearSVC+CalibratedClassifierCV,Pixie1234/BlockchainCrypto
NEG_01442,0,0,0,1742,4,3.2754938933999753e-06,0,0.1882641203,LinearSVC+CalibratedClassifierCV,Planxnx/defi-tx-kit
NEG_01458,0,0,0,1758,4,0.00011435250039562985,0,0.1882641203,LinearSVC+CalibratedClassifierCV,prasanna-rkumar/Cryptocurrency-Widgets-by-Wallet.app
NEG_01466,0,0,0,1766,4,0.0002820249299497622,0,0.1882641203,LinearSVC+CalibratedClassifierCV,pRizz/CryptoNoter
NEG_01470,0,0,0,1770,4,0.2980911351718448,1,0.1882641203,LinearSVC+CalibratedClassifierCV,project-serum/spl-token-wallet
NEG_01486,0,0,0,1786,4,0.00016897803697399764,0,0.1882641203,LinearSVC+CalibratedClassifierCV,qtumproject/qtum
NEG_01488,0,0,0,1788,4,0.004428588349808622,0,0.1882641203,LinearSVC+CalibratedClassifierCV,QuantForgeOrg/PineTS
NEG_01489,0,0,0,1789,4,0.003302779408127608,0,0.1882641203,LinearSVC+CalibratedClassifierCV,QuantLet/Blockchain_mechanism
NEG_01497,0,0,0,1797,4,0.0011066753376611632,0,0.1882641203,LinearSVC+CalibratedClassifierCV,Racks-Community/MrCryptoIndexer
NEG_01504,0,0,0,1804,4,0.001458816441159521,0,0.1882641203,LinearSVC+CalibratedClassifierCV,RageTrade/core
NEG_01511,0,0,0,1811,4,0.00032720700123973806,0,0.1882641203,LinearSVC+CalibratedClassifierCV,raketic-ognjen/ZombieCrypto
NEG_01514,0,0,0,1814,4,0.0001464286941721681,0,0.1882641203,LinearSVC+CalibratedClassifierCV,ramyhardan/proof-of-existence
NEG_01516,0,0,0,1816,4,0.020914210814901944,0,0.1882641203,LinearSVC+CalibratedClassifierCV,rango-exchange/rango-sdk
NEG_01523,0,0,0,1823,4,0.012560343875263965,0,0.1882641203,LinearSVC+CalibratedClassifierCV,RazDwa1923/ML_Pred_Crypto
NEG_01531,0,0,0,1831,4,0.00043667090426630973,0,0.1882641203,LinearSVC+CalibratedClassifierCV,redbuttonsa/crypt
NEG_01535,0,0,0,1835,4,0.00017457658127291605,0,0.1882641203,LinearSVC+CalibratedClassifierCV,remston-dsa/ETH-USD-price-feed-using-Chainlink-oracle-Web3-Brownie-Python-and-Solidity
NEG_01539,0,0,0,1839,4,0.000169384373783813,0,0.1882641203,LinearSVC+CalibratedClassifierCV,reown-com/reown_flutter
NEG_01541,0,0,0,1841,4,0.1414395440869366,0,0.1882641203,LinearSVC+CalibratedClassifierCV,reshma149/crypto
NEG_01555,0,0,0,1855,4,0.0009891078335093394,0,0.1882641203,LinearSVC+CalibratedClassifierCV,ro61zzy/crypto_zombies
NEG_01560,0,0,0,1860,4,7.034046408395388e-05,0,0.1882641203,LinearSVC+CalibratedClassifierCV,Robocular/defi-mcp
NEG_01564,0,0,0,1864,4,0.000942979002039922,0,0.1882641203,LinearSVC+CalibratedClassifierCV,rohanjsh/nft-marketplace
NEG_01568,0,0,0,1868,4,0.0007845531759924869,0,0.1882641203,LinearSVC+CalibratedClassifierCV,rolod0x/rolod0x
NEG_01569,0,0,0,1869,4,0.11280363997802147,0,0.1882641203,LinearSVC+CalibratedClassifierCV,romanzaikin/From-Zero-to-Hero-in-Blockchain-Security-DefCon30-Workshop
NEG_01576,0,0,0,1876,4,0.07281689314719685,0,0.1882641203,LinearSVC+CalibratedClassifierCV,rtb-12/PolkaGuard
NEG_01587,0,0,0,1887,4,4.2327639942842386e-41,0,0.1882641203,LinearSVC+CalibratedClassifierCV,Ryz0nd/useWeb3Wallet
NEG_01602,0,0,0,1902,4,0.00028671111945504626,0,0.1882641203,LinearSVC+CalibratedClassifierCV,Sammers21/crypto-owl
NEG_01606,0,0,0,1906,4,0.0010780284770119145,0,0.1882641203,LinearSVC+CalibratedClassifierCV,santiellena/air-flatcoin-protocol
NEG_01614,0,0,0,1914,4,0.000548936410619246,0,0.1882641203,LinearSVC+CalibratedClassifierCV,Savjee/SavjeeCoin
NEG_01616,0,0,0,1916,4,0.0018181930433829926,0,0.1882641203,LinearSVC+CalibratedClassifierCV,sayandas-sd/Scan_and_pay_Crypto
NEG_01620,0,0,0,1920,4,0.10145571283606754,0,0.1882641203,LinearSVC+CalibratedClassifierCV,sciencemanepsilon/Blockchain_DeFi_Gaming
NEG_01630,0,0,0,1930,4,0.012709380373558073,0,0.1882641203,LinearSVC+CalibratedClassifierCV,SecorD0/evm-mnemonic-generator
NEG_01637,0,0,0,1937,4,0.0001744467638184047,0,0.1882641203,LinearSVC+CalibratedClassifierCV,ShackAmeri/brownie-koalaStaking
NEG_01641,0,0,0,1941,4,0.002013553437715795,0,0.1882641203,LinearSVC+CalibratedClassifierCV,Shaivpidadi/NFT-Dapp-Boilerplate
NEG_01647,0,0,0,1947,4,0.06410352053818061,0,0.1882641203,LinearSVC+CalibratedClassifierCV,Shashwat-Manglam-Jain/NFT-Blockchain
NEG_01651,0,0,0,1951,4,0.0013214880310025972,0,0.1882641203,LinearSVC+CalibratedClassifierCV,ShivankK26/Crypto-Wallet-Extension
NEG_01654,0,0,0,1954,4,6.546679116797125e-05,0,0.1882641203,LinearSVC+CalibratedClassifierCV,shlima/fortune
NEG_01671,0,0,0,1971,4,0.0004551282320206835,0,0.1882641203,LinearSVC+CalibratedClassifierCV,skundu42/CryptoWarz
NEG_01673,0,0,0,1973,4,0.009009992751115027,0,0.1882641203,LinearSVC+CalibratedClassifierCV,skydream118/NFTMarketplace
NEG_01677,0,0,0,1977,4,0.0022631661419012725,0,0.1882641203,LinearSVC+CalibratedClassifierCV,sletizia/serverless-trading-bot
NEG_01684,0,0,0,1984,4,1.1546079668802025e-05,0,0.1882641203,LinearSVC+CalibratedClassifierCV,smartcontract123/-Smart-Contract-Based-Cryptocurrency-MlM-Software-Development-On-Tron-Ethereum-Smart-contract-Deve
NEG_01688,0,0,0,1988,4,0.0004894629353568235,0,0.1882641203,LinearSVC+CalibratedClassifierCV,smolgroot/prometheus-vanity-generator
NEG_01691,0,0,0,1991,4,1.323723163892553e-05,0,0.1882641203,LinearSVC+CalibratedClassifierCV,sobi983/Binance-Marketplace-NFT-transfer-automation
NEG_01693,0,0,0,1993,4,0.0007541123807904936,0,0.1882641203,LinearSVC+CalibratedClassifierCV,softstack/Smart-Contract-Security-Audits
NEG_01704,0,0,0,2004,4,0.003141939165739543,0,0.1882641203,LinearSVC+CalibratedClassifierCV,sounxk/Web3Escrow
NEG_01709,0,0,0,2009,4,0.002477733428082681,0,0.1882641203,LinearSVC+CalibratedClassifierCV,spesmulla/electrum
NEG_01710,0,0,0,2010,4,0.0008610381017415958,0,0.1882641203,LinearSVC+CalibratedClassifierCV,SpiderOak/Encryptr
NEG_01721,0,0,0,2021,4,0.00812897640252177,0,0.1882641203,LinearSVC+CalibratedClassifierCV,status-im/status-legacy
NEG_01731,0,0,0,2031,4,0.00023092214413338236,0,0.1882641203,LinearSVC+CalibratedClassifierCV,stravid87/nft_mgt_protocol
NEG_01739,0,0,0,2039,4,0.029160129774053096,0,0.1882641203,LinearSVC+CalibratedClassifierCV,sun-blockchain/harmony-pet
NEG_01740,0,0,0,2040,4,0.003932812912154789,0,0.1882641203,LinearSVC+CalibratedClassifierCV,sunby16/web3-portfolio
NEG_01743,0,0,0,2043,4,0.00031075193976155536,0,0.1882641203,LinearSVC+CalibratedClassifierCV,sunnyRK/EthIndia-HackJaipur
NEG_01745,0,0,0,2045,4,0.002520181951514887,0,0.1882641203,LinearSVC+CalibratedClassifierCV,SunWeb3Sec/DeFiHackLabs
NEG_01753,0,0,0,2053,4,0.00037140102336526707,0,0.1882641203,LinearSVC+CalibratedClassifierCV,svanas/migratooor
NEG_01758,0,0,0,2058,4,0.0002533149086742439,0,0.1882641203,LinearSVC+CalibratedClassifierCV,sweetmantech/nft-factory
NEG_01765,0,0,0,2065,4,6.527923059691375e-05,0,0.1882641203,LinearSVC+CalibratedClassifierCV,syedsimanta03/solana-NFT
NEG_01766,0,0,0,2066,4,0.014333141948809797,0,0.1882641203,LinearSVC+CalibratedClassifierCV,syncrao/blockchain-rust
NEG_01769,0,0,0,2069,4,3.9753004178776076e-05,0,0.1882641203,LinearSVC+CalibratedClassifierCV,Synthetixio/synthetix
NEG_01770,0,0,0,2070,4,0.006653041946172553,0,0.1882641203,LinearSVC+CalibratedClassifierCV,tahowallet/extension
NEG_01774,0,0,0,2074,4,0.15496451958668642,0,0.1882641203,LinearSVC+CalibratedClassifierCV,tamago-labs/legato-finance
NEG_01780,0,0,0,2080,4,0.003720686722438428,0,0.1882641203,LinearSVC+CalibratedClassifierCV,tanviedev/AaveV2-BehavIQ
NEG_01787,0,0,0,2087,4,0.012556816175436069,0,0.1882641203,LinearSVC+CalibratedClassifierCV,tcyeee/PixWallet
NEG_01794,0,0,0,2094,4,0.011530796619722486,0,0.1882641203,LinearSVC+CalibratedClassifierCV,TegroTON/ton3-client
NEG_01798,0,0,0,2098,4,0.00015337638979177036,0,0.1882641203,LinearSVC+CalibratedClassifierCV,terrygmk/NFT-Collection
NEG_01818,0,0,0,2118,4,0.00016034002221499915,0,0.1882641203,LinearSVC+CalibratedClassifierCV,Throvn/web3-multi-signature-wallet
NEG_01827,0,0,0,2127,4,0.0037675356886127218,0,0.1882641203,LinearSVC+CalibratedClassifierCV,tnkerer/vestingVault
NEG_01831,0,0,0,2131,4,0.0018370701230924268,0,0.1882641203,LinearSVC+CalibratedClassifierCV,Toporin/Satodime-Applet
NEG_01835,0,0,0,2135,4,5.0357743609860976e-05,0,0.1882641203,LinearSVC+CalibratedClassifierCV,tosynthegeek/mcw
NEG_01841,0,0,0,2141,4,6.615698939747351e-06,0,0.1882641203,LinearSVC+CalibratedClassifierCV,tradingstrategy-ai/web3-ethereum-defi
NEG_01844,0,0,0,2144,4,0.0003262072321894899,0,0.1882641203,LinearSVC+CalibratedClassifierCV,treejer/contract
NEG_01846,0,0,0,2146,4,0.023984968055615275,0,0.1882641203,LinearSVC+CalibratedClassifierCV,TrinetixHubs/PixelVerse
NEG_01847,0,0,0,2147,4,0.10106432812078014,0,0.1882641203,LinearSVC+CalibratedClassifierCV,tronprotocol/wallet-cli
NEG_01851,0,0,0,2151,4,0.29416307488676,1,0.1882641203,LinearSVC+CalibratedClassifierCV,trustwallet/wallet-core
NEG_01855,0,0,0,2155,4,0.13146760553021403,0,0.1882641203,LinearSVC+CalibratedClassifierCV,Tswaanda/tswaanda-marketplace
NEG_01860,0,0,0,2160,4,0.0012954925197060493,0,0.1882641203,LinearSVC+CalibratedClassifierCV,txtx/txtx
NEG_01861,0,0,0,2161,4,0.010765125767814783,0,0.1882641203,LinearSVC+CalibratedClassifierCV,uhsr/BlockchainNFTCertificateAuthority
NEG_01868,0,0,0,2168,4,0.025789377939282793,0,0.1882641203,LinearSVC+CalibratedClassifierCV,uhsr/CryptoKeyVaultManager
NEG_01875,0,0,0,2175,4,0.005526881159788252,0,0.1882641203,LinearSVC+CalibratedClassifierCV,unobrandon/DefiWallet
NEG_01881,0,0,0,2181,4,0.022058709752433736,0,0.1882641203,LinearSVC+CalibratedClassifierCV,utsavempiric20/token-wallet-solidity
NEG_01885,0,0,0,2185,4,0.0014591829309063638,0,0.1882641203,LinearSVC+CalibratedClassifierCV,vancelin/ethereum-event-tracker
NEG_01888,0,0,0,2188,4,0.011704603567770602,0,0.1882641203,LinearSVC+CalibratedClassifierCV,vdimitriad/Uncuffed
NEG_01905,0,0,0,2205,4,0.0006811398051349777,0,0.1882641203,LinearSVC+CalibratedClassifierCV,ViditGalav/NFT-Synthesizer-Sol-Breeder
NEG_01908,0,0,0,2208,4,0.0010005917264917675,0,0.1882641203,LinearSVC+CalibratedClassifierCV,Viken-Blockchain-Solutions/Solidity-files
NEG_01909,0,0,0,2209,4,0.0037653390910775673,0,0.1882641203,LinearSVC+CalibratedClassifierCV,ViktorVL584/Crypto-News-Aggregator
NEG_01924,0,0,0,2224,4,0.0867494367678467,0,0.1882641203,LinearSVC+CalibratedClassifierCV,vivekananand-cpu/web3-blockchain-nft-drop-app
NEG_01932,0,0,0,2232,4,0.00018264955684174012,0,0.1882641203,LinearSVC+CalibratedClassifierCV,vorburger/awesome-decentralized-internet-web3-blockchain-p2p-security-world-cloud
NEG_01935,0,0,0,2235,4,0.00017948060092595988,0,0.1882641203,LinearSVC+CalibratedClassifierCV,vvizardev/pump-smart-contract-solidity
NEG_01936,0,0,0,2236,4,0.0007105623285250609,0,0.1882641203,LinearSVC+CalibratedClassifierCV,vvizardev/wizardev
NEG_01946,0,0,0,2246,4,2.9691605378582103e-05,0,0.1882641203,LinearSVC+CalibratedClassifierCV,walt-id/waltid-walletkit
NEG_01947,0,0,0,2247,4,0.0023676720933423373,0,0.1882641203,LinearSVC+CalibratedClassifierCV,wanglinyang/nft-collection
NEG_01949,0,0,0,2249,4,1.1058531683214126e-21,0,0.1882641203,LinearSVC+CalibratedClassifierCV,wangtengjiao1997/Encode-Solidity-Bootcamp
NEG_01961,0,0,0,2261,4,0.0009324399184735874,0,0.1882641203,LinearSVC+CalibratedClassifierCV,web3crafter/NFTCollection_Crypto-Devs
NEG_01964,0,0,0,2264,4,0.0009384602777456136,0,0.1882641203,LinearSVC+CalibratedClassifierCV,Web3Philippines/homepage
NEG_01965,0,0,0,2265,4,0.3368451456428569,1,0.1882641203,LinearSVC+CalibratedClassifierCV,web3privacy/web3privacy
NEG_01967,0,0,0,2267,4,2.7570318653131102e-05,0,0.1882641203,LinearSVC+CalibratedClassifierCV,weex/Live-bitcoin-transactions
NEG_01969,0,0,0,2269,4,0.0006524603645749723,0,0.1882641203,LinearSVC+CalibratedClassifierCV,weiweiyeih/web3.0-lottery-frontend-app
NEG_01975,0,0,0,2275,4,0.004631107569900762,0,0.1882641203,LinearSVC+CalibratedClassifierCV,WilliamMassalino/foundry-app
NEG_01977,0,0,0,2277,4,0.0038679823132926824,0,0.1882641203,LinearSVC+CalibratedClassifierCV,WISEPLAT/backtrader_bybit
NEG_01982,0,0,0,2282,4,0.00045518994838058174,0,0.1882641203,LinearSVC+CalibratedClassifierCV,wslyvh/clean-contracts
NEG_01995,0,0,0,2295,4,8.03168409604148e-06,0,0.1882641203,LinearSVC+CalibratedClassifierCV,xlnfinance/xln
NEG_01999,0,0,0,2299,4,0.0012392963669974565,0,0.1882641203,LinearSVC+CalibratedClassifierCV,xsen215/Web3-Solana-Bitcoin-NFT-Dex-Defi-P2EGame-SmartContract-Projects
NEG_02004,0,0,0,2304,4,0.0018713596467053231,0,0.1882641203,LinearSVC+CalibratedClassifierCV,Y-Xiang-hub/Crowdsourcing-With-Smart-Contract
NEG_02005,0,0,0,2305,4,0.0019476780245990262,0,0.1882641203,LinearSVC+CalibratedClassifierCV,yakiyahi/projet-web3
NEG_02008,0,0,0,2308,4,0.00012744120738370632,0,0.1882641203,LinearSVC+CalibratedClassifierCV,yanukadeneth99/Meme-NFT
NEG_02014,0,0,0,2314,4,0.0002863963477686678,0,0.1882641203,LinearSVC+CalibratedClassifierCV,yearn/NFTreasury
NEG_02016,0,0,0,2316,4,0.0012689538746244401,0,0.1882641203,LinearSVC+CalibratedClassifierCV,yessGlory17/nft-marketplace
NEG_02017,0,0,0,2317,4,7.350521756266264e-05,0,0.1882641203,LinearSVC+CalibratedClassifierCV,yeswadams/CryptoKitty
NEG_02023,0,0,0,2323,4,0.004302298825399267,0,0.1882641203,LinearSVC+CalibratedClassifierCV,yokeld/solgo
NEG_02027,0,0,0,2327,4,0.0008830426203639854,0,0.1882641203,LinearSVC+CalibratedClassifierCV,Yourmix0x/webwag-tiri
NEG_02030,0,0,0,2330,4,0.0036937517073229263,0,0.1882641203,LinearSVC+CalibratedClassifierCV,yunanah/nft-wallet-yoorabaek
NEG_02033,0,0,0,2333,4,6.66171805651121e-06,0,0.1882641203,LinearSVC+CalibratedClassifierCV,zafar-saleem/blockchain-node
NEG_02042,0,0,0,2342,4,0.00021609220746910676,0,0.1882641203,LinearSVC+CalibratedClassifierCV,Zheaoli/awesome-coins
NEG_02043,0,0,0,2343,4,0.0004621555069110835,0,0.1882641203,LinearSVC+CalibratedClassifierCV,zillehuma75/lottery-smart-contract-
NEG_02047,0,0,0,2347,4,5.208889085045337e-05,0,0.1882641203,LinearSVC+CalibratedClassifierCV,zktx-io/sui-extension
NEG_02053,0,0,0,2353,4,0.0005421732952309792,0,0.1882641203,LinearSVC+CalibratedClassifierCV,zzzizo/cig-chain
F4_security_osint_cve,1,1,0,5,5,0.404271891486297,0,0.8457439923,LinearSVC+CalibratedClassifierCV,adminlove520/VulnWatchDog
F4_security_osint_cve,1,1,0,30,5,0.9691264654643015,1,0.8457439923,LinearSVC+CalibratedClassifierCV,nocomp/poc-CVE-2001-1473
F4_security_osint_cve,1,1,0,37,5,0.07984980801282228,0,0.8457439923,LinearSVC+CalibratedClassifierCV,themaxlpalfaboy/CVE-2025-54897-LAB
F4_security_osint_cve,1,1,0,43,5,0.9937005572739458,1,0.8457439923,LinearSVC+CalibratedClassifierCV,Zeeeepa/spyder-osint
F4_security_osint_cve,1,1,0,44,5,0.9877629634002102,1,0.8457439923,LinearSVC+CalibratedClassifierCV,Zeeeepa/spyder-osint2
F4_security_osint_cve,1,0,1,81,5,0.5129807991968657,0,0.8457439923,LinearSVC+CalibratedClassifierCV,adminlove5202/VulnWatchDog
F4_security_osint_cve,1,0,1,82,5,0.9656383206479098,1,0.8457439923,LinearSVC+CalibratedClassifierCV,nocomp9/poc-CVE-2001-1473
F4_security_osint_cve,1,0,1,83,5,0.08679548954956588,0,0.8457439923,LinearSVC+CalibratedClassifierCV,themaxlpalfaboyr/CVE-2025-54897-LAB
F4_security_osint_cve,1,0,1,84,5,0.991185097848689,1,0.8457439923,LinearSVC+CalibratedClassifierCV,Zeeeep/spyder-osint
F4_security_osint_cve,1,0,1,85,5,0.9902732941686642,1,0.8457439923,LinearSVC+CalibratedClassifierCV,Zeeeepa2/spyder-osint2
F4_security_osint_cve,1,0,1,86,5,0.5491052155937527,0,0.8457439923,LinearSVC+CalibratedClassifierCV,adminlove5203/VulnWatchDog
F4_security_osint_cve,1,0,1,87,5,0.975665623631267,1,0.8457439923,LinearSVC+CalibratedClassifierCV,nocomp4/poc-CVE-2001-1473
F4_security_osint_cve,1,0,1,88,5,0.06708736603517618,0,0.8457439923,LinearSVC+CalibratedClassifierCV,themaxlpalfaboyk/CVE-2025-54897-LAB
F4_security_osint_cve,1,0,1,89,5,0.9930275025253746,1,0.8457439923,LinearSVC+CalibratedClassifierCV,Zeeeepa2/spyder-osint
F4_security_osint_cve,1,0,1,90,5,0.9916787753235811,1,0.8457439923,LinearSVC+CalibratedClassifierCV,Zeeeepa3/spyder-osint2
F4_security_osint_cve,1,0,1,91,5,0.43481439438643726,0,0.8457439923,LinearSVC+CalibratedClassifierCV,adminlove52/VulnWatchDog
F4_security_osint_cve,1,0,1,92,5,0.9800848023439134,1,0.8457439923,LinearSVC+CalibratedClassifierCV,nocomps/poc-CVE-2001-1473
F4_security_osint_cve,1,0,1,93,5,0.08775386967486816,0,0.8457439923,LinearSVC+CalibratedClassifierCV,themaxlpalfaboy2/CVE-2025-54897-LAB
F4_security_osint_cve,1,0,1,94,5,0.9932416779500429,1,0.8457439923,LinearSVC+CalibratedClassifierCV,Zeeeep2/spyder-osint
F4_security_osint_cve,1,0,1,95,5,0.9903673388894791,1,0.8457439923,LinearSVC+CalibratedClassifierCV,Zeeeep/spyder-osint2
F4_security_osint_cve,1,0,1,96,5,0.3291313017267439,0,0.8457439923,LinearSVC+CalibratedClassifierCV,adminlove520v/VulnWatchDog
F4_security_osint_cve,1,0,1,97,5,0.9798484701040532,1,0.8457439923,LinearSVC+CalibratedClassifierCV,nocomp7/poc-CVE-2001-1473
F4_security_osint_cve,1,0,1,98,5,0.07501656629260513,0,0.8457439923,LinearSVC+CalibratedClassifierCV,themaxlpalfabo/CVE-2025-54897-LAB
F4_security_osint_cve,1,0,1,99,5,0.993562361155377,1,0.8457439923,LinearSVC+CalibratedClassifierCV,Zeeeepaz/spyder-osint
F4_security_osint_cve,1,0,1,100,5,0.9845330990911739,1,0.8457439923,LinearSVC+CalibratedClassifierCV,Zeeeepa4/spyder-osint2
F4_security_osint_cve,1,0,1,101,5,0.4531228996521122,0,0.8457439923,LinearSVC+CalibratedClassifierCV,adminlove520t/VulnWatchDog
F4_security_osint_cve,1,0,1,102,5,0.976093999066974,1,0.8457439923,LinearSVC+CalibratedClassifierCV,nocompf/poc-CVE-2001-1473
F4_security_osint_cve,1,0,1,103,5,0.08595798186870413,0,0.8457439923,LinearSVC+CalibratedClassifierCV,themaxlpalfaboy3/CVE-2025-54897-LAB
F4_security_osint_cve,1,0,1,104,5,0.9911363185759212,1,0.8457439923,LinearSVC+CalibratedClassifierCV,Zeeeepa3/spyder-osint
F4_security_osint_cve,1,0,1,105,5,0.9870098904143201,1,0.8457439923,LinearSVC+CalibratedClassifierCV,Zeeeepa5/spyder-osint2
F4_security_osint_cve,1,0,1,106,5,0.5075391975981448,0,0.8457439923,LinearSVC+CalibratedClassifierCV,adminlove520f/VulnWatchDog
F4_security_osint_cve,1,0,1,107,5,0.9604816279401166,1,0.8457439923,LinearSVC+CalibratedClassifierCV,nocom/poc-CVE-2001-1473
F4_security_osint_cve,1,0,1,108,5,0.06839348149098606,0,0.8457439923,LinearSVC+CalibratedClassifierCV,themaxlpalfaboy4/CVE-2025-54897-LAB
F4_security_osint_cve,1,0,1,109,5,0.9913599865681655,1,0.8457439923,LinearSVC+CalibratedClassifierCV,Zeeeepa4/spyder-osint
F4_security_osint_cve,1,0,1,110,5,0.988906150561561,1,0.8457439923,LinearSVC+CalibratedClassifierCV,Zeeeepap/spyder-osint2
F4_security_osint_cve,1,0,1,111,5,0.4841691431946515,0,0.8457439923,LinearSVC+CalibratedClassifierCV,adminlove520x/VulnWatchDog
F4_security_osint_cve,1,0,1,112,5,0.9711825448801309,1,0.8457439923,LinearSVC+CalibratedClassifierCV,nocompa/poc-CVE-2001-1473
F4_security_osint_cve,1,0,1,113,5,0.07796697348522351,0,0.8457439923,LinearSVC+CalibratedClassifierCV,themaxlpalfaboy5/CVE-2025-54897-LAB
F4_security_osint_cve,1,0,1,114,5,0.9924374033597565,1,0.8457439923,LinearSVC+CalibratedClassifierCV,Zeeeepaw/spyder-osint
F4_security_osint_cve,1,0,1,115,5,0.9904939268124409,1,0.8457439923,LinearSVC+CalibratedClassifierCV,Zeeeepax/spyder-osint2
F4_security_osint_cve,1,0,1,116,5,0.38851860351215833,0,0.8457439923,LinearSVC+CalibratedClassifierCV,adminlove522/VulnWatchDog
F4_security_osint_cve,1,0,1,117,5,0.9682296187304656,1,0.8457439923,LinearSVC+CalibratedClassifierCV,nocomp2/poc-CVE-2001-1473
F4_security_osint_cve,1,0,1,118,5,0.06995298177256638,0,0.8457439923,LinearSVC+CalibratedClassifierCV,themaxlpalfaboy6/CVE-2025-54897-LAB
F4_security_osint_cve,1,0,1,119,5,0.9948454357596055,1,0.8457439923,LinearSVC+CalibratedClassifierCV,Zeeeepa5/spyder-osint
F4_security_osint_cve,1,0,1,120,5,0.9838710114372023,1,0.8457439923,LinearSVC+CalibratedClassifierCV,Zeeeep2/spyder-osint2
F4_security_osint_cve,1,0,1,121,5,0.685239273685951,0,0.8457439923,LinearSVC+CalibratedClassifierCV,adminlove5200/VulnWatchDog
F4_security_osint_cve,1,0,1,122,5,0.9487656585794433,1,0.8457439923,LinearSVC+CalibratedClassifierCV,nocom2/poc-CVE-2001-1473
F4_security_osint_cve,1,0,1,123,5,0.08687786979763303,0,0.8457439923,LinearSVC+CalibratedClassifierCV,themaxlpalfabo2/CVE-2025-54897-LAB
F4_security_osint_cve,1,0,1,124,5,0.9935454016802039,1,0.8457439923,LinearSVC+CalibratedClassifierCV,Zeeeep3/spyder-osint
F4_security_osint_cve,1,0,1,125,5,0.9835730308326319,1,0.8457439923,LinearSVC+CalibratedClassifierCV,Zeeeep3/spyder-osint2
F4_security_osint_cve,1,0,1,126,5,0.4218468061154535,0,0.8457439923,LinearSVC+CalibratedClassifierCV,adminlove520o/VulnWatchDog
F4_security_osint_cve,1,0,1,127,5,0.9709032381797896,1,0.8457439923,LinearSVC+CalibratedClassifierCV,nocompb/poc-CVE-2001-1473
F4_security_osint_cve,1,0,1,128,5,0.06684831088688646,0,0.8457439923,LinearSVC+CalibratedClassifierCV,themaxlpalfaboy7/CVE-2025-54897-LAB
F4_security_osint_cve,1,0,1,129,5,0.9947375788053204,1,0.8457439923,LinearSVC+CalibratedClassifierCV,Zeeeep4/spyder-osint
F4_security_osint_cve,1,0,1,130,5,0.9884551050475427,1,0.8457439923,LinearSVC+CalibratedClassifierCV,Zeeeepa6/spyder-osint2
F4_security_osint_cve,1,0,1,131,5,0.3922957290580145,0,0.8457439923,LinearSVC+CalibratedClassifierCV,adminlove5208/VulnWatchDog
F4_security_osint_cve,1,0,1,132,5,0.9718879794090288,1,0.8457439923,LinearSVC+CalibratedClassifierCV,nocompc/poc-CVE-2001-1473
F4_security_osint_cve,1,0,1,133,5,0.08664272307818904,0,0.8457439923,LinearSVC+CalibratedClassifierCV,themaxlpalfaboy8/CVE-2025-54897-LAB
F4_security_osint_cve,1,0,1,134,5,0.9917184140867685,1,0.8457439923,LinearSVC+CalibratedClassifierCV,Zeeeep5/spyder-osint
F4_security_osint_cve,1,0,1,135,5,0.9882297924844127,1,0.8457439923,LinearSVC+CalibratedClassifierCV,Zeeeepaz/spyder-osint2
NEG_00001,0,0,0,301,5,0.0003060854245218335,0,0.8457439923,LinearSVC+CalibratedClassifierCV,00hello/solidity-experiments
NEG_00008,0,0,0,308,5,0.0008307012757226522,0,0.8457439923,LinearSVC+CalibratedClassifierCV,0xcregis/anychain
NEG_00013,0,0,0,313,5,0.0008190485703707855,0,0.8457439923,LinearSVC+CalibratedClassifierCV,0xfrosty/leverade-nft
NEG_00014,0,0,0,314,5,0.0022303206910421767,0,0.8457439923,LinearSVC+CalibratedClassifierCV,0xGeegZ/defi-gambler
NEG_00020,0,0,0,320,5,0.001299608741325818,0,0.8457439923,LinearSVC+CalibratedClassifierCV,0xJonaseb11/shared_wallet.3.0
NEG_00021,0,0,0,321,5,7.150366653212827e-05,0,0.8457439923,LinearSVC+CalibratedClassifierCV,0xJonaseb11/solidity_L
NEG_00026,0,0,0,326,5,0.03845380358389432,0,0.8457439923,LinearSVC+CalibratedClassifierCV,0xPleiades/switch-trade-coin
NEG_00034,0,0,0,334,5,0.00015342891259548306,0,0.8457439923,LinearSVC+CalibratedClassifierCV,10ap17/Damn-Vulnerable-DeFi-Foundry
NEG_00037,0,0,0,337,5,0.00018525326968075857,0,0.8457439923,LinearSVC+CalibratedClassifierCV,1983shiv/blockchain-crypto-smart-contract-example
NEG_00040,0,0,0,340,5,0.23929188632848988,0,0.8457439923,LinearSVC+CalibratedClassifierCV,2303A51405/solidity-smart_contract
NEG_00053,0,0,0,353,5,0.006135443287179778,0,0.8457439923,LinearSVC+CalibratedClassifierCV,aaquib8700/Wallet-SmartContract
NEG_00064,0,0,0,364,5,0.0023107751064573617,0,0.8457439923,LinearSVC+CalibratedClassifierCV,AbioyeSamuel/DBANK_DeFi_DApp
NEG_00087,0,0,0,387,5,0.0002383391148219673,0,0.8457439923,LinearSVC+CalibratedClassifierCV,adrianmcli/ganache-jest-example
NEG_00091,0,0,0,391,5,0.0015000158661034333,0,0.8457439923,LinearSVC+CalibratedClassifierCV,Adrijan-Petek/token-correlation-analyzer
NEG_00095,0,0,0,395,5,0.0004836491023293375,0,0.8457439923,LinearSVC+CalibratedClassifierCV,aeminium-labs/nextjs-solana-starter-kit
NEG_00098,0,0,0,398,5,3.77831999071587e-05,0,0.8457439923,LinearSVC+CalibratedClassifierCV,afroze93/smart-contract-1
NEG_00103,0,0,0,403,5,0.0022721995687229094,0,0.8457439923,LinearSVC+CalibratedClassifierCV,aha-moment-group/wallet
NEG_00112,0,0,0,412,5,0.0047672229554506194,0,0.8457439923,LinearSVC+CalibratedClassifierCV,aidear3/smart-contracts
NEG_00122,0,0,0,422,5,0.0031860394707896003,0,0.8457439923,LinearSVC+CalibratedClassifierCV,akbarwijayaa/simple-defi-flash
NEG_00130,0,0,0,430,5,0.000985665900761532,0,0.8457439923,LinearSVC+CalibratedClassifierCV,alebeta06/chainlink-bootcampES-2024
NEG_00134,0,0,0,434,5,0.0007686600759635728,0,0.8457439923,LinearSVC+CalibratedClassifierCV,alejoacosta74/token-swap-exchange
NEG_00143,0,0,0,443,5,0.0011979117810806946,0,0.8457439923,LinearSVC+CalibratedClassifierCV,AlexNa-Holdings/web3pro
NEG_00146,0,0,0,446,5,0.011058150944726168,0,0.8457439923,LinearSVC+CalibratedClassifierCV,algonomad571/CryptoHFT
NEG_00150,0,0,0,450,5,0.0015360973092652748,0,0.8457439923,LinearSVC+CalibratedClassifierCV,aliezzahn/yield-farming-optimization-calculator
NEG_00151,0,0,0,451,5,0.0070563858742659705,0,0.8457439923,LinearSVC+CalibratedClassifierCV,Alikhan-Shanbay/AegisScan
NEG_00152,0,0,0,452,5,0.0009304801441668986,0,0.8457439923,LinearSVC+CalibratedClassifierCV,aliraza944/MultiSig-Wallet-
NEG_00160,0,0,0,460,5,0.0007452223005369245,0,0.8457439923,LinearSVC+CalibratedClassifierCV,alpha-sol/alpha-frontend
NEG_00161,0,0,0,461,5,0.0080160834959521,0,0.8457439923,LinearSVC+CalibratedClassifierCV,alpinelab-it/BuyMeABeer-Solidity-DeFi-Tipping-smart-contract-
NEG_00166,0,0,0,466,5,0.000657287542770608,0,0.8457439923,LinearSVC+CalibratedClassifierCV,amdonatusprince/brownie_simple_storage-application
NEG_00186,0,0,0,486,5,0.0013084582744774765,0,0.8457439923,LinearSVC+CalibratedClassifierCV,Anonymous961/NFTClaimApp
NEG_00187,0,0,0,487,5,0.0008145876721808483,0,0.8457439923,LinearSVC+CalibratedClassifierCV,ant-design/ant-design-web3
NEG_00189,0,0,0,489,5,0.003486128569050109,0,0.8457439923,LinearSVC+CalibratedClassifierCV,Anton1636/crypto-wallet
NEG_00197,0,0,0,497,5,0.0033162858468291736,0,0.8457439923,LinearSVC+CalibratedClassifierCV,apalowski688-art/ethereum-bitcoin
NEG_00200,0,0,0,500,5,0.0036175643681175353,0,0.8457439923,LinearSVC+CalibratedClassifierCV,ApeWorX/ape-ganache
NEG_00201,0,0,0,501,5,0.0005681317428498028,0,0.8457439923,LinearSVC+CalibratedClassifierCV,ApeWorX/ape-ledger
NEG_00202,0,0,0,502,5,0.0005997850510916322,0,0.8457439923,LinearSVC+CalibratedClassifierCV,ApeWorX/evm-trace
NEG_00205,0,0,0,505,5,0.004880991741894991,0,0.8457439923,LinearSVC+CalibratedClassifierCV,aptos-labs/petra-vault
NEG_00206,0,0,0,506,5,0.01968275231407332,0,0.8457439923,LinearSVC+CalibratedClassifierCV,aqemal/owasp-sc-token-
NEG_00207,0,0,0,507,5,0.00016157461233390528,0,0.8457439923,LinearSVC+CalibratedClassifierCV,aragon/use-wallet
NEG_00216,0,0,0,516,5,0.004420204721119898,0,0.8457439923,LinearSVC+CalibratedClassifierCV,arokvic/FundMeProject-SmartContracts-Web3-Brownie-Solidity-2022
NEG_00219,0,0,0,519,5,0.0008402789877769863,0,0.8457439923,LinearSVC+CalibratedClassifierCV,ArrjunPradeep/safeCryptoWallet
NEG_00225,0,0,0,525,5,0.010913514166766185,0,0.8457439923,LinearSVC+CalibratedClassifierCV,arthuravianna/uff-web3-course
NEG_00229,0,0,0,529,5,0.003870672870462714,0,0.8457439923,LinearSVC+CalibratedClassifierCV,as3360/ReinforcementLearntTradingBot
NEG_00230,0,0,0,530,5,0.001248287304124137,0,0.8457439923,LinearSVC+CalibratedClassifierCV,ashbz/CryptoSharp
NEG_00241,0,0,0,541,5,0.0017588009942192465,0,0.8457439923,LinearSVC+CalibratedClassifierCV,atul24112001/trackpack
NEG_00246,0,0,0,546,5,0.00015284736578653472,0,0.8457439923,LinearSVC+CalibratedClassifierCV,Axentro/Axentro
NEG_00252,0,0,0,552,5,0.06885476607799021,0,0.8457439923,LinearSVC+CalibratedClassifierCV,ayushi030709/aave-credit-scorer
NEG_00253,0,0,0,553,5,0.010117576594483169,0,0.8457439923,LinearSVC+CalibratedClassifierCV,ayushn2/market_maker
NEG_00262,0,0,0,562,5,0.12347723039188774,0,0.8457439923,LinearSVC+CalibratedClassifierCV,balancer/frontend-v2
NEG_00269,0,0,0,569,5,0.001068055588859705,0,0.8457439923,LinearSVC+CalibratedClassifierCV,banteg/multicall.py
NEG_00276,0,0,0,576,5,4.852726953363391e-05,0,0.8457439923,LinearSVC+CalibratedClassifierCV,BeanstalkFarms/Basin
NEG_00279,0,0,0,579,5,1.8568825196726966e-05,0,0.8457439923,LinearSVC+CalibratedClassifierCV,bekatom/awesome-ethereum
NEG_00283,0,0,0,583,5,0.0002630164724404404,0,0.8457439923,LinearSVC+CalibratedClassifierCV,benruseau/Inhetherit
NEG_00288,0,0,0,588,5,0.00028390032179485895,0,0.8457439923,LinearSVC+CalibratedClassifierCV,BeycanPress/cryptopay-lite
NEG_00293,0,0,0,593,5,0.005770292685449462,0,0.8457439923,LinearSVC+CalibratedClassifierCV,bifrost-platform/solidity-contract-configs
NEG_00295,0,0,0,595,5,0.0016397903106041532,0,0.8457439923,LinearSVC+CalibratedClassifierCV,bigint/hey
NEG_00315,0,0,0,615,5,0.000380123647459869,0,0.8457439923,LinearSVC+CalibratedClassifierCV,Block-Chen/blocksdk-go
NEG_00317,0,0,0,617,5,0.00685091156351767,0,0.8457439923,LinearSVC+CalibratedClassifierCV,blockchain-certificates/cert-issuer
NEG_00330,0,0,0,630,5,4.077245329675353e-05,0,0.8457439923,LinearSVC+CalibratedClassifierCV,bob-collective/bob
NEG_00337,0,0,0,637,5,0.01564158967606971,0,0.8457439923,LinearSVC+CalibratedClassifierCV,braedonsaunders/homerun
NEG_00343,0,0,0,643,5,0.00320860960233845,0,0.8457439923,LinearSVC+CalibratedClassifierCV,brlojam4932/usdc-app
NEG_00345,0,0,0,645,5,0.005919297840113309,0,0.8457439923,LinearSVC+CalibratedClassifierCV,BSN-DDC/taianchain
NEG_00378,0,0,0,678,5,0.0006276353072483272,0,0.8457439923,LinearSVC+CalibratedClassifierCV,chainapsis/keplr-wallet
NEG_00379,0,0,0,679,5,0.0006124044315011007,0,0.8457439923,LinearSVC+CalibratedClassifierCV,ChainEasy/ChainEasy-Wallet
NEG_00384,0,0,0,684,5,0.007861206735450686,0,0.8457439923,LinearSVC+CalibratedClassifierCV,ChainsQueen/web3dashboard
NEG_00385,0,0,0,685,5,0.008201186408481526,0,0.8457439923,LinearSVC+CalibratedClassifierCV,charanbalaji2005/CryptoView-solidity
NEG_00387,0,0,0,687,5,0.0007692694302808449,0,0.8457439923,LinearSVC+CalibratedClassifierCV,chase-manning/debt-farming
NEG_00391,0,0,0,691,5,0.18277386484289923,0,0.8457439923,LinearSVC+CalibratedClassifierCV,chellscript/bitLeaf
NEG_00392,0,0,0,692,5,0.0008612939084747193,0,0.8457439923,LinearSVC+CalibratedClassifierCV,cherti/bitcoin-analysis
NEG_00397,0,0,0,697,5,0.00173987756191479,0,0.8457439923,LinearSVC+CalibratedClassifierCV,chjj/termcoin
NEG_00400,0,0,0,700,5,0.0009220674585350194,0,0.8457439923,LinearSVC+CalibratedClassifierCV,chrisalexadams/balancer
NEG_00401,0,0,0,701,5,0.003681220544565815,0,0.8457439923,LinearSVC+CalibratedClassifierCV,ChrisdeWolf/blockchain-attack-probabilities
NEG_00402,0,0,0,702,5,0.005138654147685529,0,0.8457439923,LinearSVC+CalibratedClassifierCV,chrisstef/defi-staking
NEG_00403,0,0,0,703,5,0.18785260962819594,0,0.8457439923,LinearSVC+CalibratedClassifierCV,ChrisZyy3/presale-nft-web3-app
NEG_00406,0,0,0,706,5,0.004205139496930393,0,0.8457439923,LinearSVC+CalibratedClassifierCV,citizenweb3/validatorinfo
NEG_00418,0,0,0,718,5,0.009016265310079466,0,0.8457439923,LinearSVC+CalibratedClassifierCV,codebatine/Chores-for-Crypto
NEG_00437,0,0,0,737,5,0.059893500351038305,0,0.8457439923,LinearSVC+CalibratedClassifierCV,conka8/Solana-Dexterity
NEG_00441,0,0,0,741,5,3.700471978370216e-05,0,0.8457439923,LinearSVC+CalibratedClassifierCV,ConsenSysDiligence/mythril
NEG_00452,0,0,0,752,5,0.0015927330381818067,0,0.8457439923,LinearSVC+CalibratedClassifierCV,covir-io/cvr-contract
NEG_00455,0,0,0,755,5,0.0022103250484356747,0,0.8457439923,LinearSVC+CalibratedClassifierCV,Cr0mb/Satoshi-Sweeper
NEG_00459,0,0,0,759,5,0.0019234319715592228,0,0.8457439923,LinearSVC+CalibratedClassifierCV,cristiandbetancurg/fulgol
NEG_00463,0,0,0,763,5,0.02478142645987626,0,0.8457439923,LinearSVC+CalibratedClassifierCV,crypto-balance-checker-seed-phrases/crypto-balance-checker-seed-phrases
NEG_00466,0,0,0,766,5,0.007350512283946842,0,0.8457439923,LinearSVC+CalibratedClassifierCV,crypto-org-chain/cronos
NEG_00469,0,0,0,769,5,0.0001769651699875202,0,0.8457439923,LinearSVC+CalibratedClassifierCV,cryptoadvance/specter-desktop
NEG_00472,0,0,0,772,5,0.058509548615391226,0,0.8457439923,LinearSVC+CalibratedClassifierCV,CryptoCreams/Crypto-Creams
NEG_00474,0,0,0,774,5,0.030562916756433283,0,0.8457439923,LinearSVC+CalibratedClassifierCV,CryptoExplor/CeloNFT
NEG_00484,0,0,0,784,5,6.266717847937358e-05,0,0.8457439923,LinearSVC+CalibratedClassifierCV,cshep4/crypto-dot-com-exchange-go
NEG_00488,0,0,0,788,5,0.004024467215134666,0,0.8457439923,LinearSVC+CalibratedClassifierCV,CutupAngel/nft-marketplace
NEG_00492,0,0,0,792,5,0.008524144332019758,0,0.8457439923,LinearSVC+CalibratedClassifierCV,czeti/shamus
NEG_00502,0,0,0,802,5,0.000633194417547832,0,0.8457439923,LinearSVC+CalibratedClassifierCV,Damian-Sanchez/CryptoTextAlert
NEG_00508,0,0,0,808,5,0.0036739033344162287,0,0.8457439923,LinearSVC+CalibratedClassifierCV,danilych/token-sale
NEG_00509,0,0,0,809,5,0.005922959480982352,0,0.8457439923,LinearSVC+CalibratedClassifierCV,danpatrocinio/web3-api
NEG_00510,0,0,0,810,5,0.00855298021880673,0,0.8457439923,LinearSVC+CalibratedClassifierCV,dante4rt/t3rn-airdrop-bot
NEG_00520,0,0,0,820,5,0.0020918960523723627,0,0.8457439923,LinearSVC+CalibratedClassifierCV,dariocast/algorand-nft-loan
NEG_00524,0,0,0,824,5,0.0006253702555038991,0,0.8457439923,LinearSVC+CalibratedClassifierCV,datmedevil17/hack-web3conf
NEG_00540,0,0,0,840,5,0.0009194391227991726,0,0.8457439923,LinearSVC+CalibratedClassifierCV,Defi-Pool-Share/DefiPoolShare.DPSTContract
NEG_00550,0,0,0,850,5,0.002533695101572014,0,0.8457439923,LinearSVC+CalibratedClassifierCV,DemocracyEarth/exodus
NEG_00556,0,0,0,856,5,0.0002719516089407399,0,0.8457439923,LinearSVC+CalibratedClassifierCV,DePayFi/buttons
NEG_00562,0,0,0,862,5,0.00924864140895868,0,0.8457439923,LinearSVC+CalibratedClassifierCV,desoul-labs/soulhub-contracts
NEG_00563,0,0,0,863,5,0.03238650303969352,0,0.8457439923,LinearSVC+CalibratedClassifierCV,deusfinance/deus-interface-v2
NEG_00564,0,0,0,864,5,0.005648112068919913,0,0.8457439923,LinearSVC+CalibratedClassifierCV,dev-x-master/Election-Blockchain-App
NEG_00565,0,0,0,865,5,0.0030737486657169675,0,0.8457439923,LinearSVC+CalibratedClassifierCV,devano12/Kryptex-miner
NEG_00577,0,0,0,877,5,0.003205117629063161,0,0.8457439923,LinearSVC+CalibratedClassifierCV,dharmaprotocol/experimental
NEG_00586,0,0,0,886,5,0.0036367325385445984,0,0.8457439923,LinearSVC+CalibratedClassifierCV,DimensionDev/Maskbook
NEG_00592,0,0,0,892,5,0.03340275158216783,0,0.8457439923,LinearSVC+CalibratedClassifierCV,Dklish/trading-lab
NEG_00600,0,0,0,900,5,0.0014142241720576842,0,0.8457439923,LinearSVC+CalibratedClassifierCV,DonggeunYu/MEV-Attack-on-the-BSC
NEG_00608,0,0,0,908,5,0.022162415575155473,0,0.8457439923,LinearSVC+CalibratedClassifierCV,Drix10/ai-resources
NEG_00612,0,0,0,912,5,0.0020931661512842512,0,0.8457439923,LinearSVC+CalibratedClassifierCV,ducga1998/tai-xiu-smart-contract
NEG_00623,0,0,0,923,5,0.005515074221682071,0,0.8457439923,LinearSVC+CalibratedClassifierCV,educoin/notarypoc
NEG_00627,0,0,0,927,5,0.0018213184031489282,0,0.8457439923,LinearSVC+CalibratedClassifierCV,el-noir/ethereum-defi-app
NEG_00632,0,0,0,932,5,0.015669906941091175,0,0.8457439923,LinearSVC+CalibratedClassifierCV,ElromEvedElElyon/bitcoinbrasil
NEG_00639,0,0,0,939,5,7.839533473816934e-05,0,0.8457439923,LinearSVC+CalibratedClassifierCV,emilyhon/foundry-defi-stablecoin-f23
NEG_00640,0,0,0,940,5,0.004472517441393179,0,0.8457439923,LinearSVC+CalibratedClassifierCV,Emivvvvv/btc-vanity
NEG_00641,0,0,0,941,5,0.004678776087354982,0,0.8457439923,LinearSVC+CalibratedClassifierCV,emlynazuma/blockchainCrawler
NEG_00642,0,0,0,942,5,0.006131504694988643,0,0.8457439923,LinearSVC+CalibratedClassifierCV,Emmahchinonso/web3-bridge-contract
NEG_00645,0,0,0,945,5,0.017713634174107148,0,0.8457439923,LinearSVC+CalibratedClassifierCV,emograms/nft-marketplace
NEG_00646,0,0,0,946,5,0.0003220296506598878,0,0.8457439923,LinearSVC+CalibratedClassifierCV,emtinanseo/dApp-Refund-by-Location-Smart-Contract
NEG_00647,0,0,0,947,5,0.00033126743162457576,0,0.8457439923,LinearSVC+CalibratedClassifierCV,energychain/CorrentlyWallet
NEG_00648,0,0,0,948,5,0.0009972644253099592,0,0.8457439923,LinearSVC+CalibratedClassifierCV,Enkhai/crypto-blockchain-python
NEG_00659,0,0,0,959,5,0.0002149514636589937,0,0.8457439923,LinearSVC+CalibratedClassifierCV,eq-lab/marginly
NEG_00663,0,0,0,963,5,0.004702339607980732,0,0.8457439923,LinearSVC+CalibratedClassifierCV,ervikassingh/nft-market
NEG_00681,0,0,0,981,5,0.0022559243051050305,0,0.8457439923,LinearSVC+CalibratedClassifierCV,EveryThinUknow/BlockchainPrototype
NEG_00683,0,0,0,983,5,0.0003682379157007837,0,0.8457439923,LinearSVC+CalibratedClassifierCV,EWCunha/brownie-fund-me
NEG_00686,0,0,0,986,5,0.01963261197339958,0,0.8457439923,LinearSVC+CalibratedClassifierCV,exekerey/3xpl-mcp
NEG_00687,0,0,0,987,5,0.00014007287758068462,0,0.8457439923,LinearSVC+CalibratedClassifierCV,exglos/wallet
NEG_00698,0,0,0,998,5,0.0026499616805403087,0,0.8457439923,LinearSVC+CalibratedClassifierCV,fadliferdian28/MyCryptoToken
NEG_00699,0,0,0,999,5,0.0015431788017311418,0,0.8457439923,LinearSVC+CalibratedClassifierCV,fairrustana/Sports-Betting-Sportsbook
NEG_00702,0,0,0,1002,5,0.003974906178600556,0,0.8457439923,LinearSVC+CalibratedClassifierCV,Faouzijedidi1/NFT-Game
NEG_00709,0,0,0,1009,5,0.0018862222453804641,0,0.8457439923,LinearSVC+CalibratedClassifierCV,felipeserrano05/one-sol-protocol
NEG_00719,0,0,0,1019,5,0.0007766625245331392,0,0.8457439923,LinearSVC+CalibratedClassifierCV,flannerychristopher/web3_py_simple_storage
NEG_00725,0,0,0,1025,5,0.0013667024314229764,0,0.8457439923,LinearSVC+CalibratedClassifierCV,Formyselfonly/smart-contract-quickstart
NEG_00729,0,0,0,1029,5,0.002368819282840024,0,0.8457439923,LinearSVC+CalibratedClassifierCV,frangio/hardhat-exposed
NEG_00742,0,0,0,1042,5,0.003356546788654559,0,0.8457439923,LinearSVC+CalibratedClassifierCV,fvictorio/ganache-explorer-poc
NEG_00747,0,0,0,1047,5,0.0023218821458727834,0,0.8457439923,LinearSVC+CalibratedClassifierCV,gasparllamazares/Bitcoin-Virus
NEG_00748,0,0,0,1048,5,0.0034333014165607353,0,0.8457439923,LinearSVC+CalibratedClassifierCV,gauryvg98/Bitcoin-Indexer
NEG_00749,0,0,0,1049,5,0.0001225960496625433,0,0.8457439923,LinearSVC+CalibratedClassifierCV,gbto/web3-everything
NEG_00751,0,0,0,1051,5,0.0002898610335808402,0,0.8457439923,LinearSVC+CalibratedClassifierCV,Gearbox-protocol/gearbox-protocol-description
NEG_00763,0,0,0,1063,5,0.0004275124149688267,0,0.8457439923,LinearSVC+CalibratedClassifierCV,gitthekid/Ethereum-Flashloan-DEX-Arbitrage-Contracts
NEG_00766,0,0,0,1066,5,0.000601630978033128,0,0.8457439923,LinearSVC+CalibratedClassifierCV,glitchnsec/cryptozombies-solutions
NEG_00769,0,0,0,1069,5,0.0033380553637736648,0,0.8457439923,LinearSVC+CalibratedClassifierCV,gmtech-xyz/safe-cex
NEG_00775,0,0,0,1075,5,0.0003191584074119981,0,0.8457439923,LinearSVC+CalibratedClassifierCV,Gola-k/jsm_nft_marketplace
NEG_00776,0,0,0,1076,5,0.013261539667271746,0,0.8457439923,LinearSVC+CalibratedClassifierCV,GoodDollar/GoodDAPP
NEG_00779,0,0,0,1079,5,0.0033057885482749485,0,0.8457439923,LinearSVC+CalibratedClassifierCV,gprateek93/Sikka--A-Simple-Bitcoin-Implementation
NEG_00791,0,0,0,1091,5,0.01969227338831173,0,0.8457439923,LinearSVC+CalibratedClassifierCV,Gupta-4699/crypto_gallery
NEG_00794,0,0,0,1094,5,0.0002848060539217686,0,0.8457439923,LinearSVC+CalibratedClassifierCV,gyro-defi/gyro-v1-contracts
NEG_00795,0,0,0,1095,5,0.0057877476585748685,0,0.8457439923,LinearSVC+CalibratedClassifierCV,gysr-io/core
NEG_00797,0,0,0,1097,5,0.008831864128168177,0,0.8457439923,LinearSVC+CalibratedClassifierCV,ha-bhai-noob-hoon/Solidity-task
NEG_00800,0,0,0,1100,5,0.013801925227908955,0,0.8457439923,LinearSVC+CalibratedClassifierCV,HackUnderway/BlockChain
NEG_00804,0,0,0,1104,5,0.00013977765572982992,0,0.8457439923,LinearSVC+CalibratedClassifierCV,haf-decent/bArb
NEG_00805,0,0,0,1105,5,0.001140145076871383,0,0.8457439923,LinearSVC+CalibratedClassifierCV,HalfSuperNate/BalanceOfBatchDataToString
NEG_00815,0,0,0,1115,5,0.0011001045684599217,0,0.8457439923,LinearSVC+CalibratedClassifierCV,harsh6768/web3-basics
NEG_00821,0,0,0,1121,5,0.0023589022827785397,0,0.8457439923,LinearSVC+CalibratedClassifierCV,HashLips/hashlips_nft_contract
NEG_00831,0,0,0,1131,5,0.0014960645515706096,0,0.8457439923,LinearSVC+CalibratedClassifierCV,hexoul/aws-lambda-eth-proxy
NEG_00835,0,0,0,1135,5,0.0002792503138019361,0,0.8457439923,LinearSVC+CalibratedClassifierCV,HilliamT/foundry-web3-monorepo
NEG_00840,0,0,0,1140,5,0.00024001576431129896,0,0.8457439923,LinearSVC+CalibratedClassifierCV,hiwadrashad/Crypto-Currency
NEG_00854,0,0,0,1154,5,0.0005560216548114613,0,0.8457439923,LinearSVC+CalibratedClassifierCV,hovig/web3-fabric-voting-dapp
NEG_00856,0,0,0,1156,5,0.0003785565618392085,0,0.8457439923,LinearSVC+CalibratedClassifierCV,HugoBrunet13/NFT-Marketplace-Auction
NEG_00860,0,0,0,1160,5,0.0009495351875345401,0,0.8457439923,LinearSVC+CalibratedClassifierCV,hundredwz/BlockchainInfo
NEG_00863,0,0,0,1163,5,0.0005288915114747367,0,0.8457439923,LinearSVC+CalibratedClassifierCV,hyp3r5pace/crowdfunding-platform-avalanche
NEG_00870,0,0,0,1170,5,9.006308023245239e-05,0,0.8457439923,LinearSVC+CalibratedClassifierCV,ianmah/cryptostory
NEG_00871,0,0,0,1171,5,0.023949298842125637,0,0.8457439923,LinearSVC+CalibratedClassifierCV,IaroslavTitov/OnchainVestingService
NEG_00877,0,0,0,1177,5,0.3333596392950798,0,0.8457439923,LinearSVC+CalibratedClassifierCV,idimetrix/next-jobs
NEG_00878,0,0,0,1178,5,0.004189755254462093,0,0.8457439923,LinearSVC+CalibratedClassifierCV,idrabenia/SublimeLinter-contrib-solhint
NEG_00880,0,0,0,1180,5,0.0001653310097754376,0,0.8457439923,LinearSVC+CalibratedClassifierCV,igorlourenco/nft-marketplace-smart-contract
NEG_00883,0,0,0,1183,5,0.02487636022080483,0,0.8457439923,LinearSVC+CalibratedClassifierCV,illia-fz/defi-ts-wallet-connect-v23
NEG_00891,0,0,0,1191,5,0.001573092303904949,0,0.8457439923,LinearSVC+CalibratedClassifierCV,inghong06/Solidity_Whitelist
NEG_00896,0,0,0,1196,5,0.07572225141820882,0,0.8457439923,LinearSVC+CalibratedClassifierCV,iotaledger-archive/legacy-wallet-use-trinity-wallet-instead
NEG_00897,0,0,0,1197,5,0.002229696641474588,0,0.8457439923,LinearSVC+CalibratedClassifierCV,Isaacdelly/Plutus
NEG_00913,0,0,0,1213,5,0.0008317427304000991,0,0.8457439923,LinearSVC+CalibratedClassifierCV,JackG-eth/CryptoZombieEthSC
NEG_00928,0,0,0,1228,5,0.0018251605365972553,0,0.8457439923,LinearSVC+CalibratedClassifierCV,jammy928/CoinExchange_CryptoExchange_Java
NEG_00929,0,0,0,1229,5,0.0005151891119808447,0,0.8457439923,LinearSVC+CalibratedClassifierCV,janfilips/blockchain-poker
NEG_00951,0,0,0,1251,5,4.5099658367418975e-05,0,0.8457439923,LinearSVC+CalibratedClassifierCV,Jeiwan/zuniswapv2
NEG_00954,0,0,0,1254,5,0.0037779685640027655,0,0.8457439923,LinearSVC+CalibratedClassifierCV,JennEYoon/DeFi-ml
NEG_00955,0,0,0,1255,5,0.0002964877648820021,0,0.8457439923,LinearSVC+CalibratedClassifierCV,jevinjivani2507/casino-web3
NEG_00956,0,0,0,1256,5,0.02248497261785112,0,0.8457439923,LinearSVC+CalibratedClassifierCV,jgyy/solarjun
NEG_00957,0,0,0,1257,5,0.005739824757109248,0,0.8457439923,LinearSVC+CalibratedClassifierCV,jianminggit/NFT_BOT
NEG_00960,0,0,0,1260,5,0.0006651243958609473,0,0.8457439923,LinearSVC+CalibratedClassifierCV,JJ-Top/Despliegue-en-Ganache-de-SmartContract
NEG_00972,0,0,0,1272,5,0.003881940313538279,0,0.8457439923,LinearSVC+CalibratedClassifierCV,Jon-Becker/heimdall-rs
NEG_00975,0,0,0,1275,5,0.002801509896486616,0,0.8457439923,LinearSVC+CalibratedClassifierCV,joseoscarcc/TaqueriaCryptoChain
NEG_00981,0,0,0,1281,5,0.07195980068504938,0,0.8457439923,LinearSVC+CalibratedClassifierCV,jpromamen/sat-stacker-quiz
NEG_00995,0,0,0,1295,5,0.00032724159796619314,0,0.8457439923,LinearSVC+CalibratedClassifierCV,jwinterm/cryptonoteRPCwalletGUI
NEG_01012,0,0,0,1312,5,0.0003954150558807005,0,0.8457439923,LinearSVC+CalibratedClassifierCV,Kazopl/mpc-agent-wallet
NEG_01014,0,0,0,1314,5,0.00029698358995658615,0,0.8457439923,LinearSVC+CalibratedClassifierCV,keep-network/tbtc-website
NEG_01016,0,0,0,1316,5,0.03186909442425631,0,0.8457439923,LinearSVC+CalibratedClassifierCV,KehindeA533/CryptoDev_NFTCollection_Frontend
NEG_01017,0,0,0,1317,5,0.004118229245958275,0,0.8457439923,LinearSVC+CalibratedClassifierCV,kelvincup/base-commit
NEG_01020,0,0,0,1320,5,0.0012633496234207558,0,0.8457439923,LinearSVC+CalibratedClassifierCV,KenatSF/NFT-Marketplace
NEG_01021,0,0,0,1321,5,0.0008493301571211612,0,0.8457439923,LinearSVC+CalibratedClassifierCV,keng42/xwallet
NEG_01025,0,0,0,1325,5,0.0003677840808404106,0,0.8457439923,LinearSVC+CalibratedClassifierCV,KernelFailure/blockchain
NEG_01028,0,0,0,1328,5,0.00032719647290203657,0,0.8457439923,LinearSVC+CalibratedClassifierCV,Kevaljagani/NFT-Market
NEG_01038,0,0,0,1338,5,0.0009112486547765098,0,0.8457439923,LinearSVC+CalibratedClassifierCV,Kimxons/generate-btc-keys
NEG_01045,0,0,0,1345,5,0.00766978307898529,0,0.8457439923,LinearSVC+CalibratedClassifierCV,klaim-dev/solana-programs
NEG_01051,0,0,0,1351,5,0.00021961605357795648,0,0.8457439923,LinearSVC+CalibratedClassifierCV,kokomoji/CryptoCoinPaperWallet
NEG_01056,0,0,0,1356,5,0.00019583990623331718,0,0.8457439923,LinearSVC+CalibratedClassifierCV,Kr1ptal/ethers-kt
NEG_01059,0,0,0,1359,5,0.013186415750238883,0,0.8457439923,LinearSVC+CalibratedClassifierCV,KrishGitVerse/speedrun-multisig-msu
NEG_01060,0,0,0,1360,5,0.00793769896345202,0,0.8457439923,LinearSVC+CalibratedClassifierCV,krrish-sehgal/nwc-playground
NEG_01064,0,0,0,1364,5,0.004774101466017719,0,0.8457439923,LinearSVC+CalibratedClassifierCV,Kula529/-nft-collectible-frontend
NEG_01071,0,0,0,1371,5,0.0005201833426291259,0,0.8457439923,LinearSVC+CalibratedClassifierCV,l3lackcurtains/solo-coin-cryptocurrency
NEG_01076,0,0,0,1376,5,0.004830827600112622,0,0.8457439923,LinearSVC+CalibratedClassifierCV,laramiedunlap/blockchain-wallets
NEG_01082,0,0,0,1382,5,0.031756583479464,0,0.8457439923,LinearSVC+CalibratedClassifierCV,lawlietu0/EnigmaCracker
NEG_01086,0,0,0,1386,5,0.020043883155492888,0,0.8457439923,LinearSVC+CalibratedClassifierCV,lbryio/lbry-desktop
NEG_01095,0,0,0,1395,5,0.0016599669050831988,0,0.8457439923,LinearSVC+CalibratedClassifierCV,Lemury1/wallet_stealer
NEG_01104,0,0,0,1404,5,0.0067470428087040525,0,0.8457439923,LinearSVC+CalibratedClassifierCV,liquality/wallet
NEG_01109,0,0,0,1409,5,0.0009159556390365238,0,0.8457439923,LinearSVC+CalibratedClassifierCV,LoboVH/NFT-contract-NEAR-PROTOCOL
NEG_01122,0,0,0,1422,5,0.021555378830349692,0,0.8457439923,LinearSVC+CalibratedClassifierCV,Lucifer666XD/ZenDesk
NEG_01123,0,0,0,1423,5,0.008733527148832805,0,0.8457439923,LinearSVC+CalibratedClassifierCV,LuckyPigeon/Smart-Contract-Playground
NEG_01129,0,0,0,1429,5,0.008745950566013348,0,0.8457439923,LinearSVC+CalibratedClassifierCV,maazgora/Multi-Sig-Wallet-using-Solidity
NEG_01130,0,0,0,1430,5,0.021638392263896803,0,0.8457439923,LinearSVC+CalibratedClassifierCV,machenxi/Dodging-Turtis-NFT-game-Polygon
NEG_01135,0,0,0,1435,5,0.0059724647397986505,0,0.8457439923,LinearSVC+CalibratedClassifierCV,maikon9824-lab/giftcard-dapp-arc-
NEG_01136,0,0,0,1436,5,0.0004102420185902861,0,0.8457439923,LinearSVC+CalibratedClassifierCV,mainnetblockchain/sendEtherThroughSmartContract
NEG_01143,0,0,0,1443,5,0.00044030597537227296,0,0.8457439923,LinearSVC+CalibratedClassifierCV,Manuel-yang/BlockChainSelfLearning
NEG_01147,0,0,0,1447,5,5.605016010737008e-05,0,0.8457439923,LinearSVC+CalibratedClassifierCV,maprob/nft-mint-site
NEG_01152,0,0,0,1452,5,0.000976439841861926,0,0.8457439923,LinearSVC+CalibratedClassifierCV,markjinhua/SmartContract
NEG_01153,0,0,0,1453,5,0.0002483461887475163,0,0.8457439923,LinearSVC+CalibratedClassifierCV,Markkop/markkop-defi
NEG_01154,0,0,0,1454,5,0.007269293848300211,0,0.8457439923,LinearSVC+CalibratedClassifierCV,MartinoTruppini/LegalTech-SmartContract.it
NEG_01158,0,0,0,1458,5,0.0012297269338860733,0,0.8457439923,LinearSVC+CalibratedClassifierCV,masaun/governorAlpha-with-proof-of-voting-NFT
NEG_01162,0,0,0,1462,5,0.0013204221485225277,0,0.8457439923,LinearSVC+CalibratedClassifierCV,mateolafalce/MonthlySubscriptionSolana
NEG_01171,0,0,0,1471,5,0.029551623705377544,0,0.8457439923,LinearSVC+CalibratedClassifierCV,MauriceBoendermaker/kraken_forge_hackathon_2025
NEG_01180,0,0,0,1480,5,0.006943903089980316,0,0.8457439923,LinearSVC+CalibratedClassifierCV,Melchizedek4ever/Time-Lock-Wallet
NEG_01183,0,0,0,1483,5,0.004149020546575464,0,0.8457439923,LinearSVC+CalibratedClassifierCV,MeoMunDep/Fintopio
NEG_01184,0,0,0,1484,5,0.006419472117203816,0,0.8457439923,LinearSVC+CalibratedClassifierCV,MeoMunDep/OG-Labs
NEG_01186,0,0,0,1486,5,0.011139486261595798,0,0.8457439923,LinearSVC+CalibratedClassifierCV,merofinance/webapp
NEG_01194,0,0,0,1494,5,0.00016443584641023375,0,0.8457439923,LinearSVC+CalibratedClassifierCV,mg98/arbitrary-data-on-blockchains
NEG_01207,0,0,0,1507,5,0.0017676952459498285,0,0.8457439923,LinearSVC+CalibratedClassifierCV,mikke555/eth-wallets-generator
NEG_01215,0,0,0,1515,5,0.0065803976833805344,0,0.8457439923,LinearSVC+CalibratedClassifierCV,mirrorworld-universe/mirrorworld-sdk-js
NEG_01218,0,0,0,1518,5,0.0019084258747455241,0,0.8457439923,LinearSVC+CalibratedClassifierCV,Mizogg/Mizogg-Tools
NEG_01224,0,0,0,1524,5,0.027458851168442756,0,0.8457439923,LinearSVC+CalibratedClassifierCV,MohaiminulEraj/Indicium
NEG_01238,0,0,0,1538,5,0.05673470927788012,0,0.8457439923,LinearSVC+CalibratedClassifierCV,moseuh/blockchain-nft
NEG_01241,0,0,0,1541,5,0.0016025907650636714,0,0.8457439923,LinearSVC+CalibratedClassifierCV,Mr-Malik-Aryan/LendVault
NEG_01248,0,0,0,1548,5,0.002200342873522725,0,0.8457439923,LinearSVC+CalibratedClassifierCV,mrozdolski/ink-flipper
NEG_01250,0,0,0,1550,5,6.982103609436979e-11,0,0.8457439923,LinearSVC+CalibratedClassifierCV,mrsmookie/btcrecover
NEG_01254,0,0,0,1554,5,0.014199207364589976,0,0.8457439923,LinearSVC+CalibratedClassifierCV,mtechee/libax
NEG_01256,0,0,0,1556,5,0.0016129020554988885,0,0.8457439923,LinearSVC+CalibratedClassifierCV,mucolon/gemini-interface
NEG_01257,0,0,0,1557,5,0.00015990574019184551,0,0.8457439923,LinearSVC+CalibratedClassifierCV,muhammadshiraz/dex-frontend-react
NEG_01264,0,0,0,1564,5,0.004593934677386398,0,0.8457439923,LinearSVC+CalibratedClassifierCV,MuscleBunny/NFT_MarketPlace
NEG_01266,0,0,0,1566,5,0.06207886419778544,0,0.8457439923,LinearSVC+CalibratedClassifierCV,muzikoud/cryptoZombies_smart_contract
NEG_01267,0,0,0,1567,5,0.002368007576973086,0,0.8457439923,LinearSVC+CalibratedClassifierCV,Muziris-Labs/fusion-smart-contracts
NEG_01275,0,0,0,1575,5,0.0007327986687928797,0,0.8457439923,LinearSVC+CalibratedClassifierCV,Mystique85/Hub-Portal-Chat
NEG_01282,0,0,0,1582,5,0.05562716485847478,0,0.8457439923,LinearSVC+CalibratedClassifierCV,NancenFrelly/crypto_wallet
NEG_01291,0,0,0,1591,5,0.007829564293252204,0,0.8457439923,LinearSVC+CalibratedClassifierCV,NecroNexus/Blocklog
NEG_01294,0,0,0,1594,5,0.006346797797135183,0,0.8457439923,LinearSVC+CalibratedClassifierCV,neoguias/tutorial-wallet-multifirma
NEG_01297,0,0,0,1597,5,0.02069335316172243,0,0.8457439923,LinearSVC+CalibratedClassifierCV,NesterZz/NFT-Wallet
NEG_01300,0,0,0,1600,5,0.0003475182511646205,0,0.8457439923,LinearSVC+CalibratedClassifierCV,Neufund/ledger-wallet-provider
NEG_01306,0,0,0,1606,5,0.0006567675650973291,0,0.8457439923,LinearSVC+CalibratedClassifierCV,nguyenj27/CSC299
NEG_01321,0,0,0,1621,5,0.0711212231477818,0,0.8457439923,LinearSVC+CalibratedClassifierCV,nirholas/bnbchain-mcp
NEG_01327,0,0,0,1627,5,0.001823998243350353,0,0.8457439923,LinearSVC+CalibratedClassifierCV,Nitin2489/simple-wallet-solidity
NEG_01332,0,0,0,1632,5,0.010478603905075386,0,0.8457439923,LinearSVC+CalibratedClassifierCV,Noahendriks/CryptoTokens
NEG_01337,0,0,0,1637,5,0.023277689029976498,0,0.8457439923,LinearSVC+CalibratedClassifierCV,NoNameNo1F/Blockchain-Applied_BitcoinScripts
NEG_01349,0,0,0,1649,5,0.04183135462507243,0,0.8457439923,LinearSVC+CalibratedClassifierCV,Obalfour/CryptoPokes
NEG_01354,0,0,0,1654,5,0.0002922677097093544,0,0.8457439923,LinearSVC+CalibratedClassifierCV,ofojichigozie/multisig-smart-contract
NEG_01363,0,0,0,1663,5,0.00028628750990029216,0,0.8457439923,LinearSVC+CalibratedClassifierCV,Olanetsoft/buymeacoffee-be
NEG_01367,0,0,0,1667,5,0.007638763997273146,0,0.8457439923,LinearSVC+CalibratedClassifierCV,Om-Mishra7/KRMU-OS-Expo_2023
NEG_01369,0,0,0,1669,5,0.0027663065685958285,0,0.8457439923,LinearSVC+CalibratedClassifierCV,OmarChefrad/HourZero
NEG_01371,0,0,0,1671,5,0.00034531818145357266,0,0.8457439923,LinearSVC+CalibratedClassifierCV,OnChainMee/evm-base-pumfun-smart-contract-v1
NEG_01372,0,0,0,1672,5,0.0008582299293967071,0,0.8457439923,LinearSVC+CalibratedClassifierCV,onee-io/crypto-zombies
NEG_01382,0,0,0,1682,5,0.0005765885863646037,0,0.8457439923,LinearSVC+CalibratedClassifierCV,openocean-finance/Security-Audit-Report
NEG_01388,0,0,0,1688,5,0.0006183967923375345,0,0.8457439923,LinearSVC+CalibratedClassifierCV,Opty-Fi/defi-adapters
NEG_01390,0,0,0,1690,5,0.002436231207603022,0,0.8457439923,LinearSVC+CalibratedClassifierCV,opynfinance/squeeth-monorepo
NEG_01396,0,0,0,1696,5,0.00017543585417635098,0,0.8457439923,LinearSVC+CalibratedClassifierCV,oumaoumag/smart-wallet-skeleton
NEG_01397,0,0,0,1697,5,0.007218016872119489,0,0.8457439923,LinearSVC+CalibratedClassifierCV,Outlier1217/stellar-ai-escrow-commerce-hackathon
NEG_01398,0,0,0,1698,5,0.0008010058132395864,0,0.8457439923,LinearSVC+CalibratedClassifierCV,Overtorment/cli-cold-wallet
NEG_01400,0,0,0,1700,5,0.001993492524072809,0,0.8457439923,LinearSVC+CalibratedClassifierCV,oxofonime/Celo
NEG_01408,0,0,0,1708,5,0.00048053496886651313,0,0.8457439923,LinearSVC+CalibratedClassifierCV,paniaguaadrian/nft-marketplace
NEG_01409,0,0,0,1709,5,0.002592706176402349,0,0.8457439923,LinearSVC+CalibratedClassifierCV,pantunes/xtcryptosignals
NEG_01410,0,0,0,1710,5,0.0007676819943230944,0,0.8457439923,LinearSVC+CalibratedClassifierCV,paradigmxyz/solar
NEG_01411,0,0,0,1711,5,0.0388072022357274,0,0.8457439923,LinearSVC+CalibratedClassifierCV,Parkhomets/crypto_solidity
NEG_01413,0,0,0,1713,5,8.49449544552409e-05,0,0.8457439923,LinearSVC+CalibratedClassifierCV,parv3213/Multi-Signature-Wallet
NEG_01415,0,0,0,1715,5,0.0019320940372589785,0,0.8457439923,LinearSVC+CalibratedClassifierCV,patilom342/poc-stake
NEG_01426,0,0,0,1726,5,0.0003151211215427602,0,0.8457439923,LinearSVC+CalibratedClassifierCV,pcaversaccio/solidity-games
NEG_01430,0,0,0,1730,5,0.0011212608140996605,0,0.8457439923,LinearSVC+CalibratedClassifierCV,PepperWatch/rust
NEG_01434,0,0,0,1734,5,0.0009166043648905211,0,0.8457439923,LinearSVC+CalibratedClassifierCV,Petrosdevri/Solidity-Token-Contract
NEG_01437,0,0,0,1737,5,0.002587415622322139,0,0.8457439923,LinearSVC+CalibratedClassifierCV,PiDAOLab/Pi-NFT-CryptoDragonKing
NEG_01438,0,0,0,1738,5,0.008605464429039112,0,0.8457439923,LinearSVC+CalibratedClassifierCV,PigCharid/ethereum-codeAnalysis
NEG_01439,0,0,0,1739,5,0.021637132729053904,0,0.8457439923,LinearSVC+CalibratedClassifierCV,piske-level/multi-chain-payment-gateway
NEG_01443,0,0,0,1743,5,1.2417755506184148e-05,0,0.8457439923,LinearSVC+CalibratedClassifierCV,Planxnx/ethereum-wallet-generator
NEG_01445,0,0,0,1745,5,0.000525874125115437,0,0.8457439923,LinearSVC+CalibratedClassifierCV,pmaji/crypto-whale-watching-app
NEG_01451,0,0,0,1751,5,0.006473922937276381,0,0.8457439923,LinearSVC+CalibratedClassifierCV,Polygon-Academy/basicnfts
NEG_01462,0,0,0,1762,5,0.0020594766373215217,0,0.8457439923,LinearSVC+CalibratedClassifierCV,prathameshbelurkar/Blockchains
NEG_01478,0,0,0,1778,5,0.00015373775968477029,0,0.8457439923,LinearSVC+CalibratedClassifierCV,pulkitpal/defi-protocol-sdk
NEG_01479,0,0,0,1779,5,0.00035813266006952464,0,0.8457439923,LinearSVC+CalibratedClassifierCV,pvedha/HackIT_IX_Server
NEG_01482,0,0,0,1782,5,0.0010125249735167445,0,0.8457439923,LinearSVC+CalibratedClassifierCV,pythoninthegrasses/nft_meetup
NEG_01484,0,0,0,1784,5,0.00029247921591085447,0,0.8457439923,LinearSVC+CalibratedClassifierCV,qlyde/peek
NEG_01485,0,0,0,1785,5,0.0003102958138053345,0,0.8457439923,LinearSVC+CalibratedClassifierCV,qshuai/blockchain-wallet
NEG_01495,0,0,0,1795,5,0.0005079159264763339,0,0.8457439923,LinearSVC+CalibratedClassifierCV,ra0321/CryptoZombies
NEG_01496,0,0,0,1796,5,0.0001079372052806477,0,0.8457439923,LinearSVC+CalibratedClassifierCV,RabbyHub/Rabby
NEG_01499,0,0,0,1799,5,0.0031345720386510337,0,0.8457439923,LinearSVC+CalibratedClassifierCV,RafaBlockDev/Lending-Pool
NEG_01500,0,0,0,1800,5,0.006282141634837472,0,0.8457439923,LinearSVC+CalibratedClassifierCV,rafaelfariasbsb/polymarket
NEG_01508,0,0,0,1808,5,4.022479214405019e-05,0,0.8457439923,LinearSVC+CalibratedClassifierCV,RainbowMiner/RainbowMiner
NEG_01513,0,0,0,1813,5,0.06250563532223845,0,0.8457439923,LinearSVC+CalibratedClassifierCV,Ramprakash852/Proofify-Smart-Contract
NEG_01515,0,0,0,1815,5,0.00035402761415860687,0,0.8457439923,LinearSVC+CalibratedClassifierCV,ranchimall/blockchainbonds
NEG_01520,0,0,0,1820,5,0.005276698040869142,0,0.8457439923,LinearSVC+CalibratedClassifierCV,rawalraj022/One-Universal-Identity
NEG_01522,0,0,0,1822,5,0.0031665762803100516,0,0.8457439923,LinearSVC+CalibratedClassifierCV,raytsangGitHub/Cryptocurrency
NEG_01527,0,0,0,1827,5,0.0008584723378498777,0,0.8457439923,LinearSVC+CalibratedClassifierCV,RDCH106/pycoinmon
NEG_01528,0,0,0,1828,5,0.00037164212124074963,0,0.8457439923,LinearSVC+CalibratedClassifierCV,re-nft/_v2_.sdk
NEG_01529,0,0,0,1829,5,0.002010314044521956,0,0.8457439923,LinearSVC+CalibratedClassifierCV,reaperdragon/kittos-nft-marketplace
NEG_01533,0,0,0,1833,5,0.017369322936877183,0,0.8457439923,LinearSVC+CalibratedClassifierCV,RelapsedCode/qa-assuring-ethereum-tspvak
NEG_01534,0,0,0,1834,5,0.0010108510181979244,0,0.8457439923,LinearSVC+CalibratedClassifierCV,relyt29/Bubki-For-Ukraine-Contracts
NEG_01570,0,0,0,1870,5,0.0006619637085105804,0,0.8457439923,LinearSVC+CalibratedClassifierCV,ronylucca/nft-dungeons-slayers
NEG_01577,0,0,0,1877,5,0.004590574122831258,0,0.8457439923,LinearSVC+CalibratedClassifierCV,ruppysuppy/Crypto-Crowdfund
NEG_01579,0,0,0,1879,5,0.023447500150127153,0,0.8457439923,LinearSVC+CalibratedClassifierCV,rustjesty/bubblemaps-bypass-tool-rust
NEG_01584,0,0,0,1884,5,0.0017371656991472591,0,0.8457439923,LinearSVC+CalibratedClassifierCV,RyanHaraki/ethereumjs
NEG_01585,0,0,0,1885,5,0.002077218729691739,0,0.8457439923,LinearSVC+CalibratedClassifierCV,RyanKoech/Crypto_Fund
NEG_01589,0,0,0,1889,5,0.0011096044126394982,0,0.8457439923,LinearSVC+CalibratedClassifierCV,s-damian/hardhat-nft-ticketing
NEG_01590,0,0,0,1890,5,0.0010169976310442227,0,0.8457439923,LinearSVC+CalibratedClassifierCV,s4larie/walletool
NEG_01595,0,0,0,1895,5,0.007378487733987745,0,0.8457439923,LinearSVC+CalibratedClassifierCV,sahilrohera10/Fusion_Wallet
NEG_01597,0,0,0,1897,5,0.007528244271888633,0,0.8457439923,LinearSVC+CalibratedClassifierCV,saikun0293/gige-web3
NEG_01598,0,0,0,1898,5,0.00172447280930863,0,0.8457439923,LinearSVC+CalibratedClassifierCV,salmanbao/tic-tac-toe
NEG_01603,0,0,0,1903,5,0.00039445283940978067,0,0.8457439923,LinearSVC+CalibratedClassifierCV,Samuellyworld/Tippers
NEG_01631,0,0,0,1931,5,0.0004346074924309579,0,0.8457439923,LinearSVC+CalibratedClassifierCV,secp256k2/secp256k2
NEG_01632,0,0,0,1932,5,0.002302805768284221,0,0.8457439923,LinearSVC+CalibratedClassifierCV,seekerpig/nftSmartContract
NEG_01633,0,0,0,1933,5,0.030723810729290205,0,0.8457439923,LinearSVC+CalibratedClassifierCV,sefaosm/Stake-X
NEG_01634,0,0,0,1934,5,0.01650622861032693,0,0.8457439923,LinearSVC+CalibratedClassifierCV,SergioCifuentes/mpl-core-staking-frontend
NEG_01636,0,0,0,1936,5,0.038933189766213,0,0.8457439923,LinearSVC+CalibratedClassifierCV,sevdakeskin/Solidity-CryptoZombies
NEG_01638,0,0,0,1938,5,0.015327718781061086,0,0.8457439923,LinearSVC+CalibratedClassifierCV,ShadowGuardAI/crypto-hdwallet-analyzer
NEG_01643,0,0,0,1943,5,0.0008302544967980652,0,0.8457439923,LinearSVC+CalibratedClassifierCV,shanefontaine/ethfinex-python
NEG_01648,0,0,0,1948,5,0.26827181492268887,0,0.8457439923,LinearSVC+CalibratedClassifierCV,shawakash/payBox
NEG_01661,0,0,0,1961,5,0.00036753317981234467,0,0.8457439923,LinearSVC+CalibratedClassifierCV,siddot/Wallet
NEG_01663,0,0,0,1963,5,0.0001495305938322995,0,0.8457439923,LinearSVC+CalibratedClassifierCV,SilentCicero/MultiSignatureWallet
NEG_01672,0,0,0,1972,5,0.00044635687429389696,0,0.8457439923,LinearSVC+CalibratedClassifierCV,Sky4Master/JS-DEX-TrackBot-Sky4Master
NEG_01675,0,0,0,1975,5,0.0007925200723756438,0,0.8457439923,LinearSVC+CalibratedClassifierCV,skysor/digital-assets
NEG_01678,0,0,0,1978,5,0.0007586104493866761,0,0.8457439923,LinearSVC+CalibratedClassifierCV,Slidebits/ethereum-smart-contracts
NEG_01682,0,0,0,1982,5,0.0004200946078609523,0,0.8457439923,LinearSVC+CalibratedClassifierCV,smartbugs/smartbugs-wild
NEG_01685,0,0,0,1985,5,0.00457469299616866,0,0.8457439923,LinearSVC+CalibratedClassifierCV,smartcontractkit/chainlink-ruby
NEG_01687,0,0,0,1987,5,0.0015703652899765436,0,0.8457439923,LinearSVC+CalibratedClassifierCV,SmolDapp/smoldapp
NEG_01695,0,0,0,1995,5,0.009506518381166345,0,0.8457439923,LinearSVC+CalibratedClassifierCV,solguru310/solana-wallet-tracking-bot
NEG_01698,0,0,0,1998,5,0.0016162335382417946,0,0.8457439923,LinearSVC+CalibratedClassifierCV,solidstate-network/solidstate-solidity
NEG_01700,0,0,0,2000,5,5.956277761855338e-05,0,0.8457439923,LinearSVC+CalibratedClassifierCV,solomoncools/nft-minter-bep721
NEG_01702,0,0,0,2002,5,0.0012593284546812114,0,0.8457439923,LinearSVC+CalibratedClassifierCV,SonOfMosiah/maxx-finance-subgraph
NEG_01705,0,0,0,2005,5,0.0036037443749578958,0,0.8457439923,LinearSVC+CalibratedClassifierCV,spareleg/bitcoin-ticker
NEG_01707,0,0,0,2007,5,0.005776087587126665,0,0.8457439923,LinearSVC+CalibratedClassifierCV,Spectral-Finance/scraped-sol-files
NEG_01712,0,0,0,2012,5,0.03752213541938312,0,0.8457439923,LinearSVC+CalibratedClassifierCV,Springbock99/hd-wallet
NEG_01714,0,0,0,2014,5,0.0012202377987725209,0,0.8457439923,LinearSVC+CalibratedClassifierCV,SqueezerIO/squeezer
NEG_01715,0,0,0,2015,5,0.0009866749613787896,0,0.8457439923,LinearSVC+CalibratedClassifierCV,sr2echa/DMD
NEG_01722,0,0,0,2022,5,0.001732280122456957,0,0.8457439923,LinearSVC+CalibratedClassifierCV,stefannovasky/cryptocurrency-smart-contract
NEG_01725,0,0,0,2025,5,0.004412163801077327,0,0.8457439923,LinearSVC+CalibratedClassifierCV,StephanAkkerman/crypto-ohlcv
NEG_01730,0,0,0,2030,5,0.0018473223159254169,0,0.8457439923,LinearSVC+CalibratedClassifierCV,StratosGrig/BlockchainProjects
NEG_01733,0,0,0,2033,5,0.0003949165164557282,0,0.8457439923,LinearSVC+CalibratedClassifierCV,suarja/memoria-eterna-nft
NEG_01734,0,0,0,2034,5,0.011907477422774084,0,0.8457439923,LinearSVC+CalibratedClassifierCV,subsixx/Pinsurance
NEG_01742,0,0,0,2042,5,5.565898096673935e-05,0,0.8457439923,LinearSVC+CalibratedClassifierCV,sunjiangjun/supernode
NEG_01748,0,0,0,2048,5,0.0008404120966205558,0,0.8457439923,LinearSVC+CalibratedClassifierCV,superDev427/BlockChain-Tra
NEG_01750,0,0,0,2050,5,0.0001870518780643066,0,0.8457439923,LinearSVC+CalibratedClassifierCV,SuperRich/soliditywallet
NEG_01751,0,0,0,2051,5,0.08956825852675454,0,0.8457439923,LinearSVC+CalibratedClassifierCV,supragya/CryptographyResearch
NEG_01752,0,0,0,2052,5,0.0030386061108484473,0,0.8457439923,LinearSVC+CalibratedClassifierCV,suribartek9/btc-eth
NEG_01754,0,0,0,2054,5,0.00037458669374755034,0,0.8457439923,LinearSVC+CalibratedClassifierCV,Swap76/Supply-Chain-Using-Blockchain
NEG_01757,0,0,0,2057,5,0.01289135215166227,0,0.8457439923,LinearSVC+CalibratedClassifierCV,swarupyeole11/BlockchainCryptography
NEG_01759,0,0,0,2059,5,0.0005937078100113426,0,0.8457439923,LinearSVC+CalibratedClassifierCV,sweetmantech/NFT-Polygon-Minting
NEG_01762,0,0,0,2062,5,0.011228863973143715,0,0.8457439923,LinearSVC+CalibratedClassifierCV,swrno/adopt-pet
NEG_01768,0,0,0,2068,5,0.1267449523892077,0,0.8457439923,LinearSVC+CalibratedClassifierCV,Synthetixio/synthetix-js
NEG_01772,0,0,0,2072,5,0.004651829856987706,0,0.8457439923,LinearSVC+CalibratedClassifierCV,TaliaKaza/CryptoSentinel
NEG_01785,0,0,0,2085,5,0.0006677987247034738,0,0.8457439923,LinearSVC+CalibratedClassifierCV,taylorjdawson/eth-chains
NEG_01790,0,0,0,2090,5,0.0009799640066994644,0,0.8457439923,LinearSVC+CalibratedClassifierCV,TechRate/Smart-Contract-Audits
NEG_01792,0,0,0,2092,5,0.00932288619286892,0,0.8457439923,LinearSVC+CalibratedClassifierCV,tega-tahir/ArtBridge
NEG_01795,0,0,0,2095,5,0.0003545328088216646,0,0.8457439923,LinearSVC+CalibratedClassifierCV,TeleportDAO/teleswap-contracts-evm
NEG_01796,0,0,0,2096,5,7.668221661646303e-05,0,0.8457439923,LinearSVC+CalibratedClassifierCV,ten-protocol/go-ten
NEG_01800,0,0,0,2100,5,0.00036948988596171564,0,0.8457439923,LinearSVC+CalibratedClassifierCV,Teyik0/solidity-order-book
NEG_01802,0,0,0,2102,5,0.023158842907461202,0,0.8457439923,LinearSVC+CalibratedClassifierCV,ThalesBMC/crypto-wallet
NEG_01805,0,0,0,2105,5,0.0015946149671140948,0,0.8457439923,LinearSVC+CalibratedClassifierCV,theblockbrain/ai-safeguard
NEG_01806,0,0,0,2106,5,0.0008582156534360242,0,0.8457439923,LinearSVC+CalibratedClassifierCV,theblockchainchief/web3-hub
NEG_01810,0,0,0,2110,5,0.00182509653575814,0,0.8457439923,LinearSVC+CalibratedClassifierCV,thenua3bhai/backend-nft-marketplace-ethereum
NEG_01819,0,0,0,2119,5,0.003809908778532446,0,0.8457439923,LinearSVC+CalibratedClassifierCV,timxor/payment-api
NEG_01821,0,0,0,2121,5,0.008917456788954371,0,0.8457439923,LinearSVC+CalibratedClassifierCV,tinovyatkin/pass-js
NEG_01823,0,0,0,2123,5,0.005734146933787755,0,0.8457439923,LinearSVC+CalibratedClassifierCV,tiwarisakshi28/Multisignature-wallet
NEG_01826,0,0,0,2126,5,0.0014541147045520888,0,0.8457439923,LinearSVC+CalibratedClassifierCV,tmiess/CryptoBase
NEG_01829,0,0,0,2129,5,0.0004788186419828392,0,0.8457439923,LinearSVC+CalibratedClassifierCV,tomteman/attendr
NEG_01832,0,0,0,2132,5,0.0005957269454730261,0,0.8457439923,LinearSVC+CalibratedClassifierCV,topsecretagent007/smart-contract-web3-projects
NEG_01834,0,0,0,2134,5,0.006736667883267875,0,0.8457439923,LinearSVC+CalibratedClassifierCV,Topten1004/NFT-Marketplace-ERC1155
NEG_01836,0,0,0,2136,5,0.00018546410448808462,0,0.8457439923,LinearSVC+CalibratedClassifierCV,toto-1010/nft-smart-contracts-basic1
NEG_01842,0,0,0,2142,5,0.00027341358724982073,0,0.8457439923,LinearSVC+CalibratedClassifierCV,TradMod/awesome-audits-checklists
NEG_01845,0,0,0,2145,5,0.0019361155955149219,0,0.8457439923,LinearSVC+CalibratedClassifierCV,TrentPierce/Ethereum-Address-Collider
NEG_01850,0,0,0,2150,5,0.0002916744800825289,0,0.8457439923,LinearSVC+CalibratedClassifierCV,trustwallet/trust-wallet-ios
NEG_01862,0,0,0,2162,5,0.33468794422098647,0,0.8457439923,LinearSVC+CalibratedClassifierCV,uhsr/BlockchainNFTRegistryPlatformX
NEG_01863,0,0,0,2163,5,0.3287893131713317,0,0.8457439923,LinearSVC+CalibratedClassifierCV,uhsr/BlockchainNftRegistrySolutionsX
NEG_01866,0,0,0,2166,5,0.32305122105721845,0,0.8457439923,LinearSVC+CalibratedClassifierCV,uhsr/BlockchainNFTVaultManagerPlatformUltra
NEG_01877,0,0,0,2177,5,0.0005546849665625039,0,0.8457439923,LinearSVC+CalibratedClassifierCV,uport-project/uport-connect
NEG_01878,0,0,0,2178,5,0.0013814101047965007,0,0.8457439923,LinearSVC+CalibratedClassifierCV,UraniumCorporation/solana-payout-action
NEG_01880,0,0,0,2180,5,0.0160548866447214,0,0.8457439923,LinearSVC+CalibratedClassifierCV,utsavempiric20/multi-signature-wallet-factory-solidity
NEG_01886,0,0,0,2186,5,0.0009115663134397562,0,0.8457439923,LinearSVC+CalibratedClassifierCV,vanchoy/nft-collection
NEG_01890,0,0,0,2190,5,0.0007860268375407568,0,0.8457439923,LinearSVC+CalibratedClassifierCV,vdutts7/ai-generated-nfts
NEG_01891,0,0,0,2191,5,0.0009773607390718855,0,0.8457439923,LinearSVC+CalibratedClassifierCV,vechain/web3-gear
NEG_01894,0,0,0,2194,5,0.02024339167248021,0,0.8457439923,LinearSVC+CalibratedClassifierCV,VedikaaSankhe/ds_VedikaSankhe
NEG_01895,0,0,0,2195,5,0.07838816102912351,0,0.8457439923,LinearSVC+CalibratedClassifierCV,Velocity-BPA/n8n-nodes-aztec
NEG_01896,0,0,0,2196,5,0.1932196597314151,0,0.8457439923,LinearSVC+CalibratedClassifierCV,Velocity-BPA/n8n-nodes-pendle
NEG_01898,0,0,0,2198,5,0.0012568738973385443,0,0.8457439923,LinearSVC+CalibratedClassifierCV,vergecurrency/verge
NEG_01899,0,0,0,2199,5,3.731418660423881e-05,0,0.8457439923,LinearSVC+CalibratedClassifierCV,VersoriumX/web3
NEG_01901,0,0,0,2201,5,0.0014919074897621612,0,0.8457439923,LinearSVC+CalibratedClassifierCV,vhidvz/crypto-aio
NEG_01904,0,0,0,2204,5,0.003609122536773439,0,0.8457439923,LinearSVC+CalibratedClassifierCV,victorykop/Buildspace-Wave-Portal-Backend
NEG_01907,0,0,0,2207,5,0.0031777851825931167,0,0.8457439923,LinearSVC+CalibratedClassifierCV,Vikash-8090-Yadav/Learn-Earn-in-WEB3
NEG_01919,0,0,0,2219,5,0.0037115911242435033,0,0.8457439923,LinearSVC+CalibratedClassifierCV,vitalkamuntu/Crypto-wallet
NEG_01934,0,0,0,2234,5,0.005267915358861486,0,0.8457439923,LinearSVC+CalibratedClassifierCV,VulnPlanet/l3x
NEG_01937,0,0,0,2237,5,0.00010638549683506314,0,0.8457439923,LinearSVC+CalibratedClassifierCV,vykuntaharsha/cryptocurrency-and-smart-contract
NEG_01938,0,0,0,2238,5,0.002070450461376733,0,0.8457439923,LinearSVC+CalibratedClassifierCV,wallet-agent/wallet-agent
NEG_01939,0,0,0,2239,5,0.00040548796982179335,0,0.8457439923,LinearSVC+CalibratedClassifierCV,Wallet3/Wallet3-Desktop
NEG_01945,0,0,0,2245,5,1.3975135638118888e-05,0,0.8457439923,LinearSVC+CalibratedClassifierCV,WalletWasabi/WalletWasabi
NEG_01948,0,0,0,2248,5,0.0006645063627180493,0,0.8457439923,LinearSVC+CalibratedClassifierCV,wangshijun/ethereum-lottery-dapp
NEG_01951,0,0,0,2251,5,0.008410189300308818,0,0.8457439923,LinearSVC+CalibratedClassifierCV,warmkey-finance/bitcoin-cryptocurrency-tutorial
NEG_01952,0,0,0,2252,5,0.005126053383960039,0,0.8457439923,LinearSVC+CalibratedClassifierCV,wasiiff/blokk-lens
NEG_01955,0,0,0,2255,5,0.002550547886303818,0,0.8457439923,LinearSVC+CalibratedClassifierCV,WeaverFi/cookietrack-api
NEG_01957,0,0,0,2257,5,0.0004667605919299645,0,0.8457439923,LinearSVC+CalibratedClassifierCV,Web3-Club/Blockchain-Developer-roadmap_Chinese
NEG_01958,0,0,0,2258,5,0.011646973833187496,0,0.8457439923,LinearSVC+CalibratedClassifierCV,Web3Auth/Auth
NEG_01966,0,0,0,2266,5,0.0002517452834260358,0,0.8457439923,LinearSVC+CalibratedClassifierCV,web3p/web3.php
NEG_01973,0,0,0,2273,5,0.0011740706554705857,0,0.8457439923,LinearSVC+CalibratedClassifierCV,whoaryu/cryptozombies
NEG_01984,0,0,0,2284,5,0.002379482283948625,0,0.8457439923,LinearSVC+CalibratedClassifierCV,WTFAcademy/WTF-CTF
NEG_01987,0,0,0,2287,5,0.0003111430892622322,0,0.8457439923,LinearSVC+CalibratedClassifierCV,Xalt8/Vyper
NEG_02001,0,0,0,2301,5,0.0005522903840440741,0,0.8457439923,LinearSVC+CalibratedClassifierCV,XXXGutierrezXXX/defi-staking-smart-contract-solana
NEG_02007,0,0,0,2307,5,0.0005554959079004299,0,0.8457439923,LinearSVC+CalibratedClassifierCV,yannvr/lendx
NEG_02010,0,0,0,2310,5,0.001969890649035435,0,0.8457439923,LinearSVC+CalibratedClassifierCV,YarovoyVladimir09/rust-solana-NftLoanPlatform
NEG_02011,0,0,0,2311,5,0.003967570799089931,0,0.8457439923,LinearSVC+CalibratedClassifierCV,Yassin-MT/EETP
NEG_02026,0,0,0,2326,5,0.0025576353033030935,0,0.8457439923,LinearSVC+CalibratedClassifierCV,YosephKS/truffle-opensea-nft
NEG_02029,0,0,0,2329,5,0.0008712394564150436,0,0.8457439923,LinearSVC+CalibratedClassifierCV,yuichiroaoki/typescript-hardhat
NEG_02041,0,0,0,2341,5,0.0008291533225668171,0,0.8457439923,LinearSVC+CalibratedClassifierCV,ZetiAi/defi
NEG_02052,0,0,0,2352,5,0.00016810839741030997,0,0.8457439923,LinearSVC+CalibratedClassifierCV,zypher-game/bevy-web3
