label,y_proba,y_pred,repo_full_name,family_id,is_real_positive,is_generated_positive
1,0.9996596118917352,1,2723799947qq2022/solana-pumpfun-bot,F1_pumpfun_clone,1,0
1,0.9988246865253689,1,2kwkkk/solana-pumpfun-bot,F1_pumpfun_clone,1,0
1,0.9997202522354289,1,790659193qqch/solana-pumpfun-bot,F1_pumpfun_clone,1,0
1,0.9995575315879174,1,7arlystar/solana-pumpfun-bot,F1_pumpfun_clone,1,0
1,0.9995223785602821,1,918715c83/solana-pumpfun-bot,F1_pumpfun_clone,1,0
1,0.9606365953943188,1,adminlove520/VulnWatchDog,F4_security_osint_cve,1,0
1,0.9998504911295701,1,AmirhBeigi7zch6f/solana-pumpfun-bot,F1_pumpfun_clone,1,0
1,0.9998808785342095,1,arliawhite/rentverse,F3_web3_platform_app,1,0
1,0.9997339512290013,1,asmaamohamed0264/solana-pumpfun-bot,F1_pumpfun_clone,1,0
1,0.9994244222287412,1,bog-us/solana-pumpfun-bot,F1_pumpfun_clone,1,0
1,0.9196860978376212,1,clixlogix/blockchain-dev,F3_web3_platform_app,1,0
1,0.9729617093024512,1,dev-protocol/polymarket-copytrading-bot-sport,F2_crypto_trading_bot,1,0
1,0.9996740401330405,1,edparker89/solana-pumpfun-bot,F1_pumpfun_clone,1,0
1,0.8235108428050246,1,eferos93/test4,F5_ai_media_demo,1,0
1,0.3938322284442841,1,FaceOFWood/SniperBot-Solana-PumpSwap,F2_crypto_trading_bot,1,0
1,0.9914950980841134,1,harshith-vaddiparthy/quant-bot,F2_crypto_trading_bot,1,0
1,0.9991342477064427,1,ii4272/solana-pumpfun-bot,F1_pumpfun_clone,1,0
1,0.9993328172577827,1,ijtye/solana-pumpfun-bot,F1_pumpfun_clone,1,0
1,0.999645041802983,1,iwanjunaids/solana-pumpfun-bot,F1_pumpfun_clone,1,0
1,0.999593168841285,1,janmalece/solana-pumpfun-bot,F1_pumpfun_clone,1,0
1,0.9994916395824472,1,kay2x4/solana-pumpfun-bot,F1_pumpfun_clone,1,0
1,0.33306751494139697,1,knightsdex/knightsbridge-dex,F3_web3_platform_app,1,0
1,0.9997604017317032,1,lan666as2dfur/solana-pumpfun-bot,F1_pumpfun_clone,1,0
1,0.9995226376400627,1,loveccat/solana-pumpfun-bot,F1_pumpfun_clone,1,0
1,0.9996032895904006,1,lukgria/solana-pumpfun-bot,F1_pumpfun_clone,1,0
1,0.9998596182908027,1,mdemetrial26rvk9w/solana-pumpfun-bot,F1_pumpfun_clone,1,0
1,0.9131789731357628,1,MentarisHub121/TokenPresaleApp,F3_web3_platform_app,1,0
1,0.9973515086262066,1,Metaldadisbad/HacxGPT,F5_ai_media_demo,1,0
1,0.9323673151782939,1,mirzamudassir/blocknovas-nyx-public,F3_web3_platform_app,1,0
1,0.1853143160102532,0,Morning-Star213/Solana-pumpfun-bot,F2_crypto_trading_bot,1,0
1,0.9997239508901182,1,nocomp/poc-CVE-2001-1473,F4_security_osint_cve,1,0
1,0.9995092201612872,1,oumengwas/solana-pumpfun-bot,F1_pumpfun_clone,1,0
1,0.999637200952789,1,Rain-Rave5/solana-pumpfun-bot,F1_pumpfun_clone,1,0
1,0.9156684585870986,1,rizvejoarder/SoraMax,F5_ai_media_demo,1,0
1,0.8439453214273455,1,shivas1432/sora2-watermark-remover,F5_ai_media_demo,1,0
1,0.8050464578855111,1,SuperDev313/Trading_Platform_Ultrax,F3_web3_platform_app,1,0
1,0.9885300637146613,1,ta3pks/Decentralized-Social,F3_web3_platform_app,1,0
1,0.883221674167259,1,themaxlpalfaboy/CVE-2025-54897-LAB,F4_security_osint_cve,1,0
1,0.9997749642451641,1,wc64561673347375/solana-pumpfun-bot,F1_pumpfun_clone,1,0
1,0.9994684979095082,1,wj6942/solana-pumpfun-bot,F1_pumpfun_clone,1,0
1,0.9997193939659997,1,xnaotutu77765/solana-pumpfun-bot,F1_pumpfun_clone,1,0
1,0.9448040867866068,1,xorostar/blocknovas-llc-currency-converter-task,F3_web3_platform_app,1,0
1,0.9996734810683829,1,yvagSirKt/solana-pumpfun-bot,F1_pumpfun_clone,1,0
1,0.9999251449258738,1,Zeeeepa/spyder-osint,F4_security_osint_cve,1,0
1,0.9998452182687124,1,Zeeeepa/spyder-osint2,F4_security_osint_cve,1,0
1,0.9998150337238827,1,2723799947qq2022t/solana-pumpfun-bot,F1_pumpfun_clone,0,1
1,0.9987906014425256,1,2kwkk/solana-pumpfun-bot,F1_pumpfun_clone,0,1
1,0.9997863498442096,1,790659193qqch2/solana-pumpfun-bot,F1_pumpfun_clone,0,1
1,0.9996868756291483,1,7arlysta/solana-pumpfun-bot,F1_pumpfun_clone,0,1
1,0.9993541788284354,1,918715c8/solana-pumpfun-bot,F1_pumpfun_clone,0,1
1,0.9998527587910084,1,AmirhBeigi7zch6ff/solana-pumpfun-bot,F1_pumpfun_clone,0,1
1,0.9997017436956296,1,asmaamohamed0264a/solana-pumpfun-bot,F1_pumpfun_clone,0,1
1,0.9993545190106853,1,bogus/solana-pumpfun-bot,F1_pumpfun_clone,0,1
1,0.9995128746509883,1,edparker89t/solana-pumpfun-bot,F1_pumpfun_clone,0,1
1,0.9990151622760136,1,ii427/solana-pumpfun-bot,F1_pumpfun_clone,0,1
1,0.9994810248868277,1,ijty/solana-pumpfun-bot,F1_pumpfun_clone,0,1
1,0.999618799305778,1,iwanjunaid/solana-pumpfun-bot,F1_pumpfun_clone,0,1
1,0.9997847173362245,1,janmalece2/solana-pumpfun-bot,F1_pumpfun_clone,0,1
1,0.9997143742009066,1,kay2x42/solana-pumpfun-bot,F1_pumpfun_clone,0,1
1,0.9996713031906103,1,lan666as2dfu/solana-pumpfun-bot,F1_pumpfun_clone,0,1
1,0.999679662364537,1,loveccat2/solana-pumpfun-bot,F1_pumpfun_clone,0,1
1,0.99972488396916,1,lukgrial/solana-pumpfun-bot,F1_pumpfun_clone,0,1
1,0.9998738384296798,1,mdemetrial26rvk9wz/solana-pumpfun-bot,F1_pumpfun_clone,0,1
1,0.9995066692948962,1,oumengwas2/solana-pumpfun-bot,F1_pumpfun_clone,0,1
1,0.9996329236810646,1,RainRave5/solana-pumpfun-bot,F1_pumpfun_clone,0,1
1,0.9998277536412977,1,wc645616733473752/solana-pumpfun-bot,F1_pumpfun_clone,0,1
1,0.9994753347296244,1,wj69422/solana-pumpfun-bot,F1_pumpfun_clone,0,1
1,0.9997518122029677,1,xnaotutu777652/solana-pumpfun-bot,F1_pumpfun_clone,0,1
1,0.9998126762340142,1,yvagSirKt6/solana-pumpfun-bot,F1_pumpfun_clone,0,1
1,0.9995057801024183,1,2723799947qq202/solana-pumpfun-bot,F1_pumpfun_clone,0,1
1,0.998856785766432,1,2kwkkk2/solana-pumpfun-bot,F1_pumpfun_clone,0,1
1,0.9998329910197429,1,790659193qqch3/solana-pumpfun-bot,F1_pumpfun_clone,0,1
1,0.999690105966054,1,7arlystart/solana-pumpfun-bot,F1_pumpfun_clone,0,1
1,0.9996059498126794,1,918715c832/solana-pumpfun-bot,F1_pumpfun_clone,0,1
1,0.9998716185917326,1,AmirhBeigi7zch6f2/solana-pumpfun-bot,F1_pumpfun_clone,0,1
1,0.9998389852384687,1,asmaamohamed026/solana-pumpfun-bot,F1_pumpfun_clone,0,1
1,0.9995134946742233,1,bogusyc/solana-pumpfun-bot,F1_pumpfun_clone,0,1
1,0.9995267974267366,1,edparker8/solana-pumpfun-bot,F1_pumpfun_clone,0,1
1,0.9993907248823645,1,ii4273/solana-pumpfun-bot,F1_pumpfun_clone,0,1
1,0.9995194085572363,1,ijtye2/solana-pumpfun-bot,F1_pumpfun_clone,0,1
1,0.9997615407698065,1,iwanjunaidst/solana-pumpfun-bot,F1_pumpfun_clone,0,1
1,0.9718847895252337,1,adminlove5202/VulnWatchDog,F4_security_osint_cve,0,1
1,0.9996595174634786,1,nocomp9/poc-CVE-2001-1473,F4_security_osint_cve,0,1
1,0.906251831309516,1,themaxlpalfaboyr/CVE-2025-54897-LAB,F4_security_osint_cve,0,1
1,0.99988957880492,1,Zeeeep/spyder-osint,F4_security_osint_cve,0,1
1,0.9998846362817922,1,Zeeeepa2/spyder-osint2,F4_security_osint_cve,0,1
1,0.976255460425142,1,adminlove5203/VulnWatchDog,F4_security_osint_cve,0,1
1,0.9997808417556123,1,nocomp4/poc-CVE-2001-1473,F4_security_osint_cve,0,1
1,0.864136757531012,1,themaxlpalfaboyk/CVE-2025-54897-LAB,F4_security_osint_cve,0,1
1,0.9999298169886636,1,Zeeeepa2/spyder-osint,F4_security_osint_cve,0,1
1,0.9999050483031122,1,Zeeeepa3/spyder-osint2,F4_security_osint_cve,0,1
1,0.9711340102467364,1,adminlove52/VulnWatchDog,F4_security_osint_cve,0,1
1,0.999815548195671,1,nocomps/poc-CVE-2001-1473,F4_security_osint_cve,0,1
1,0.8839425126097714,1,themaxlpalfaboy2/CVE-2025-54897-LAB,F4_security_osint_cve,0,1
1,0.9999148227524769,1,Zeeeep2/spyder-osint,F4_security_osint_cve,0,1
1,0.9998406004001863,1,Zeeeep/spyder-osint2,F4_security_osint_cve,0,1
1,0.9492077172014612,1,adminlove520v/VulnWatchDog,F4_security_osint_cve,0,1
1,0.9998078382269058,1,nocomp7/poc-CVE-2001-1473,F4_security_osint_cve,0,1
1,0.8681575837788603,1,themaxlpalfabo/CVE-2025-54897-LAB,F4_security_osint_cve,0,1
1,0.999928991429103,1,Zeeeepaz/spyder-osint,F4_security_osint_cve,0,1
1,0.9998346164870829,1,Zeeeepa4/spyder-osint2,F4_security_osint_cve,0,1
1,0.9663019678173633,1,adminlove520t/VulnWatchDog,F4_security_osint_cve,0,1
1,0.9998151275086635,1,nocompf/poc-CVE-2001-1473,F4_security_osint_cve,0,1
1,0.8902012653660737,1,themaxlpalfaboy3/CVE-2025-54897-LAB,F4_security_osint_cve,0,1
1,0.9998857581978147,1,Zeeeepa3/spyder-osint,F4_security_osint_cve,0,1
1,0.9998093883813918,1,Zeeeepa5/spyder-osint2,F4_security_osint_cve,0,1
1,0.9802654701848126,1,adminlove520f/VulnWatchDog,F4_security_osint_cve,0,1
1,0.9996591319906015,1,nocom/poc-CVE-2001-1473,F4_security_osint_cve,0,1
1,0.8530227157634164,1,themaxlpalfaboy4/CVE-2025-54897-LAB,F4_security_osint_cve,0,1
1,0.9998852880268277,1,Zeeeepa4/spyder-osint,F4_security_osint_cve,0,1
1,0.9998601090655956,1,Zeeeepap/spyder-osint2,F4_security_osint_cve,0,1
1,0.9697816449124614,1,adminlove520x/VulnWatchDog,F4_security_osint_cve,0,1
1,0.9997669140940549,1,nocompa/poc-CVE-2001-1473,F4_security_osint_cve,0,1
1,0.8604003679356422,1,themaxlpalfaboy5/CVE-2025-54897-LAB,F4_security_osint_cve,0,1
1,0.9999024501453837,1,Zeeeepaw/spyder-osint,F4_security_osint_cve,0,1
1,0.999874595264367,1,Zeeeepax/spyder-osint2,F4_security_osint_cve,0,1
1,0.9534508392546357,1,adminlove522/VulnWatchDog,F4_security_osint_cve,0,1
1,0.999724879551929,1,nocomp2/poc-CVE-2001-1473,F4_security_osint_cve,0,1
1,0.8589993754494669,1,themaxlpalfaboy6/CVE-2025-54897-LAB,F4_security_osint_cve,0,1
1,0.9999213986821248,1,Zeeeepa5/spyder-osint,F4_security_osint_cve,0,1
1,0.9997419568322684,1,Zeeeep2/spyder-osint2,F4_security_osint_cve,0,1
1,0.9849152267503832,1,adminlove5200/VulnWatchDog,F4_security_osint_cve,0,1
1,0.9994889579609678,1,nocom2/poc-CVE-2001-1473,F4_security_osint_cve,0,1
1,0.886145133733713,1,themaxlpalfabo2/CVE-2025-54897-LAB,F4_security_osint_cve,0,1
1,0.9999075430541765,1,Zeeeep3/spyder-osint,F4_security_osint_cve,0,1
1,0.9997260010958845,1,Zeeeep3/spyder-osint2,F4_security_osint_cve,0,1
1,0.9700143357122598,1,adminlove520o/VulnWatchDog,F4_security_osint_cve,0,1
1,0.9997016740871123,1,nocompb/poc-CVE-2001-1473,F4_security_osint_cve,0,1
1,0.8520863059610297,1,themaxlpalfaboy7/CVE-2025-54897-LAB,F4_security_osint_cve,0,1
1,0.9999375175114126,1,Zeeeep4/spyder-osint,F4_security_osint_cve,0,1
1,0.9998664948577526,1,Zeeeepa6/spyder-osint2,F4_security_osint_cve,0,1
1,0.9672792031174117,1,adminlove5208/VulnWatchDog,F4_security_osint_cve,0,1
1,0.9997261920909283,1,nocompc/poc-CVE-2001-1473,F4_security_osint_cve,0,1
1,0.8978729905344757,1,themaxlpalfaboy8/CVE-2025-54897-LAB,F4_security_osint_cve,0,1
1,0.9998764950460209,1,Zeeeep5/spyder-osint,F4_security_osint_cve,0,1
1,0.999840527852106,1,Zeeeepaz/spyder-osint2,F4_security_osint_cve,0,1
1,0.9999154538425689,1,arliawhitec/rentverse,F3_web3_platform_app,0,1
1,0.8930579393906499,1,studio-hu/blockchain-dev,F3_web3_platform_app,0,1
1,0.4342279327093996,1,knightsdexj/knightsbridge-dex,F3_web3_platform_app,0,1
1,0.8374372348540641,1,protocol-app/TokenPresaleApp,F3_web3_platform_app,0,1
1,0.9311128075457141,1,mirzamudassi/blocknovas-nyx-public,F3_web3_platform_app,0,1
1,0.7999515480721774,1,SuperDev31/Trading_Platform_Ultrax,F3_web3_platform_app,0,1
1,0.983581375510295,1,ta3pks2/Decentralized-Social,F3_web3_platform_app,0,1
1,0.966881531079252,1,xorostar2/blocknovas-llc-currency-converter-task,F3_web3_platform_app,0,1
1,0.9999113211521009,1,arliawhite2/rentverse,F3_web3_platform_app,0,1
1,0.8590909731759767,1,app-proto/blockchain-dev,F3_web3_platform_app,0,1
1,0.4048453431687589,1,knightsdexk/knightsbridge-dex,F3_web3_platform_app,0,1
1,0.861537133742981,1,chain-studio/TokenPresaleApp,F3_web3_platform_app,0,1
1,0.9581427134588548,1,mirzamudassira/blocknovas-nyx-public,F3_web3_platform_app,0,1
1,0.7794060598818969,1,SuperDev3132/Trading_Platform_Ultrax,F3_web3_platform_app,0,1
1,0.9862189715446625,1,ta3pk/Decentralized-Social,F3_web3_platform_app,0,1
1,0.9251616986525878,1,xorostar3/blocknovas-llc-currency-converter-task,F3_web3_platform_app,0,1
1,0.9998916120968947,1,arliawhitew/rentverse,F3_web3_platform_app,0,1
1,0.9288751838247692,1,chain-stu/blockchain-dev,F3_web3_platform_app,0,1
1,0.41286664696208936,1,knightsdex2/knightsbridge-dex,F3_web3_platform_app,0,1
1,0.8576137112053424,1,labs-protocol/TokenPresaleApp,F3_web3_platform_app,0,1
1,0.9571045736812827,1,mirzamudassir2/blocknovas-nyx-public,F3_web3_platform_app,0,1
1,0.7720259817518657,1,SuperDev313d/Trading_Platform_Ultrax,F3_web3_platform_app,0,1
1,0.980427673912371,1,ta3pk2/Decentralized-Social,F3_web3_platform_app,0,1
1,0.978632039359319,1,xorostar32/blocknovas-llc-currency-converter-task,F3_web3_platform_app,0,1
1,0.999883329727777,1,arliawhite3/rentverse,F3_web3_platform_app,0,1
1,0.9130771687686267,1,labs-stud/blockchain-dev,F3_web3_platform_app,0,1
1,0.42955312628130043,1,knightsdexl/knightsbridge-dex,F3_web3_platform_app,0,1
1,0.8691299611752652,1,chain-studio2/TokenPresaleApp,F3_web3_platform_app,0,1
1,0.9548468790595788,1,mirzamudassirj/blocknovas-nyx-public,F3_web3_platform_app,0,1
1,0.8043862154624932,1,SuperDev3133/Trading_Platform_Ultrax,F3_web3_platform_app,0,1
1,0.9889818797761308,1,ta3pks3/Decentralized-Social,F3_web3_platform_app,0,1
1,0.9332420642357766,1,xorosta/blocknovas-llc-currency-converter-task,F3_web3_platform_app,0,1
1,0.9999534628539224,1,arliawhite4/rentverse,F3_web3_platform_app,0,1
1,0.8846675710510494,1,protocol-/blockchain-dev,F3_web3_platform_app,0,1
1,0.35281045402423944,1,knightsdexf/knightsbridge-dex,F3_web3_platform_app,0,1
1,0.8610638208240613,1,verse-studio/TokenPresaleApp,F3_web3_platform_app,0,1
1,0.9402837395683331,1,mirzamudassiri/blocknovas-nyx-public,F3_web3_platform_app,0,1
1,0.7688812418188388,1,SuperDev312/Trading_Platform_Ultrax,F3_web3_platform_app,0,1
1,0.9832598509960316,1,ta3pks4/Decentralized-Social,F3_web3_platform_app,0,1
1,0.9522265403542334,1,xorosta2/blocknovas-llc-currency-converter-task,F3_web3_platform_app,0,1
1,0.999885178275969,1,arliawhit/rentverse,F3_web3_platform_app,0,1
1,0.9187236438429794,1,protocol-2/blockchain-dev,F3_web3_platform_app,0,1
1,0.4364925441441043,1,knightsdex3/knightsbridge-dex,F3_web3_platform_app,0,1
1,0.8270491842466408,1,studio-labs/TokenPresaleApp,F3_web3_platform_app,0,1
1,0.957844518191425,1,mirzamudassir3/blocknovas-nyx-public,F3_web3_platform_app,0,1
1,0.7967295997127074,1,SuperDev313k/Trading_Platform_Ultrax,F3_web3_platform_app,0,1
1,0.991427601472716,1,ta3pksm/Decentralized-Social,F3_web3_platform_app,0,1
1,0.9635627793534569,1,xorosta3/blocknovas-llc-currency-converter-task,F3_web3_platform_app,0,1
1,0.9999481354641125,1,arliawhite5/rentverse,F3_web3_platform_app,0,1
1,0.9045106890807757,1,protocol-3/blockchain-dev,F3_web3_platform_app,0,1
1,0.37521682042604726,1,knightsdex4/knightsbridge-dex,F3_web3_platform_app,0,1
1,0.8345998055677448,1,app-studio/TokenPresaleApp,F3_web3_platform_app,0,1
1,0.964577961738593,1,labs-market/polymarket-copytrading-bot-sport,F2_crypto_trading_bot,0,1
1,0.24881268208783955,1,FaceOFWoo/SniperBot-Solana-PumpSwap,F2_crypto_trading_bot,0,1
1,0.993852528537,1,harshithvaddiparthyy/quant-bot,F2_crypto_trading_bot,0,1
1,0.28287520615712164,1,MorningStar213ry/Solana-pumpfun-bot,F2_crypto_trading_bot,0,1
1,0.9457441218048764,1,dex-copy/polymarket-copytrading-bot-sport,F2_crypto_trading_bot,0,1
1,0.40376226903036466,1,FaceOFWoodv/SniperBot-Solana-PumpSwap,F2_crypto_trading_bot,0,1
1,0.9924937628727551,1,harshithvaddiparthy4/quant-bot,F2_crypto_trading_bot,0,1
1,0.2510266027772399,1,MorningStar213/Solana-pumpfun-bot,F2_crypto_trading_bot,0,1
1,0.9636417893207335,1,dex-bot/polymarket-copytrading-bot-sport,F2_crypto_trading_bot,0,1
1,0.5263301579303715,1,FaceOFWood2/SniperBot-Solana-PumpSwap,F2_crypto_trading_bot,0,1
1,0.9926435598386648,1,harshithvaddiparthy42/quant-bot,F2_crypto_trading_bot,0,1
1,0.17139913356769554,0,MorningStar2132/Solana-pumpfun-bot,F2_crypto_trading_bot,0,1
1,0.965595431817197,1,dex-trade/polymarket-copytrading-bot-sport,F2_crypto_trading_bot,0,1
1,0.40484465516111046,1,FaceOFWoodk/SniperBot-Solana-PumpSwap,F2_crypto_trading_bot,0,1
1,0.9951856762923036,1,harshithvaddiparthyu/quant-bot,F2_crypto_trading_bot,0,1
1,0.23984721901028175,1,MorningStar2133/Solana-pumpfun-bot,F2_crypto_trading_bot,0,1
1,0.9765888531240959,1,bot-trade/polymarket-copytrading-bot-sport,F2_crypto_trading_bot,0,1
1,0.4293088450080467,1,FaceOFWood3/SniperBot-Solana-PumpSwap,F2_crypto_trading_bot,0,1
1,0.9902253638754063,1,harshithvaddiparthy/quant-bot,F2_crypto_trading_bot,0,1
1,0.1971494877554564,0,MorningStar213o3/Solana-pumpfun-bot,F2_crypto_trading_bot,0,1
1,0.9739655708195264,1,dex-signal/polymarket-copytrading-bot-sport,F2_crypto_trading_bot,0,1
1,0.26924812987465746,1,FaceOFWood4/SniperBot-Solana-PumpSwap,F2_crypto_trading_bot,0,1
1,0.9953520378744365,1,harshithvaddiparthyy2/quant-bot,F2_crypto_trading_bot,0,1
1,0.15324757344813886,0,MorningStar213gg/Solana-pumpfun-bot,F2_crypto_trading_bot,0,1
1,0.9636978622852275,1,signal-labs/polymarket-copytrading-bot-sport,F2_crypto_trading_bot,0,1
1,0.31316154503692767,1,FaceOFWoo2/SniperBot-Solana-PumpSwap,F2_crypto_trading_bot,0,1
1,0.99421912887781,1,harshithvaddiparthy2/quant-bot,F2_crypto_trading_bot,0,1
1,0.2751624624134675,1,MorningStar2132q/Solana-pumpfun-bot,F2_crypto_trading_bot,0,1
1,0.9730157551698874,1,copy-trade/polymarket-copytrading-bot-sport,F2_crypto_trading_bot,0,1
1,0.40010343501694723,1,FaceOFWood5/SniperBot-Solana-PumpSwap,F2_crypto_trading_bot,0,1
1,0.9929373821709592,1,harshithvaddiparthy3/quant-bot,F2_crypto_trading_bot,0,1
1,0.14831572360166048,0,MorningStar213q/Solana-pumpfun-bot,F2_crypto_trading_bot,0,1
1,0.9858058720724475,1,signal-marke/polymarket-copytrading-bot-sport,F2_crypto_trading_bot,0,1
1,0.2963061123161039,1,FaceOFWoo3/SniperBot-Solana-PumpSwap,F2_crypto_trading_bot,0,1
1,0.9919365458251965,1,harshithvaddiparthy32/quant-bot,F2_crypto_trading_bot,0,1
1,0.1697439984293819,0,MorningStar213j/Solana-pumpfun-bot,F2_crypto_trading_bot,0,1
1,0.9742314766304766,1,bot-market/polymarket-copytrading-bot-sport,F2_crypto_trading_bot,0,1
1,0.42666377131593775,1,FaceOFWoodh/SniperBot-Solana-PumpSwap,F2_crypto_trading_bot,0,1
1,0.992465847091616,1,harshithvaddiparthyv/quant-bot,F2_crypto_trading_bot,0,1
1,0.22361767324864643,0,MorningStar213h/Solana-pumpfun-bot,F2_crypto_trading_bot,0,1
1,0.971752166321052,1,dex-copy2/polymarket-copytrading-bot-sport,F2_crypto_trading_bot,0,1
1,0.4617797603509806,1,FaceOFWood6/SniperBot-Solana-PumpSwap,F2_crypto_trading_bot,0,1
1,0.9936016837062294,1,harshithvaddiparthyo/quant-bot,F2_crypto_trading_bot,0,1
1,0.10782090037064533,0,MorningStar2131/Solana-pumpfun-bot,F2_crypto_trading_bot,0,1
1,0.9730278714083852,1,bot-market2/polymarket-copytrading-bot-sport,F2_crypto_trading_bot,0,1
1,0.39104836816793614,1,FaceOFWood7/SniperBot-Solana-PumpSwap,F2_crypto_trading_bot,0,1
1,0.9937999374099548,1,harshithvaddiparthyt/quant-bot,F2_crypto_trading_bot,0,1
1,0.13848121798779575,0,MorningStar213mf/Solana-pumpfun-bot,F2_crypto_trading_bot,0,1
1,0.9787529392167906,1,copy-signal/polymarket-copytrading-bot-sport,F2_crypto_trading_bot,0,1
1,0.4167566294499763,1,FaceOFWood8/SniperBot-Solana-PumpSwap,F2_crypto_trading_bot,0,1
1,0.9909954375108693,1,harshithvaddiparthy5/quant-bot,F2_crypto_trading_bot,0,1
1,0.26057598855879277,1,MorningStar21397/Solana-pumpfun-bot,F2_crypto_trading_bot,0,1
1,0.9744663229911622,1,bot-market3/polymarket-copytrading-bot-sport,F2_crypto_trading_bot,0,1
1,0.5228893733436816,1,FaceOFWood9/SniperBot-Solana-PumpSwap,F2_crypto_trading_bot,0,1
1,0.9922692377265089,1,harshithvaddiparthyp/quant-bot,F2_crypto_trading_bot,0,1
1,0.28977198007672583,1,MorningStar2134v/Solana-pumpfun-bot,F2_crypto_trading_bot,0,1
1,0.9021182669191118,1,eferos93/takehome-test4,F5_ai_media_demo,0,1
1,0.997253046981973,1,Metaldadisba/HacxGPT,F5_ai_media_demo,0,1
1,0.9195356526929707,1,rizvejoarder9/SoraMax,F5_ai_media_demo,0,1
1,0.8591022254972946,1,shivas1432p/sora2-watermark-remover,F5_ai_media_demo,0,1
1,0.8801824775261892,1,eferos932/takehome-test4,F5_ai_media_demo,0,1
1,0.997763003033166,1,Metaldadisbad2/HacxGPT,F5_ai_media_demo,0,1
1,0.9241747950775315,1,rizvejoarder4/SoraMax,F5_ai_media_demo,0,1
1,0.8920281305844657,1,shivas14322/sora2-watermark-remover,F5_ai_media_demo,0,1
1,0.8687450833277278,1,eferos9/takehome-test4,F5_ai_media_demo,0,1
1,0.9965551963455423,1,Metaldadisba2/HacxGPT,F5_ai_media_demo,0,1
1,0.9275453292715206,1,rizvejoardern/SoraMax,F5_ai_media_demo,0,1
1,0.8466810995223583,1,shivas143/sora2-watermark-remover,F5_ai_media_demo,0,1
1,0.8346315324500457,1,eferos932/test4,F5_ai_media_demo,0,1
1,0.9977209683378057,1,Metaldadisbad3/HacxGPT,F5_ai_media_demo,0,1
1,0.8992710867304843,1,rizvejoarder2/SoraMax,F5_ai_media_demo,0,1
1,0.8704558568687716,1,shivas1433/sora2-watermark-remover,F5_ai_media_demo,0,1
1,0.8871795317768699,1,eferos92/takehome-test4,F5_ai_media_demo,0,1
1,0.9974308785716905,1,Metaldadisbadd/HacxGPT,F5_ai_media_demo,0,1
1,0.9223508827713327,1,rizvejoarder22/SoraMax,F5_ai_media_demo,0,1
1,0.8941552487027625,1,shivas1432o/sora2-watermark-remover,F5_ai_media_demo,0,1
1,0.9050677543084972,1,eferos94/takehome-test4,F5_ai_media_demo,0,1
1,0.9977951969922825,1,Metaldadisbad4/HacxGPT,F5_ai_media_demo,0,1
1,0.929450181945373,1,rizvejoarder3/SoraMax,F5_ai_media_demo,0,1
1,0.8920328927866262,1,shivas14323/sora2-watermark-remover,F5_ai_media_demo,0,1
1,0.9112487545127389,1,eferos95/takehome-test4,F5_ai_media_demo,0,1
1,0.9976944337865498,1,Metaldadisba3/HacxGPT,F5_ai_media_demo,0,1
1,0.8962945603796166,1,rizvejoarder6/SoraMax,F5_ai_media_demo,0,1
1,0.804810926183225,1,shivas1434/sora2-watermark-remover,F5_ai_media_demo,0,1
1,0.9083779282049947,1,eferos93d/test4,F5_ai_media_demo,0,1
1,0.9965738905890262,1,Metaldadisbad5/HacxGPT,F5_ai_media_demo,0,1
1,0.8843380045704864,1,rizvejoarde/SoraMax,F5_ai_media_demo,0,1
1,0.892591944913612,1,shivas14324/sora2-watermark-remover,F5_ai_media_demo,0,1
1,0.9256428096244695,1,eferos935/takehome-test4,F5_ai_media_demo,0,1
1,0.9961811388121912,1,Metaldadisbadt/HacxGPT,F5_ai_media_demo,0,1
1,0.9346766515699766,1,rizvejoarder5/SoraMax,F5_ai_media_demo,0,1
1,0.8943648055970628,1,shivas1435/sora2-watermark-remover,F5_ai_media_demo,0,1
1,0.8704608823886043,1,eferos93a/test4,F5_ai_media_demo,0,1
1,0.9967028540563742,1,Metaldadisbad6/HacxGPT,F5_ai_media_demo,0,1
1,0.8856359242899766,1,rizvejoarderr/SoraMax,F5_ai_media_demo,0,1
1,0.8658678434163746,1,shivas1432s/sora2-watermark-remover,F5_ai_media_demo,0,1
1,0.8941300597347479,1,eferos93e/test4,F5_ai_media_demo,0,1
1,0.9977096680622973,1,Metaldadisbadg/HacxGPT,F5_ai_media_demo,0,1
1,0.8997311194369306,1,rizvejoardern2/SoraMax,F5_ai_media_demo,0,1
1,0.8836949692916845,1,shivas14321/sora2-watermark-remover,F5_ai_media_demo,0,1
1,0.8779289359102354,1,eferos93z/takehome-test4,F5_ai_media_demo,0,1
1,0.9979453735337351,1,Metaldadisbad62/HacxGPT,F5_ai_media_demo,0,1
1,0.8907966596076106,1,rizvejoarderv/SoraMax,F5_ai_media_demo,0,1
1,0.851128341328056,1,shivas14327/sora2-watermark-remover,F5_ai_media_demo,0,1
1,0.8804407876529613,1,eferos93p/takehome-test4,F5_ai_media_demo,0,1
1,0.9976236503836091,1,Metaldadisbadx/HacxGPT,F5_ai_media_demo,0,1
1,0.9051308818532048,1,rizvejoarde2/SoraMax,F5_ai_media_demo,0,1
1,0.9291850444732654,1,shivas14325/sora2-watermark-remover,F5_ai_media_demo,0,1
1,0.8550265351211417,1,eferos93r/test4,F5_ai_media_demo,0,1
1,0.9976862936558789,1,Metaldadisbad7/HacxGPT,F5_ai_media_demo,0,1
1,0.8980940071399708,1,rizvejoarder7/SoraMax,F5_ai_media_demo,0,1
1,0.870064632176374,1,shivas1432a/sora2-watermark-remover,F5_ai_media_demo,0,1
0,0.006312174867154591,0,007SKRN/crypto-portfolio-tracker,NEG_00000,0,0
0,0.0002699663839698541,0,00hello/solidity-experiments,NEG_00001,0,0
0,0.0023148019082006835,0,0ryX/Blockchain-Miner,NEG_00002,0,0
0,0.0027605901851886967,0,0wl3xSec/web3-cryptozombies,NEG_00003,0,0
0,0.046210910463859674,0,0x-Crisbanks/panda-Web3-smart-contract-auditor-,NEG_00004,0,0
0,0.04723117760736084,0,0x4543/zeta-crypto,NEG_00005,0,0
0,0.010856998099264275,0,0xalberto/solana-crash-game,NEG_00006,0,0
0,0.0005526468497499106,0,0xbitcoin/0xbitcoin-token,NEG_00007,0,0
0,0.0007691106193263228,0,0xcregis/anychain,NEG_00008,0,0
0,0.004228195876725949,0,0xDeadList/0xDeadList,NEG_00009,0,0
0,0.0012807116321696755,0,0xdevrel/Conditional-NFTs,NEG_00010,0,0
0,0.0005296086296579628,0,0xefrain/Bsc-bootcamp,NEG_00011,0,0
0,0.0013466986070396288,0,0xfps/python-solidity-blockchain-smart-contract-course,NEG_00012,0,0
0,0.000479072819523485,0,0xfrosty/leverade-nft,NEG_00013,0,0
0,0.0007326148066985526,0,0xGeegZ/defi-gambler,NEG_00014,0,0
0,0.0015865796231326718,0,0xGval/evm-mcp-tools,NEG_00015,0,0
0,0.000593111531230934,0,0xhappydev/evm-explorer-uniswap,NEG_00016,0,0
0,0.002226867974647421,0,0xinevitable/bento,NEG_00017,0,0
0,0.002682591815826939,0,0xisk/awesome-solidity-security,NEG_00018,0,0
0,0.00021226309640817983,0,0xJonaseb11/Meta-suite,NEG_00019,0,0
0,0.0018814567444845037,0,0xJonaseb11/shared_wallet.3.0,NEG_00020,0,0
0,8.816616497807718e-05,0,0xJonaseb11/solidity_L,NEG_00021,0,0
0,0.00012416651621272964,0,0xLabs-Org/DeHarvest,NEG_00022,0,0
0,0.0002548101439114537,0,0xMaka/w3py,NEG_00023,0,0
0,0.0012249170452910843,0,0xmdrakib/JesseHillClimb,NEG_00024,0,0
0,0.012595506964982845,0,0xMesinTempur/Flappyster,NEG_00025,0,0
0,0.02089868244683131,0,0xPleiades/switch-trade-coin,NEG_00026,0,0
0,0.00014374769359043804,0,0xpranay/WildCoins-NFT,NEG_00027,0,0
0,0.0014205927235091348,0,0xRajkumar/damn-vulnerable-defi-solutions,NEG_00028,0,0
0,2.5714476131258042e-05,0,0xRobWatson/Allowance-dApp,NEG_00029,0,0
0,0.0007875657614833183,0,0xTaoDev/Wallet-Trades-Tracker,NEG_00030,0,0
0,7.871817739163745e-05,0,0xTijan/coin-flip,NEG_00031,0,0
0,0.0644896863615613,0,0xwagmi/bitcoin_wallet,NEG_00032,0,0
0,0.024997528524027524,0,1-5Pool/RansomwareEschrowService,NEG_00033,0,0
0,0.0005066631436800429,0,10ap17/Damn-Vulnerable-DeFi-Foundry,NEG_00034,0,0
0,0.012564366580087777,0,10gic/vanitygen-plusplus,NEG_00035,0,0
0,3.5351417854856676e-06,0,1200wd/bitcoinlib,NEG_00036,0,0
0,0.0005307613198363882,0,1983shiv/blockchain-crypto-smart-contract-example,NEG_00037,0,0
0,0.054127645322769403,0,1Crazymoney/ethNearMarketplace,NEG_00038,0,0
0,0.0003562802671864449,0,1poolfinance/1Pool-Strategy,NEG_00039,0,0
0,0.37260185427417464,1,2303A51405/solidity-smart_contract,NEG_00040,0,0
0,0.00145381955833668,0,23Konradbase/altseason-ethereum,NEG_00041,0,0
0,3.1140321509823454e-05,0,2qx/awesome-bitcoin-cash,NEG_00042,0,0
0,0.008227557638711528,0,339-Labs/wallet-platform-mpc-go,NEG_00043,0,0
0,0.00016747403918774325,0,3Dpass/wallet,NEG_00044,0,0
0,0.0040294132583772345,0,5ajaki/safe-mcp-server,NEG_00045,0,0
0,0.000933303869700803,0,6sl3pt/ethereum-data-analytics,NEG_00046,0,0
0,0.01884702860144893,0,914alexwillett/StochRSI-Crypto-Trading-Algorithm,NEG_00047,0,0
0,0.0010332621912369797,0,94929/rock-paper-scissors,NEG_00048,0,0
0,0.0001103456286830645,0,a1fred/cryptoportfolio,NEG_00049,0,0
0,0.0005041976861108404,0,a3igner/dixie-coin,NEG_00050,0,0
0,0.0004275766152813342,0,a6b8/ascii-to-svg-generator-for-ruby,NEG_00051,0,0
0,0.00018974158932241368,0,aankor/wnft,NEG_00052,0,0
0,0.004733355522974994,0,aaquib8700/Wallet-SmartContract,NEG_00053,0,0
0,0.008767050907454277,0,aarambh-darshan/mini-blockchain,NEG_00054,0,0
0,0.2172055136728366,0,aaronajis92/smart-contract-cryptorian,NEG_00055,0,0
0,2.393273108316619e-05,0,aave/aave-v3-core,NEG_00056,0,0
0,0.0002817438868104298,0,aave/governance-crosschain-bridges,NEG_00057,0,0
0,2.5480628542337867e-05,0,aawp-ai/aawp,NEG_00058,0,0
0,0.03286885033040627,0,abba-platforms/NADD,NEG_00059,0,0
0,0.00025071131991526976,0,abdullahpichoo/SimpleStorage-using-Brownie,NEG_00060,0,0
0,0.030506467296868175,0,abdurrazzak5621/neonops-ai,NEG_00061,0,0
0,0.006819764476465227,0,abhi-rawal/aave_credit_scoring,NEG_00062,0,0
0,0.006416297646194617,0,AbhinavOC24/sPay,NEG_00063,0,0
0,0.004171228593331697,0,AbioyeSamuel/DBANK_DeFi_DApp,NEG_00064,0,0
0,0.0015491400550620112,0,AbushakerJamil/Hardhat-Test,NEG_00065,0,0
0,0.0035736514791850885,0,ac12644/ICO-Smart-Contract,NEG_00066,0,0
0,7.663838560518272e-05,0,acebusters/acebusters-frontend,NEG_00067,0,0
0,0.03112533391529215,0,AchyuthMohan/Blockchain-Cryptogram,NEG_00068,0,0
0,0.013782252941650744,0,AchyuthMohan/cryptogram-nmit-block-chain-,NEG_00069,0,0
0,0.00040136251600881076,0,ACINQ/phoenix,NEG_00070,0,0
0,0.0005288949612992248,0,ada173/solidity-template,NEG_00071,0,0
0,0.001942790758304079,0,adam-art/SOLANA-PROJECT-v1.0,NEG_00072,0,0
0,0.004451954987043295,0,Adamant-im/adamant-api-jsclient,NEG_00073,0,0
0,0.0017878118853697578,0,Adamant-im/adamant-im,NEG_00074,0,0
0,0.0008621300747895354,0,adameth2900/ETH,NEG_00075,0,0
0,0.00020935737965509425,0,adamocallaghan/membrane-finance-v2,NEG_00076,0,0
0,5.946525322593746e-05,0,adeshshukla/MyCryptoFolio,NEG_00077,0,0
0,0.0036526107968142597,0,adhithim09/Dsurv---Crypto_Token,NEG_00078,0,0
0,0.0017015480117259247,0,adilsachwani/web3ForSmartContracts,NEG_00079,0,0
0,2.8870598786504077e-05,0,Aditya-alchemist/GFGKIIT-CRYPTOMA-HyperThon,NEG_00080,0,0
0,0.32633358266320206,1,adityajkate/crypto-risk,NEG_00081,0,0
0,0.0020731699456575238,0,AdrianaMiha/Krypto,NEG_00082,0,0
0,0.006196502969547956,0,adrianhajdin/project_crowdfunding,NEG_00083,0,0
0,0.004553979777270568,0,adrianhajdin/project_web3.0,NEG_00084,0,0
0,0.006251652830741937,0,adrianhajdin/project_web3_battle_game,NEG_00085,0,0
0,0.00010935363496984987,0,adrianmcli/eth95,NEG_00086,0,0
0,0.00030821110751365696,0,adrianmcli/ganache-jest-example,NEG_00087,0,0
0,0.01580918883384441,0,Adrijan-Petek/gas-fee-optimizer,NEG_00088,0,0
0,0.05234408610253943,0,Adrijan-Petek/onchain-nft-art,NEG_00089,0,0
0,0.0014247455885892562,0,Adrijan-Petek/portfolio-tracker-pnl,NEG_00090,0,0
0,0.0007254597041264943,0,Adrijan-Petek/token-correlation-analyzer,NEG_00091,0,0
0,0.01602049804130901,0,adw0rd/solidity-create2-web3-example,NEG_00092,0,0
0,0.00019730161281468885,0,adwait2001/Mint-NFT,NEG_00093,0,0
0,0.0007638369428466575,0,aelew/cryptotracker,NEG_00094,0,0
0,0.00013243057437858073,0,aeminium-labs/nextjs-solana-starter-kit,NEG_00095,0,0
0,0.00016883688617019875,0,aeternity/aeternity,NEG_00096,0,0
0,0.0014921659280457509,0,afacchi0/rpc-inspector,NEG_00097,0,0
0,4.3703190877947805e-05,0,afroze93/smart-contract-1,NEG_00098,0,0
0,0.07297293305684747,0,Afrozllm/Web3-Wallet-Connect,NEG_00099,0,0
0,0.030002971675221906,0,agencyenterprise/serpro-web3-hackathon,NEG_00100,0,0
0,0.0026171361950842915,0,aggel008/defi-signal,NEG_00101,0,0
0,0.0006501416676898573,0,aha-moment-group/braavos,NEG_00102,0,0
0,0.0002710866435412204,0,aha-moment-group/wallet,NEG_00103,0,0
0,0.0018555182557067785,0,ahester57/private-chain,NEG_00104,0,0
0,0.0011987816560302298,0,ahmadbrainworks/fiddi,NEG_00105,0,0
0,0.0003178782739570254,0,ahmedali8/hardhat-js-starterkit,NEG_00106,0,0
0,0.0006202471635251988,0,ahmedali8/hardhat-ts-template,NEG_00107,0,0
0,0.09027449390448361,0,ahmedali8/solspeakai,NEG_00108,0,0
0,0.00027681931797615965,0,ahmetozlu/defi_yield_farming,NEG_00109,0,0
0,0.0004900438131649208,0,ahmetzturk/epic-nfts,NEG_00110,0,0
0,3.396295926164176e-05,0,AICoin-io/AICoin,NEG_00111,0,0
0,0.0029294911495101636,0,aidear3/smart-contracts,NEG_00112,0,0
0,0.002117913669910513,0,aidevrelagent/nama-repo-lowercase-dengan-dash-v2,NEG_00113,0,0
0,0.0015809270429293345,0,AidosKuneen/aidos-wallet-v1,NEG_00114,0,0
0,0.005179801190011294,0,AiKay96/Bitcoin-Wallet,NEG_00115,0,0
0,0.010618104971495733,0,aiLeonardo/cryptotips,NEG_00116,0,0
0,0.02216239887750074,0,aitos-io/BoAT-X-Framework,NEG_00117,0,0
0,0.00014436929188855408,0,ajaysaini-sgvu/cryptocurrency-api,NEG_00118,0,0
0,0.002007365988036299,0,Ajitabh-Kalia/Ethereum-Wallet,NEG_00119,0,0
0,8.097307012773215e-05,0,ajsizzle/bitcoin-ticker,NEG_00120,0,0
0,0.00045896304278629697,0,akashmehrotra29/my-wave-portal,NEG_00121,0,0
0,0.001472009516196814,0,akbarwijayaa/simple-defi-flash,NEG_00122,0,0
0,0.0001441479543782386,0,akhileshthite/dtube,NEG_00123,0,0
0,0.005430642457244066,0,akinncar/ar-nft,NEG_00124,0,0
0,0.0006290252313899885,0,akiselyoff/defi,NEG_00125,0,0
0,0.002293560763513208,0,Akshat-cs/hardhat-defi-aave-v2,NEG_00126,0,0
0,0.0024289425491973472,0,akshit0201/Web3-Ethereum,NEG_00127,0,0
0,0.012519349823306665,0,AkshitTiwarii/carbonx,NEG_00128,0,0
0,0.00036187956976532347,0,alanpelayoo/FatedEth,NEG_00129,0,0
0,0.000812303364435915,0,alebeta06/chainlink-bootcampES-2024,NEG_00130,0,0
0,0.0012338333343963064,0,AlejandroGV96/web3-test,NEG_00131,0,0
0,0.0017505712483824253,0,alejoacosta74/ethereum-erc20token-vault,NEG_00132,0,0
0,0.0007219640395755004,0,alejoacosta74/ethereum-farming-example,NEG_00133,0,0
0,0.00017512218093719624,0,alejoacosta74/token-swap-exchange,NEG_00134,0,0
0,0.0007617713760816117,0,AleRapchan/nft-token-factory,NEG_00135,0,0
0,0.0010314693591862935,0,alesanro/ethereum-smart-contracts,NEG_00136,0,0
0,0.0004089186005292713,0,alexandrupele/web3,NEG_00137,0,0
0,0.009938846676364917,0,alexbensimon/pakt,NEG_00138,0,0
0,0.0005538528866966213,0,alexbiet/smartwallet,NEG_00139,0,0
0,0.017978458149823465,0,AlexCheema/Tanuki,NEG_00140,0,0
0,0.00026036927480271545,0,alexharrod/cryptozombies,NEG_00141,0,0
0,0.0009535472042147448,0,alexia795/Gnosis-wallet-pro,NEG_00142,0,0
0,0.0021641066277763485,0,AlexNa-Holdings/web3pro,NEG_00143,0,0
0,0.04114904572030937,0,alexx855/axie-tools,NEG_00144,0,0
0,0.0011191100183604553,0,alfonsrv/crypto-tracker,NEG_00145,0,0
0,0.011958851470376777,0,algonomad571/CryptoHFT,NEG_00146,0,0
0,0.0002756313399812461,0,alice-si/contracts,NEG_00147,0,0
0,0.12189127020384388,0,aliezzahn/crypto-chart,NEG_00148,0,0
0,0.004768245906388474,0,aliezzahn/crypto-price-correlation-matrix,NEG_00149,0,0
0,0.0013818289409244656,0,aliezzahn/yield-farming-optimization-calculator,NEG_00150,0,0
0,0.0038599621953728466,0,Alikhan-Shanbay/AegisScan,NEG_00151,0,0
0,0.00042363014187391386,0,aliraza944/MultiSig-Wallet-,NEG_00152,0,0
0,0.00034543216472480526,0,alisidaniel/Defi,NEG_00153,0,0
0,0.0162137137399861,0,alissonfernandes/bitcoin-wallet,NEG_00154,0,0
0,0.011892241912929766,0,AllanOtieno254/SmartContractVendingMachine,NEG_00155,0,0
0,0.01752326935021746,0,almonit/almonit-plugin,NEG_00156,0,0
0,0.004966524645854797,0,aloshai/aequi-monorepo,NEG_00157,0,0
0,0.0003418680047863524,0,alpaca-finance/bsc-alpaca-contract,NEG_00158,0,0
0,0.00011132982661442585,0,alpdevcode/ethereum-multisig-wallet,NEG_00159,0,0
0,0.000816582602706591,0,alpha-sol/alpha-frontend,NEG_00160,0,0
0,0.021564791876338887,0,alpinelab-it/BuyMeABeer-Solidity-DeFi-Tipping-smart-contract-,NEG_00161,0,0
0,0.0016074853327245568,0,alto-io/contractor,NEG_00162,0,0
0,0.0005722317231419931,0,amandladev/erc721-nftMint-smartContract,NEG_00163,0,0
0,9.677366630327897e-05,0,amazingandyyy/leptin,NEG_00164,0,0
0,2.7669109462093346e-05,0,amazingandyyy/solidity-contracts,NEG_00165,0,0
0,0.0008713134962119576,0,amdonatusprince/brownie_simple_storage-application,NEG_00166,0,0
0,0.02339855142476528,0,amnegan/BlockChain-CryptoCurrencies,NEG_00167,0,0
0,0.00874132279733189,0,amonrak/rustychain,NEG_00168,0,0
0,0.002288358331041233,0,Amr-9/HexHunter,NEG_00169,0,0
0,0.0006580649577244245,0,amurto/cryptoludo,NEG_00170,0,0
0,0.059124623801913634,0,An4Dev/Solana-Bitcoin-NFT-Dex-Defi-P2EGame-SmartContract-Web3-Projects,NEG_00171,0,0
0,0.003982820876137526,0,AnalytixAudit/Solidity,NEG_00172,0,0
0,0.14166577617242176,0,ancutadaniel/ethereum_hardhat_nft_marketplace,NEG_00173,0,0
0,0.0022460805194762863,0,andrarwes/BlockChainApp,NEG_00174,0,0
0,0.0010395576536957366,0,AndreiD/qv_voting,NEG_00175,0,0
0,0.00018262085532024148,0,andreitoma8/legendary-owls-smart-contract,NEG_00176,0,0
0,0.00011237914868387415,0,andrejrakic/Pied-Piper-DeFi-App-Subspace-Demo-,NEG_00177,0,0
0,0.03032334556562349,0,andrewinsoul/CadenaCourse-CryptoBank-UI,NEG_00178,0,0
0,0.0008964355306017714,0,andycapaldo/hello-blockchain,NEG_00179,0,0
0,0.0014676349901164849,0,angelcatanzariti1/web3_py_example,NEG_00180,0,0
0,0.0009360816060790851,0,Aniket-Engg/sol-profiler-vscode,NEG_00181,0,0
0,0.002190636965789901,0,ankitaryan404/nft-marketplace,NEG_00182,0,0
0,0.002908724213739248,0,AnnaNX1/create-NFT,NEG_00183,0,0
0,0.009927049382012,0,annasudol/multi-signature-wallet,NEG_00184,0,0
0,0.00021995298722857454,0,anoff/cryptobooks,NEG_00185,0,0
0,0.004128079797144336,0,Anonymous961/NFTClaimApp,NEG_00186,0,0
0,0.00010468680731780772,0,ant-design/ant-design-web3,NEG_00187,0,0
0,0.013715748831909914,0,AntoineBastide47/Blockchain,NEG_00188,0,0
0,0.006852073113398395,0,Anton1636/crypto-wallet,NEG_00189,0,0
0,7.584192802533467e-06,0,antoniopgs/tangible,NEG_00190,0,0
0,0.062769455920011,0,anudeeep4/Decentralized-Identity-Project,NEG_00191,0,0
0,0.002031299587964343,0,Anugo1/Attest-Nft,NEG_00192,0,0
0,0.019347069404506704,0,anwar-776/gocryp8,NEG_00193,0,0
0,5.2637903606774486e-05,0,anza-xyz/wallet-adapter,NEG_00194,0,0
0,0.002748710979553656,0,aonemd/stakehouse,NEG_00195,0,0
0,0.008702832051060842,0,apache/incubator-resilientdb-ResLens,NEG_00196,0,0
0,0.001760645254549653,0,apalowski688-art/ethereum-bitcoin,NEG_00197,0,0
0,0.012485877551434488,0,apeboard/pools,NEG_00198,0,0
0,0.00034750968523603374,0,Aperture-Finance/Aperture-Lens,NEG_00199,0,0
0,0.007290191236627886,0,ApeWorX/ape-ganache,NEG_00200,0,0
0,0.0009185276960883772,0,ApeWorX/ape-ledger,NEG_00201,0,0
0,0.00029182846088004224,0,ApeWorX/evm-trace,NEG_00202,0,0
0,4.853029671938468e-05,0,apoorvlathey/Crypto-Car-Battle,NEG_00203,0,0
0,0.012612875858785235,0,apoorvm230/web3-vuln-scanner,NEG_00204,0,0
0,0.0038106294952958597,0,aptos-labs/petra-vault,NEG_00205,0,0
0,0.01578518649099344,0,aqemal/owasp-sc-token-,NEG_00206,0,0
0,6.27032557779569e-05,0,aragon/use-wallet,NEG_00207,0,0
0,5.075904498105275e-05,0,aranair/pine,NEG_00208,0,0
0,0.016146867869522064,0,Aranyani01/Alpha-defi-adapter,NEG_00209,0,0
0,0.015693283874663778,0,ardriveapp/turbo-app,NEG_00210,0,0
0,0.004309788330281921,0,aridder/pengekrukka,NEG_00211,0,0
0,0.0009433591579283421,0,Arifin036/defi-staking-dapp,NEG_00212,0,0
0,0.00010043613416273343,0,armors/armors-solidity,NEG_00213,0,0
0,0.0001422589694384735,0,armorwallet/armor-crypto-mcp,NEG_00214,0,0
0,0.0002805191829864967,0,ArnaudBand/nftMarketplace,NEG_00215,0,0
0,0.0017341336182340745,0,arokvic/FundMeProject-SmartContracts-Web3-Brownie-Solidity-2022,NEG_00216,0,0
0,0.009634535596910812,0,Arowolokehinde/STX-TIP,NEG_00217,0,0
0,4.0461984107126896e-05,0,arpesh28/solidity-wallet-contract-collections,NEG_00218,0,0
0,0.0004538300568387086,0,ArrjunPradeep/safeCryptoWallet,NEG_00219,0,0
0,0.00012290342694094782,0,ArshS1/sengh-nft,NEG_00220,0,0
0,0.00036959757690983283,0,artem-bayandin/blockchain-samples,NEG_00221,0,0
0,0.008768746207808585,0,arthur-reedy460y/web3cha,NEG_00222,0,0
0,0.009877645419898363,0,arthur0725/CryptoZombie,NEG_00223,0,0
0,0.00027926147513648495,0,ArthurAhiyarov/Hardhat-Betting-Smart-Contract-Bsc,NEG_00224,0,0
0,0.011161939377539565,0,arthuravianna/uff-web3-course,NEG_00225,0,0
0,0.007616110660936995,0,artimonist/artimonist-cli,NEG_00226,0,0
0,0.008196048914062072,0,Aryan0770/Blockchain-Major-CryptoBox,NEG_00227,0,0
0,0.0010083293743681505,0,AS-1312/Crypto-Steps,NEG_00228,0,0
0,0.003543732029726286,0,as3360/ReinforcementLearntTradingBot,NEG_00229,0,0
0,0.0002773781545386721,0,ashbz/CryptoSharp,NEG_00230,0,0
0,0.020378366913546705,0,ashelkovnykov/offline-wallet-generator,NEG_00231,0,0
0,0.002055992823999292,0,Ashland-jp/Web3-Projects,NEG_00232,0,0
0,0.024530243225544996,0,ashok-p/module-19-Cryptowallets,NEG_00233,0,0
0,0.007023337827378029,0,AshutoshShekharProjects/Blockchain-Solidity,NEG_00234,0,0
0,0.002705777294087167,0,asilveira1969/bitcoincashblockchain,NEG_00235,0,0
0,0.0003566209372670292,0,ASPPIBRA-DAO/DIGITAL_WORLD_REAL_ESTATE_MARKET,NEG_00236,0,0
0,0.03340778916420376,0,AssetifyLabsTeams/Assetifily,NEG_00237,0,0
0,0.00016502483185175336,0,atitkh/WebXR---NFT-Viewer,NEG_00238,0,0
0,6.808175200449068e-05,0,atlaschain/contracts,NEG_00239,0,0
0,0.0007985410374089244,0,attestate/kiwistand,NEG_00240,0,0
0,0.00892125894339721,0,atul24112001/trackpack,NEG_00241,0,0
0,0.054416335812143425,0,aurowallet/auro-wallet-browser-extension,NEG_00242,0,0
0,0.0008102386094356694,0,austintgriffith/burner-wallet,NEG_00243,0,0
0,0.0017614378191415866,0,Autosaida/DeFiHackAnalysis,NEG_00244,0,0
0,0.0014126247934181017,0,AuxillaryLord/Smart-Contracts,NEG_00245,0,0
0,0.00015275754241959373,0,Axentro/Axentro,NEG_00246,0,0
0,0.6210608564190824,1,axiomchronicles/blockchain_simulation,NEG_00247,0,0
0,0.00555102190749259,0,axldarealest/crypto-tracker,NEG_00248,0,0
0,0.010069406028613963,0,axone-protocol/contracts,NEG_00249,0,0
0,0.0029410951244644794,0,AymaanPathan/ClauseAI,NEG_00250,0,0
0,0.0003587207663878882,0,Aytaditya/NFT_Staking_app,NEG_00251,0,0
0,0.05361269656869202,0,ayushi030709/aave-credit-scorer,NEG_00252,0,0
0,0.002390758669836831,0,ayushn2/market_maker,NEG_00253,0,0
0,0.00012261319201714683,0,azerpas/Crypto2discord,NEG_00254,0,0
0,0.0006463088176210496,0,azerpas/prescurity-blockchain,NEG_00255,0,0
0,0.015086182227764838,0,B3Pay/B3Wallet,NEG_00256,0,0
0,0.00011060974185782345,0,Baat-Maan/defiBasic,NEG_00257,0,0
0,0.1828864325128641,0,baby636/causes.cash,NEG_00258,0,0
0,0.0011433926367484294,0,BadakalaYashwanth/Web-3Cryptocurrency-Wallet-Generator-Blockchain,NEG_00259,0,0
0,0.00040389000587100644,0,balajipachai/smart-contract-for-fun,NEG_00260,0,0
0,0.0037536868252857187,0,balancer/balancer-v2-monorepo,NEG_00261,0,0
0,0.10335382673525062,0,balancer/frontend-v2,NEG_00262,0,0
0,0.11428888854620423,0,balancer/scaffold-balancer-v3,NEG_00263,0,0
0,0.00024052552372754254,0,balive053/blockchainFromScratch,NEG_00264,0,0
0,0.009120986465857803,0,Bananapus/nana-fee-project-deployer,NEG_00265,0,0
0,0.0003825753472168029,0,banjtheman/highwind,NEG_00266,0,0
0,0.0008175861598669209,0,banjtheman/polygon_nft_workshop,NEG_00267,0,0
0,0.0028125583274344244,0,bansaltushar014/Chapter-Solidity,NEG_00268,0,0
0,0.0006952132230402527,0,banteg/multicall.py,NEG_00269,0,0
0,0.005179652948698079,0,BasinLogix/BLX_chain,NEG_00270,0,0
0,0.0012833879465817565,0,batteringram-dev/Web3,NEG_00271,0,0
0,0.0018804836460727013,0,bavix/laravel-wallet,NEG_00272,0,0
0,0.015927006837046866,0,bc1plainview/opnet-builder,NEG_00273,0,0
0,0.0047106401859947624,0,bchainexpt/Blockchain-wallet-andorid-app,NEG_00274,0,0
0,1.7153458425743106e-05,0,bcoin-org/bcoin,NEG_00275,0,0
0,4.934021157938065e-05,0,BeanstalkFarms/Basin,NEG_00276,0,0
0,0.00835800086840297,0,BeanstalkFarms/Beanstalk,NEG_00277,0,0
0,0.024348582154566607,0,beeman/solana-mobile-seeker-genesis-holders,NEG_00278,0,0
0,4.178069548950083e-06,0,bekatom/awesome-ethereum,NEG_00279,0,0
0,0.044325662446250635,0,belimad/NftHorizon,NEG_00280,0,0
0,4.398844741107357e-05,0,BendDAO/bend-lending-protocol,NEG_00281,0,0
0,3.716545692164224e-06,0,benjaminbang987/crypto,NEG_00282,0,0
0,0.000204496448723753,0,benruseau/Inhetherit,NEG_00283,0,0
0,0.014440788636929915,0,benzemeze1-art/nft-rarity-tracker-2,NEG_00284,0,0
0,0.005251356180381833,0,BertrandConxy/Lottery,NEG_00285,0,0
0,0.009239870409459974,0,BeTechnologyCo/zkevm-boilerplate,NEG_00286,0,0
0,0.0007303294194272719,0,bevry-archive/emailtowallet,NEG_00287,0,0
0,3.801863630194072e-05,0,BeycanPress/cryptopay-lite,NEG_00288,0,0
0,0.002549298299707283,0,bhau7233/MSig-,NEG_00289,0,0
0,0.00019699506183476178,0,bhemen/usdc,NEG_00290,0,0
0,3.3505795257051806e-05,0,BibliothecaDAO/realms-contracts,NEG_00291,0,0
0,0.002704478820579942,0,BibliothecaDAO/realms-react,NEG_00292,0,0
0,0.0061491889349636385,0,bifrost-platform/solidity-contract-configs,NEG_00293,0,0
0,0.0005256654531783897,0,bigbomio/digital-contracts,NEG_00294,0,0
0,0.08386203836983687,0,bigint/hey,NEG_00295,0,0
0,0.0003825603158449408,0,bilinearlabs/beacon-contract-indexer,NEG_00296,0,0
0,0.008943997220216248,0,bilix-software/eth-new-contracts,NEG_00297,0,0
0,0.04135471270593805,0,Bill171991/SATFLOW-,NEG_00298,0,0
0,0.0005123459285140474,0,BirthdayResearch/defichain-wallet,NEG_00299,0,0
0,0.03205416435114757,0,birukG09/DeFiVerse-Bank-Simulator-,NEG_00300,0,0
0,0.01997503692907082,0,bitcoin-flasher/flasher-smart-contracts,NEG_00301,0,0
0,0.00019474761783375074,0,Bitcoin-II/BitcoinII-Core,NEG_00302,0,0
0,0.03378014529846106,0,bitcoin-wallet/bitcoin-wallet,NEG_00303,0,0
0,0.000760604090284693,0,bitcoinaverage/api-integration-examples,NEG_00304,0,0
0,0.04473486157038309,0,bitpay/bitpay-app,NEG_00305,0,0
0,8.395721621251555e-05,0,bitpay/wallet,NEG_00306,0,0
0,0.00013018776473730794,0,BitPortal/bitportal-client,NEG_00307,0,0
0,0.0225587232672602,0,bitquery/explorer,NEG_00308,0,0
0,0.02045925420462086,0,bjboss007/flask-web3-solidity,NEG_00309,0,0
0,9.312034685054127e-05,0,bkrem/react-nft-gallery,NEG_00310,0,0
0,0.0010263595854553677,0,blackalbino01/epic-nfts-ui,NEG_00311,0,0
0,0.011060286488346572,0,BlackPeter13/LightningTipBot,NEG_00312,0,0
0,0.003173672763142692,0,blakewood84/react-metamask-medium,NEG_00313,0,0
0,0.022211561563840663,0,Block-Beats-Estonia/BITCOIN-NFT,NEG_00314,0,0
0,0.00024663233334744594,0,Block-Chen/blocksdk-go,NEG_00315,0,0
0,0.0001937524020090953,0,block-foundation/solidity-digital-twin,NEG_00316,0,0
0,0.003354094827592359,0,blockchain-certificates/cert-issuer,NEG_00317,0,0
0,0.00012790590926771856,0,blockchain-etl/blockchain-etl-streaming,NEG_00318,0,0
0,0.0004795472566515282,0,blockchain-etl/public-datasets,NEG_00319,0,0
0,0.003962820900052265,0,Blockchain-for-Developers/sp18-midterm-pt2,NEG_00320,0,0
0,0.0054284939177661725,0,blockchaingate/eXchangily-web,NEG_00321,0,0
0,4.614093990115131e-05,0,blockchain/blockchain-wallet-v4-frontend,NEG_00322,0,0
0,9.696341078667635e-05,0,blockchain/My-Wallet-V3,NEG_00323,0,0
0,0.0012673100693881764,0,blockonomics/prestashop-plugin,NEG_00324,0,0
0,3.244244369403032e-05,0,blockstarter/ico-contracts,NEG_00325,0,0
0,0.000873748255362455,0,bloomwalletio/bloom,NEG_00326,0,0
0,0.0018423308316575682,0,Blueforce99/web3-bubble-portfolio,NEG_00327,0,0
0,0.0005105980882543054,0,BlueWallet/BlueWallet,NEG_00328,0,0
0,0.009763688721530987,0,bluewhale-protocol/bluewhale-trust,NEG_00329,0,0
0,4.186088134122546e-05,0,bob-collective/bob,NEG_00330,0,0
0,0.0008119356646075555,0,bokkypoobah/Nix,NEG_00331,0,0
0,0.0022651075154359163,0,bomzj/newbits,NEG_00332,0,0
0,0.00012482364915660532,0,bonedaddy/cryptovendingmachine,NEG_00333,0,0
0,0.0019719746846795956,0,bostonlink/blockexplorer,NEG_00334,0,0
0,0.003385635879333228,0,Bottom-Labs/wallet-core,NEG_00335,0,0
0,0.02340834859034362,0,BradMoonUESTC/FireWallProject,NEG_00336,0,0
0,0.055230842811578,0,braedonsaunders/homerun,NEG_00337,0,0
0,4.733529431530132e-05,0,BraianVaylet/buildspace-epic-nfts-ui,NEG_00338,0,0
0,8.880999129136072e-05,0,BraisCabo/Decentralized-Crypto-Casino,NEG_00339,0,0
0,0.0011774343141873974,0,brendanjryan/crypto-keystore-rs,NEG_00340,0,0
0,0.0019253643523875622,0,brendansiraky/solidity-nft-mint-contract,NEG_00341,0,0
0,0.002939432360097822,0,brilliant927/nft-mint-polygon,NEG_00342,0,0
0,0.0017008903283390522,0,brlojam4932/usdc-app,NEG_00343,0,0
0,0.15464588334435286,0,Brunomike/cryptopunk-clone-web3,NEG_00344,0,0
0,0.0014255860320736798,0,BSN-DDC/taianchain,NEG_00345,0,0
0,0.0003583360836869783,0,btcltceth/crypto_explorer,NEG_00346,0,0
0,6.509130333191539e-05,0,btcsuite/btcwallet,NEG_00347,0,0
0,4.30080174515654e-05,0,BTCwalletGen/BTCwalletGen,NEG_00348,0,0
0,0.005659175863761201,0,btq-ag/QRiNG,NEG_00349,0,0
0,0.004095076721482446,0,buihuudong19/E-Wallet-Blockchain-sourcecode,NEG_00350,0,0
0,0.2891385915383478,1,Busulis/OPNet-Vesting,NEG_00351,0,0
0,0.06308166144391526,0,ButterDevelop/AutoBlumSmartContract,NEG_00352,0,0
0,0.0013358710428573797,0,buybackoff/SolidityAuction,NEG_00353,0,0
0,0.00012923265451415873,0,Bwest981/BitcoinSig,NEG_00354,0,0
0,0.0025485388353449125,0,bwire-official/Gastronaut-bot,NEG_00355,0,0
0,0.038336502334645355,0,Bytez3/MEDiscordBuySell,NEG_00356,0,0
0,0.010495330696043989,0,bzthelmaeddins54/headlee,NEG_00357,0,0
0,0.0015225249252043178,0,c-bruce/SharedWallet,NEG_00358,0,0
0,0.08307356452538585,0,C0A21130/web3-demo-app,NEG_00359,0,0
0,0.04293286602174179,0,caiovicentino/debank-mcp-server,NEG_00360,0,0
0,0.003919416489038438,0,CaiqueRibeiro/decentralized-stripe,NEG_00361,0,0
0,3.1283053770163233e-06,0,cake-tech/cake_wallet,NEG_00362,0,0
0,0.0001189939034035937,0,calintzy/evmscope,NEG_00363,0,0
0,0.0037458441558788844,0,camerodev/Finaomics-Solidity-Web3-React,NEG_00364,0,0
0,0.0007632427524566901,0,canyon-network/canyon,NEG_00365,0,0
0,0.0002571348676464974,0,capsulesocial/capsule-near,NEG_00366,0,0
0,0.003621098805486895,0,captain-woof/meta-nft,NEG_00367,0,0
0,0.2992871292490826,1,cardano-foundation/cardano-wallet,NEG_00368,0,0
0,0.0030380172367766313,0,carlosgauci/crypto-track,NEG_00369,0,0
0,0.0004404609050511429,0,carmenbickel/NFT-Collection,NEG_00370,0,0
0,0.03262566468419782,0,CateryaTech/tradeforge,NEG_00371,0,0
0,0.0014182447192077781,0,catze-labs/jury-dao-web,NEG_00372,0,0
0,0.0013165878102351293,0,cawfree/web3-react-native,NEG_00373,0,0
0,0.0010047543963941457,0,cdc-Hitesh/cdc-Hitesh.github.io,NEG_00374,0,0
0,0.0013583510731432636,0,celer-network/layer2-finance-contracts,NEG_00375,0,0
0,0.001346470320647747,0,Certora/CertoraProver,NEG_00376,0,0
0,0.002538798398985404,0,ChainAgnostic/CAIPs,NEG_00377,0,0
0,0.0005287536681789608,0,chainapsis/keplr-wallet,NEG_00378,0,0
0,0.0008419219939170448,0,ChainEasy/ChainEasy-Wallet,NEG_00379,0,0
0,0.0013974092275974655,0,ChainInsighter/Ondo-Flux-Finance,NEG_00380,0,0
0,0.004333667468425342,0,ChainInsighter/Web3-Casino-Crash-Game,NEG_00381,0,0
0,0.0017922705449529217,0,chainjet/platform,NEG_00382,0,0
0,0.0002288459418352892,0,ChainShot/AAVEDaiEscrow,NEG_00383,0,0
0,0.03401191872753622,0,ChainsQueen/web3dashboard,NEG_00384,0,0
0,0.02954764486592833,0,charanbalaji2005/CryptoView-solidity,NEG_00385,0,0
0,0.005086497269381194,0,charlo1492charlo14928/NFT-Yield-Farming,NEG_00386,0,0
0,0.0005005679857436308,0,chase-manning/debt-farming,NEG_00387,0,0
0,4.800386964124762e-05,0,chatch/hashed-timelock-contract-ethereum,NEG_00388,0,0
0,0.009075354589888241,0,chauhan-varun/Account-abstraction,NEG_00389,0,0
0,0.006959410976809864,0,chawresh/Multi-Currency-Rich-Address-Finder-v1.0,NEG_00390,0,0
0,0.26426560750738015,1,chellscript/bitLeaf,NEG_00391,0,0
0,0.0005643824967340698,0,cherti/bitcoin-analysis,NEG_00392,0,0
0,0.07992376759065534,0,cherylwilson314/web3py_crypto,NEG_00393,0,0
0,4.08621743514813e-05,0,Chia-Network/chia-blockchain,NEG_00394,0,0
0,0.004913042096708714,0,Chirag21/CryptoZombies-solidity-v0.8.16,NEG_00395,0,0
0,0.0017760660534947334,0,chjj/mako,NEG_00396,0,0
0,0.000733080200927202,0,chjj/termcoin,NEG_00397,0,0
0,0.3828719825105513,1,chmajidnaeem/blockchain-bitcoin,NEG_00398,0,0
0,0.12571955555276756,0,ChocoChichia/bitcoin-wallet,NEG_00399,0,0
0,0.0011241636179933282,0,chrisalexadams/balancer,NEG_00400,0,0
0,0.002287484336419605,0,ChrisdeWolf/blockchain-attack-probabilities,NEG_00401,0,0
0,0.002486522574213263,0,chrisstef/defi-staking,NEG_00402,0,0
0,0.2673094947951758,1,ChrisZyy3/presale-nft-web3-app,NEG_00403,0,0
0,0.00396016881883976,0,CIpherEE/TECHCRUSHERC-20,NEG_00404,0,0
0,0.0006734759831360731,0,citadelgrad/crypto-commando,NEG_00405,0,0
0,0.008197612418128716,0,citizenweb3/validatorinfo,NEG_00406,0,0
0,0.00037600966540654,0,CJpaekil/nft-marketplace-ERC721,NEG_00407,0,0
0,0.0010956093223978842,0,classicshi/web3-decoder,NEG_00408,0,0
0,0.004665833919909442,0,cliffhall/in-app-pro-shop,NEG_00409,0,0
0,0.005295963530200259,0,cloudframeworks-blockchain/user-guide-fabric-smart-contract,NEG_00410,0,0
0,4.3259585276067445e-05,0,cluck135/First-Deployed-Token,NEG_00411,0,0
0,0.00022566061597662242,0,ClusterH/Memories-NFT,NEG_00412,0,0
0,0.0013326005073160576,0,cmandar24/Ethereum-Private-Key-Generator,NEG_00413,0,0
0,0.043051729434990714,0,cmdruid/tapscript,NEG_00414,0,0
0,0.4846223802243792,1,coccoinomane/crabada.py,NEG_00415,0,0
0,0.036989816012701106,0,Cocodrilette/DeFi-Staking-SolidityContracts,NEG_00416,0,0
0,0.000893665768580724,0,Code-Decoders/specter-defi-near,NEG_00417,0,0
0,0.006960059258140834,0,codebatine/Chores-for-Crypto,NEG_00418,0,0
0,6.055142920084005e-05,0,codeesura/Arbitrage-uniswap-sushiswap,NEG_00419,0,0
0,0.036789550906473976,0,codegenius2/solana-verify-eddsa,NEG_00420,0,0
0,0.011281259761251225,0,CodeMachine0121/EthereumWallet_local_API,NEG_00421,0,0
0,0.01665457929168984,0,coderasha/NFT-Marketplace--EThereum-Polygon,NEG_00422,0,0
0,3.266531208494325e-05,0,codeVirtuoso21/NFT-marketplace-cryptoBoys,NEG_00423,0,0
0,0.0016543699662384533,0,codewithmide/FlowPrice-Oracle,NEG_00424,0,0
0,0.003980449087569549,0,codex-protocol/service.eel,NEG_00425,0,0
0,0.019824824298689994,0,CODEX108/FINAL-BLOCKSPIRIT,NEG_00426,0,0
0,0.0009964438147728489,0,codymj/GeminiCryptoTrader,NEG_00427,0,0
0,0.00018589796449041307,0,coin-worx/ethereum-voting-demo,NEG_00428,0,0
0,0.00024670044513188223,0,coinbase/chainstorage,NEG_00429,0,0
0,0.0001246790737008184,0,coinbase/coinbase-wallet-sdk,NEG_00430,0,0
0,0.00011578120402611873,0,CoinSpace/CoinSpace,NEG_00431,0,0
0,0.027237148511366046,0,Coldcard/firmware,NEG_00432,0,0
0,0.0006320379198767758,0,colonelxy/CryptoZombies,NEG_00433,0,0
0,0.0013536637777432517,0,ColonySatoshi/BTCME.WEB3,NEG_00434,0,0
0,3.434909873350313e-05,0,coming-chat/wallet-SDK,NEG_00435,0,0
0,0.0020100557423130805,0,compound-finance/palisade,NEG_00436,0,0
0,0.006686814913705006,0,conka8/Solana-Dexterity,NEG_00437,0,0
0,0.028939158429641242,0,consenlabs/imkey-manager,NEG_00438,0,0
0,0.001577610948001848,0,ConsenSys-archive/vscode-ext,NEG_00439,0,0
0,0.0006042389016813321,0,ConsenSysDiligence/0x-review,NEG_00440,0,0
0,3.885594064786807e-05,0,ConsenSysDiligence/mythril,NEG_00441,0,0
0,0.001967496436094563,0,ConsenSysMesh/live-libs,NEG_00442,0,0
0,0.004343956570048471,0,Consensys/defi-score,NEG_00443,0,0
0,0.010050393536456549,0,Consensys/eth-lightwallet,NEG_00444,0,0
0,0.00048030498694776025,0,ConstanzaOriana/RealEstate_dApp,NEG_00445,0,0
0,0.008636887332500003,0,coral-xyz/backpack,NEG_00446,0,0
0,0.0015423472180164984,0,cordovaem/solana-nft,NEG_00447,0,0
0,0.001745329704135114,0,cosmostation/cosmostation-android,NEG_00448,0,0
0,0.0037841843138985524,0,coti-io/coti-ethers,NEG_00449,0,0
0,0.012338899717689816,0,coti-io/coti-sdk-python,NEG_00450,0,0
0,0.013529519924629188,0,courtney-haley/SUPERIO-DeFi-Yield-Farm,NEG_00451,0,0
0,0.0030785643991380132,0,covir-io/cvr-contract,NEG_00452,0,0
0,0.00029851135099162775,0,CPix18/CryptoCopyRights,NEG_00453,0,0
0,0.0014938074399476677,0,Cr0mb/Crypto-Sweeper,NEG_00454,0,0
0,0.0009855518657709203,0,Cr0mb/Satoshi-Sweeper,NEG_00455,0,0
0,0.1739288792222505,0,craftBrainLLC/ethereum-indexer,NEG_00456,0,0
0,0.023757040119097683,0,crcristian97/solidity-nft-contract,NEG_00457,0,0
0,0.12341853492288711,0,crestalnetwork/intentkit,NEG_00458,0,0
0,0.0018476260494000695,0,cristiandbetancurg/fulgol,NEG_00459,0,0
0,0.035553600182187985,0,critfinds/Web3CRIT-Scanner,NEG_00460,0,0
0,0.002811095484016266,0,crossclaim/btcrelay-sol,NEG_00461,0,0
0,0.0017401010211960208,0,crpdev/decentralised-ebay,NEG_00462,0,0
0,0.08808310797993064,0,crypto-balance-checker-seed-phrases/crypto-balance-checker-seed-phrases,NEG_00463,0,0
0,0.01606820638927026,0,crypto-cooker/Web3-Project-Overview,NEG_00464,0,0
0,0.0020313165877043388,0,crypto-crawler/crypto-ohlcv,NEG_00465,0,0
0,0.002578477640980222,0,crypto-org-chain/cronos,NEG_00466,0,0
0,0.0002614740801761349,0,Crypto0390/nft-airdrops,NEG_00467,0,0
0,0.0008126049511385777,0,crypto1014/NFT-marketplace,NEG_00468,0,0
0,0.00035315460259073415,0,cryptoadvance/specter-desktop,NEG_00469,0,0
0,0.01658952450042788,0,CryptoApex23/mnemonic-balance-checker,NEG_00470,0,0
0,1.980666365513198e-05,0,cryptococks-xyz/cryptococks-contract,NEG_00471,0,0
0,0.0032875967191310133,0,CryptoCreams/Crypto-Creams,NEG_00472,0,0
0,0.0037095505312093706,0,cryptodance/cryptodance-backend,NEG_00473,0,0
0,0.06594063354846451,0,CryptoExplor/CeloNFT,NEG_00474,0,0
0,0.00028776743949282757,0,CryptoFist/MemeMarketplace-contract,NEG_00475,0,0
0,0.005577494253507197,0,cryptoforge318/NFT-Marketplace,NEG_00476,0,0
0,0.0109724850690174,0,cryptoleadxyz/demo-infura-web3py,NEG_00477,0,0
0,2.496323012664018e-05,0,cryptomkt/cryptomkt-python,NEG_00478,0,0
0,0.0034783278639429374,0,cryptopayserver00/cryptopayserver,NEG_00479,0,0
0,3.065208403190526e-05,0,cryptopunksnotdead/awesome-cryptopunks-bubble,NEG_00480,0,0
0,0.002097273355203085,0,Cryptorubic/multi-proxy-rubic,NEG_00481,0,0
0,0.004613798619776409,0,cryptosguru/nft_terra_cosmwasm,NEG_00482,0,0
0,0.004859058494382589,0,CryptoSnowPrince/CryptoGame_Backend,NEG_00483,0,0
0,3.747554062556799e-05,0,cshep4/crypto-dot-com-exchange-go,NEG_00484,0,0
0,0.015204419652458534,0,csimbana/suiguard,NEG_00485,0,0
0,0.00919388199936733,0,cunarist/solie,NEG_00486,0,0
0,0.001887410966178986,0,curvefi/curve-contract,NEG_00487,0,0
0,0.004131328813010063,0,CutupAngel/nft-marketplace,NEG_00488,0,0
0,0.024803583391275558,0,cyforge/Orbis-Wallet,NEG_00489,0,0
0,0.0005522378517367306,0,cypherium/uniswap-interface-cypherium,NEG_00490,0,0
0,0.0028933591173271596,0,cypherpunk-symposium/web3-starter-rs,NEG_00491,0,0
0,0.0011307007857330046,0,czeti/shamus,NEG_00492,0,0
0,0.00032835503518179233,0,czhc/bookmarks,NEG_00493,0,0
0,0.014369808446498739,0,d-invisible/DocuManage-web3--Aptos,NEG_00494,0,0
0,0.0005940098436752343,0,D-Y-So/Blockchain_Project,NEG_00495,0,0
0,0.0003025774105136778,0,d3or/eth-vanity-gen,NEG_00496,0,0
0,0.5316199307452406,1,Dadel-1/Polymarket-CopyTrading,NEG_00497,0,0
0,0.006537922547425727,0,Dakii03/crypto-project-v2,NEG_00498,0,0
0,0.00091813191397748,0,dalloglio/nft-pokemon,NEG_00499,0,0
0,0.0012464192908692806,0,Daltonic/dappCinemasX,NEG_00500,0,0
0,0.0014676030865061942,0,Daltonic/dappFundsX,NEG_00501,0,0
0,0.0003639123088054446,0,Damian-Sanchez/CryptoTextAlert,NEG_00502,0,0
0,0.002419025310118688,0,DanielCM2001/SendCrypto-Blockchain-App-web3,NEG_00503,0,0
0,0.0006665295792421134,0,DanielDimitrov5/NFT-Marketplace-FE,NEG_00504,0,0
0,0.0008115242446719712,0,danieltantonio/SharedWallet_Solidity,NEG_00505,0,0
0,0.009798104194049183,0,danielwpz/nft-linkdrop,NEG_00506,0,0
0,0.00036834612237876324,0,danilych/token-factory-web-app,NEG_00507,0,0
0,0.008681836413767874,0,danilych/token-sale,NEG_00508,0,0
0,0.015151077257900625,0,danpatrocinio/web3-api,NEG_00509,0,0
0,0.04298538900896411,0,dante4rt/t3rn-airdrop-bot,NEG_00510,0,0
0,1.8447628840109126e-05,0,dapperlabs/dapper-contracts,NEG_00511,0,0
0,0.0014185630728021075,0,DappFactory/CryptoTrivia,NEG_00512,0,0
0,0.013468736728671113,0,dappforce/polkaverse,NEG_00513,0,0
0,0.002838618657700401,0,dapphub/ds-math,NEG_00514,0,0
0,0.0017870140147732572,0,DappioLab/navigator,NEG_00515,0,0
0,0.0003220976366789499,0,dappros/nfmt,NEG_00516,0,0
0,0.00210965268511757,0,dappteacher/smart-contract-audit-portfolio,NEG_00517,0,0
0,0.0006232655371006143,0,dappuniversity/hd_wallet,NEG_00518,0,0
0,0.006445914855763439,0,dappuniversity/Runner-blockchain-game-,NEG_00519,0,0
0,0.0017364809622401635,0,dariocast/algorand-nft-loan,NEG_00520,0,0
0,0.06779649177279459,0,Darkbladecr/cryptoWallet,NEG_00521,0,0
0,0.004210077058114317,0,darkgrovelabs/sec3hub,NEG_00522,0,0
0,1.690225322347651e-05,0,darrylyeo/blockhead,NEG_00523,0,0
0,0.0006376072001348333,0,datmedevil17/hack-web3conf,NEG_00524,0,0
0,4.170635263694347e-06,0,Daudxu/eth-wallet-modal,NEG_00525,0,0
0,0.009723054559007903,0,daulathussain/nfts-api-starter-file,NEG_00526,0,0
0,0.0018966999209632527,0,davdotsol/react-and-web3-demo-app,NEG_00527,0,0
0,0.001446653773184794,0,davdotsol/uniswap-v2-defi-app,NEG_00528,0,0
0,0.001580330089962629,0,davidmeng630/defi,NEG_00529,0,0
0,0.0018272654222124358,0,dbarobin/awesome-mirror,NEG_00530,0,0
0,0.0035100830377531133,0,DE-labtory/zulu,NEG_00531,0,0
0,0.000230588112522792,0,deadarchitects/test-low-gas-solidity,NEG_00532,0,0
0,0.004765772899485536,0,DealAiFind/DealAiFind-Ai-DEX-FrontRun-JS-V4,NEG_00533,0,0
0,0.0016492343952450499,0,decentralized-identity/element,NEG_00534,0,0
0,0.1174279366651982,0,DeCleanup-Network/contracts-evm,NEG_00535,0,0
0,0.0004404620973903685,0,Decurity/semgrep-smart-contracts,NEG_00536,0,0
0,0.000521645879804103,0,Deed3Labs/Protocol-DApp,NEG_00537,0,0
0,0.0012740465466956079,0,deepbluelake/web3-lab,NEG_00538,0,0
0,0.007491666969099853,0,Deeppanchal2108/metaflex-nft-lab,NEG_00539,0,0
0,0.00048101617488718824,0,Defi-Pool-Share/DefiPoolShare.DPSTContract,NEG_00540,0,0
0,0.0002688796419818166,0,Defi-Pool-Share/DefiPoolShare.LendingContract,NEG_00541,0,0
0,0.0002153739638085177,0,DeFiCh/defiscan.live,NEG_00542,0,0
0,0.0013938220978581492,0,DeFiDesk/DeFiDesk.github.io,NEG_00543,0,0
0,0.008690391643383352,0,defilab/defi-blockchain-dumper,NEG_00544,0,0
0,0.00012130263324498618,0,DeFiNecromancer/Basic-Name-Storage,NEG_00545,0,0
0,1.4903138400333243e-05,0,defiprime/defiprime1,NEG_00546,0,0
0,0.00024011874768770978,0,DEFIProtocol/Web3,NEG_00547,0,0
0,0.003538415340010119,0,DeFireX/defirex-protocol-v3,NEG_00548,0,0
0,0.0026220827073317895,0,delvtech/agent0,NEG_00549,0,0
0,0.0007294222472536881,0,DemocracyEarth/exodus,NEG_00550,0,0
0,0.012314411739404745,0,DemocracyEarth/wallet,NEG_00551,0,0
0,0.04399947975922871,0,Denis345/blockchain-automation-tool,NEG_00552,0,0
0,0.00014302590924769544,0,DenisZS/cckat,NEG_00553,0,0
0,0.0028541617017573597,0,dennohpeter/MultiDexArbBot,NEG_00554,0,0
0,0.0010537742592147666,0,denzopas/myWallet,NEG_00555,0,0
0,5.7449161845547304e-05,0,DePayFi/buttons,NEG_00556,0,0
0,3.72468093209078e-05,0,DePayFi/depay-claimable-nft-airdrops,NEG_00557,0,0
0,3.4723204537790147e-06,0,DePayFi/web3-wallets,NEG_00558,0,0
0,2.904014352407314e-06,0,DePayFi/widgets,NEG_00559,0,0
0,0.00233169057006466,0,desbenn/defi-arbitrage,NEG_00560,0,0
0,0.0004165420068810994,0,desktop-examples/crypto-analysis,NEG_00561,0,0
0,0.06856915105346911,0,desoul-labs/soulhub-contracts,NEG_00562,0,0
0,0.05770190984843417,0,deusfinance/deus-interface-v2,NEG_00563,0,0
0,0.0018123782579826427,0,dev-x-master/Election-Blockchain-App,NEG_00564,0,0
0,0.007800818085747056,0,devano12/Kryptex-miner,NEG_00565,0,0
0,0.009294617522850547,0,DevAyomi/Smart-Wallet-,NEG_00566,0,0
0,0.008454823907563861,0,developeruche/hybrid,NEG_00567,0,0
0,0.00024121571946416655,0,develrocket/NFT-Smart-Contract,NEG_00568,0,0
0,0.13421033505378382,0,DevJihwan/SmartContractSample_RentCar,NEG_00569,0,0
0,0.0022973915570537753,0,DevMarc16/appkit-connect,NEG_00570,0,0
0,0.00019693549034534652,0,devridge0/aave-core,NEG_00571,0,0
0,0.1673184691410248,0,DevStudioX/Phoenix-Clipper-Malware-Private,NEG_00572,0,0
0,0.000242623316642328,0,dex-guru/assets,NEG_00573,0,0
0,0.0006329739543359337,0,dgrmunch/docuten-blockchain-proof-dapp,NEG_00574,0,0
0,0.24326744657514468,1,Dharma256/solidity-multisig-wallet-56,NEG_00575,0,0
0,0.0021029449772047605,0,dharmaprotocol/dharma.js,NEG_00576,0,0
0,0.0008819031074745318,0,dharmaprotocol/experimental,NEG_00577,0,0
0,0.003851547093999622,0,dherranzf/CryptoBank,NEG_00578,0,0
0,0.016565501660501095,0,dhiraj0911/bitcoin-wallet,NEG_00579,0,0
0,2.9393204805994112e-05,0,dhiraj0911/defi-uniswap,NEG_00580,0,0
0,0.00013623733247344666,0,diadata-org/diadata,NEG_00581,0,0
0,0.0003441706949161012,0,didil/stone-dapp,NEG_00582,0,0
0,0.016521473816629915,0,diego-tobalina/PancakeSwapBot,NEG_00583,0,0
0,0.0026108110137805737,0,Dilkashpeshimam18/defi-contracts,NEG_00584,0,0
0,7.002013447404951e-05,0,DimarcoKevin/CryptoZombies,NEG_00585,0,0
0,0.005232329688365339,0,DimensionDev/Maskbook,NEG_00586,0,0
0,0.03985849328525121,0,Dineshv0311/Web3.0-CryptoTransfer,NEG_00587,0,0
0,0.06653525535763517,0,diorwave/solana-blockchain-development,NEG_00588,0,0
0,0.00015884525743825858,0,distbit0/coinStats,NEG_00589,0,0
0,0.04230303837316674,0,DixDev1621/BLOCKCHAIN-DeFi-Router,NEG_00590,0,0
0,0.0034710179428629425,0,DjibrilM/strike-wallet,NEG_00591,0,0
0,0.015184355021685395,0,Dklish/trading-lab,NEG_00592,0,0
0,0.0007189588222638885,0,dkpeakbil/bitcoinwalletwatcher,NEG_00593,0,0
0,0.00034699184876530186,0,dkrsgood/ETH_Wallet,NEG_00594,0,0
0,0.03099437828409397,0,dmakarov-dev/Ethereum-Solidity-token,NEG_00595,0,0
0,0.043701513320481285,0,dmitriiprusakov/definition-hack-nft-versus,NEG_00596,0,0
0,0.1581011840664179,0,dogecoin/dogecoin,NEG_00597,0,0
0,0.005478366445246273,0,dojimanetwork/web3fy-go,NEG_00598,0,0
0,0.00016487276369828358,0,domechn/track3,NEG_00599,0,0
0,0.0008788532962816323,0,DonggeunYu/MEV-Attack-on-the-BSC,NEG_00600,0,0
0,0.00016999587102888526,0,donnywin85/defi-yield-aggregator,NEG_00601,0,0
0,0.0007817618209532111,0,Dopular/CLI-Searching-and-Tracing-EVMTransactions,NEG_00602,0,0
0,1.9046632493864592e-05,0,dorianbayart/DexPairs,NEG_00603,0,0
0,0.05929659006400731,0,dozerokz/polymarket_monitor,NEG_00604,0,0
0,0.011423416556670231,0,Dpost-George/foundry-web3-wallet-security-Advanced,NEG_00605,0,0
0,0.013359362476495204,0,drips-network/app,NEG_00606,0,0
0,0.05657089627682379,0,drisst12/safe-smart-account,NEG_00607,0,0
0,0.0426455701214958,0,Drix10/ai-resources,NEG_00608,0,0
0,0.019147630587844126,0,DrLinuxOfficial/CryptoWallet-Cracker,NEG_00609,0,0
0,0.09171156379033958,0,drpcorg/dshackle,NEG_00610,0,0
0,0.043767119550071946,0,DTVMStack/DTVM,NEG_00611,0,0
0,0.002077981424602017,0,ducga1998/tai-xiu-smart-contract,NEG_00612,0,0
0,0.008824248342445143,0,DudeOfCode/web3.pyandSolidityTodolist,NEG_00613,0,0
0,0.005644964085369408,0,duneanalytics/evm.codes,NEG_00614,0,0
0,0.015090612852375002,0,duytacong24895/smart-contract-lesson-1,NEG_00615,0,0
0,0.002333018494576037,0,dvinubius/tiny-multisig-typescript,NEG_00616,0,0
0,0.0006582611496267675,0,dvvrtmshra/StellarPay,NEG_00617,0,0
0,0.0006214606509830742,0,dydxprotocol/protocol_v1,NEG_00618,0,0
0,4.276456579331708e-05,0,Dyslex7c/DefiYieldOptimizer,NEG_00619,0,0
0,0.0038601787423146795,0,ebellocchia/erc20_splitter,NEG_00620,0,0
0,0.062199640179572226,0,EdgeApp/edge-react-gui,NEG_00621,0,0
0,0.0002337414546735884,0,edubrunaldi/generic-wallet,NEG_00622,0,0
0,0.0033836836002475077,0,educoin/notarypoc,NEG_00623,0,0
0,0.05517781029812883,0,edwintyx/Blockchain-Cryptocurrency-Project,NEG_00624,0,0
0,0.0007744748359032185,0,EjaraApp/trustdart,NEG_00625,0,0
0,0.002192070729396276,0,eka0789/nft-marketplace,NEG_00626,0,0
0,0.00029454067210086973,0,el-noir/ethereum-defi-app,NEG_00627,0,0
0,0.006124128652404431,0,el-noir/MedicAi,NEG_00628,0,0
0,0.011811175248762115,0,eldorado-Coder/NFT-marketplace-smart-contract,NEG_00629,0,0
0,0.0012149076093684746,0,elkoutwest/bitcoin_browser,NEG_00630,0,0
0,0.009706601905278394,0,Elmanilov/CastClaim,NEG_00631,0,0
0,0.023694117197478205,0,ElromEvedElElyon/bitcoinbrasil,NEG_00632,0,0
0,0.015769766025332775,0,elxor/jetum-wallet,NEG_00633,0,0
0,0.0014565767926007413,0,Elytro-eth/ETHShanghai2022,NEG_00634,0,0
0,0.00027809959035094816,0,EmanHerawy/web3Drive,NEG_00635,0,0
0,0.0006204826391448169,0,emerald-dao/float,NEG_00636,0,0
0,0.0007890994765474667,0,emeraldpay/dshackle,NEG_00637,0,0
0,0.0017170429059839623,0,emiliosheinz/vue-js-crypto-wallet,NEG_00638,0,0
0,0.0001812814633906189,0,emilyhon/foundry-defi-stablecoin-f23,NEG_00639,0,0
0,0.0017096948379363922,0,Emivvvvv/btc-vanity,NEG_00640,0,0
0,0.0035689370869675364,0,emlynazuma/blockchainCrawler,NEG_00641,0,0
0,0.011015056115573676,0,Emmahchinonso/web3-bridge-contract,NEG_00642,0,0
0,0.00483180988183364,0,Emmanuel-213/MyFirstSmartContract,NEG_00643,0,0
0,0.04911825915355017,0,Emmanuel-Samuel/Alchemy-projects,NEG_00644,0,0
0,0.001548530371541908,0,emograms/nft-marketplace,NEG_00645,0,0
0,5.873120415547678e-05,0,emtinanseo/dApp-Refund-by-Location-Smart-Contract,NEG_00646,0,0
0,4.717287892084921e-05,0,energychain/CorrentlyWallet,NEG_00647,0,0
0,0.0004915963147584076,0,Enkhai/crypto-blockchain-python,NEG_00648,0,0
0,0.0009181846758723791,0,enricobottazzi/Zeko,NEG_00649,0,0
0,0.00458440868727528,0,enricozanardo/bitcoin-sentiment-analys-on-tweets-,NEG_00650,0,0
0,0.002121961963084527,0,Enricrypto/arb-wave-flashloans-arbitrage,NEG_00651,0,0
0,0.007460931491003682,0,EnridoZanoge/Layer-1,NEG_00652,0,0
0,0.014326838468062944,0,enzymefinance/protocol,NEG_00653,0,0
0,0.0007075943342967388,0,eonian-core/farm,NEG_00654,0,0
0,0.4953295052028876,1,epacrypt25/Web3BlockchainVooting,NEG_00655,0,0
0,0.12675732877783089,0,EpicVillage/Ore-Blue-Miner,NEG_00656,0,0
0,0.0009567564904337162,0,eprbell/dali-rp2,NEG_00657,0,0
0,7.24647578018568e-05,0,eprbell/rp2,NEG_00658,0,0
0,0.00011873940542224133,0,eq-lab/marginly,NEG_00659,0,0
0,0.0029496215185865014,0,ERC4626-Alliance/sup-web-4626,NEG_00660,0,0
0,0.0013657838021862937,0,Erfaniaa/crypto-portfolio-optimizer,NEG_00661,0,0
0,0.00055682415359051,0,ernestognw/ethereum_signature,NEG_00662,0,0
0,0.0014915222918550997,0,ervikassingh/nft-market,NEG_00663,0,0
0,0.013031773687529677,0,esolidar/web3,NEG_00664,0,0
0,0.003264327522337695,0,estevaopbs/bitcoin-rs,NEG_00665,0,0
0,7.073881953153346e-05,0,ethaccount/vue-dapp,NEG_00666,0,0
0,0.0015029887850146536,0,EtherAuthority/Portfolio,NEG_00667,0,0
0,0.19191384000832604,0,ethereum-boilerplate/ethereum-prediction-market-boilerplate,NEG_00668,0,0
0,0.00013705152325525915,0,EthereumCommonwealth/Auditing,NEG_00669,0,0
0,0.004988463445480699,0,EthereumCommonwealth/multi-geth,NEG_00670,0,0
0,0.001160798338573553,0,Ethernal-Tech/bridge-web-test-suite,NEG_00671,0,0
0,1.0809497884174562e-05,0,ethers-io/ethers.js,NEG_00672,0,0
0,9.894892698205164e-06,0,ethersphere/swap-swear-and-swindle,NEG_00673,0,0
0,0.0001065543279163549,0,EtherTW/LogoVote2017,NEG_00674,0,0
0,0.0024197730470977906,0,ETsCalrskj/Kypt-MultiSig-Wallet-Transactions-Tron-Ethereum,NEG_00675,0,0
0,0.011781347238350467,0,euphonious-raisinnutcookie575/ethwizc,NEG_00676,0,0
0,0.0021919948853653,0,Ev3rlasting/Sui-Vanity-Wallet-Generator,NEG_00677,0,0
0,0.19584725596301866,0,everstake/wallet-sdk,NEG_00678,0,0
0,0.0008517744754908784,0,everx-labs/everdev,NEG_00679,0,0
0,0.000490247588734344,0,everx-labs/evernode-se,NEG_00680,0,0
0,0.003667549708341556,0,EveryThinUknow/BlockchainPrototype,NEG_00681,0,0
0,0.0033739045864487056,0,evm-tooling/viem-go,NEG_00682,0,0
0,6.516058137206864e-05,0,EWCunha/brownie-fund-me,NEG_00683,0,0
0,0.0010605724315867085,0,exactly/liquidation-bot,NEG_00684,0,0
0,2.3862832257340612e-05,0,exactly/protocol,NEG_00685,0,0
0,0.007608075361266881,0,exekerey/3xpl-mcp,NEG_00686,0,0
0,3.0241411094356453e-05,0,exglos/wallet,NEG_00687,0,0
0,0.001866089038689807,0,ExodusMovement/bitcoind-zmq,NEG_00688,0,0
0,3.208492102877359e-05,0,Expandergraph/crypto-crawler,NEG_00689,0,0
0,0.24449502297443274,1,ExpertVagabond/mango-v4,NEG_00690,0,0
0,0.0027359471271846594,0,explorills/expl-nodes-dashboard,NEG_00691,0,0
0,0.00018385804171531218,0,f-z/decentralized-option-trading-platform,NEG_00692,0,0
0,0.0001678503515819688,0,fabianorodrigo/defiamm,NEG_00693,0,0
0,0.06456526139170529,0,Fabischu2008/Vinechain,NEG_00694,0,0
0,0.0071344095134155865,0,Fabomarche/ethereum-viewer,NEG_00695,0,0
0,0.02605470960736189,0,FACINGS/collection-manager,NEG_00696,0,0
0,0.017790926384457575,0,fadedreams/wallet_go_blockchain_concepts,NEG_00697,0,0
0,0.0030076942165337336,0,fadliferdian28/MyCryptoToken,NEG_00698,0,0
0,0.0011816135003474488,0,fairrustana/Sports-Betting-Sportsbook,NEG_00699,0,0
0,0.0005074130489852333,0,faizack/Supply-Chain-Blockchain,NEG_00700,0,0
0,0.005973968952057744,0,falila/smart-contract-interpreter,NEG_00701,0,0
0,0.0011556133020241093,0,Faouzijedidi1/NFT-Game,NEG_00702,0,0
0,0.0005191502807243867,0,Farber98/MultiSigWallet,NEG_00703,0,0
0,0.0004056931483578119,0,farisamirmudin/cryptotransfer,NEG_00704,0,0
0,0.015422959629054316,0,faysalbadaoui/RegisterDeviceSolanaProgram,NEG_00705,0,0
0,0.00016297175849579377,0,FazioNico/meta-gotchi,NEG_00706,0,0
0,0.000545231670725465,0,fbsobreira/gotron-sdk,NEG_00707,0,0
0,0.0009489005593349081,0,feeeei/vanity-generator,NEG_00708,0,0
0,0.0019561509813769205,0,felipeserrano05/one-sol-protocol,NEG_00709,0,0
0,0.00011160741270546693,0,fewwwww/awesome-uniswap-hooks,NEG_00710,0,0
0,0.1610056303537263,0,Fida-Kainth/Block-Chain-A-Decentralized-Cryptocurrency-Wallet-System-with-Automated-Zakat-Deduction,NEG_00711,0,0
0,0.005393482993266339,0,FIFA0313/blockchain-wallet-adapter-designe,NEG_00712,0,0
0,0.01263612184106029,0,FIFA0313/sui-mcp-server-wallet-management,NEG_00713,0,0
0,0.00029614763599153474,0,filips123/BlogChain,NEG_00714,0,0
0,0.007140270899723793,0,FilOzone/synapse-sdk,NEG_00715,0,0
0,0.00046735952886677273,0,FinHubRotman/eth-blockchain-data,NEG_00716,0,0
0,0.00018234591613747794,0,FIT-DNU/Blockchain-Technology,NEG_00717,0,0
0,0.0006286141340314613,0,Flame-eth/Multiparty-Solidity-Wallet-,NEG_00718,0,0
0,0.001727288772781082,0,flannerychristopher/web3_py_simple_storage,NEG_00719,0,0
0,0.0012742028268010078,0,flappyagent/flappy-bird-solidity-2,NEG_00720,0,0
0,0.0003076349468722463,0,flexa/collateral-manager,NEG_00721,0,0
0,1.544737483712011e-05,0,floranguyen0/nft-marketplace,NEG_00722,0,0
0,0.00044130719508312,0,fomoweth/flashloan-aggregator,NEG_00723,0,0
0,0.000432841249638907,0,ForcingVaporizer/Blockchain-Dapp-Crypto,NEG_00724,0,0
0,0.0009155376144094587,0,Formyselfonly/smart-contract-quickstart,NEG_00725,0,0
0,0.0006339949215252792,0,formysister/crosschain-mixer-solidity,NEG_00726,0,0
0,0.00122905274749865,0,forward0507/Dexordi-BE,NEG_00727,0,0
0,0.05745210472572789,0,foxxcn/Arkham_API_test,NEG_00728,0,0
0,0.0038187161629386623,0,frangio/hardhat-exposed,NEG_00729,0,0
0,0.0178874042496972,0,frankdev7/bootcamp-solidity-defi,NEG_00730,0,0
0,8.561410703455978e-06,0,frankiefab100/Blockchain-Development-Resources,NEG_00731,0,0
0,6.244389667999161e-05,0,frankiefab100/Web3.0-Roadmap,NEG_00732,0,0
0,0.0006260024476785688,0,FredericRezeau/soroban-snooker,NEG_00733,0,0
0,0.007124207173576064,0,FrederikBolding/chainlist,NEG_00734,0,0
0,3.061610092911404e-05,0,freight-trust/deployments-solidity,NEG_00735,0,0
0,0.0037030114861801695,0,Frenzoid/DAPP_Bank,NEG_00736,0,0
0,0.013129376258190502,0,Freya-Lark/Chainlink-2024-17hours-Web3-tutorial,NEG_00737,0,0
0,0.0005386793999437122,0,FriendlyUser/solidity-smart-contracts,NEG_00738,0,0
0,0.002778020482913604,0,FujiwaraChoki/CoinWizard,NEG_00739,0,0
0,4.4515768453205606e-05,0,fullstack-development/blockchain-wiki-en,NEG_00740,0,0
0,0.061687959351283746,0,fundgao/xiuxian,NEG_00741,0,0
0,0.0031598010056901175,0,fvictorio/ganache-explorer-poc,NEG_00742,0,0
0,0.019748148040432494,0,fxop0218/DEFI-aave-JS-Solidity,NEG_00743,0,0
0,1.6968582770269756e-05,0,gabidi/bismuth-js-crypto,NEG_00744,0,0
0,0.0001707332660976907,0,gakonst/ethers-rs,NEG_00745,0,0
0,0.0004605424833319224,0,GameChangerFinance/gamechanger.wallet,NEG_00746,0,0
0,0.001983423933244584,0,gasparllamazares/Bitcoin-Virus,NEG_00747,0,0
0,0.03492433765369978,0,gauryvg98/Bitcoin-Indexer,NEG_00748,0,0
0,7.447792339101567e-05,0,gbto/web3-everything,NEG_00749,0,0
0,0.005215850400722941,0,gear5labs/chenpilot,NEG_00750,0,0
0,0.0004021066608232854,0,Gearbox-protocol/gearbox-protocol-description,NEG_00751,0,0
0,0.00015063789017452666,0,gemwalletcom/gem-android,NEG_00752,0,0
0,0.00033325671342216285,0,Generic35/Ethereum-Wallet-Dai-Token-Clone,NEG_00753,0,0
0,0.0002545015544223589,0,geovgy/smart-wallet,NEG_00754,0,0
0,0.0035886725326496997,0,geraldoramos/crypto-bar,NEG_00755,0,0
0,0.001881862014939818,0,getgems-community-tact/nft-template-editable,NEG_00756,0,0
0,0.007944510225487358,0,getsafle/safle-identity-wallet,NEG_00757,0,0
0,0.00841032319531995,0,gfsxyz/lamina,NEG_00758,0,0
0,0.00011008140304634064,0,ggviana/splitter,NEG_00759,0,0
0,0.0004289424609507189,0,GHODA-crypto/shatranj,NEG_00760,0,0
0,0.06152479552264534,0,ghulamrabbanimedium-dotcom/VerseBet-dapp,NEG_00761,0,0
0,0.0017806965118313412,0,giogam/Gopher-Wallet,NEG_00762,0,0
0,0.00013275331332987913,0,gitthekid/Ethereum-Flashloan-DEX-Arbitrage-Contracts,NEG_00763,0,0
0,0.0005888715265182333,0,gizdusum/hermes-blockchain-oracle,NEG_00764,0,0
0,0.005866907863960956,0,GlitchicaL/project-arcadia,NEG_00765,0,0
0,0.0009891902331574793,0,glitchnsec/cryptozombies-solutions,NEG_00766,0,0
0,0.0025630455427385246,0,glitznerf/blockchain_banking_system,NEG_00767,0,0
0,0.3365658119389828,1,gmh5225/awesome-crypto-wallet-address,NEG_00768,0,0
0,0.00118433325936169,0,gmtech-xyz/safe-cex,NEG_00769,0,0
0,0.00013253925809383158,0,gnidan/abi-to-sol,NEG_00770,0,0
0,0.0028149988880053142,0,gnosis/reth-util,NEG_00771,0,0
0,0.03933446458392482,0,gobeyondfj-cmd/cryptoagent-ai,NEG_00772,0,0
0,0.027373600327340195,0,GobyWallet/openapi,NEG_00773,0,0
0,0.01992750207390372,0,gokcearda/OwlToken,NEG_00774,0,0
0,4.4090711644762616e-05,0,Gola-k/jsm_nft_marketplace,NEG_00775,0,0
0,0.008846928434471874,0,GoodDollar/GoodDAPP,NEG_00776,0,0
0,0.0007304247066381066,0,GoogleEnginer/defi-yield-calculator,NEG_00777,0,0
0,1.2583933456838999e-05,0,govi-dao/cvi-contracts,NEG_00778,0,0
0,0.002687270478240569,0,gprateek93/Sikka--A-Simple-Bitcoin-Implementation,NEG_00779,0,0
0,0.0015716082712839855,0,grandsmarquis/ethereumdevio-dex-tutorial,NEG_00780,0,0
0,0.39144697004697876,1,GRANTsol/PanteraProtocol,NEG_00781,0,0
0,0.027188121010945417,0,greekfetacheese/zeus,NEG_00782,0,0
0,8.932116450775665e-05,0,GridexProtocol/core,NEG_00783,0,0
0,0.040438965754863644,0,gridgentoo/graph-node,NEG_00784,0,0
0,0.03315091055127535,0,gsachin1809/bitcoin_wallet,NEG_00785,0,0
0,0.0002593572742677362,0,gskril/mnemonic-guesser,NEG_00786,0,0
0,0.0020037148099086295,0,guider23/CryptoShare,NEG_00787,0,0
0,0.0005189410289466546,0,guillaumelauzier/rootstock-NFT,NEG_00788,0,0
0,0.0005814558373680594,0,GuiTeK/bip39-splitter,NEG_00789,0,0
0,0.000260189704481231,0,guoshijiang/blockchain-wallet-sdk,NEG_00790,0,0
0,0.014549518042260193,0,Gupta-4699/crypto_gallery,NEG_00791,0,0
0,0.0003498939235102217,0,gurnec/btcrecover,NEG_00792,0,0
0,1.6357169183969822e-05,0,gweidart/evm-flashswap-arb,NEG_00793,0,0
0,0.00014157376336378956,0,gyro-defi/gyro-v1-contracts,NEG_00794,0,0
0,0.004629542621386106,0,gysr-io/core,NEG_00795,0,0
0,0.00815270258769867,0,Gzeu/hero-forge-monorepo,NEG_00796,0,0
0,0.004156464177310453,0,ha-bhai-noob-hoon/Solidity-task,NEG_00797,0,0
0,0.00987757370764271,0,Hackathons-w-Rapto/RugRader,NEG_00798,0,0
0,0.001424921037711098,0,hacksdark/cybersecurity_hack,NEG_00799,0,0
0,0.01470262126524787,0,HackUnderway/BlockChain,NEG_00800,0,0
0,0.0002795650522106229,0,HadhemiBM/SmartContract_NFT-Marketplace,NEG_00801,0,0
0,0.006773960339722306,0,HAECHI-LABS/vvisp,NEG_00802,0,0
0,0.0001494948588042939,0,Haehnchen/uniswap-arbitrage-flash-swap,NEG_00803,0,0
0,7.21398283662e-05,0,haf-decent/bArb,NEG_00804,0,0
0,0.002327063141147246,0,HalfSuperNate/BalanceOfBatchDataToString,NEG_00805,0,0
0,0.004449152614162136,0,HandyDudes/ETH-NFT-buildspace,NEG_00806,0,0
0,0.007602308159361499,0,Hany-Almnaem/Solana-Documents-as-NFTs-in-a-wallet-Project,NEG_00807,0,0
0,0.00027276101265562075,0,hanzopgp/CryptoZombies,NEG_00808,0,0
0,0.000886198642983952,0,HappyGroupHub/Ethereum-Wallet-Tracker,NEG_00809,0,0
0,0.0007452465169136274,0,Hardchat/Web3.py-Transaction,NEG_00810,0,0
0,0.022215280500094404,0,harishummam/CryptoKet-NFT-Marketplace,NEG_00811,0,0
0,0.0018853541907050964,0,haritsmedina/web3.0_krypto,NEG_00812,0,0
0,0.001368601694326119,0,HariVP03/nft-kart,NEG_00813,0,0
0,0.0001357405256206831,0,HarryR/shwop,NEG_00814,0,0
0,0.00035234819752489444,0,harsh6768/web3-basics,NEG_00815,0,0
0,0.0048377235933463,0,harshiit1/ethereumChecker,NEG_00816,0,0
0,0.0098004402917838,0,harshit180704/aave-credit-scoring,NEG_00817,0,0
0,0.004155118541121289,0,Harukite/wallets-generate,NEG_00818,0,0
0,7.122196830546481e-05,0,hashbx/token-distribution,NEG_00819,0,0
0,0.00036972676850550974,0,hashemabad/MultiSigWallet,NEG_00820,0,0
0,0.004062963247567087,0,HashLips/hashlips_nft_contract,NEG_00821,0,0
0,0.005118589380965961,0,HashLips/nft_collection_minter,NEG_00822,0,0
0,0.016158070286001924,0,HassanA632/blockchain-wallet-risk-analyser,NEG_00823,0,0
0,0.0014918579089252036,0,HawkTahir1/ZENC,NEG_00824,0,0
0,0.0012955244795389345,0,haxpor/contractdiff,NEG_00825,0,0
0,0.0005326595286711456,0,haxpor/inoutflow,NEG_00826,0,0
0,0.005256594161357801,0,hclivess/qtrader,NEG_00827,0,0
0,0.00026314079934205455,0,hdwaIIet-io/python-hdwallet,NEG_00828,0,0
0,0.006554169019818712,0,HectorNBL/eth_solseum_gen_hnbl,NEG_00829,0,0
0,0.00023164490198565894,0,henesaud/bitcoin-cryptography,NEG_00830,0,0
0,0.002205163361811171,0,hexoul/aws-lambda-eth-proxy,NEG_00831,0,0
0,0.07891128238090357,0,hi-riddhi/AaveV2-CreditScoring,NEG_00832,0,0
0,0.0014503373785323776,0,hiero-ledger/hiero-consensus-node,NEG_00833,0,0
0,0.00028591841250826677,0,hilalsidhic/waveportal-Web3-and-solidity,NEG_00834,0,0
0,0.00013906829443222212,0,HilliamT/foundry-web3-monorepo,NEG_00835,0,0
0,0.0002369658116500765,0,hilmikt/Web3,NEG_00836,0,0
0,0.0008484700562375481,0,HimanshuGupta-p1/ETHIFY,NEG_00837,0,0
0,6.327631190688907e-05,0,hippogriff-dev/baby-swap,NEG_00838,0,0
0,5.9403957289889205e-05,0,hiromaily/go-crypto-wallet,NEG_00839,0,0
0,0.00014221544052805447,0,hiwadrashad/Crypto-Currency,NEG_00840,0,0
0,0.0017173916923751739,0,hobbleabbas/Bitcoin-RPC-API,NEG_00841,0,0
0,2.8775376275821873e-05,0,HODLorg/HODLbot,NEG_00842,0,0
0,0.0064983708179598455,0,holder-bot/wallet-testnet,NEG_00843,0,0
0,0.0003155269017874808,0,holyblock/blockchain-piaic-q4-solution,NEG_00844,0,0
0,0.038113750084175,0,HongThaiPham/plugin-u2u,NEG_00845,0,0
0,0.004918761809135592,0,HopefulHeart2020/Finaomics-Solidity-Web3-React,NEG_00846,0,0
0,0.00044836920749495606,0,hoprnet/hopr-ethereum,NEG_00847,0,0
0,0.0006460008288322496,0,horizontalsystems/bitcoin-kit-android,NEG_00848,0,0
0,0.00023880065325547427,0,horizontalsystems/bitcoin-kit-ios,NEG_00849,0,0
0,5.6049664769004775e-05,0,horizontalsystems/ethereum-kit-android,NEG_00850,0,0
0,4.775670719224285e-05,0,horizontalsystems/unstoppable-wallet-android,NEG_00851,0,0
0,3.4621530269416335e-05,0,horizontalsystems/unstoppable-wallet-ios,NEG_00852,0,0
0,0.00011943900080451275,0,hoseadevops/edec-nft-market,NEG_00853,0,0
0,0.0003141703237476981,0,hovig/web3-fabric-voting-dapp,NEG_00854,0,0
0,0.004511114727296109,0,hsharshshukla/SmartContractL,NEG_00855,0,0
0,0.00016407132334013465,0,HugoBrunet13/NFT-Marketplace-Auction,NEG_00856,0,0
0,0.013195371657894127,0,hugoclrd/clearness,NEG_00857,0,0
0,0.006862478152839348,0,hululuzhu/solidity-t5,NEG_00858,0,0
0,1.2036986915975174e-06,0,hummingbot/hummingbot,NEG_00859,0,0
0,0.0007756506495718692,0,hundredwz/BlockchainInfo,NEG_00860,0,0
0,0.029640149216996637,0,Huy-2k11/Native-Parser,NEG_00861,0,0
0,0.0017423278597506406,0,huynhtuandat05december/Crypto-Zombie,NEG_00862,0,0
0,0.0008667829051276183,0,hyp3r5pace/crowdfunding-platform-avalanche,NEG_00863,0,0
0,0.00028596240593262964,0,Hyperledger-TWGC/GM-interoperability,NEG_00864,0,0
0,0.2023155393711118,0,HyperPlay-Gaming/hyperplay-desktop-client,NEG_00865,0,0
0,0.008488802792061921,0,hzblab/NFT-Minting-dApp,NEG_00866,0,0
0,0.05046030186348796,0,Iamdungx/denigma-cracker,NEG_00867,0,0
0,3.7916297251853856e-05,0,iamnotstatic/multichain-crypto-wallet,NEG_00868,0,0
0,0.008618929652583684,0,Iamtheusername112/Crypto,NEG_00869,0,0
0,5.471713962532248e-05,0,ianmah/cryptostory,NEG_00870,0,0
0,0.08465918793263354,0,IaroslavTitov/OnchainVestingService,NEG_00871,0,0
0,0.0020458332293940445,0,IBM/loyalty-points-evm-fabric,NEG_00872,0,0
0,0.0016417380752281037,0,IBQ-SUP/b-rad-coin,NEG_00873,0,0
0,0.0004232734975718238,0,ibrahimjspy/defi-portfolio-tracker,NEG_00874,0,0
0,0.008423868275065,0,IcarusCan/CryptoSimsNFT,NEG_00875,0,0
0,0.0010376966180454044,0,icebert04/Defi-Dashboard,NEG_00876,0,0
0,0.003012825682176702,0,idimetrix/next-jobs,NEG_00877,0,0
0,0.008650520609246393,0,idrabenia/SublimeLinter-contrib-solhint,NEG_00878,0,0
0,0.0009299831006445644,0,IgorAugust0/blockchain-security-labs,NEG_00879,0,0
0,0.0001227223256120015,0,igorlourenco/nft-marketplace-smart-contract,NEG_00880,0,0
0,0.00016557934657674916,0,ihaveCred/OfflineSignProvider,NEG_00881,0,0
0,0.05970971902854594,0,illia-fz/defi-python-nft-staking-rewards-v2,NEG_00882,0,0
0,0.03796981541286792,0,illia-fz/defi-ts-wallet-connect-v23,NEG_00883,0,0
0,0.0032933126586189537,0,ilyarolf/AiogramShopBot,NEG_00884,0,0
0,0.0005037499374661803,0,imanmousaei/coinexpy,NEG_00885,0,0
0,0.001045915035284104,0,imcrazysteven/Initial-Coin-Offering-Smart-Contract,NEG_00886,0,0
0,0.008739088729825609,0,imfrodobaggins/metabullrage,NEG_00887,0,0
0,0.00033687586393676256,0,Imperial-Group-19/contracts,NEG_00888,0,0
0,0.018113872429001764,0,Infineon/secora-blockchain-walletconnect,NEG_00889,0,0
0,0.0005237940056972316,0,Infinite-Null/Wallet-Master,NEG_00890,0,0
0,0.0007327013150433291,0,inghong06/Solidity_Whitelist,NEG_00891,0,0
0,0.0016473638304208803,0,input-output-hk/daedalus,NEG_00892,0,0
0,0.05128810330273196,0,input-output-hk/mantis-wallet,NEG_00893,0,0
0,0.00019699659687533416,0,instant-coffee/cryptoZombies,NEG_00894,0,0
0,0.0026363981700540697,0,invis2912/TokenTrail,NEG_00895,0,0
0,0.044369313790989795,0,iotaledger-archive/legacy-wallet-use-trinity-wallet-instead,NEG_00896,0,0
0,0.04518636657834311,0,Isaacdelly/Plutus,NEG_00897,0,0
0,0.000707219960152987,0,ismailbangee/smart-contracts,NEG_00898,0,0
0,0.00037971936468148975,0,itaikeren/Crypto-Fighters,NEG_00899,0,0
0,0.00011610036586975697,0,Itheum/sdk-mx-data-nft,NEG_00900,0,0
0,0.006136330887530306,0,ithunter0428/solidity2terrachian_rust,NEG_00901,0,0
0,0.003409772565120256,0,itsSauravK/Election-Voting-Blockchain,NEG_00902,0,0
0,0.008200576258959152,0,itstargetconfirmed/flash-loan-sample,NEG_00903,0,0
0,0.00014040901118890893,0,itstargetconfirmed/wrapped-ether,NEG_00904,0,0
0,0.0055532201131322,0,ivanzhelyazkov/ethereum-wallet-manager,NEG_00905,0,0
0,6.875405075047916e-05,0,ivopetiz/crypto-exchange-cli,NEG_00906,0,0
0,0.0027610940869403043,0,Ivy-Apps/ivy-wallet,NEG_00907,0,0
0,0.1269303749103124,0,Iwai88961997/Electrum-Fake-Balance,NEG_00908,0,0
0,0.00037707594978426,0,J12ATA/my-wave-portal,NEG_00909,0,0
0,0.00050634366093383,0,jaayperez/btc-wallet,NEG_00910,0,0
0,0.00020335378609539242,0,jaayperez/coin,NEG_00911,0,0
0,0.0001890205046260399,0,jackey1510/MyNFT,NEG_00912,0,0
0,0.0005930921172983681,0,JackG-eth/CryptoZombieEthSC,NEG_00913,0,0
0,0.010657733341510482,0,Jackhuang166/chess-smart-contract,NEG_00914,0,0
0,0.1670770761253306,0,Jackhuang166/evm-dex-swap-staking-liquidity,NEG_00915,0,0
0,0.0011560830979880099,0,JACKORARO12/BlockChainVoting,NEG_00916,0,0
0,0.0031313382824038447,0,JackyVerse/SmartContractSolidityEth,NEG_00917,0,0
0,0.0015045365021153165,0,jacobdmn/iWallet,NEG_00918,0,0
0,0.0004571637925587341,0,JacobZavita/nfts-react,NEG_00919,0,0
0,0.0003211476148744248,0,jagadeeshgatla/simple-cryptocurrency-wallet,NEG_00920,0,0
0,8.945837880132516e-05,0,Jahankohan/NFT-Marketplace,NEG_00921,0,0
0,0.00015785507024327185,0,Jahankohan/NFTWhiteListing,NEG_00922,0,0
0,0.000725374096073241,0,Jain-Sameer/DecentralizedStableCoin,NEG_00923,0,0
0,0.0002859184458190146,0,jamaltheatlantean/DeFi-Staking,NEG_00924,0,0
0,0.0009262346969456109,0,JamBrains/jam-docs,NEG_00925,0,0
0,0.0005250542872222782,0,JamesANZ/crypto-timelocked-backup,NEG_00926,0,0
0,5.107951594900425e-05,0,JamesANZ/learn-solidity-with-examples,NEG_00927,0,0
0,0.008082475253384694,0,jammy928/CoinExchange_CryptoExchange_Java,NEG_00928,0,0
0,0.0006039378340141791,0,janfilips/blockchain-poker,NEG_00929,0,0
0,0.006050087320650532,0,janghona/go-ethereum-Jochain,NEG_00930,0,0
0,0.005455678816652601,0,Janus-chan/ZkSync_Accounts,NEG_00931,0,0
0,0.004596230503620557,0,jaoleal/chainpass,NEG_00932,0,0
0,0.21223341824951714,0,Jared351/Blockchain-crypto-currencies,NEG_00933,0,0
0,0.0003211385042743377,0,jarrettyew/web3.0,NEG_00934,0,0
0,0.0007904296905678143,0,jarrodwatts/evmkit,NEG_00935,0,0
0,0.007229266891231532,0,jarrodwatts/nft-drop-with-smart-wallet,NEG_00936,0,0
0,0.00029222294095461953,0,JasminDreasond/Dohpw,NEG_00937,0,0
0,0.10694715663735395,0,jasonjgarcia24/web3-ether-talent-pool,NEG_00938,0,0
0,0.00021029357148192134,0,JasonnLim/Blockchain-MedicalRecords,NEG_00939,0,0
0,0.0029991541371235356,0,JavaCardOS/BitcoinWallet,NEG_00940,0,0
0,0.008666917492483607,0,javascript-pro/crypto-casino,NEG_00941,0,0
0,0.005626961445497414,0,jawedzaid/jawed,NEG_00942,0,0
0,0.06781494877857486,0,jay-Anonymous/CryptoLedger,NEG_00943,0,0
0,0.0012852805058540249,0,jdogresorg/freewallet-mobile,NEG_00944,0,0
0,0.0012265158374701087,0,jdogresorg/freewallet,NEG_00945,0,0
0,0.006722389287530372,0,jeanne-cortes725n/ethere8,NEG_00946,0,0
0,4.32327662240575e-05,0,jeet-patel313/NFTStaking,NEG_00947,0,0
0,0.0009960468732853529,0,Jeff1010-web/NFT-marketplace,NEG_00948,0,0
0,0.05163992362882557,0,jeffprestes/rust-smart-contract-example-connection,NEG_00949,0,0
0,0.0013188246457006756,0,jeftarmascarenhas/smart-contract-training,NEG_00950,0,0
0,1.1569151996139779e-05,0,Jeiwan/zuniswapv2,NEG_00951,0,0
0,0.0001739211701226518,0,jeloooooo/solidity-cryptozombies,NEG_00952,0,0
0,0.010984187832953608,0,jenil04/auction,NEG_00953,0,0
0,0.004255165671836088,0,JennEYoon/DeFi-ml,NEG_00954,0,0
0,0.000274628781582198,0,jevinjivani2507/casino-web3,NEG_00955,0,0
0,0.006431024638849654,0,jgyy/solarjun,NEG_00956,0,0
0,0.0016761481425272694,0,jianminggit/NFT_BOT,NEG_00957,0,0
0,0.0016460272917243664,0,jitendragangwar123/Crowd-Sale-ICO-Dapp,NEG_00958,0,0
0,0.0006000740783260332,0,jitendragangwar123/Crypto-Zombies-Game,NEG_00959,0,0
0,0.0005723315217302714,0,JJ-Top/Despliegue-en-Ganache-de-SmartContract,NEG_00960,0,0
0,0.0002234585610963386,0,jjanczur/SolidityDrive,NEG_00961,0,0
0,0.0017149383597036367,0,jjtiger/Blockchain_Business_Crypto_-DevPack,NEG_00962,0,0
0,0.0002567979184197599,0,jlandyr/web3solidity,NEG_00963,0,0
0,0.007128772744852842,0,jocruz/LostCatsUi,NEG_00964,0,0
0,0.017105849878287806,0,JoeanSteinbock/crypto-price-tracker,NEG_00965,0,0
0,0.0006646455234178778,0,john-lawniczak/Smart-Contract-Resources,NEG_00966,0,0
0,0.00022030677258056447,0,johnnyshankman/xtznftswap-contracts,NEG_00967,0,0
0,0.0004968446703105981,0,johnsonstephan/awesome-web3-formal-verification,NEG_00968,0,0
0,0.009564789859558108,0,jokeradms/Electrum-ADA,NEG_00969,0,0
0,3.8001541703542995e-05,0,jolly-roger-eth/ethereum-indexer,NEG_00970,0,0
0,0.000742744737584107,0,Jolsho/eth_wallet,NEG_00971,0,0
0,0.004163294051877551,0,Jon-Becker/heimdall-rs,NEG_00972,0,0
0,0.0009623657666483201,0,jon4hz/ethconvert,NEG_00973,0,0
0,0.00021129779392428964,0,jonluxson/very-basic-form-of-cryptocurrency,NEG_00974,0,0
0,0.0015783059250241997,0,joseoscarcc/TaqueriaCryptoChain,NEG_00975,0,0
0,0.0004177442695215067,0,joshaustintech/ethereum-portfolio,NEG_00976,0,0
0,0.15382970512696045,0,joshH94/NFT-Marketplace-Solidity-Hardhat-NexJS-Web3js-Tailwind,NEG_00977,0,0
0,0.11381517969055026,0,JoshuaDevCo/defi-arb,NEG_00978,0,0
0,0.00024039584461311157,0,jovijovi/ether-goblin,NEG_00979,0,0
0,0.001479992354678253,0,jp-co-decoo-shirato/solidity-cryptozombies,NEG_00980,0,0
0,0.08924727850253272,0,jpromamen/sat-stacker-quiz,NEG_00981,0,0
0,0.022541226789001473,0,jptsantossilva/BEC,NEG_00982,0,0
0,6.341776085673094e-05,0,jseanchuang/web3py_example,NEG_00983,0,0
0,0.00021828293864480024,0,jualexandre/crypto-zombies,NEG_00984,0,0
0,0.0012914370316316774,0,juanemmanuelpd/NFT-Marketplace,NEG_00985,0,0
0,5.6273117030732966e-05,0,JuanXavier/DEX_React,NEG_00986,0,0
0,0.0015481062191619098,0,JulieGibbs/NFT1155_Contract_Test_Assignment,NEG_00987,0,0
0,0.006505185682126044,0,juliocamposmachado/my_eth_app.github.io,NEG_00988,0,0
0,5.881967859453299e-05,0,JulyIghor/QtBitcoinTrader,NEG_00989,0,0
0,0.0012464861659204868,0,JumpCrypto/crypto-reading-list,NEG_00990,0,0
0,0.019300849674578145,0,jun1sen1/solidityone1,NEG_00991,0,0
0,0.00018459036874661182,0,Juniorduc44/brownie_fund_me,NEG_00992,0,0
0,0.008182069141623935,0,JunoNode/juno,NEG_00993,0,0
0,0.00013663974277776107,0,junowoz/smartContracts,NEG_00994,0,0
0,0.00032745191569628473,0,jwinterm/cryptonoteRPCwalletGUI,NEG_00995,0,0
0,0.0003563060104728884,0,k1-c/ethereum-wallet-manager,NEG_00996,0,0
0,5.838914155182679e-06,0,kaamil-ahamadh/web3-ico-app,NEG_00997,0,0
0,9.992729683650879e-05,0,Kalashin1/GTA-token-smart-contract,NEG_00998,0,0
0,0.008825190773251427,0,kansel-dev/solana-nft-sniper,NEG_00999,0,0
0,0.008523608909599922,0,KareimGazer/Blockchain-Sim,NEG_01000,0,0
0,0.0009390107696834726,0,Karhal/web3-connect,NEG_01001,0,0
0,0.2650709602053088,1,karmaizmyb1tch/Crypto-Wallet,NEG_01002,0,0
0,0.024282780026389936,0,kartik78946/Bank-Wallet-SmartContract,NEG_01003,0,0
0,0.14601687214215964,0,Kartikey353/Bitcoin-WalletCmd,NEG_01004,0,0
0,0.00018723428660442207,0,kartikver15gr8/WEB3-For-All,NEG_01005,0,0
0,0.00038382236123195084,0,KashifCh-eth/Lottery-Smart-contract,NEG_01006,0,0
0,0.008084083680578164,0,katya201165/NFT-platform-lending,NEG_01007,0,0
0,3.2473938615198036e-05,0,kausikds/ethereum-onChain-wallet,NEG_01008,0,0
0,0.001357746599462104,0,kaymen99/aave-flashloan-arbitrage,NEG_01009,0,0
0,0.0017109492592606217,0,kaymen99/Dex-aggregator,NEG_01010,0,0
0,0.00041477180319476843,0,kaymen99/uniswap-sushiswap-arbitrage,NEG_01011,0,0
0,0.0008485752036471323,0,Kazopl/mpc-agent-wallet,NEG_01012,0,0
0,0.00017896948460526278,0,Kazopl/nft-marketplace-signatures,NEG_01013,0,0
0,0.0003299733456589038,0,keep-network/tbtc-website,NEG_01014,0,0
0,6.447069773613841e-06,0,keewenaw/Ethereum-Wallet-Cracker,NEG_01015,0,0
0,0.06374447505065849,0,KehindeA533/CryptoDev_NFTCollection_Frontend,NEG_01016,0,0
0,0.004180606020279669,0,kelvincup/base-commit,NEG_01017,0,0
0,0.003695570380472871,0,kelvincup/base-learn,NEG_01018,0,0
0,0.022972262779277736,0,Kelvyne/starknet-storage-proof-solidity,NEG_01019,0,0
0,0.0007645245119703641,0,KenatSF/NFT-Marketplace,NEG_01020,0,0
0,0.001156647932185375,0,keng42/xwallet,NEG_01021,0,0
0,0.00021501449797360045,0,kenpoon94/ethdenver-bootcamp-2022,NEG_01022,0,0
0,0.0001444881915376215,0,kerala-blockchain-academy/ethereum-developer-program,NEG_01023,0,0
0,0.0008619187985252821,0,kerala-blockchain-academy/SmartKYC,NEG_01024,0,0
0,1.609515493871831e-05,0,KernelFailure/blockchain,NEG_01025,0,0
0,0.0009680044607120788,0,keshav-poojary/NFT-on-Ethereum,NEG_01026,0,0
0,0.028889344013415186,0,keshav200215/SmartBlock,NEG_01027,0,0
0,0.00012498263895828314,0,Kevaljagani/NFT-Market,NEG_01028,0,0
0,0.00048214897997306993,0,KevinSmall/blockchain3d,NEG_01029,0,0
0,0.0034493521084412414,0,KevzPeter/EduBlocks,NEG_01030,0,0
0,0.0035197895643529916,0,Keya-Moradi/Cryptopunk,NEG_01031,0,0
0,0.008920368137531769,0,keyhunters/Biggest-Lost-Bitcoin-Wallets-List,NEG_01032,0,0
0,0.16876330551334762,0,khadar1020/bitcoin_wallet,NEG_01033,0,0
0,0.006698223148760701,0,khaled-305/crypto-order-book,NEG_01034,0,0
0,0.00039082822573869956,0,khanjasir90/Secure-Shared-Wallet-Solidity,NEG_01035,0,0
0,0.007283538347708604,0,kheopskit/kheopskit,NEG_01036,0,0
0,0.00035670191096240584,0,Kimonic99/Heneftee,NEG_01037,0,0
0,0.000688420015738055,0,Kimxons/generate-btc-keys,NEG_01038,0,0
0,0.009434321371404547,0,kinggongzilla/Stable_GME_SmartContract,NEG_01039,0,0
0,0.0005028016795119696,0,Kingscliq/nuking-nfts,NEG_01040,0,0
0,2.2776140228929946e-05,0,kingstarfly/nft_pendle,NEG_01041,0,0
0,0.001624814167151431,0,kingsudo1004/Wallet-EVM,NEG_01042,0,0
0,0.008722245282311336,0,KittenYang/SafeSnap,NEG_01043,0,0
0,0.000373388415488543,0,kittyshiba/contracts,NEG_01044,0,0
0,0.0037100069593795047,0,klaim-dev/solana-programs,NEG_01045,0,0
0,4.60776419811948e-06,0,klever-io/klever-go,NEG_01046,0,0
0,4.484878467180841e-05,0,klever-io/kos-rs,NEG_01047,0,0
0,0.0007531107042114182,0,klntsky/sec.cyou,NEG_01048,0,0
0,0.00011983141811231652,0,kochavalabs/xchng-solidity,NEG_01049,0,0
0,0.0014370343271032258,0,koh-gt/ferrite-wallet,NEG_01050,0,0
0,0.000346190811161523,0,kokomoji/CryptoCoinPaperWallet,NEG_01051,0,0
0,0.005961953179972636,0,konradcodes/Web-3.0-Blockchain-App,NEG_01052,0,0
0,0.005718482899185258,0,konradisco/bitcoin-ethereum,NEG_01053,0,0
0,0.08649230904099608,0,KOSASIH/GEE-Platform,NEG_01054,0,0
0,0.06374511966473852,0,KOSASIH/nexus-finance-core,NEG_01055,0,0
0,8.072196032281346e-05,0,Kr1ptal/ethers-kt,NEG_01056,0,0
0,0.00040069813045160433,0,kradkov14/presale-contract,NEG_01057,0,0
0,0.02627306072333814,0,kreskohq/kresko-protocol,NEG_01058,0,0
0,0.04773891650734837,0,KrishGitVerse/speedrun-multisig-msu,NEG_01059,0,0
0,0.057810578935136685,0,krrish-sehgal/nwc-playground,NEG_01060,0,0
0,0.0029553906206539354,0,krushangSk17/Interaction_with_SmartContract,NEG_01061,0,0
0,0.00867754048762654,0,krypc-code/krypcore-web3-sdk,NEG_01062,0,0
0,0.0020466264818196508,0,kshaveen13/vaulte8,NEG_01063,0,0
0,0.0009259318420686374,0,Kula529/-nft-collectible-frontend,NEG_01064,0,0
0,0.21280656697273684,0,kunalsinghdadhwal/LiqX,NEG_01065,0,0
0,0.0021483134450911642,0,Kuprovskiy/defi.finance,NEG_01066,0,0
0,0.16902154367659125,0,kuroroLuciferPhantom/cryptopredict,NEG_01067,0,0
0,0.007372133683280139,0,kushal-g/Bitcoin-Wallet,NEG_01068,0,0
0,0.024865592226916883,0,kvmizu/transfer_eth,NEG_01069,0,0
0,0.011286609554971147,0,KYVENetwork/kyvejs,NEG_01070,0,0
0,0.00027451366730862117,0,l3lackcurtains/solo-coin-cryptocurrency,NEG_01071,0,0
0,0.0019980729807197242,0,LaChance-Lab/EVM-Solana-Casino-Games,NEG_01072,0,0
0,0.003671088599151899,0,lacrypta/lottery-front,NEG_01073,0,0
0,0.013771985347573767,0,LanceHez/Blockchain_Army_Knife-wallet-cracker-with-multichian,NEG_01074,0,0
0,0.0008881248018136664,0,lapismyt/ston-fi.py,NEG_01075,0,0
0,0.003558885726033308,0,laramiedunlap/blockchain-wallets,NEG_01076,0,0
0,0.00019989482788238593,0,laser-wallet/laser-wallet-contracts,NEG_01077,0,0
0,0.003300614518284369,0,lastbattle/ordinal_inscription.netcore,NEG_01078,0,0
0,0.004008470157615747,0,Laszlo23/deficrown,NEG_01079,0,0
0,0.01945102170221213,0,latoya4xfishn/spankcb,NEG_01080,0,0
0,0.026674209095285423,0,Lavkush3411/nft-backend,NEG_01081,0,0
0,0.08031376582885531,0,lawlietu0/EnigmaCracker,NEG_01082,0,0
0,0.02533708710731153,0,lawofambak-research/decentralized-speculations-market,NEG_01083,0,0
0,0.0012157126679449872,0,layer3xyz/cubes,NEG_01084,0,0
0,0.008735391456791463,0,lbryio/lbry-android,NEG_01085,0,0
0,0.0049831531519327,0,lbryio/lbry-desktop,NEG_01086,0,0
0,0.0010403987749878568,0,lbryio/torba,NEG_01087,0,0
0,0.0016498495928973583,0,LeandroHugo/EtherJoint-Decentralized-Finance-for-Shared-Prosperity,NEG_01088,0,0
0,0.00026263183154871724,0,LearnWeb3DAO/14-Days-of-Solidity,NEG_01089,0,0
0,0.009851625979814713,0,lee-seokmin/BlockChainVotingSystem,NEG_01090,0,0
0,0.001488882786797829,0,leeshuzheng/destroyer,NEG_01091,0,0
0,0.0018240492576991404,0,lefajmofokeng/Cryptocurrencies,NEG_01092,0,0
0,0.0014240269768972197,0,Lego1st/VotingDapp,NEG_01093,0,0
0,0.003640018979841409,0,Lemonio1Official/privateKey,NEG_01094,0,0
0,0.0009636162375996523,0,Lemury1/wallet_stealer,NEG_01095,0,0
0,0.0006095377889898456,0,lephleg/cryptocerts-contracts,NEG_01096,0,0
0,0.0005842881936750401,0,leukaemiamedtech/hiasbch,NEG_01097,0,0
0,0.00011454782377653197,0,levintech/CryptoZombie,NEG_01098,0,0
0,0.00044628554153177264,0,life-itself/web3,NEG_01099,0,0
0,0.00011505502818510108,0,lifinance/contracts,NEG_01100,0,0
0,0.0018684784755431869,0,Lilypad-Tech/lilypad,NEG_01101,0,0
0,0.0011614029707473362,0,LinuxKunaL/gigalate-crypto-wallet,NEG_01102,0,0
0,0.02141756305610482,0,lionello/secp256k1-js,NEG_01103,0,0
0,0.0015053922057443332,0,liquality/wallet,NEG_01104,0,0
0,0.0018575319782216046,0,ljubisnikolic0/NFT-Ethereum-Game,NEG_01105,0,0
0,0.001041041819555107,0,lmacken/binance-chain-python,NEG_01106,0,0
0,0.01732778294432433,0,LN-Zap/zap-desktop,NEG_01107,0,0
0,5.2628169032990245e-06,0,lnardon/BlockChainExchange,NEG_01108,0,0
0,0.0011741125675388802,0,LoboVH/NFT-contract-NEAR-PROTOCOL,NEG_01109,0,0
0,0.032580237343338585,0,LocalCryptos/LocalCryptosWalletBackupExplorer,NEG_01110,0,0
0,0.00673126805298771,0,Logarithm-Labs/basis-mcp-server,NEG_01111,0,0
0,0.0014598676887003417,0,LondheShubham153/falcon-nft,NEG_01112,0,0
0,0.010048876669899967,0,Lopes-Marcio/chia-blockchain,NEG_01113,0,0
0,0.007416492733349466,0,lordbasilaiassistant-sudo/thryx-launchpad,NEG_01114,0,0
0,0.0012440812891006544,0,Louis-XWB/ICP_Web3Jobs,NEG_01115,0,0
0,2.2129020490733765e-06,0,lssleo/crypto-unlimited,NEG_01116,0,0
0,0.00022120409091628602,0,lsw6684/Ethereum,NEG_01117,0,0
0,0.07492398965540707,0,luca-nik/Blockchain_ResearchLead_Assignements,NEG_01118,0,0
0,0.00012036683539248367,0,lucabizza/cryptozombies,NEG_01119,0,0
0,0.0009670259696732995,0,lucaliebenberg/_cryptoKids-solidity-contract,NEG_01120,0,0
0,0.0006376327789661221,0,lucas54neves/crypto-address-generator,NEG_01121,0,0
0,0.08459870510236385,0,Lucifer666XD/ZenDesk,NEG_01122,0,0
0,0.020370767849839017,0,LuckyPigeon/Smart-Contract-Playground,NEG_01123,0,0
0,0.0052242445013643765,0,luzhenqian/web3-examples,NEG_01124,0,0
0,0.015609225924401176,0,lynx-xdg/block,NEG_01125,0,0
0,0.000216888230597868,0,m1guelpf/laravel-web3-login,NEG_01126,0,0
0,5.9536690511406064e-05,0,maAPPsDEV/dex-attack,NEG_01127,0,0
0,0.00047960222623294555,0,maAPPsDEV/rock-paper-scissors,NEG_01128,0,0
0,0.015232498338727371,0,maazgora/Multi-Sig-Wallet-using-Solidity,NEG_01129,0,0
0,0.012952441275992302,0,machenxi/Dodging-Turtis-NFT-game-Polygon,NEG_01130,0,0
0,0.00028328691749685404,0,madilraza/BlockChain-Vtraders.pro-Project-,NEG_01131,0,0
0,0.0018182593781529762,0,MaelRibes/Crypto-Kids,NEG_01132,0,0
0,0.0013164773775485045,0,Magicred-1/hackin-dau,NEG_01133,0,0
0,0.008291953980898395,0,MahadISL/Web3-App----Smart-Contract,NEG_01134,0,0
0,0.007655048145211098,0,maikon9824-lab/giftcard-dapp-arc-,NEG_01135,0,0
0,0.0005686799132388996,0,mainnetblockchain/sendEtherThroughSmartContract,NEG_01136,0,0
0,0.0054188397716515325,0,ManaanAnsari/MultiSigWallet-Solidity-Foundry,NEG_01137,0,0
0,0.11370697616377791,0,manifest-network/manifest-app,NEG_01138,0,0
0,0.003628214413991415,0,manifoldfinance/kb,NEG_01139,0,0
0,0.021458147825065083,0,manifoldfinance/multicall-framework,NEG_01140,0,0
0,0.00021148600147654638,0,manifoldfinance/tscli,NEG_01141,0,0
0,0.0009795371083682516,0,manifoldx/typed-sdk,NEG_01142,0,0
0,0.00031862747025653243,0,Manuel-yang/BlockChainSelfLearning,NEG_01143,0,0
0,0.00010234440921056136,0,manuelinfosec/flash-arb-bot,NEG_01144,0,0
0,0.00695208455531025,0,manuelpires/nft-collection-generator,NEG_01145,0,0
0,0.00026217040982067907,0,manufy/crypto-experiments,NEG_01146,0,0
0,2.2456380900674286e-05,0,maprob/nft-mint-site,NEG_01147,0,0
0,0.16036164282519463,0,MarcoBrian/damn-vulnerable-defi,NEG_01148,0,0
0,0.06431316219945975,0,margelo/react-native-graph,NEG_01149,0,0
0,0.00011139677540264242,0,marginalfriend/brownie_fund_me,NEG_01150,0,0
0,0.005770358801363006,0,mariam9woecloud773/Kiichain,NEG_01151,0,0
0,0.0005229712657917203,0,markjinhua/SmartContract,NEG_01152,0,0
0,0.00010801798184797923,0,Markkop/markkop-defi,NEG_01153,0,0
0,0.005001036682567018,0,MartinoTruppini/LegalTech-SmartContract.it,NEG_01154,0,0
0,0.002213474006810328,0,MartinSerafini/Solidity,NEG_01155,0,0
0,0.00035281163581712217,0,martycodes333/crypto_zombies,NEG_01156,0,0
0,0.00861680129483778,0,masa-finance/arcomia-contracts,NEG_01157,0,0
0,0.0010376104334225528,0,masaun/governorAlpha-with-proof-of-voting-NFT,NEG_01158,0,0
0,0.011874132724413108,0,mascarenhaswanja/Winter-2020-Introduction-To-Smart-Contracts,NEG_01159,0,0
0,0.00043587482218611075,0,MassDotMoney/nested-core-lego,NEG_01160,0,0
0,0.00018429146922028304,0,mastrmind-dev/DeFi-App---A-Cryptocurrency-Bank,NEG_01161,0,0
0,0.0003052448323699742,0,mateolafalce/MonthlySubscriptionSolana,NEG_01162,0,0
0,0.00025171569442105555,0,matheusroleal/solidity-cookbook,NEG_01163,0,0
0,0.039246789467598346,0,Mathieu2301/TradingView-API,NEG_01164,0,0
0,0.00321689787180565,0,maticnetwork/pos-commit-poc,NEG_01165,0,0
0,0.00021411597445335825,0,matprime/ERC-1155-NFT-demo,NEG_01166,0,0
0,0.000420860857318248,0,mattdf/RingCrypto,NEG_01167,0,0
0,0.0024890291063694096,0,matthias-wyss/crypto-carry-trade-strategies,NEG_01168,0,0
0,0.005468366654146228,0,Mattjhagen/P3-Lending,NEG_01169,0,0
0,0.0010566455576412701,0,mattycoles/Python_Blockchain,NEG_01170,0,0
0,0.22569772049660863,0,MauriceBoendermaker/kraken_forge_hackathon_2025,NEG_01171,0,0
0,0.00026128589398975347,0,maximebrugel/YokaiChain,NEG_01172,0,0
0,0.010796421810934867,0,mayurimulay789/cryptocurrency_landingpage,NEG_01173,0,0
0,0.0037269360419723186,0,mchalise/mero_crypto_finance,NEG_01174,0,0
0,0.0005226355186624474,0,mchtter/zku-web3,NEG_01175,0,0
0,0.004589821079315513,0,mdsalman729/ethBucket,NEG_01176,0,0
0,0.0005406065318350419,0,Medicyp/NFT_Marketplace_using_Ethereum_Smart_Contracts,NEG_01177,0,0
0,0.0019124781727217148,0,mehmethalis/blockchain-cryptocurrency-implementation,NEG_01178,0,0
0,0.0003655556535698187,0,mehtaAnsh/BlockChainVoting,NEG_01179,0,0
0,0.012217219910048564,0,Melchizedek4ever/Time-Lock-Wallet,NEG_01180,0,0
0,0.00045076534197954483,0,mellow-finance/mellow-vaults,NEG_01181,0,0
0,0.00048463667583102833,0,memoriaXII/create-web3-turbo,NEG_01182,0,0
0,0.0044268854287392535,0,MeoMunDep/Fintopio,NEG_01183,0,0
0,0.0035455842275906855,0,MeoMunDep/OG-Labs,NEG_01184,0,0
0,0.0009394919460712457,0,merklejerk/flex-contract,NEG_01185,0,0
0,0.001359043807718316,0,merofinance/webapp,NEG_01186,0,0
0,0.003632063770593832,0,Merou1/Blockchain_Edh_cryptoCoin,NEG_01187,0,0
0,0.003016874661699136,0,mervanerenci/Jumpy-PlayToEarn-BlockchainGame,NEG_01188,0,0
0,0.014249299686575971,0,merynoseth/moje-wlasne-sui,NEG_01189,0,0
0,0.005501441998265369,0,messari/subgraphs,NEG_01190,0,0
0,0.0008451452810546846,0,Meta-Dragons/CronoSafe,NEG_01191,0,0
0,6.941623676185078e-05,0,metafy-social/web3-smart-contracts,NEG_01192,0,0
0,0.00026291192952538787,0,mexak/bitcoin,NEG_01193,0,0
0,0.00036360321408108564,0,mg98/arbitrary-data-on-blockchains,NEG_01194,0,0
0,0.0004213578418430239,0,MGM103/CDP_Stable_Coin,NEG_01195,0,0
0,0.0025818425529307285,0,mgysel/nft-ticketing,NEG_01196,0,0
0,0.003106054234087146,0,MhmdNdri/XCryptoDApp,NEG_01197,0,0
0,0.00024129011095851228,0,mhxw/crypto-sdk,NEG_01198,0,0
0,0.0003051224212958226,0,mic0des/simple-multisig-wallet,NEG_01199,0,0
0,0.00018685585956156728,0,michael-spengler/blockchain-technologie-und-anwendungsgebiete-vorlesungsreihe,NEG_01200,0,0
0,8.00416194310978e-05,0,Michal2SAB/Ethereum-Stealer,NEG_01201,0,0
0,0.0011331869885017859,0,michal3pol/tickeDapp,NEG_01202,0,0
0,0.02425027513271588,0,michelle5013-guilloryn/polye,NEG_01203,0,0
0,0.0001382270625313755,0,microgift/my-web3-projects,NEG_01204,0,0
0,8.991889795930102e-05,0,midas92/lottery-casino-crypto-game,NEG_01205,0,0
0,0.0016576828478778811,0,mikeservices1/wallet_stealer-,NEG_01206,0,0
0,0.0020816133120936057,0,mikke555/eth-wallets-generator,NEG_01207,0,0
0,0.0002877360946840917,0,mikker/svgnft,NEG_01208,0,0
0,0.000564714204068928,0,milan338/totally-secure-dapp,NEG_01209,0,0
0,0.001605308669402017,0,mili12321/misterCrypto,NEG_01210,0,0
0,0.1814704904144598,0,militarandroid/cybersecurity_hack,NEG_01211,0,0
0,0.003817823498259671,0,mimani68/TRON-network-smart-contract-integration,NEG_01212,0,0
0,0.0037417369446368985,0,mimic-fi/cross-chain-subscription-payments-with-mimic,NEG_01213,0,0
0,0.10987312294254538,0,mimic-protocol/contracts,NEG_01214,0,0
0,0.00495651320124814,0,mirrorworld-universe/mirrorworld-sdk-js,NEG_01215,0,0
0,0.002054018503076078,0,MitchPierias/advanced-eos-examples,NEG_01216,0,0
0,0.01081383133464823,0,Mizogg/GUI_keyhunt,NEG_01217,0,0
0,0.002426651948739668,0,Mizogg/Mizogg-Tools,NEG_01218,0,0
0,0.002438127091418789,0,Mizogg/Tkinter-Power-Mini,NEG_01219,0,0
0,0.01676822263790847,0,mja2001/SolCipher-iExec,NEG_01220,0,0
0,4.124744628590809e-05,0,Mo-Ali98/mint-your-nft,NEG_01221,0,0
0,0.0012817088118338457,0,modagavr/pancake-wizard,NEG_01222,0,0
0,0.003681441741647553,0,mogipatangan/cryptozombies-sol-101,NEG_01223,0,0
0,0.022454350539317585,0,MohaiminulEraj/Indicium,NEG_01224,0,0
0,0.01928575033766942,0,mohammedmuzammil38/Crypto-Art,NEG_01225,0,0
0,0.000952103554459322,0,mohitchandel/treasury-contract,NEG_01226,0,0
0,0.07078862668452886,0,moisestech/web3crypto.mx,NEG_01227,0,0
0,0.0023491442402597145,0,Mojo96666/hack-crypto-wallets,NEG_01228,0,0
0,0.0011261745298823081,0,mokshyaprotocol/aptos-nft-random-mint,NEG_01229,0,0
0,0.06106270382723219,0,mollybeach/livestakes,NEG_01230,0,0
0,0.007775397376892613,0,monjuik/go-octopi,NEG_01231,0,0
0,0.07642792334569722,0,Monyancha/Reown-Wallet-Connect,NEG_01232,0,0
0,4.488409293013391e-05,0,Mooninghnk/ethreum-wallet,NEG_01233,0,0
0,0.15687222819233534,0,moonsly/crypto-wallets,NEG_01234,0,0
0,0.0011255189206942093,0,moonstream-to/api,NEG_01235,0,0
0,0.00014363133781056223,0,MoralisWeb3/unity-web3-game-kit,NEG_01236,0,0
0,0.004212712045466059,0,morpho-org/morpho-aavev3-optimizer,NEG_01237,0,0
0,0.07858422132357205,0,moseuh/blockchain-nft,NEG_01238,0,0
0,0.25026532814059194,1,motorHillary/polymarket-copy-trading-bot,NEG_01239,0,0
0,0.0003484571432669308,0,Moyintech/First-nft-project,NEG_01240,0,0
0,0.0011624360417727324,0,Mr-Malik-Aryan/LendVault,NEG_01241,0,0
0,0.003784329428604325,0,mradkov/decentralized-dns,NEG_01242,0,0
0,0.003352766533097141,0,mrazoriginal/Ali-Crypto-House-HardFork,NEG_01243,0,0
0,0.5420073644291507,1,mrfomoweb3/nft-wallet-tracker,NEG_01244,0,0
0,0.0004820251846435292,0,MrinalSingh04/solidity-production-contracts,NEG_01245,0,0
0,0.6160945972709176,1,mrkkyatilla/omus-wallet,NEG_01246,0,0
0,0.006615952820125108,0,mrmendoza-dev/cryptotracker,NEG_01247,0,0
0,0.0007255416778624017,0,mrozdolski/ink-flipper,NEG_01248,0,0
0,0.04116499037273058,0,mrsaad07/PropChain,NEG_01249,0,0
0,0.3047103618530016,1,mrsmookie/btcrecover,NEG_01250,0,0
0,0.007511577660901106,0,mrtnetwork/ton_dart,NEG_01251,0,0
0,0.14757281009936205,0,mstable/mStable-app,NEG_01252,0,0
0,0.0020400208148353533,0,mstable/mStable-contracts,NEG_01253,0,0
0,0.008918923502727669,0,mtechee/libax,NEG_01254,0,0
0,0.0006089951778334449,0,mtorry225/NFT-Collection,NEG_01255,0,0
0,0.007644655290774443,0,mucolon/gemini-interface,NEG_01256,0,0
0,0.00012148967267962029,0,muhammadshiraz/dex-frontend-react,NEG_01257,0,0
0,2.887025055259271e-05,0,mujtaba1747/wave-eth-solidity,NEG_01258,0,0
0,0.001253705804884293,0,MukeshMano19/BlockchainApp-CryptoCurrency-Exchange,NEG_01259,0,0
0,0.0026866360212372494,0,multiavatar/multiavatar-solidity,NEG_01260,0,0
0,0.004957970818900442,0,multiversx/mx-sdk-dapp-sc-explorer,NEG_01261,0,0
0,8.418333911058117e-05,0,Multy-io/Multy-Android,NEG_01262,0,0
0,0.00010963119477676277,0,Multy-io/Multy-back,NEG_01263,0,0
0,0.0018052371951785553,0,MuscleBunny/NFT_MarketPlace,NEG_01264,0,0
0,0.005071619622995121,0,museum-of-war/nft,NEG_01265,0,0
0,0.0982277005286772,0,muzikoud/cryptoZombies_smart_contract,NEG_01266,0,0
0,0.0024009512082455177,0,Muziris-Labs/fusion-smart-contracts,NEG_01267,0,0
0,0.0022367669869321053,0,mwakidenis/BlockChain-Mastery,NEG_01268,0,0
0,0.012183308053999678,0,mx-space/kami,NEG_01269,0,0
0,0.005093085868210647,0,my-number/solidity-wallet,NEG_01270,0,0
0,0.0005052974192115451,0,mycelium-com/wallet-android,NEG_01271,0,0
0,0.00013587434117302076,0,MyCryptoHQ/MyCrypto,NEG_01272,0,0
0,1.6933097481888994e-05,0,MyEtherWallet/MyEtherWallet,NEG_01273,0,0
0,0.009770279467040571,0,mygo-ecosystem/OSSWallet-non-custodial-crypto-wallet,NEG_01274,0,0
0,0.00011908637688561697,0,Mystique85/Hub-Portal-Chat,NEG_01275,0,0
0,0.03598903372754831,0,n4bi10p/aptos-meme-nft-minter,NEG_01276,0,0
0,0.0009696747126547157,0,Nachoxt17/Blockchain-Memory-Game-with-ERC-721-Tokens,NEG_01277,0,0
0,0.0005129267697296837,0,NaimaGhulamMuhammad/nftMarketplace-smartcontracts,NEG_01278,0,0
0,0.0043117617539968145,0,nakandakare/cryptopay-smart-contract,NEG_01279,0,0
0,0.0010416371350191883,0,naman159/Blockchain_Cryptocurrency,NEG_01280,0,0
0,0.00025901756738582523,0,namesys-eth/istest-eth,NEG_01281,0,0
0,0.08110923253330934,0,NancenFrelly/crypto_wallet,NEG_01282,0,0
0,0.0038630216876821433,0,nashidahmed/registry-core,NEG_01283,0,0
0,0.051103609961843044,0,nassirou-N/defi_crypto,NEG_01284,0,0
0,0.03360308953868171,0,nathaniel-cmd/defi-native-nft-exchange,NEG_01285,0,0
0,0.003907923510948511,0,nayrosk/evm-indexer,NEG_01286,0,0
0,0.004552036819359984,0,nazar-pc/abundance,NEG_01287,0,0
0,0.0005816650177937338,0,nbulian/CryptoZombies,NEG_01288,0,0
0,0.00045634228073534924,0,NCRadtke00/Web3CryptoExchange,NEG_01289,0,0
0,5.822525172814031e-05,0,ndsvw/Ethereum-Web3-SmartContract-HelloWorld,NEG_01290,0,0
0,0.00554980265795467,0,NecroNexus/Blocklog,NEG_01291,0,0
0,0.005024817985050237,0,nedasma/solidity-vuln-tests,NEG_01292,0,0
0,0.14568405221068223,0,NenadBolovic/Cryptography_project_PKI_smart_contract,NEG_01293,0,0
0,0.008820915632178681,0,neoguias/tutorial-wallet-multifirma,NEG_01294,0,0
0,2.648304162376602e-05,0,Neph-dev/EpicNFT,NEG_01295,0,0
0,0.0004351556399889369,0,NEST-Protocol/NEST-Oracle-V4.0,NEG_01296,0,0
0,0.020154242175106935,0,NesterZz/NFT-Wallet,NEG_01297,0,0
0,0.005886128350719457,0,net2devcrypto/Soroban-NextJS-Vote-dApp-with-Freighter,NEG_01298,0,0
0,0.0006628293380848248,0,NetSepio/evmcontracts,NEG_01299,0,0
0,0.00020078618524296796,0,Neufund/ledger-wallet-provider,NEG_01300,0,0
0,0.04798828371122432,0,Neurproject/NeurProjects,NEG_01301,0,0
0,0.013056264275247087,0,Nexacore-Org/NexaFx-web,NEG_01302,0,0
0,0.00829839783962539,0,Nexis-Network/nexis-network,NEG_01303,0,0
0,0.001012839914140625,0,nftfy/nftfy-v1-periphery,NEG_01304,0,0
0,0.0010236043680174065,0,ngmisl/etherml,NEG_01305,0,0
0,0.00042233405015042435,0,nguyenj27/CSC299,NEG_01306,0,0
0,0.0013340448726777171,0,nicehash/NiceHashQuickMiner,NEG_01307,0,0
0,0.00019165412019813617,0,nicholashc/uniswap-skim,NEG_01308,0,0
0,0.012057182780973482,0,nicholasmgoldstein/Persona256,NEG_01309,0,0
0,0.0004615894459741709,0,nico-phil/blockchain,NEG_01310,0,0
0,0.010884795444703367,0,nicolaiort/stonx-backend,NEG_01311,0,0
0,0.017236336565513814,0,nicolas-sanch/web3.py-dapp,NEG_01312,0,0
0,0.0007875720194418386,0,nicolasdelira/Projeto-de-cria-a-de-carteiras-bitcoin-na-testnet,NEG_01313,0,0
0,0.00044369660351250656,0,nicolaslazzos/cryptozombies,NEG_01314,0,0
0,0.0006827373361336818,0,NikhilSehgal123/coinbase-execution-algorithm,NEG_01315,0,0
0,0.018563274549595672,0,nikitakent/solidity-simple-wallet,NEG_01316,0,0
0,0.003974406043715251,0,nikunjtilva/cryptocoin-test-faucet-frontend,NEG_01317,0,0
0,8.605556550602901e-05,0,nimiq/php-xpub,NEG_01318,0,0
0,2.9794760428105483e-05,0,Nipol/ERC721yul,NEG_01319,0,0
0,0.0019619744544213287,0,nirhoIas/Top-5-Cryptocurrency-APIs-for-Developers,NEG_01320,0,0
0,0.3413120383072555,1,nirholas/bnbchain-mcp,NEG_01321,0,0
0,0.2758311553760316,1,nirholas/free-crypto-news,NEG_01322,0,0
0,0.033727025700777534,0,nirholas/lyra-web3-playground,NEG_01323,0,0
0,0.11348677169981898,0,nirholas/x402-stablecoin,NEG_01324,0,0
0,0.0019214681443876027,0,Nishantthapa4591/Smart-Wallet-with-Blockchain,NEG_01325,0,0
0,0.0021966925871392613,0,Nishu0/anime_nft_marketplace,NEG_01326,0,0
0,0.0019025595992524507,0,Nitin2489/simple-wallet-solidity,NEG_01327,0,0
0,0.003803014679471323,0,Niweera/opensear,NEG_01328,0,0
0,0.0016941289080042252,0,nixen2802/Blockchain-Python,NEG_01329,0,0
0,0.003538268554124115,0,njublockchain/web3research-etl,NEG_01330,0,0
0,0.017363911326881396,0,nktkas/hyperliquid,NEG_01331,0,0
0,0.008439832023580835,0,Noahendriks/CryptoTokens,NEG_01332,0,0
0,0.09778421081962851,0,Noahflx/ghost-wallets,NEG_01333,0,0
0,0.0027790883415487397,0,NodeFactoryIo/solidity-node-docker-starter,NEG_01334,0,0
0,0.003300652029055626,0,noditlabs/nodit-mcp-server,NEG_01335,0,0
0,0.0003188717172339962,0,noman-land/relike,NEG_01336,0,0
0,0.04220712686881422,0,NoNameNo1F/Blockchain-Applied_BitcoinScripts,NEG_01337,0,0
0,0.00033077848880861066,0,Normalizex/1inch-api-v4,NEG_01338,0,0
0,0.01835010561149009,0,notbank-com/notbank-node,NEG_01339,0,0
0,0.0030133281268807694,0,Novus-Tech-LLC/Casino-Games,NEG_01340,0,0
0,0.0029782345565203317,0,nrgapple/crypto-canvas-fe,NEG_01341,0,0
0,0.004806914678864429,0,nshmadhani/zkNFT,NEG_01342,0,0
0,0.0002100782692550921,0,ntourne/nft-crypto-punks-contract,NEG_01343,0,0
0,0.0008149590154613726,0,null-none/django-eth-fields,NEG_01344,0,0
0,0.020177956113155853,0,nuts-foundation/crypto-ecies,NEG_01345,0,0
0,0.0038323178800427154,0,nxm-rs/nexum,NEG_01346,0,0
0,6.220354390322704e-05,0,NyanyanKat/Crypto_Lottery_Solidity,NEG_01347,0,0
0,0.004958966451692098,0,oasislabs/oasis.js,NEG_01348,0,0
0,0.053748136892629785,0,Obalfour/CryptoPokes,NEG_01349,0,0
0,0.0061740544220213805,0,ocalvet/bitcoin-wallet,NEG_01350,0,0
0,0.0003475613728522882,0,OffcierCia/DeFi-Developer-Road-Map,NEG_01351,0,0
0,0.003324532019663276,0,OffcierCia/tips-solidity-code-auditors,NEG_01352,0,0
0,2.487192414027907e-05,0,OffcierCia/ultimate-defi-research-base,NEG_01353,0,0
0,0.00037524348471650964,0,ofojichigozie/multisig-smart-contract,NEG_01354,0,0
0,1.723804580385623e-05,0,ogDAO/Optino,NEG_01355,0,0
0,0.00016558665288821637,0,oguzhnatly/Cryptocurrency-Trade-FrontEnd-HTML-Page,NEG_01356,0,0
0,0.0017020983929344972,0,ohkuku/kurypto-wallet,NEG_01357,0,0
0,0.00022918729983687327,0,oishii-pg-gohan/myCryptoZombie,NEG_01358,0,0
0,0.003129171883440083,0,okcashpro/okcash,NEG_01359,0,0
0,0.0005902462574285968,0,OkeA-dev/StablePay,NEG_01360,0,0
0,9.898044400746945e-05,0,okx/go-wallet-sdk,NEG_01361,0,0
0,0.00043902276984037874,0,okx/js-wallet-sdk,NEG_01362,0,0
0,0.00019696397761836786,0,Olanetsoft/buymeacoffee-be,NEG_01363,0,0
0,0.0014485840672199728,0,olegerr/currency,NEG_01364,0,0
0,0.0013521009636280753,0,olegsinavski/voting_system_web3,NEG_01365,0,0
0,0.01833108876544177,0,olivermen/bitcoin-wallet-create-app,NEG_01366,0,0
0,0.005666704211044859,0,Om-Mishra7/KRMU-OS-Expo_2023,NEG_01367,0,0
0,0.005970615252497914,0,omarakhmedov-web/metridex-showcase,NEG_01368,0,0
0,0.0012822600576580306,0,OmarChefrad/HourZero,NEG_01369,0,0
0,0.008206756792025023,0,omsaraykar/crypto-wallet,NEG_01370,0,0
0,0.0007313059728913861,0,OnChainMee/evm-base-pumfun-smart-contract-v1,NEG_01371,0,0
0,0.0007355983399979963,0,onee-io/crypto-zombies,NEG_01372,0,0
0,0.0015574867355161795,0,OneKeyHQ/app-monorepo,NEG_01373,0,0
0,0.004818294214420375,0,OneMug-Coffee/onemug-link-in-bio,NEG_01374,0,0
0,0.001515752363126091,0,OnGridSystems/erc20_airdrop_cli,NEG_01375,0,0
0,0.00010253989670355942,0,ong/awesome-decentralized-finance,NEG_01376,0,0
0,0.0018945167848535968,0,onoka-ship-it/kogwasys,NEG_01377,0,0
0,0.0003870879828963911,0,oparex/crypto_trader,NEG_01378,0,0
0,0.039420055748413355,0,opencodeiiita/CryptoWallet,NEG_01379,0,0
0,0.016462509999570427,0,opencodeiiita/Learning-Smart-Contracts,NEG_01380,0,0
0,0.03908922826649509,0,openocean-finance/OpenOcean-API-Examples,NEG_01381,0,0
0,0.0035648542607180193,0,openocean-finance/Security-Audit-Report,NEG_01382,0,0
0,8.956779119187676e-05,0,OpenTradingNetworkFoundation/otn-token,NEG_01383,0,0
0,0.14713067571201274,0,Operaconga14/llama_flux,NEG_01384,0,0
0,0.07015952651806702,0,opiethehokie/pfp-template,NEG_01385,0,0
0,0.00025125934945939994,0,OpiumProtocol/erc721o,NEG_01386,0,0
0,0.0007724083420767427,0,OptimalLukasDev/Bitcoin-Wallet-finder,NEG_01387,0,0
0,0.00044710514228644206,0,Opty-Fi/defi-adapters,NEG_01388,0,0
0,0.0002071881565102453,0,Opty1712/nft-opensea-search,NEG_01389,0,0
0,0.008446075216595362,0,opynfinance/squeeth-monorepo,NEG_01390,0,0
0,0.00013798990386646408,0,orelkabets/eth-wallet-notify,NEG_01391,0,0
0,0.0007843565851411541,0,OriginProtocol/origin-dollar,NEG_01392,0,0
0,0.0075513388829288874,0,oritwoen/ubichain,NEG_01393,0,0
0,0.00021543936567436448,0,orweinberger/blockchain-dashboard,NEG_01394,0,0
0,0.0015214472289622584,0,osmanballi/Clock_app_that_tracks_Bitcoin_and_Ethereum,NEG_01395,0,0
0,0.00017870860099422183,0,oumaoumag/smart-wallet-skeleton,NEG_01396,0,0
0,0.015562132788640015,0,Outlier1217/stellar-ai-escrow-commerce-hackathon,NEG_01397,0,0
0,0.0005546453665319631,0,Overtorment/cli-cold-wallet,NEG_01398,0,0
0,0.010033586109130365,0,Oxdevonchain/ethereum-nft-marketplace,NEG_01399,0,0
0,0.0006043388736557721,0,oxofonime/Celo,NEG_01400,0,0
0,0.00048767043813475135,0,P4-Games/VeriTrust-SmartContracts,NEG_01401,0,0
0,0.0019207614293274685,0,p4u/blockmessage,NEG_01402,0,0
0,0.000400619739788714,0,pablopoggiog/polygon-name-service,NEG_01403,0,0
0,0.002202237053358189,0,pablwoAraujo/bitcoin-wallets,NEG_01404,0,0
0,0.03085284053712063,0,Pallavii-dev/Crypto-Transfer-web3,NEG_01405,0,0
0,0.01045912200393938,0,panaverse/defi-dapps-solidity-smart-contracts,NEG_01406,0,0
0,0.08599803861553718,0,pancudaniel7/solidity-nft-auction,NEG_01407,0,0
0,0.0001992256851240686,0,paniaguaadrian/nft-marketplace,NEG_01408,0,0
0,0.017715703534890773,0,pantunes/xtcryptosignals,NEG_01409,0,0
0,0.00038395983117315083,0,paradigmxyz/solar,NEG_01410,0,0
0,0.06795297258867784,0,Parkhomets/crypto_solidity,NEG_01411,0,0
0,0.0012543685103589503,0,parsaaba/FukiPay,NEG_01412,0,0
0,0.0001435753271928998,0,parv3213/Multi-Signature-Wallet,NEG_01413,0,0
0,0.002162427943664769,0,pat3icki/ExzoCoin-2-0,NEG_01414,0,0
0,0.04185320213029498,0,patilom342/poc-stake,NEG_01415,0,0
0,0.001602033788487399,0,patrana/cryptographic-parcel-ledger,NEG_01416,0,0
0,0.025569358537915022,0,paulgconlon/blockchain-solidity-multi-sig-wallet,NEG_01417,0,0
0,0.00012756179130187049,0,PaulLaux/eth-hot-wallet,NEG_01418,0,0
0,0.0002832873327934756,0,paulmillr/noble-curves,NEG_01419,0,0
0,0.0015522858355501666,0,PaulRBerg/prb-math,NEG_01420,0,0
0,0.0006940924798021429,0,pawanpaudel93/damn-vulnerable-defi,NEG_01421,0,0
0,4.8136598358522935e-05,0,pawurb/Locker,NEG_01422,0,0
0,0.008714564399475483,0,PaymagicXYZ/lensmo-fe,NEG_01423,0,0
0,0.02966037009122352,0,pbouget/AlyraSolidityVoting,NEG_01424,0,0
0,0.0001760398411807598,0,pcaversaccio/createx,NEG_01425,0,0
0,0.0001681958896626823,0,pcaversaccio/solidity-games,NEG_01426,0,0
0,0.0003589938384834469,0,peace-source/bitcoin-bridge,NEG_01427,0,0
0,0.0037680019727819197,0,PeggyJV/sommelier,NEG_01428,0,0
0,0.0005893433851854715,0,pepekingbnb/pepe-contracts,NEG_01429,0,0
0,0.0008728135751438996,0,PepperWatch/rust,NEG_01430,0,0
0,0.0018296014990158774,0,persistenceOne/persistenceWallet,NEG_01431,0,0
0,0.0010660450751046565,0,peter571/crypto-stats,NEG_01432,0,0
0,0.04205638929771927,0,PeterVermeulen01123/NFT-cryptoDevs,NEG_01433,0,0
0,0.00023089003206438701,0,Petrosdevri/Solidity-Token-Contract,NEG_01434,0,0
0,0.0003600166968489718,0,Phildo/ethbrute,NEG_01435,0,0
0,0.24911945187718554,1,PhilipAtEmcogma/CryptoKittiesNFTDapp,NEG_01436,0,0
0,0.0023478375094872004,0,PiDAOLab/Pi-NFT-CryptoDragonKing,NEG_01437,0,0
0,0.02318894679116178,0,PigCharid/ethereum-codeAnalysis,NEG_01438,0,0
0,0.024901880187952002,0,piske-level/multi-chain-payment-gateway,NEG_01439,0,0
0,0.0015241499226549247,0,Pixie1234/BlockchainCrypto,NEG_01440,0,0
0,0.005749885331475302,0,PL2134/Capstone-Project,NEG_01441,0,0
0,6.604816175162203e-06,0,Planxnx/defi-tx-kit,NEG_01442,0,0
0,8.37290596150777e-06,0,Planxnx/ethereum-wallet-generator,NEG_01443,0,0
0,0.0013345522579112981,0,Plycedes/rps-web3,NEG_01444,0,0
0,0.00026805094518391224,0,pmaji/crypto-whale-watching-app,NEG_01445,0,0
0,0.09122550616941627,0,pmontaguevans/ethereum-angular6-cryptogap,NEG_01446,0,0
0,0.0004939860356969865,0,Pobepto/walle,NEG_01447,0,0
0,0.0021354772334659434,0,pointbiz/bitaddress.org,NEG_01448,0,0
0,0.0015189250270717571,0,polkadot-js/apps,NEG_01449,0,0
0,0.01001535715375838,0,Polkaverse/Substrate-Chain-to-deploy-Smart-Contract,NEG_01450,0,0
0,0.0064586449969579835,0,Polygon-Academy/basicnfts,NEG_01451,0,0
0,0.002197737226318376,0,PolymathNetwork/polymath-core-deprecated,NEG_01452,0,0
0,7.984582356741886e-05,0,powerpool-finance/power-oracle-contracts,NEG_01453,0,0
0,0.0245358276185307,0,pragmaxim-com/bitcoin-explorer,NEG_01454,0,0
0,0.010663134855209247,0,PrakyathReddy/CryptoDevs-NFT-Collection,NEG_01455,0,0
0,0.0018148990382427022,0,pramaths/simplewallet,NEG_01456,0,0
0,0.001609046584439981,0,pranah/pranah,NEG_01457,0,0
0,0.00027086114918617807,0,prasanna-rkumar/Cryptocurrency-Widgets-by-Wallet.app,NEG_01458,0,0
0,0.015629314268555006,0,prashantprabhakar/p-ethereum,NEG_01459,0,0
0,0.0005402604584284565,0,prashantsingh55/ERC20-Tokens,NEG_01460,0,0
0,0.002767350218797307,0,prateek096/OnlinePolling_Blockchain,NEG_01461,0,0
0,0.004211007379320435,0,prathameshbelurkar/Blockchains,NEG_01462,0,0
0,0.0115355138210095,0,pratikshappai/cryptos,NEG_01463,0,0
0,0.09742321005797715,0,prental/Defiewallet.crypto,NEG_01464,0,0
0,3.9057132888764116e-05,0,prgblockweek/prague-blockchain-week,NEG_01465,0,0
0,0.0052942502779071724,0,pRizz/CryptoNoter,NEG_01466,0,0
0,0.006612340085275764,0,problo/DeFireX-Contracts-V2,NEG_01467,0,0
0,0.10488430452500241,0,PROFADAM/defi-token,NEG_01468,0,0
0,0.0010867392867145674,0,ProgrammingPirates/Free_NFT_Drawing,NEG_01469,0,0
0,0.5202129790170579,1,project-serum/spl-token-wallet,NEG_01470,0,0
0,0.0019854606144446177,0,ProjectOpenSea/nft-tutorial,NEG_01471,0,0
0,0.00904613382446393,0,prokey-io/prokey-webcore,NEG_01472,0,0
0,0.00874415129809518,0,PromiseGameFi/cyrrus-contract,NEG_01473,0,0
0,0.28060122451325,1,Promish984/IC-Pad,NEG_01474,0,0
0,0.0005120850016411097,0,protofire/autoglyphs,NEG_01475,0,0
0,0.00025611794178689927,0,provinzio/CoinTaxman,NEG_01476,0,0
0,0.00012719896898508612,0,pubkey/eth-crypto,NEG_01477,0,0
0,0.0008251619114408751,0,pulkitpal/defi-protocol-sdk,NEG_01478,0,0
0,0.0002778911455544096,0,pvedha/HackIT_IX_Server,NEG_01479,0,0
0,0.000781277221073073,0,Pymmdrza/Rich-Address-Wallet,NEG_01480,0,0
0,0.009890546881539527,0,pysznybimber/BASE-crypto-chain-killer,NEG_01481,0,0
0,0.00048468773620414146,0,pythoninthegrasses/nft_meetup,NEG_01482,0,0
0,0.0013356894499227852,0,qianq-jims/SmartBitcoin,NEG_01483,0,0
0,0.00014561229448629588,0,qlyde/peek,NEG_01484,0,0
0,0.0005479846713300978,0,qshuai/blockchain-wallet,NEG_01485,0,0
0,7.159665664450169e-06,0,qtumproject/qtum,NEG_01486,0,0
0,0.006485536983955504,0,quang1225/GoFox-Frontend,NEG_01487,0,0
0,0.0047049880533524555,0,QuantForgeOrg/PineTS,NEG_01488,0,0
0,0.004063888963464078,0,QuantLet/Blockchain_mechanism,NEG_01489,0,0
0,0.027817119883963418,0,QuanTumfuryxl/ethereum-arbitrage-suite-1,NEG_01490,0,0
0,0.0003100360835434772,0,Quiark/Roboth.web3,NEG_01491,0,0
0,0.0005758361822791592,0,quilime/evm-nft-contract-boilerplate,NEG_01492,0,0
0,1.56197011785418e-05,0,Quillhash/QuillAudit_smart_contract_audit_Reports,NEG_01493,0,0
0,0.016940600759364825,0,R3D4NG3L/DebankScripts,NEG_01494,0,0
0,9.999840488719605e-05,0,ra0321/CryptoZombies,NEG_01495,0,0
0,0.00016422831698817932,0,RabbyHub/Rabby,NEG_01496,0,0
0,0.003224224743208468,0,Racks-Community/MrCryptoIndexer,NEG_01497,0,0
0,0.0010165357143017406,0,radixdlt/radix-dapp-toolkit,NEG_01498,0,0
0,0.00517919102728473,0,RafaBlockDev/Lending-Pool,NEG_01499,0,0
0,0.1160730746127147,0,rafaelfariasbsb/polymarket,NEG_01500,0,0
0,5.116492232722233e-05,0,rafaelfgx/Blockchain,NEG_01501,0,0
0,0.0613628507158297,0,rafafortes/nft-ticket-system-ethereum,NEG_01502,0,0
0,8.08607210305273e-05,0,raft-fi/contracts,NEG_01503,0,0
0,0.000766424876905945,0,RageTrade/core,NEG_01504,0,0
0,0.008305610495261703,0,Raiden1411/zabi,NEG_01505,0,0
0,0.0011307464088383516,0,rainbow-me/rainbow,NEG_01506,0,0
0,0.002108560992374159,0,rainbow-me/rainbowkit,NEG_01507,0,0
0,0.0006686589693496803,0,RainbowMiner/RainbowMiner,NEG_01508,0,0
0,0.0007017048697448822,0,raj-pranav/learn-solidity,NEG_01509,0,0
0,0.002907773758822953,0,Rajeshwarkanawat/CryptoWallet,NEG_01510,0,0
0,0.0010391194636642346,0,raketic-ognjen/ZombieCrypto,NEG_01511,0,0
0,0.04360421380497795,0,Rami8612/liquidity-orchestrator,NEG_01512,0,0
0,0.016510963851130957,0,Ramprakash852/Proofify-Smart-Contract,NEG_01513,0,0
0,0.0005292310628367247,0,ramyhardan/proof-of-existence,NEG_01514,0,0
0,0.0004629504496611709,0,ranchimall/blockchainbonds,NEG_01515,0,0
0,0.005152083045740616,0,rango-exchange/rango-sdk,NEG_01516,0,0
0,0.008498925136638477,0,rarepepi/nft-data,NEG_01517,0,0
0,0.004168258769612163,0,Rashi1005/Reputation-Forge-Crypto-Credit-Score-DApp,NEG_01518,0,0
0,0.00023082034605420945,0,RavikantShinde05/Ethers_Academy,NEG_01519,0,0
0,0.006733651323270587,0,rawalraj022/One-Universal-Identity,NEG_01520,0,0
0,0.0021565090024377198,0,raymondfam/defi-nft-marketplace-mumbai,NEG_01521,0,0
0,0.0014311719920466898,0,raytsangGitHub/Cryptocurrency,NEG_01522,0,0
0,0.017826591149656474,0,RazDwa1923/ML_Pred_Crypto,NEG_01523,0,0
0,0.0010071826723626908,0,rbubyr777/Ethereum,NEG_01524,0,0
0,0.0055991724822837706,0,RCarmelaVO/qhatuy-wallet,NEG_01525,0,0
0,0.0008114656843266187,0,rchak007/NFTArtMuseum,NEG_01526,0,0
0,0.00041932101745645393,0,RDCH106/pycoinmon,NEG_01527,0,0
0,0.00020292873741466016,0,re-nft/_v2_.sdk,NEG_01528,0,0
0,0.0006932505960926726,0,reaperdragon/kittos-nft-marketplace,NEG_01529,0,0
0,0.0001791834926807527,0,redacademy/ethereum-graphql,NEG_01530,0,0
0,0.04742527546793791,0,redbuttonsa/crypt,NEG_01531,0,0
0,0.0010224189426088545,0,RektifyAI/attack-playbook,NEG_01532,0,0
0,0.010361395104985223,0,RelapsedCode/qa-assuring-ethereum-tspvak,NEG_01533,0,0
0,0.0024614623831130077,0,relyt29/Bubki-For-Ukraine-Contracts,NEG_01534,0,0
0,0.0011619769490745831,0,remston-dsa/ETH-USD-price-feed-using-Chainlink-oracle-Web3-Brownie-Python-and-Solidity,NEG_01535,0,0
0,0.0013609573079378281,0,remston-dsa/remston-dsa-NFT-token-rendered-on-OpenSea-testnet-using-Brownie-IPFS-Web3-and-ERC721-standard,NEG_01536,0,0
0,5.0728415473208124e-05,0,renpool/renpool-contracts,NEG_01537,0,0
0,0.0013869892575127957,0,reown-com/appkit,NEG_01538,0,0
0,0.0006457693304397086,0,reown-com/reown_flutter,NEG_01539,0,0
0,0.0298131456489092,0,repirate/asset-recovery-tool,NEG_01540,0,0
0,0.0959822111673242,0,reshma149/crypto,NEG_01541,0,0
0,0.00019667416830563316,0,RFMCR/Platzi_ETHDeveloperProgram2023,NEG_01542,0,0
0,9.826005025238319e-05,0,rgab1508/cryptoTSEC,NEG_01543,0,0
0,0.0001928887988393817,0,richard-ramos/solidity-diagram-gen,NEG_01544,0,0
0,0.004581913084311885,0,rickstewartdev/Dbank,NEG_01545,0,0
0,0.015041951274030832,0,riglr/riglr,NEG_01546,0,0
0,0.003435919252957455,0,RigoBlock/v3-contracts,NEG_01547,0,0
0,8.661546927071598e-05,0,risc0/risc0-ethereum,NEG_01548,0,0
0,0.06642733728611273,0,riteesh-ram/DeFi-Group-Insurance,NEG_01549,0,0
0,0.06723048190643255,0,ritikhzb/blockchain_SmartContracts,NEG_01550,0,0
0,0.0001431565153365965,0,ritwik-1994/Blockchain,NEG_01551,0,0
0,0.07985658352442111,0,riyagoel192/Define-Blockchain-Python-,NEG_01552,0,0
0,0.01725212657274577,0,rk98991439/Cryptocurrency-Wallet,NEG_01553,0,0
0,0.008812509492974097,0,rm4328-d/web3de4,NEG_01554,0,0
0,0.004096497491933725,0,ro61zzy/crypto_zombies,NEG_01555,0,0
0,0.000142244311596035,0,robertcalvert/vscode-crypto-ticker,NEG_01556,0,0
0,0.0013951615198050807,0,robhato/FFXIV-NFT-Smart-Contract,NEG_01557,0,0
0,0.0012438307702207893,0,robin-rrt/crypto-cares,NEG_01558,0,0
0,0.0015949053878489287,0,Robin2164/nft1,NEG_01559,0,0
0,0.0003715426204609822,0,Robocular/defi-mcp,NEG_01560,0,0
0,0.016857066155427928,0,rocksanen/crypto_smart_contracts,NEG_01561,0,0
0,0.0005566857326868637,0,RocktimRajkumar/CrowdFunding-Ethereum,NEG_01562,0,0
0,0.0010835976857208824,0,rohanhraj/MultiSignature-Wallet-SmartContract,NEG_01563,0,0
0,0.0012422802048914908,0,rohanjsh/nft-marketplace,NEG_01564,0,0
0,0.0005202020508020309,0,rohanranjan25061996/Wallet,NEG_01565,0,0
0,0.008725088390947405,0,Rohit04052004/aave-credit-scoring-analysis,NEG_01566,0,0
0,0.2789622616543362,1,Rohitw3code/web3-solidity-python,NEG_01567,0,0
0,0.0026156854862826955,0,rolod0x/rolod0x,NEG_01568,0,0
0,0.06319716032980562,0,romanzaikin/From-Zero-to-Hero-in-Blockchain-Security-DefCon30-Workshop,NEG_01569,0,0
0,0.00022636766214851275,0,ronylucca/nft-dungeons-slayers,NEG_01570,0,0
0,0.03496611613028939,0,RoseBayConsulting/Titan,NEG_01571,0,0
0,0.006526792704447595,0,roxxy-lanre/Conduit,NEG_01572,0,0
0,0.0009340078087392939,0,roysowah/solarwind,NEG_01573,0,0
0,0.0006898413122422949,0,rpardela/SmartContractAPIGenerator,NEG_01574,0,0
0,0.005857457268565437,0,rstkey/whitelist_token,NEG_01575,0,0
0,0.09621595893356964,0,rtb-12/PolkaGuard,NEG_01576,0,0
0,0.0016785376466412958,0,ruppysuppy/Crypto-Crowdfund,NEG_01577,0,0
0,5.455053184014836e-05,0,ruqqq/blockchainparser,NEG_01578,0,0
0,0.025324736444682094,0,rustjesty/bubblemaps-bypass-tool-rust,NEG_01579,0,0
0,0.1401394405299441,0,rusty-web3-developer/Solana-Bitcoin-NFT-Dex-Defi-P2EGame-SmartContract-Web3-Projects,NEG_01580,0,0
0,0.010899923420465371,0,rustyneuron01/NFT-Launchpad-Alkanes,NEG_01581,0,0
0,0.0004989355462060869,0,rwth-acis/las2peer-registry-contracts,NEG_01582,0,0
0,0.0013421161116697108,0,rxhul18/DeWall,NEG_01583,0,0
0,0.0014171939185125583,0,RyanHaraki/ethereumjs,NEG_01584,0,0
0,0.0012813077471005281,0,RyanKoech/Crypto_Fund,NEG_01585,0,0
0,0.00040913407809142825,0,Ryu204/crypto_rocket,NEG_01586,0,0
0,0.00023948740753050577,0,Ryz0nd/useWeb3Wallet,NEG_01587,0,0
0,0.0022216931621780824,0,S-Amine/go-uni,NEG_01588,0,0
0,0.0019468066710501503,0,s-damian/hardhat-nft-ticketing,NEG_01589,0,0
0,0.0006867140781897487,0,s4larie/walletool,NEG_01590,0,0
0,0.0027144118207684583,0,saaim23/QuantPilot,NEG_01591,0,0
0,0.03363021880018125,0,saddle-finance/saddle-frontend,NEG_01592,0,0
0,0.0039224933716209415,0,safe-fndn/safe-smart-account,NEG_01593,0,0
0,0.0045710957149266845,0,safeblock-com/dex_contract,NEG_01594,0,0
0,0.010167509281996985,0,sahilrohera10/Fusion_Wallet,NEG_01595,0,0
0,0.03149307766717779,0,Sahiru2007/Blockchain-based-healthcare-data-system-with-disease-prediction,NEG_01596,0,0
0,0.003644057046675319,0,saikun0293/gige-web3,NEG_01597,0,0
0,0.000541834657300051,0,salmanbao/tic-tac-toe,NEG_01598,0,0
0,0.029430759442754324,0,Samarth208P/validator0x,NEG_01599,0,0
0,0.1056631111622982,0,sambacha/compendium,NEG_01600,0,0
0,0.011794034556202655,0,sambacha/create-subgraph-app,NEG_01601,0,0
0,0.0005680750363533622,0,Sammers21/crypto-owl,NEG_01602,0,0
0,0.00024092395898312204,0,Samuellyworld/Tippers,NEG_01603,0,0
0,0.02812550683242927,0,sanjibbaral435/Ethereum_Solidity_Udemy,NEG_01604,0,0
0,0.018320541832827986,0,SANTHOSH17-DOT/HODL,NEG_01605,0,0
0,0.003930943934407767,0,santiellena/air-flatcoin-protocol,NEG_01606,0,0
0,4.3899123804067287e-05,0,sanyamdogra/crypto-wall-et,NEG_01607,0,0
0,0.0023477073876326474,0,SarathAdhi/Online_Poll_Creator_Blockchain,NEG_01608,0,0
0,0.0001858279125072392,0,satansdeer/ethereum-token-tutorial,NEG_01609,0,0
0,0.0006985289111032409,0,satisfywithmylife/phantom-py,NEG_01610,0,0
0,0.03733641838605679,0,SATO-Technologies/Hordes-Wallet,NEG_01611,0,0
0,0.004122928959541842,0,SatoshiPortal/bullbitcoin-mobile,NEG_01612,0,0
0,0.05649537802603463,0,sava2109/Cryptography_project_PKI_smart_contract,NEG_01613,0,0
0,0.0002498732031002738,0,Savjee/SavjeeCoin,NEG_01614,0,0
0,3.390098678001097e-05,0,saxenism/cryptoZombiesNFT,NEG_01615,0,0
0,0.0007228481589786943,0,sayandas-sd/Scan_and_pay_Crypto,NEG_01616,0,0
0,7.2282799983772485e-06,0,SBIP-Migration/aave-migrator,NEG_01617,0,0
0,3.711699021356172e-05,0,scaffold-eth/eth-components,NEG_01618,0,0
0,0.2047992063624671,0,scholtz/wallet,NEG_01619,0,0
0,0.16805461159468585,0,sciencemanepsilon/Blockchain_DeFi_Gaming,NEG_01620,0,0
0,0.00043131960839017363,0,ScopeLift/endaoment,NEG_01621,0,0
0,0.0010159304524108492,0,scotch53/Smart-Contract-for-Token-Minting-in-Solidity,NEG_01622,0,0
0,0.00025955214184069736,0,sdelvalle57/bonding-curves,NEG_01623,0,0
0,0.051952199071045556,0,sdhosseinabadi/aleo-project,NEG_01624,0,0
0,0.001013681528094064,0,SebastienLeger02/CryptoZombies,NEG_01625,0,0
0,0.000257827360505167,0,sebetelist/bitcoin-wallet,NEG_01626,0,0
0,0.00022486611572631994,0,sebitokazu/wave-and-token-ranking-dApp,NEG_01627,0,0
0,0.00014358516718632091,0,Sebx/blockchain_wallet,NEG_01628,0,0
0,0.000413337972201124,0,second-state/smart-contract-search-engine,NEG_01629,0,0
0,0.021828961900694527,0,SecorD0/evm-mnemonic-generator,NEG_01630,0,0
0,0.0009373524811086448,0,secp256k2/secp256k2,NEG_01631,0,0
0,0.0009170216137493935,0,seekerpig/nftSmartContract,NEG_01632,0,0
0,0.025144097927325245,0,sefaosm/Stake-X,NEG_01633,0,0
0,0.014878318230958894,0,SergioCifuentes/mpl-core-staking-frontend,NEG_01634,0,0
0,5.226653605492051e-05,0,setheum/setheum,NEG_01635,0,0
0,0.06669214757866798,0,sevdakeskin/Solidity-CryptoZombies,NEG_01636,0,0
0,5.3777308422998184e-05,0,ShackAmeri/brownie-koalaStaking,NEG_01637,0,0
0,0.016629093336912943,0,ShadowGuardAI/crypto-hdwallet-analyzer,NEG_01638,0,0
0,0.046797688218003,0,Shahroz-Hussain-Dev/Wallet,NEG_01639,0,0
0,0.0013661555379952453,0,shaikat010/Gamefi-Chess-Dapp,NEG_01640,0,0
0,0.0013068614253091814,0,Shaivpidadi/NFT-Dapp-Boilerplate,NEG_01641,0,0
0,0.0017699294024048197,0,Shakedash-dev/ReverseBlockChainShell,NEG_01642,0,0
0,0.0007354382641511333,0,shanefontaine/ethfinex-python,NEG_01643,0,0
0,0.014915364252580804,0,shape-network/builder-kit,NEG_01644,0,0
0,0.030988118339915122,0,shapeshift/web,NEG_01645,0,0
0,0.37584393969591073,1,shardeum/shardeum-docs,NEG_01646,0,0
0,0.12792394025911766,0,Shashwat-Manglam-Jain/NFT-Blockchain,NEG_01647,0,0
0,0.004503636776506902,0,shawakash/payBox,NEG_01648,0,0
0,0.0006830125997927218,0,shifaj22/Nft_Marketplace_SmartContract,NEG_01649,0,0
0,0.10673845213860499,0,shirley2749-dunn7/ethere1,NEG_01650,0,0
0,0.00015278101541176602,0,ShivankK26/Crypto-Wallet-Extension,NEG_01651,0,0
0,5.6400965958463494e-05,0,ShivankK26/Solidity-Smart-Contracts,NEG_01652,0,0
0,0.011682869373256218,0,ShivRaiGithub/DeFi-Assessment,NEG_01653,0,0
0,4.6266286812958685e-05,0,shlima/fortune,NEG_01654,0,0
0,0.0032821388637971224,0,ShredSecurity/protocol-deployment-checklist,NEG_01655,0,0
0,0.0014672871462220796,0,ShrikantaMazumder/crypto-zombie,NEG_01656,0,0
0,0.014895925313119488,0,shriya-upadhyay/fight-on-chain,NEG_01657,0,0
0,0.0008838959806184775,0,shubhamguptaiitd/bitcoin,NEG_01658,0,0
0,0.044034231602592566,0,shumbushojeanbaptiste/Blockchain-task-2025,NEG_01659,0,0
0,0.010550073427513101,0,SiddharthaBhattacharjee/Python_Script_To_Access_Deployed_Smartcontract,NEG_01660,0,0
0,0.00025898112037405266,0,siddot/Wallet,NEG_01661,0,0
0,0.002838914211938126,0,sidebetxyz/crypto-chess,NEG_01662,0,0
0,0.0003576874609485273,0,SilentCicero/MultiSignatureWallet,NEG_01663,0,0
0,0.0016017654015166426,0,SilentCicero/wafr,NEG_01664,0,0
0,0.004925242240902961,0,SimonPhoenix96/crypto-website,NEG_01665,0,0
0,0.0007837146890063433,0,simplito/elliptic-php,NEG_01666,0,0
0,0.002383983985839187,0,SimSimButDifferent/hardhat-defi-fcc,NEG_01667,0,0
0,0.030471967349547,0,sincerely91/simple-defi,NEG_01668,0,0
0,0.0009757341546668363,0,sirlopu/defi-stake-yield-brownie,NEG_01669,0,0
0,0.0015615674417642506,0,SkSamreen3/Organ-Matching-Transplantation-Blockchain-,NEG_01670,0,0
0,0.00045525241653420726,0,skundu42/CryptoWarz,NEG_01671,0,0
0,0.004755037021841165,0,Sky4Master/JS-DEX-TrackBot-Sky4Master,NEG_01672,0,0
0,0.00682976072271588,0,skydream118/NFTMarketplace,NEG_01673,0,0
0,0.002413190649154485,0,SkyPierIO/skypier-vpn,NEG_01674,0,0
0,0.00047170655460137623,0,skysor/digital-assets,NEG_01675,0,0
0,0.00039182572563590173,0,slaviquee/monolith,NEG_01676,0,0
0,0.0027307459006366366,0,sletizia/serverless-trading-bot,NEG_01677,0,0
0,6.195052171069922e-05,0,Slidebits/ethereum-smart-contracts,NEG_01678,0,0
0,0.0038955270047843576,0,smart-account-starter/smart-account-starter,NEG_01679,0,0
0,0.011906384881512562,0,smart-bsy/web3_crypto-smart-contract,NEG_01680,0,0
0,0.0009896004376871838,0,smartbugs/smartbugs-curated,NEG_01681,0,0
0,0.0002250942628431391,0,smartbugs/smartbugs-wild,NEG_01682,0,0
0,0.0002577553520680471,0,smartbugs/smartbugs,NEG_01683,0,0
0,0.0005442611494295644,0,smartcontract123/-Smart-Contract-Based-Cryptocurrency-MlM-Software-Development-On-Tron-Ethereum-Smart-contract-Deve,NEG_01684,0,0
0,0.003960266172158159,0,smartcontractkit/chainlink-ruby,NEG_01685,0,0
0,0.0019653607478169965,0,smartcontractkit/defi-minimal,NEG_01686,0,0
0,0.0007761255363645123,0,SmolDapp/smoldapp,NEG_01687,0,0
0,0.0028634273039031427,0,smolgroot/prometheus-vanity-generator,NEG_01688,0,0
0,0.0004659741870418261,0,snannamu/E-Voting-System-Based-on-Ethereum-Blockchain-,NEG_01689,0,0
0,5.906657248615443e-05,0,sntsabode/daisweb3.ts,NEG_01690,0,0
0,0.00011807201166889044,0,sobi983/Binance-Marketplace-NFT-transfer-automation,NEG_01691,0,0
0,0.01772452525862714,0,SofianeHamlaoui/Cryto-Minning-Simulator,NEG_01692,0,0
0,0.05265448998910215,0,softstack/Smart-Contract-Security-Audits,NEG_01693,0,0
0,0.00015526436102115905,0,solangegueiros/dapp-register,NEG_01694,0,0
0,0.006446152735686159,0,solguru310/solana-wallet-tracking-bot,NEG_01695,0,0
0,0.01753651841276563,0,solidityDev05/defi-by-example,NEG_01696,0,0
0,0.00015495732966288241,0,solidityj/solidity-antlr4,NEG_01697,0,0
0,0.0006046088011803183,0,solidstate-network/solidstate-solidity,NEG_01698,0,0
0,0.005005930717939747,0,Solomon-0xGuardian/solana_guessing_game,NEG_01699,0,0
0,5.872020929379924e-05,0,solomoncools/nft-minter-bep721,NEG_01700,0,0
0,0.00013964756333144032,0,somesh-banerjee/Hospital-Records-Blockchain,NEG_01701,0,0
0,0.0032634333702478134,0,SonOfMosiah/maxx-finance-subgraph,NEG_01702,0,0
0,0.16668194151008628,0,SoshiCrmProject/btcyield-platform,NEG_01703,0,0
0,0.0018453719855499086,0,sounxk/Web3Escrow,NEG_01704,0,0
0,0.000696046282999162,0,spareleg/bitcoin-ticker,NEG_01705,0,0
0,0.0003794115132208326,0,sparrowwallet/sparrow,NEG_01706,0,0
0,0.0044661599432359545,0,Spectral-Finance/scraped-sol-files,NEG_01707,0,0
0,1.1934214390422986e-05,0,spesmilo/electrum,NEG_01708,0,0
0,0.007418943668672681,0,spesmulla/electrum,NEG_01709,0,0
0,0.0004816370198472231,0,SpiderOak/Encryptr,NEG_01710,0,0
0,0.000562363520497192,0,spotlightgroup/DonateDapp,NEG_01711,0,0
0,0.01609233110415227,0,Springbock99/hd-wallet,NEG_01712,0,0
0,0.003849330439433317,0,springmacedonio-sys/Somnia-DeFi-Wallet,NEG_01713,0,0
0,0.00017209929280561438,0,SqueezerIO/squeezer,NEG_01714,0,0
0,0.0018116079383547832,0,sr2echa/DMD,NEG_01715,0,0
0,8.362016329604404e-06,0,sripwoud/ethernaut,NEG_01716,0,0
0,0.007894020947989201,0,SSSami22/Crypto,NEG_01717,0,0
0,0.0057502730153448645,0,stacks-archive/blockstack-browser,NEG_01718,0,0
0,0.000329597477786543,0,Stacktical/stacktical-dsla-developer-toolkit,NEG_01719,0,0
0,0.00021037222571423353,0,stater-co/nft-lending-contracts,NEG_01720,0,0
0,0.0006428701482722057,0,status-im/status-legacy,NEG_01721,0,0
0,0.0014408723789625273,0,stefannovasky/cryptocurrency-smart-contract,NEG_01722,0,0
0,0.00808199127152004,0,stellarnodeN/Q3_25_NFT_Staking,NEG_01723,0,0
0,0.0012945995265172428,0,stellar/stellar-ledger-data-indexer,NEG_01724,0,0
0,0.009224023502000961,0,StephanAkkerman/crypto-ohlcv,NEG_01725,0,0
0,0.0006398988483767297,0,Stephen-Kimoi/NFT-collection,NEG_01726,0,0
0,0.018427871192600125,0,stevenbooke/decentralized-crowdfunding,NEG_01727,0,0
0,0.0012505965949960336,0,StevenMolina22/cryptocoin,NEG_01728,0,0
0,0.0010023702634050973,0,Stor-Network/stor-blockchain,NEG_01729,0,0
0,0.001207577955052589,0,StratosGrig/BlockchainProjects,NEG_01730,0,0
0,0.000495652531667081,0,stravid87/nft_mgt_protocol,NEG_01731,0,0
0,0.004031313701440356,0,Strykr-Prism/realtime-crypto-price-api,NEG_01732,0,0
0,0.0008327657004915907,0,suarja/memoria-eterna-nft,NEG_01733,0,0
0,0.027069815313417952,0,subsixx/Pinsurance,NEG_01734,0,0
0,0.00030159819020794714,0,Sudhanmanoharan/MarketPlace-BlockChain,NEG_01735,0,0
0,0.005258459873089978,0,Sukoed/nft-minting-engine,NEG_01736,0,0
0,0.0027536246901747534,0,sumit03guha/smart-contracts-development-boilerplate,NEG_01737,0,0
0,0.004123305223485834,0,summa-tx/coins,NEG_01738,0,0
0,0.015575004543860937,0,sun-blockchain/harmony-pet,NEG_01739,0,0
0,0.00533921011043897,0,sunby16/web3-portfolio,NEG_01740,0,0
0,0.016378424961793227,0,Sunilshah-7/web3-blockchain-curve,NEG_01741,0,0
0,1.561653900914078e-05,0,sunjiangjun/supernode,NEG_01742,0,0
0,0.0031209246838207277,0,sunnyRK/EthIndia-HackJaipur,NEG_01743,0,0
0,0.0009912135542685697,0,sunshineioxzc/nft-sales-tracking-bot,NEG_01744,0,0
0,0.00019935041055877553,0,SunWeb3Sec/DeFiHackLabs,NEG_01745,0,0
0,5.916254867054721e-05,0,SunWeb3Sec/DeFiVulnLabs,NEG_01746,0,0
0,8.863770922453773e-05,0,supercoolx/NFT-Contract-Utilities,NEG_01747,0,0
0,0.0005021741337437924,0,superDev427/BlockChain-Tra,NEG_01748,0,0
0,0.001251024627879538,0,superfluid-org/protocol-monorepo,NEG_01749,0,0
0,0.00016461751075488894,0,SuperRich/soliditywallet,NEG_01750,0,0
0,0.0553680366989196,0,supragya/CryptographyResearch,NEG_01751,0,0
0,0.0013690358244297996,0,suribartek9/btc-eth,NEG_01752,0,0
0,0.0007257281975602943,0,svanas/migratooor,NEG_01753,0,0
0,6.570280061847786e-05,0,Swap76/Supply-Chain-Using-Blockchain,NEG_01754,0,0
0,4.372100349082987e-05,0,swapkit/SwapKit,NEG_01755,0,0
0,6.414040317741442e-05,0,swaponline/MultiCurrencyWallet,NEG_01756,0,0
0,0.0001926385720619376,0,swarupyeole11/BlockchainCryptography,NEG_01757,0,0
0,0.0005038722023824158,0,sweetmantech/nft-factory,NEG_01758,0,0
0,0.000462564151690967,0,sweetmantech/NFT-Polygon-Minting,NEG_01759,0,0
0,0.004044834935299749,0,SwezyDev/MultiExodus,NEG_01760,0,0
0,0.00044010450818850866,0,Swizec/blockchain-redux,NEG_01761,0,0
0,0.0046105740542466975,0,swrno/adopt-pet,NEG_01762,0,0
0,0.0036902593336346364,0,SXNGE4444/magic-crypto-app,NEG_01763,0,0
0,0.018326422762307146,0,sxnuru/FentaCode,NEG_01764,0,0
0,0.0001629710236678598,0,syedsimanta03/solana-NFT,NEG_01765,0,0
0,0.062029551290548775,0,syncrao/blockchain-rust,NEG_01766,0,0
0,0.007363324382817986,0,Synthetixio/SIPs,NEG_01767,0,0
0,0.019116830628022132,0,Synthetixio/synthetix-js,NEG_01768,0,0
0,2.7355276358376424e-05,0,Synthetixio/synthetix,NEG_01769,0,0
0,0.0065203137808582876,0,tahowallet/extension,NEG_01770,0,0
0,0.00020345185664297528,0,Talent-Index/StableCoin-Project,NEG_01771,0,0
0,0.0030517174690905514,0,TaliaKaza/CryptoSentinel,NEG_01772,0,0
0,0.004988440254554535,0,talonlab/hdwallet-desktop,NEG_01773,0,0
0,0.097250458082931,0,tamago-labs/legato-finance,NEG_01774,0,0
0,0.00020887872951740491,0,tamjid0x01/awesome-smartcontract-hacking,NEG_01775,0,0
0,0.010978078855575146,0,tanish35/Blockchain-Tracker,NEG_01776,0,0
0,0.0005677397979935778,0,tankbottoms/tiles-on-chain,NEG_01777,0,0
0,3.050141502160901e-05,0,tanujajoshi1/solidityContracts,NEG_01778,0,0
0,0.00028956291037144803,0,TanujJha/OpenD-NFT-Marketplace,NEG_01779,0,0
0,0.0035496942454918815,0,tanviedev/AaveV2-BehavIQ,NEG_01780,0,0
0,0.00013626803641135065,0,taoteh1221/Open_Crypto_Tracker,NEG_01781,0,0
0,0.0003014708232630129,0,taoteh1221/Slideshow_Crypto_Ticker,NEG_01782,0,0
0,0.00111684348617494,0,tarun-upadhyay/the-matrix-labs-assignment,NEG_01783,0,0
0,0.025827563468572387,0,TasmeTime/yt-react-next-ui-crypto-nft,NEG_01784,0,0
0,0.00028746635765985307,0,taylorjdawson/eth-chains,NEG_01785,0,0
0,0.0355155547624185,0,tayyabappoly/bitcoin-wallet-that-uses-Neutrino,NEG_01786,0,0
0,0.020439501071902316,0,tcyeee/PixWallet,NEG_01787,0,0
0,0.0004601816696005007,0,teal-finance/rainbow,NEG_01788,0,0
0,0.007500869836996501,0,teamssUTXO/bitcoin_mcp,NEG_01789,0,0
0,0.0007642680414438564,0,TechRate/Smart-Contract-Audits,NEG_01790,0,0
0,0.0009657969645471412,0,teefeh-07/DefiDungeons,NEG_01791,0,0
0,0.003510994053971909,0,tega-tahir/ArtBridge,NEG_01792,0,0
0,0.00011906096909624557,0,TegroTON/DEX-TON-contracts,NEG_01793,0,0
0,0.02146071867576202,0,TegroTON/ton3-client,NEG_01794,0,0
0,0.00047246506405226337,0,TeleportDAO/teleswap-contracts-evm,NEG_01795,0,0
0,0.0001398610867810892,0,ten-protocol/go-ten,NEG_01796,0,0
0,0.04413132383859685,0,Tenosia/Wallet-Multi-SDK,NEG_01797,0,0
0,0.0017428120222266104,0,terrygmk/NFT-Collection,NEG_01798,0,0
0,0.005417978545244814,0,tesla809/erc-20-tutorial,NEG_01799,0,0
0,0.00019922947814060443,0,Teyik0/solidity-order-book,NEG_01800,0,0
0,0.0021272986004603088,0,Tezsure/plenty-wallet,NEG_01801,0,0
0,0.006600188256183204,0,ThalesBMC/crypto-wallet,NEG_01802,0,0
0,0.002731222041645616,0,The-Poolz/LockDealNFT.Builders,NEG_01803,0,0
0,0.025499176332721658,0,the-sauravkumar/icp_token_wallet,NEG_01804,0,0
0,0.006620238009781136,0,theblockbrain/ai-safeguard,NEG_01805,0,0
0,0.0002383138309374215,0,theblockchainchief/web3-hub,NEG_01806,0,0
0,0.0007230627813533845,0,theblockstalk/inter-crypto,NEG_01807,0,0
0,0.002685119250787405,0,TheDancingBananas/dancing-bananas-front-end,NEG_01808,0,0
0,0.008371301140581705,0,thedarkhorse934/ai-blockchain-explainer,NEG_01809,0,0
0,0.000629424349054763,0,thenua3bhai/backend-nft-marketplace-ethereum,NEG_01810,0,0
0,0.000671963120533006,0,TheODDYSEY/Vending-Machine-Smart-Contract,NEG_01811,0,0
0,0.001319625570806278,0,theshefer/NFT-lazy-minting,NEG_01812,0,0
0,4.215352778082132e-05,0,thirdweb-dev/thirdweb-cli,NEG_01813,0,0
0,0.0001355345531036555,0,thisiskeanyvy/blocktracker,NEG_01814,0,0
0,0.008928553004577929,0,thoangln/Blockchain-SmartContract,NEG_01815,0,0
0,0.0033869739261235972,0,thomas21-jquerry/Casino,NEG_01816,0,0
0,0.00020427992058523763,0,threshold-network/tbtc-v2,NEG_01817,0,0
0,0.0005235127704467397,0,Throvn/web3-multi-signature-wallet,NEG_01818,0,0
0,0.0025601308177414382,0,timxor/payment-api,NEG_01819,0,0
0,1.3722951575698663e-05,0,timyiu478/cryptocurrencies-blockchain-technologies-stanford,NEG_01820,0,0
0,0.005740051349278674,0,tinovyatkin/pass-js,NEG_01821,0,0
0,0.3339662637695968,1,tintinweb/smart-contract-sanctuary-arbitrum,NEG_01822,0,0
0,0.007363702861265378,0,tiwarisakshi28/Multisignature-wallet,NEG_01823,0,0
0,8.6117723275473e-05,0,TJ-2004/dechai,NEG_01824,0,0
0,0.00802137716128945,0,tmdi123/amazing-cat-,NEG_01825,0,0
0,0.00019280941175175243,0,tmiess/CryptoBase,NEG_01826,0,0
0,0.0011205122493584952,0,tnkerer/vestingVault,NEG_01827,0,0
0,0.16349086494842144,0,tomerweller/exp-tempo-clones,NEG_01828,0,0
0,0.0006660269059186324,0,tomteman/attendr,NEG_01829,0,0
0,0.030119278099909,0,tonkeeper/ton-console,NEG_01830,0,0
0,0.0013610148452726668,0,Toporin/Satodime-Applet,NEG_01831,0,0
0,0.0017354130697305426,0,topsecretagent007/smart-contract-web3-projects,NEG_01832,0,0
0,0.03894343605139409,0,Topten1004/DoubleDice-Platform,NEG_01833,0,0
0,0.02017570353182746,0,Topten1004/NFT-Marketplace-ERC1155,NEG_01834,0,0
0,0.00017711432956632827,0,tosynthegeek/mcw,NEG_01835,0,0
0,6.627570735282804e-05,0,toto-1010/nft-smart-contracts-basic1,NEG_01836,0,0
0,0.16046781303229316,0,TP-Lab/key-generator,NEG_01837,0,0
0,0.00018096668446458233,0,TP-Lab/Mobile-SDK,NEG_01838,0,0
0,0.00013951281746654278,0,tr1sm0s1n/go-dapp-example,NEG_01839,0,0
0,0.00045341196007834053,0,tradingstrategy-ai/trade-executor,NEG_01840,0,0
0,5.5366604587812754e-06,0,tradingstrategy-ai/web3-ethereum-defi,NEG_01841,0,0
0,0.00030211520523302913,0,TradMod/awesome-audits-checklists,NEG_01842,0,0
0,0.003327515721667732,0,Trapesys/pandoras-box,NEG_01843,0,0
0,0.0002099261486655659,0,treejer/contract,NEG_01844,0,0
0,0.004372884311823443,0,TrentPierce/Ethereum-Address-Collider,NEG_01845,0,0
0,0.022925393293307606,0,TrinetixHubs/PixelVerse,NEG_01846,0,0
0,0.17758652389296647,0,tronprotocol/wallet-cli,NEG_01847,0,0
0,0.0007600457247489573,0,Trum3it/bsc-web3-connector,NEG_01848,0,0
0,0.0003209300367523259,0,trustless-fund/trustless-fund,NEG_01849,0,0
0,0.0012402408665710893,0,trustwallet/trust-wallet-ios,NEG_01850,0,0
0,0.00041503017652989486,0,trustwallet/wallet-core,NEG_01851,0,0
0,0.012868469922774526,0,Tsatsch/Web3DevLearn,NEG_01852,0,0
0,0.0004642769545184445,0,tsauvajon/cryptoblobs,NEG_01853,0,0
0,0.06758858676872713,0,TShanku/linked-chain,NEG_01854,0,0
0,0.08291756838393531,0,Tswaanda/tswaanda-marketplace,NEG_01855,0,0
0,0.0018003551665976426,0,tunnckoCore/bitcoin-connect,NEG_01856,0,0
0,0.0006165038921371771,0,turbo-eth/template-bank-app,NEG_01857,0,0
0,0.0023125903292322485,0,turtlemarket/contract,NEG_01858,0,0
0,0.01487295048747154,0,TW2541/Solidity_Web3_Practice_Python,NEG_01859,0,0
0,0.0007826428378006466,0,txtx/txtx,NEG_01860,0,0
0,0.006384796767449106,0,uhsr/BlockchainNFTCertificateAuthority,NEG_01861,0,0
0,0.007298476255090631,0,uhsr/BlockchainNFTRegistryPlatformX,NEG_01862,0,0
0,0.005366829943921199,0,uhsr/BlockchainNftRegistrySolutionsX,NEG_01863,0,0
0,0.007014661049965259,0,uhsr/BlockchainNftRegistryStudioPro,NEG_01864,0,0
0,0.0043664065495628585,0,uhsr/BlockchainNFTVaultManagerCorePro,NEG_01865,0,0
0,0.002901478589595054,0,uhsr/BlockchainNFTVaultManagerPlatformUltra,NEG_01866,0,0
0,0.0036463489539778336,0,uhsr/BlockchainNFTVaultManagerPlatformX,NEG_01867,0,0
0,0.00884513712691819,0,uhsr/CryptoKeyVaultManager,NEG_01868,0,0
0,0.006731209603188651,0,uhsr/CryptoLedgerParser,NEG_01869,0,0
0,0.0015504792618895775,0,uhsr/CryptoSecurityToolkit,NEG_01870,0,0
0,0.008547153419377097,0,uhsr/CryptoShieldFramework,NEG_01871,0,0
0,0.005537770488682616,0,uhsr/NftMetadataIndexerTechNext,NEG_01872,0,0
0,0.0007096241331589727,0,UMAprotocol/docs,NEG_01873,0,0
0,0.0005543127773358931,0,UMAprotocol/protocol,NEG_01874,0,0
0,0.03770147652522988,0,unobrandon/DefiWallet,NEG_01875,0,0
0,0.01895660610036541,0,uola9210-cmd/BTC-or-ETH,NEG_01876,0,0
0,0.0006669507989387007,0,uport-project/uport-connect,NEG_01877,0,0
0,0.0004533953147317123,0,UraniumCorporation/solana-payout-action,NEG_01878,0,0
0,0.0022444861150940003,0,UssCalSst41/Xyn-SeedWatcher-Crypto-Balance-Checker-Searcher-MultiCoin,NEG_01879,0,0
0,0.038578877486956605,0,utsavempiric20/multi-signature-wallet-factory-solidity,NEG_01880,0,0
0,0.0595996410636313,0,utsavempiric20/token-wallet-solidity,NEG_01881,0,0
0,0.0011046512504964154,0,uwu-labs/waifusion-site,NEG_01882,0,0
0,0.006991323937262921,0,v3xlabs/open-lavatory,NEG_01883,0,0
0,0.0003639429534524323,0,valamicorp/top100token-ape-bot,NEG_01884,0,0
0,0.002481744939085074,0,vancelin/ethereum-event-tracker,NEG_01885,0,0
0,0.0009155986681780256,0,vanchoy/nft-collection,NEG_01886,0,0
0,0.0024926600114405276,0,VaultLayer/vaultlayer-sdk,NEG_01887,0,0
0,0.011619154169574363,0,vdimitriad/Uncuffed,NEG_01888,0,0
0,0.010989225542178483,0,vdsalexandre/CryptoZombies,NEG_01889,0,0
0,0.0002464734411359595,0,vdutts7/ai-generated-nfts,NEG_01890,0,0
0,0.0005421876402619655,0,vechain/web3-gear,NEG_01891,0,0
0,0.001271284149605684,0,ved-et9/Blockchain_web3,NEG_01892,0,0
0,0.5180318932821925,1,Vedant7789/defi_wallet_score,NEG_01893,0,0
0,0.03652395460918199,0,VedikaaSankhe/ds_VedikaSankhe,NEG_01894,0,0
0,0.035436585238261875,0,Velocity-BPA/n8n-nodes-aztec,NEG_01895,0,0
0,0.03604549588996619,0,Velocity-BPA/n8n-nodes-pendle,NEG_01896,0,0
0,4.59697089790972e-05,0,VeloraDEX/sdk,NEG_01897,0,0
0,0.0006482088674388696,0,vergecurrency/verge,NEG_01898,0,0
0,0.0004586503251799161,0,VersoriumX/web3,NEG_01899,0,0
0,0.0008257578932826926,0,vgrichina/web4,NEG_01900,0,0
0,0.001527867409669241,0,vhidvz/crypto-aio,NEG_01901,0,0
0,0.0012532818831140042,0,viaprotocol/format-crypto,NEG_01902,0,0
0,0.009275676137688933,0,viaweb3/cryptocast-desktop,NEG_01903,0,0
0,0.0013739266532507063,0,victorykop/Buildspace-Wave-Portal-Backend,NEG_01904,0,0
0,0.0007348998727648819,0,ViditGalav/NFT-Synthesizer-Sol-Breeder,NEG_01905,0,0
0,0.0015114707578595921,0,vigneshbalu96/Inherited-ERC-20-contract,NEG_01906,0,0
0,0.0017145593087625726,0,Vikash-8090-Yadav/Learn-Earn-in-WEB3,NEG_01907,0,0
0,0.0003637787738847742,0,Viken-Blockchain-Solutions/Solidity-files,NEG_01908,0,0
0,0.007569783682122382,0,ViktorVL584/Crypto-News-Aggregator,NEG_01909,0,0
0,0.2561965440233121,1,vilicvane/megnat,NEG_01910,0,0
0,0.016190552212850904,0,vinnyhoward/rn-crypto-wallet,NEG_01911,0,0
0,0.005603904132331268,0,viperadnan-git/blockdoc,NEG_01912,0,0
0,0.0003336827346879688,0,vipul-69-ax/CryptoFlip,NEG_01913,0,0
0,0.20863664142506586,0,vishal-kr007/walletSmartContract,NEG_01914,0,0
0,0.00019357116795281674,0,vishnoitanuj/Blockchain-Cryptocurrency,NEG_01915,0,0
0,0.005618543633203708,0,VishviThrimavithana/crypto-arbitrage-bot,NEG_01916,0,0
0,0.00011997141907106174,0,Vitali-workspace/Crypto-Testnet-Faucet,NEG_01917,0,0
0,0.004838846039513365,0,Vitalik-Hakim/antimony,NEG_01918,0,0
0,0.00167828104043788,0,vitalkamuntu/Crypto-wallet,NEG_01919,0,0
0,0.00018287086649222532,0,VitalR/NFTLazyMinting,NEG_01920,0,0
0,1.9426852671642765e-05,0,VitalR/Uniswap,NEG_01921,0,0
0,0.0002792411481771155,0,vittominacori/solidity-starter-kit,NEG_01922,0,0
0,0.0013210942966830651,0,vitwit/Multisig-Wallet-ERC20,NEG_01923,0,0
0,0.04201904135516138,0,vivekananand-cpu/web3-blockchain-nft-drop-app,NEG_01924,0,0
0,0.0027439535221038167,0,Vivojay/De-Fi-Infidelity-Coders,NEG_01925,0,0
0,0.08521173350691934,0,vjbhandari61/web3-authentication,NEG_01926,0,0
0,0.0051059585801588175,0,vjgaur/bitcoin-wallet,NEG_01927,0,0
0,0.0005954642450793761,0,vjgaur/NFT-Ethereum-Polygon-Marketplace,NEG_01928,0,0
0,2.816523647284381e-05,0,vm542/bitcoin-wallet-bot,NEG_01929,0,0
0,0.00046511277805750704,0,vmeazevedo/myCrypto_MercadoBitcoin,NEG_01930,0,0
0,0.00031673209443151606,0,vmieres/BlockChain-Python,NEG_01931,0,0
0,0.004545150639249622,0,vorburger/awesome-decentralized-internet-web3-blockchain-p2p-security-world-cloud,NEG_01932,0,0
0,0.01643677407590047,0,vrakesh2907/MicroLend,NEG_01933,0,0
0,0.0009412824993381242,0,VulnPlanet/l3x,NEG_01934,0,0
0,0.00019948341516871926,0,vvizardev/pump-smart-contract-solidity,NEG_01935,0,0
0,0.0016605363223402881,0,vvizardev/wizardev,NEG_01936,0,0
0,0.00021548395796633997,0,vykuntaharsha/cryptocurrency-and-smart-contract,NEG_01937,0,0
0,0.0008924096007397455,0,wallet-agent/wallet-agent,NEG_01938,0,0
0,0.0011732217005475001,0,Wallet3/Wallet3-Desktop,NEG_01939,0,0
0,0.003672757015093379,0,Wallet3/Wallet3,NEG_01940,0,0
0,0.0022930479480921073,0,WalletConnect/walletconnect-monorepo,NEG_01941,0,0
0,5.512022867461586e-05,0,walleth/walleth,NEG_01942,0,0
0,0.0034914737279771314,0,Walletika/walletika-contracts,NEG_01943,0,0
0,0.0018535902283774372,0,WalletsTool/WalletsTool,NEG_01944,0,0
0,2.1569354712146336e-06,0,WalletWasabi/WalletWasabi,NEG_01945,0,0
0,0.00013597815321928638,0,walt-id/waltid-walletkit,NEG_01946,0,0
0,0.006014747661853933,0,wanglinyang/nft-collection,NEG_01947,0,0
0,0.00033901687241992925,0,wangshijun/ethereum-lottery-dapp,NEG_01948,0,0
0,0.0033869302076096845,0,wangtengjiao1997/Encode-Solidity-Bootcamp,NEG_01949,0,0
0,8.163295697731593e-06,0,wardu/Crypto-Resources,NEG_01950,0,0
0,0.0101802794412516,0,warmkey-finance/bitcoin-cryptocurrency-tutorial,NEG_01951,0,0
0,0.006392502047282836,0,wasiiff/blokk-lens,NEG_01952,0,0
0,0.0020062515555366385,0,wcoelho/BitcoinMinerPrototype,NEG_01953,0,0
0,0.009535867605566165,0,WeaverFi/api,NEG_01954,0,0
0,0.0021497701418169953,0,WeaverFi/cookietrack-api,NEG_01955,0,0
0,7.45278891680406e-05,0,WeaverFi/weaverfi,NEG_01956,0,0
0,0.00023679215046410924,0,Web3-Club/Blockchain-Developer-roadmap_Chinese,NEG_01957,0,0
0,0.0015008820817510253,0,Web3Auth/Auth,NEG_01958,0,0
0,1.0788701919452558e-05,0,web3brasil/web3brasil,NEG_01959,0,0
0,0.01912132637614309,0,web3builder7/Diversehq,NEG_01960,0,0
0,0.0011117196185420578,0,web3crafter/NFTCollection_Crypto-Devs,NEG_01961,0,0
0,0.0373061287813019,0,web3gamesofficial/web3games-contract-solidity,NEG_01962,0,0
0,0.04693979251136304,0,web3inventor/web3-wallet-brute-force-cracking,NEG_01963,0,0
0,0.00033437012260608643,0,Web3Philippines/homepage,NEG_01964,0,0
0,0.0008168096936303663,0,web3privacy/web3privacy,NEG_01965,0,0
0,0.00013386020125347392,0,web3p/web3.php,NEG_01966,0,0
0,5.996001970539844e-05,0,weex/Live-bitcoin-transactions,NEG_01967,0,0
0,0.0068185441241701865,0,weichen466/CryptoCrowd,NEG_01968,0,0
0,0.0002583567045796587,0,weiweiyeih/web3.0-lottery-frontend-app,NEG_01969,0,0
0,0.0028919946987020634,0,wencio/python_solidity_Web3_examples,NEG_01970,0,0
0,0.10178061268276824,0,westhoronhp15/HOW-TO-MINING-BTC-2025,NEG_01971,0,0
0,0.0006635105553387989,0,wevm/awesome-wagmi,NEG_01972,0,0
0,0.00035249213286307843,0,whoaryu/cryptozombies,NEG_01973,0,0
0,0.012396726840954752,0,wilhelmagren/ethereum-dev,NEG_01974,0,0
0,0.007150642433157783,0,WilliamMassalino/foundry-app,NEG_01975,0,0
0,0.0009760205354071198,0,wilmacedo/wallet-discover-server,NEG_01976,0,0
0,0.009519590711464,0,WISEPLAT/backtrader_bybit,NEG_01977,0,0
0,0.004174824725888471,0,WizardOfAus/WizardsEthereumWorkshop,NEG_01978,0,0
0,0.0006873071665702483,0,wizardsardine/liana,NEG_01979,0,0
0,0.004744757235124865,0,wpdas/kibi-greeting-contract,NEG_01980,0,0
0,2.1466184866320288e-05,0,wsdt/WavectToken,NEG_01981,0,0
0,0.0008402413391095752,0,wslyvh/clean-contracts,NEG_01982,0,0
0,0.00011142477767926473,0,wslyvh/useWeb3,NEG_01983,0,0
0,0.0019925769255882807,0,WTFAcademy/WTF-CTF,NEG_01984,0,0
0,0.00020872442047089397,0,xabzxbt/brass-hands,NEG_01985,0,0
0,0.0006796559733331046,0,xaini-x/cross-chain-Bridge,NEG_01986,0,0
0,9.9209879587948e-05,0,Xalt8/Vyper,NEG_01987,0,0
0,0.040818278007133973,0,xaviersins/CryptoMesh,NEG_01988,0,0
0,0.0008773995036101622,0,xavierzho/dex-sdk,NEG_01989,0,0
0,0.0004423852726208491,0,xBacked-DAO/algorand-wallet-select,NEG_01990,0,0
0,0.00048410428479721447,0,xcncncnddddd/fundme_lesson,NEG_01991,0,0
0,9.662573493383007e-05,0,xeoneux/generation-blockchain-crypto-tracker,NEG_01992,0,0
0,0.0016227433897001485,0,xerion12/Dapp-algorand,NEG_01993,0,0
0,0.00027757624730716696,0,xfolio-dao/xfolio-react-chrome,NEG_01994,0,0
0,4.682578195436531e-06,0,xlnfinance/xln,NEG_01995,0,0
0,0.015135594897145652,0,xPOURY4/crypto-toolkit,NEG_01996,0,0
0,0.003392364665021033,0,xqyet/BlockchainAddressSpoofer,NEG_01997,0,0
0,8.603103946975182e-05,0,XRPLF/xrpl.js,NEG_01998,0,0
0,0.007375014948618996,0,xsen215/Web3-Solana-Bitcoin-NFT-Dex-Defi-P2EGame-SmartContract-Projects,NEG_01999,0,0
0,0.006929998970232312,0,xueqianLu/txpress,NEG_02000,0,0
0,0.0006572627763548276,0,XXXGutierrezXXX/defi-staking-smart-contract-solana,NEG_02001,0,0
0,0.04401265808041983,0,xyzerobtc/BitcoinPizzaNFT,NEG_02002,0,0
0,0.004193232799268822,0,y-chan/handmade_blockchain,NEG_02003,0,0
0,0.028417614791633045,0,Y-Xiang-hub/Crowdsourcing-With-Smart-Contract,NEG_02004,0,0
0,0.0027472611076534217,0,yakiyahi/projet-web3,NEG_02005,0,0
0,0.001246474353167777,0,yann1ckv/Marketplace_dapp,NEG_02006,0,0
0,0.0003181011228417835,0,yannvr/lendx,NEG_02007,0,0
0,0.0005546499415939233,0,yanukadeneth99/Meme-NFT,NEG_02008,0,0
0,0.0015748860015994516,0,yao-tx/CryptoZombies,NEG_02009,0,0
0,0.0006398098764545322,0,YarovoyVladimir09/rust-solana-NftLoanPlatform,NEG_02010,0,0
0,0.0007702010497480889,0,Yassin-MT/EETP,NEG_02011,0,0
0,0.004199180152216182,0,YassineMharrek/Phenicia-Metaverse,NEG_02012,0,0
0,0.005872154125725097,0,yatharth1444/Token-Wallet-on-ICP-Blockchain,NEG_02013,0,0
0,0.00038273975227426875,0,yearn/NFTreasury,NEG_02014,0,0
0,0.00041917140191945825,0,yeasy/blockchain_guide,NEG_02015,0,0
0,0.0016372265676359906,0,yessGlory17/nft-marketplace,NEG_02016,0,0
0,0.0001172676909346351,0,yeswadams/CryptoKitty,NEG_02017,0,0
0,0.0013915787650536002,0,YieldHabitat/YieldHabitat_,NEG_02018,0,0
0,0.00026156222797117006,0,yigittopm/lkd-web3-blockchain,NEG_02019,0,0
0,0.0012232502548965632,0,YiJie-Zhu/Crypto-Identity,NEG_02020,0,0
0,0.0039028132627352123,0,yippee-ki-yay/CryptoJingles,NEG_02021,0,0
0,0.0006827342277119734,0,yogdaan/blockchain-certification,NEG_02022,0,0
0,0.01927941796421442,0,yokeld/solgo,NEG_02023,0,0
0,0.001517694256705856,0,YordanPavlov/BlockchainRoulette,NEG_02024,0,0
0,8.271388682952875e-05,0,YosephKS/moralis-opensea-plugins,NEG_02025,0,0
0,0.001425633751939305,0,YosephKS/truffle-opensea-nft,NEG_02026,0,0
0,0.003440915775648571,0,Yourmix0x/webwag-tiri,NEG_02027,0,0
0,0.00012199443003768932,0,ysongh/blockchain-on-restaurant-client,NEG_02028,0,0
0,0.0004648173020594544,0,yuichiroaoki/typescript-hardhat,NEG_02029,0,0
0,0.0005494084929110516,0,yunanah/nft-wallet-yoorabaek,NEG_02030,0,0
0,0.06075146467362983,0,yurkenchik/Crypto-Ethereum-TTE-blockchain,NEG_02031,0,0
0,0.00022533134773252523,0,yuzushioh/EthereumKit,NEG_02032,0,0
0,5.952905839380838e-05,0,zafar-saleem/blockchain-node,NEG_02033,0,0
0,0.014534371166862231,0,Zaid-maker/web3-nft-game,NEG_02034,0,0
0,0.016245522891617698,0,zakcroft/shared-wallet-blockchain-solidity,NEG_02035,0,0
0,0.001851157979662954,0,zama-ai/blockchain-wallet-exporter,NEG_02036,0,0
0,0.008192627835221114,0,zenhuzaini/node-js-blockchain-bitcoin,NEG_02037,0,0
0,0.0009639139588972296,0,zeriontech/defi-sdk-js,NEG_02038,0,0
0,0.0001061383935615643,0,zeriontech/defi-sdk,NEG_02039,0,0
0,6.876379303677819e-06,0,zeta-chain/node,NEG_02040,0,0
0,0.0001326557787781333,0,ZetiAi/defi,NEG_02041,0,0
0,0.0008590304953826743,0,Zheaoli/awesome-coins,NEG_02042,0,0
0,0.001617645236940523,0,zillehuma75/lottery-smart-contract-,NEG_02043,0,0
0,0.0029956230984061875,0,zillet/zillet,NEG_02044,0,0
0,0.0001167848970069488,0,zircuit-labs/web3-telegram-mini-app,NEG_02045,0,0
0,0.1536342047668476,0,ZIYUT/nft-wallet-frontend,NEG_02046,0,0
0,0.0001544874301803867,0,zktx-io/sui-extension,NEG_02047,0,0
0,0.001106476196020647,0,zman0225/bitcoinclass,NEG_02048,0,0
0,0.00011427841859627065,0,Zodomo/OrdinalDucks,NEG_02049,0,0
0,0.0004807764142363234,0,ZuInnoTe/spark-hadoopcryptoledger-ds,NEG_02050,0,0
0,0.013042076678973178,0,Zynora06JaA7/Arb-Script,NEG_02051,0,0
0,0.00022802168725842095,0,zypher-game/bevy-web3,NEG_02052,0,0
0,0.0002885742850042927,0,zzzizo/cig-chain,NEG_02053,0,0
