label,y_logit,y_proba,y_pred,repo_full_name,family_id,is_real_positive,is_generated_positive
1,13.204034,0.9999982,1,2723799947qq2022/solana-pumpfun-bot,F1_pumpfun_clone,1,0
1,13.582627,0.9999987,1,2kwkkk/solana-pumpfun-bot,F1_pumpfun_clone,1,0
1,13.299819,0.99999833,1,790659193qqch/solana-pumpfun-bot,F1_pumpfun_clone,1,0
1,13.210343,0.9999982,1,7arlystar/solana-pumpfun-bot,F1_pumpfun_clone,1,0
1,13.241745,0.9999982,1,918715c83/solana-pumpfun-bot,F1_pumpfun_clone,1,0
1,6.849621,0.99894124,1,adminlove520/VulnWatchDog,F4_security_osint_cve,1,0
1,13.252664,0.9999982,1,AmirhBeigi7zch6f/solana-pumpfun-bot,F1_pumpfun_clone,1,0
1,11.545218,0.99999034,1,arliawhite/rentverse,F3_web3_platform_app,1,0
1,13.345931,0.99999845,1,asmaamohamed0264/solana-pumpfun-bot,F1_pumpfun_clone,1,0
1,13.85669,0.99999905,1,bog-us/solana-pumpfun-bot,F1_pumpfun_clone,1,0
1,6.480257,0.99846894,1,clixlogix/blockchain-dev,F3_web3_platform_app,1,0
1,5.0575194,0.99367887,1,dev-protocol/polymarket-copytrading-bot-sport,F2_crypto_trading_bot,1,0
1,13.325019,0.99999833,1,edparker89/solana-pumpfun-bot,F1_pumpfun_clone,1,0
1,5.742709,0.99680424,1,eferos93/test4,F5_ai_media_demo,1,0
1,6.439453,0.9984053,1,FaceOFWood/SniperBot-Solana-PumpSwap,F2_crypto_trading_bot,1,0
1,10.898436,0.9999815,1,harshith-vaddiparthy/quant-bot,F2_crypto_trading_bot,1,0
1,13.7588625,0.9999989,1,ii4272/solana-pumpfun-bot,F1_pumpfun_clone,1,0
1,13.11196,0.999998,1,ijtye/solana-pumpfun-bot,F1_pumpfun_clone,1,0
1,13.281711,0.99999833,1,iwanjunaids/solana-pumpfun-bot,F1_pumpfun_clone,1,0
1,13.197071,0.9999981,1,janmalece/solana-pumpfun-bot,F1_pumpfun_clone,1,0
1,13.120812,0.999998,1,kay2x4/solana-pumpfun-bot,F1_pumpfun_clone,1,0
1,5.2138844,0.994589,1,knightsdex/knightsbridge-dex,F3_web3_platform_app,1,0
1,13.213514,0.9999982,1,lan666as2dfur/solana-pumpfun-bot,F1_pumpfun_clone,1,0
1,13.566452,0.9999987,1,loveccat/solana-pumpfun-bot,F1_pumpfun_clone,1,0
1,13.15462,0.9999981,1,lukgria/solana-pumpfun-bot,F1_pumpfun_clone,1,0
1,13.298606,0.99999833,1,mdemetrial26rvk9w/solana-pumpfun-bot,F1_pumpfun_clone,1,0
1,7.267422,0.9993026,1,MentarisHub121/TokenPresaleApp,F3_web3_platform_app,1,0
1,9.8835745,0.999949,1,Metaldadisbad/HacxGPT,F5_ai_media_demo,1,0
1,6.065642,0.9976841,1,mirzamudassir/blocknovas-nyx-public,F3_web3_platform_app,1,0
1,6.230213,0.9980349,1,Morning-Star213/Solana-pumpfun-bot,F2_crypto_trading_bot,1,0
1,8.234376,0.9997347,1,nocomp/poc-CVE-2001-1473,F4_security_osint_cve,1,0
1,13.330409,0.99999833,1,oumengwas/solana-pumpfun-bot,F1_pumpfun_clone,1,0
1,13.234084,0.9999982,1,Rain-Rave5/solana-pumpfun-bot,F1_pumpfun_clone,1,0
1,6.730547,0.99880755,1,rizvejoarder/SoraMax,F5_ai_media_demo,1,0
1,6.3279366,0.9982174,1,shivas1432/sora2-watermark-remover,F5_ai_media_demo,1,0
1,7.9867716,0.99966013,1,SuperDev313/Trading_Platform_Ultrax,F3_web3_platform_app,1,0
1,8.926595,0.9998672,1,ta3pks/Decentralized-Social,F3_web3_platform_app,1,0
1,7.8110065,0.999595,1,themaxlpalfaboy/CVE-2025-54897-LAB,F4_security_osint_cve,1,0
1,13.14257,0.9999981,1,wc64561673347375/solana-pumpfun-bot,F1_pumpfun_clone,1,0
1,13.85164,0.99999905,1,wj6942/solana-pumpfun-bot,F1_pumpfun_clone,1,0
1,13.254086,0.9999982,1,xnaotutu77765/solana-pumpfun-bot,F1_pumpfun_clone,1,0
1,6.8883047,0.9989814,1,xorostar/blocknovas-llc-currency-converter-task,F3_web3_platform_app,1,0
1,13.273099,0.99999833,1,yvagSirKt/solana-pumpfun-bot,F1_pumpfun_clone,1,0
1,12.499076,0.9999963,1,Zeeeepa/spyder-osint,F4_security_osint_cve,1,0
1,11.682145,0.99999154,1,Zeeeepa/spyder-osint2,F4_security_osint_cve,1,0
1,13.781827,0.9999989,1,2723799947qq2022t/solana-pumpfun-bot,F1_pumpfun_clone,0,1
1,13.587735,0.9999987,1,2kwkk/solana-pumpfun-bot,F1_pumpfun_clone,0,1
1,13.628772,0.9999988,1,790659193qqch2/solana-pumpfun-bot,F1_pumpfun_clone,0,1
1,13.76176,0.9999989,1,7arlysta/solana-pumpfun-bot,F1_pumpfun_clone,0,1
1,13.200545,0.9999981,1,918715c8/solana-pumpfun-bot,F1_pumpfun_clone,0,1
1,13.249158,0.9999982,1,AmirhBeigi7zch6ff/solana-pumpfun-bot,F1_pumpfun_clone,0,1
1,12.973764,0.99999774,1,asmaamohamed0264a/solana-pumpfun-bot,F1_pumpfun_clone,0,1
1,13.809946,0.99999905,1,bogus/solana-pumpfun-bot,F1_pumpfun_clone,0,1
1,12.756543,0.99999714,1,edparker89t/solana-pumpfun-bot,F1_pumpfun_clone,0,1
1,13.446214,0.99999857,1,ii427/solana-pumpfun-bot,F1_pumpfun_clone,0,1
1,13.898493,0.99999905,1,ijty/solana-pumpfun-bot,F1_pumpfun_clone,0,1
1,13.595822,0.9999988,1,iwanjunaid/solana-pumpfun-bot,F1_pumpfun_clone,0,1
1,13.629757,0.9999988,1,janmalece2/solana-pumpfun-bot,F1_pumpfun_clone,0,1
1,14.019738,0.99999917,1,kay2x42/solana-pumpfun-bot,F1_pumpfun_clone,0,1
1,13.041537,0.99999785,1,lan666as2dfu/solana-pumpfun-bot,F1_pumpfun_clone,0,1
1,13.981694,0.99999917,1,loveccat2/solana-pumpfun-bot,F1_pumpfun_clone,0,1
1,13.657186,0.9999988,1,lukgrial/solana-pumpfun-bot,F1_pumpfun_clone,0,1
1,13.298442,0.99999833,1,mdemetrial26rvk9wz/solana-pumpfun-bot,F1_pumpfun_clone,0,1
1,13.247331,0.9999982,1,oumengwas2/solana-pumpfun-bot,F1_pumpfun_clone,0,1
1,13.571576,0.9999987,1,RainRave5/solana-pumpfun-bot,F1_pumpfun_clone,0,1
1,13.480846,0.99999857,1,wc645616733473752/solana-pumpfun-bot,F1_pumpfun_clone,0,1
1,13.637639,0.9999988,1,wj69422/solana-pumpfun-bot,F1_pumpfun_clone,0,1
1,13.0540285,0.99999785,1,xnaotutu777652/solana-pumpfun-bot,F1_pumpfun_clone,0,1
1,14.026191,0.99999917,1,yvagSirKt6/solana-pumpfun-bot,F1_pumpfun_clone,0,1
1,12.823937,0.99999726,1,2723799947qq202/solana-pumpfun-bot,F1_pumpfun_clone,0,1
1,13.434742,0.99999857,1,2kwkkk2/solana-pumpfun-bot,F1_pumpfun_clone,0,1
1,13.869939,0.99999905,1,790659193qqch3/solana-pumpfun-bot,F1_pumpfun_clone,0,1
1,13.595298,0.9999988,1,7arlystart/solana-pumpfun-bot,F1_pumpfun_clone,0,1
1,13.543013,0.9999987,1,918715c832/solana-pumpfun-bot,F1_pumpfun_clone,0,1
1,13.28838,0.99999833,1,AmirhBeigi7zch6f2/solana-pumpfun-bot,F1_pumpfun_clone,0,1
1,14.281026,0.9999994,1,asmaamohamed026/solana-pumpfun-bot,F1_pumpfun_clone,0,1
1,13.923391,0.99999905,1,bogusyc/solana-pumpfun-bot,F1_pumpfun_clone,0,1
1,12.991071,0.99999774,1,edparker8/solana-pumpfun-bot,F1_pumpfun_clone,0,1
1,14.193261,0.9999993,1,ii4273/solana-pumpfun-bot,F1_pumpfun_clone,0,1
1,13.446859,0.99999857,1,ijtye2/solana-pumpfun-bot,F1_pumpfun_clone,0,1
1,13.455017,0.99999857,1,iwanjunaidst/solana-pumpfun-bot,F1_pumpfun_clone,0,1
1,7.2058907,0.99925834,1,adminlove5202/VulnWatchDog,F4_security_osint_cve,0,1
1,7.7511406,0.99956995,1,nocomp9/poc-CVE-2001-1473,F4_security_osint_cve,0,1
1,7.9250345,0.99963856,1,themaxlpalfaboyr/CVE-2025-54897-LAB,F4_security_osint_cve,0,1
1,12.3463545,0.9999957,1,Zeeeep/spyder-osint,F4_security_osint_cve,0,1
1,11.521339,0.9999901,1,Zeeeepa2/spyder-osint2,F4_security_osint_cve,0,1
1,6.582982,0.99861825,1,adminlove5203/VulnWatchDog,F4_security_osint_cve,0,1
1,8.383967,0.99977154,1,nocomp4/poc-CVE-2001-1473,F4_security_osint_cve,0,1
1,7.175145,0.9992353,1,themaxlpalfaboyk/CVE-2025-54897-LAB,F4_security_osint_cve,0,1
1,12.257185,0.99999523,1,Zeeeepa2/spyder-osint,F4_security_osint_cve,0,1
1,11.789641,0.9999924,1,Zeeeepa3/spyder-osint2,F4_security_osint_cve,0,1
1,7.8278027,0.99960166,1,adminlove52/VulnWatchDog,F4_security_osint_cve,0,1
1,8.879113,0.99986076,1,nocomps/poc-CVE-2001-1473,F4_security_osint_cve,0,1
1,7.7811546,0.9995827,1,themaxlpalfaboy2/CVE-2025-54897-LAB,F4_security_osint_cve,0,1
1,12.017352,0.9999939,1,Zeeeep2/spyder-osint,F4_security_osint_cve,0,1
1,11.065542,0.9999844,1,Zeeeep/spyder-osint2,F4_security_osint_cve,0,1
1,6.4440594,0.9984126,1,adminlove520v/VulnWatchDog,F4_security_osint_cve,0,1
1,8.751432,0.9998418,1,nocomp7/poc-CVE-2001-1473,F4_security_osint_cve,0,1
1,7.781828,0.99958295,1,themaxlpalfabo/CVE-2025-54897-LAB,F4_security_osint_cve,0,1
1,12.201373,0.999995,1,Zeeeepaz/spyder-osint,F4_security_osint_cve,0,1
1,11.386901,0.9999887,1,Zeeeepa4/spyder-osint2,F4_security_osint_cve,0,1
1,6.5288334,0.9985415,1,adminlove520t/VulnWatchDog,F4_security_osint_cve,0,1
1,8.883552,0.99986136,1,nocompf/poc-CVE-2001-1473,F4_security_osint_cve,0,1
1,7.788596,0.9995857,1,themaxlpalfaboy3/CVE-2025-54897-LAB,F4_security_osint_cve,0,1
1,11.720886,0.9999919,1,Zeeeepa3/spyder-osint,F4_security_osint_cve,0,1
1,10.953808,0.9999825,1,Zeeeepa5/spyder-osint2,F4_security_osint_cve,0,1
1,7.8703527,0.9996182,1,adminlove520f/VulnWatchDog,F4_security_osint_cve,0,1
1,8.454868,0.99978715,1,nocom/poc-CVE-2001-1473,F4_security_osint_cve,0,1
1,7.1863685,0.99924374,1,themaxlpalfaboy4/CVE-2025-54897-LAB,F4_security_osint_cve,0,1
1,11.644567,0.9999912,1,Zeeeepa4/spyder-osint,F4_security_osint_cve,0,1
1,11.625419,0.99999106,1,Zeeeepap/spyder-osint2,F4_security_osint_cve,0,1
1,7.2528467,0.9992924,1,adminlove520x/VulnWatchDog,F4_security_osint_cve,0,1
1,8.690669,0.9998318,1,nocompa/poc-CVE-2001-1473,F4_security_osint_cve,0,1
1,7.234298,0.9992791,1,themaxlpalfaboy5/CVE-2025-54897-LAB,F4_security_osint_cve,0,1
1,11.689012,0.99999166,1,Zeeeepaw/spyder-osint,F4_security_osint_cve,0,1
1,11.319112,0.99998784,1,Zeeeepax/spyder-osint2,F4_security_osint_cve,0,1
1,6.409869,0.9983575,1,adminlove522/VulnWatchDog,F4_security_osint_cve,0,1
1,8.0535145,0.9996822,1,nocomp2/poc-CVE-2001-1473,F4_security_osint_cve,0,1
1,7.168455,0.99923,1,themaxlpalfaboy6/CVE-2025-54897-LAB,F4_security_osint_cve,0,1
1,12.006188,0.9999939,1,Zeeeepa5/spyder-osint,F4_security_osint_cve,0,1
1,11.132505,0.99998534,1,Zeeeep2/spyder-osint2,F4_security_osint_cve,0,1
1,7.810088,0.9995945,1,adminlove5200/VulnWatchDog,F4_security_osint_cve,0,1
1,7.659822,0.9995289,1,nocom2/poc-CVE-2001-1473,F4_security_osint_cve,0,1
1,7.865883,0.9996165,1,themaxlpalfabo2/CVE-2025-54897-LAB,F4_security_osint_cve,0,1
1,11.813928,0.9999926,1,Zeeeep3/spyder-osint,F4_security_osint_cve,0,1
1,11.104547,0.999985,1,Zeeeep3/spyder-osint2,F4_security_osint_cve,0,1
1,7.1828847,0.9992411,1,adminlove520o/VulnWatchDog,F4_security_osint_cve,0,1
1,8.754527,0.9998423,1,nocompb/poc-CVE-2001-1473,F4_security_osint_cve,0,1
1,7.17799,0.9992374,1,themaxlpalfaboy7/CVE-2025-54897-LAB,F4_security_osint_cve,0,1
1,12.261559,0.99999523,1,Zeeeep4/spyder-osint,F4_security_osint_cve,0,1
1,11.716556,0.9999919,1,Zeeeepa6/spyder-osint2,F4_security_osint_cve,0,1
1,7.112673,0.999186,1,adminlove5208/VulnWatchDog,F4_security_osint_cve,0,1
1,7.7977457,0.9995895,1,nocompc/poc-CVE-2001-1473,F4_security_osint_cve,0,1
1,7.810935,0.99959487,1,themaxlpalfaboy8/CVE-2025-54897-LAB,F4_security_osint_cve,0,1
1,11.628921,0.99999106,1,Zeeeep5/spyder-osint,F4_security_osint_cve,0,1
1,11.283038,0.99998736,1,Zeeeepaz/spyder-osint2,F4_security_osint_cve,0,1
1,11.567364,0.9999906,1,arliawhitec/rentverse,F3_web3_platform_app,0,1
1,5.212142,0.99457955,1,studio-hu/blockchain-dev,F3_web3_platform_app,0,1
1,6.32738,0.99821645,1,knightsdexj/knightsbridge-dex,F3_web3_platform_app,0,1
1,6.5292277,0.9985421,1,protocol-app/TokenPresaleApp,F3_web3_platform_app,0,1
1,6.159625,0.99789137,1,mirzamudassi/blocknovas-nyx-public,F3_web3_platform_app,0,1
1,7.973323,0.9996556,1,SuperDev31/Trading_Platform_Ultrax,F3_web3_platform_app,0,1
1,8.152918,0.99971217,1,ta3pks2/Decentralized-Social,F3_web3_platform_app,0,1
1,7.124813,0.99919575,1,xorostar2/blocknovas-llc-currency-converter-task,F3_web3_platform_app,0,1
1,11.921828,0.9999933,1,arliawhite2/rentverse,F3_web3_platform_app,0,1
1,4.58821,0.98993134,1,app-proto/blockchain-dev,F3_web3_platform_app,0,1
1,6.2234955,0.9980216,1,knightsdexk/knightsbridge-dex,F3_web3_platform_app,0,1
1,6.4681287,0.9984503,1,chain-studio/TokenPresaleApp,F3_web3_platform_app,0,1
1,6.923012,0.99901605,1,mirzamudassira/blocknovas-nyx-public,F3_web3_platform_app,0,1
1,7.2177343,0.99926704,1,SuperDev3132/Trading_Platform_Ultrax,F3_web3_platform_app,0,1
1,8.970874,0.9998729,1,ta3pk/Decentralized-Social,F3_web3_platform_app,0,1
1,6.5891566,0.9986267,1,xorostar3/blocknovas-llc-currency-converter-task,F3_web3_platform_app,0,1
1,11.466068,0.9999895,1,arliawhitew/rentverse,F3_web3_platform_app,0,1
1,6.53577,0.9985514,1,chain-stu/blockchain-dev,F3_web3_platform_app,0,1
1,6.199189,0.997973,1,knightsdex2/knightsbridge-dex,F3_web3_platform_app,0,1
1,6.322561,0.9982079,1,labs-protocol/TokenPresaleApp,F3_web3_platform_app,0,1
1,6.685767,0.99875295,1,mirzamudassir2/blocknovas-nyx-public,F3_web3_platform_app,0,1
1,7.5321884,0.9994647,1,SuperDev313d/Trading_Platform_Ultrax,F3_web3_platform_app,0,1
1,8.128272,0.999705,1,ta3pk2/Decentralized-Social,F3_web3_platform_app,0,1
1,6.6335087,0.99868613,1,xorostar32/blocknovas-llc-currency-converter-task,F3_web3_platform_app,0,1
1,11.599999,0.9999908,1,arliawhite3/rentverse,F3_web3_platform_app,0,1
1,6.2538805,0.99808073,1,labs-stud/blockchain-dev,F3_web3_platform_app,0,1
1,6.4577928,0.99843425,1,knightsdexl/knightsbridge-dex,F3_web3_platform_app,0,1
1,6.298667,0.9981646,1,chain-studio2/TokenPresaleApp,F3_web3_platform_app,0,1
1,6.3889112,0.99832267,1,mirzamudassirj/blocknovas-nyx-public,F3_web3_platform_app,0,1
1,7.531714,0.99946445,1,SuperDev3133/Trading_Platform_Ultrax,F3_web3_platform_app,0,1
1,9.270219,0.9999058,1,ta3pks3/Decentralized-Social,F3_web3_platform_app,0,1
1,7.1423044,0.99920964,1,xorosta/blocknovas-llc-currency-converter-task,F3_web3_platform_app,0,1
1,12.552261,0.9999964,1,arliawhite4/rentverse,F3_web3_platform_app,0,1
1,5.4247704,0.9956132,1,protocol-/blockchain-dev,F3_web3_platform_app,0,1
1,5.3978157,0.9954939,1,knightsdexf/knightsbridge-dex,F3_web3_platform_app,0,1
1,6.7793274,0.9988643,1,verse-studio/TokenPresaleApp,F3_web3_platform_app,0,1
1,6.5010624,0.99850047,1,mirzamudassiri/blocknovas-nyx-public,F3_web3_platform_app,0,1
1,7.252611,0.99929214,1,SuperDev312/Trading_Platform_Ultrax,F3_web3_platform_app,0,1
1,8.052544,0.99968183,1,ta3pks4/Decentralized-Social,F3_web3_platform_app,0,1
1,7.3465776,0.9993556,1,xorosta2/blocknovas-llc-currency-converter-task,F3_web3_platform_app,0,1
1,12.077376,0.9999943,1,arliawhit/rentverse,F3_web3_platform_app,0,1
1,6.2357616,0.9980457,1,protocol-2/blockchain-dev,F3_web3_platform_app,0,1
1,6.460932,0.99843913,1,knightsdex3/knightsbridge-dex,F3_web3_platform_app,0,1
1,5.1634035,0.9943104,1,studio-labs/TokenPresaleApp,F3_web3_platform_app,0,1
1,6.572814,0.9986041,1,mirzamudassir3/blocknovas-nyx-public,F3_web3_platform_app,0,1
1,7.6782103,0.99953747,1,SuperDev313k/Trading_Platform_Ultrax,F3_web3_platform_app,0,1
1,9.032817,0.99988055,1,ta3pksm/Decentralized-Social,F3_web3_platform_app,0,1
1,7.092778,0.9991696,1,xorosta3/blocknovas-llc-currency-converter-task,F3_web3_platform_app,0,1
1,12.416245,0.99999595,1,arliawhite5/rentverse,F3_web3_platform_app,0,1
1,5.6262197,0.9964108,1,protocol-3/blockchain-dev,F3_web3_platform_app,0,1
1,5.3778906,0.99540365,1,knightsdex4/knightsbridge-dex,F3_web3_platform_app,0,1
1,6.0844917,0.9977272,1,app-studio/TokenPresaleApp,F3_web3_platform_app,0,1
1,4.7205873,0.99116874,1,labs-market/polymarket-copytrading-bot-sport,F2_crypto_trading_bot,0,1
1,4.599846,0.9900467,1,FaceOFWoo/SniperBot-Solana-PumpSwap,F2_crypto_trading_bot,0,1
1,11.393711,0.9999887,1,harshithvaddiparthyy/quant-bot,F2_crypto_trading_bot,0,1
1,7.0500135,0.9991334,1,MorningStar213ry/Solana-pumpfun-bot,F2_crypto_trading_bot,0,1
1,4.6241517,0.99028337,1,dex-copy/polymarket-copytrading-bot-sport,F2_crypto_trading_bot,0,1
1,6.614644,0.99866116,1,FaceOFWoodv/SniperBot-Solana-PumpSwap,F2_crypto_trading_bot,0,1
1,10.982497,0.99998295,1,harshithvaddiparthy4/quant-bot,F2_crypto_trading_bot,0,1
1,7.263836,0.9993,1,MorningStar213/Solana-pumpfun-bot,F2_crypto_trading_bot,0,1
1,5.031191,0.9935114,1,dex-bot/polymarket-copytrading-bot-sport,F2_crypto_trading_bot,0,1
1,7.5104675,0.999453,1,FaceOFWood2/SniperBot-Solana-PumpSwap,F2_crypto_trading_bot,0,1
1,10.949765,0.9999825,1,harshithvaddiparthy42/quant-bot,F2_crypto_trading_bot,0,1
1,6.290038,0.9981488,1,MorningStar2132/Solana-pumpfun-bot,F2_crypto_trading_bot,0,1
1,5.186427,0.9944391,1,dex-trade/polymarket-copytrading-bot-sport,F2_crypto_trading_bot,0,1
1,6.082032,0.9977216,1,FaceOFWoodk/SniperBot-Solana-PumpSwap,F2_crypto_trading_bot,0,1
1,11.651088,0.9999913,1,harshithvaddiparthyu/quant-bot,F2_crypto_trading_bot,0,1
1,7.157033,0.9992212,1,MorningStar2133/Solana-pumpfun-bot,F2_crypto_trading_bot,0,1
1,5.3063793,0.9950647,1,bot-trade/polymarket-copytrading-bot-sport,F2_crypto_trading_bot,0,1
1,6.943358,0.99903595,1,FaceOFWood3/SniperBot-Solana-PumpSwap,F2_crypto_trading_bot,0,1
1,10.873792,0.99998105,1,harshithvaddiparthy/quant-bot,F2_crypto_trading_bot,0,1
1,6.36639,0.9982845,1,MorningStar213o3/Solana-pumpfun-bot,F2_crypto_trading_bot,0,1
1,5.1038113,0.99396306,1,dex-signal/polymarket-copytrading-bot-sport,F2_crypto_trading_bot,0,1
1,4.262289,0.9861057,1,FaceOFWood4/SniperBot-Solana-PumpSwap,F2_crypto_trading_bot,0,1
1,11.467904,0.9999895,1,harshithvaddiparthyy2/quant-bot,F2_crypto_trading_bot,0,1
1,5.7629833,0.9968681,1,MorningStar213gg/Solana-pumpfun-bot,F2_crypto_trading_bot,0,1
1,4.996195,0.99328184,1,signal-labs/polymarket-copytrading-bot-sport,F2_crypto_trading_bot,0,1
1,5.508057,0.99596244,1,FaceOFWoo2/SniperBot-Solana-PumpSwap,F2_crypto_trading_bot,0,1
1,11.362361,0.9999883,1,harshithvaddiparthy2/quant-bot,F2_crypto_trading_bot,0,1
1,7.272132,0.99930584,1,MorningStar2132q/Solana-pumpfun-bot,F2_crypto_trading_bot,0,1
1,5.1302996,0.99411994,1,copy-trade/polymarket-copytrading-bot-sport,F2_crypto_trading_bot,0,1
1,6.377839,0.9983041,1,FaceOFWood5/SniperBot-Solana-PumpSwap,F2_crypto_trading_bot,0,1
1,11.002209,0.9999833,1,harshithvaddiparthy3/quant-bot,F2_crypto_trading_bot,0,1
1,5.94244,0.99738127,1,MorningStar213q/Solana-pumpfun-bot,F2_crypto_trading_bot,0,1
1,5.4194837,0.9955901,1,signal-marke/polymarket-copytrading-bot-sport,F2_crypto_trading_bot,0,1
1,3.841733,0.97899437,1,FaceOFWoo3/SniperBot-Solana-PumpSwap,F2_crypto_trading_bot,0,1
1,10.88592,0.9999813,1,harshithvaddiparthy32/quant-bot,F2_crypto_trading_bot,0,1
1,6.5258245,0.99853706,1,MorningStar213j/Solana-pumpfun-bot,F2_crypto_trading_bot,0,1
1,5.1312,0.99412525,1,bot-market/polymarket-copytrading-bot-sport,F2_crypto_trading_bot,0,1
1,5.661994,0.9965365,1,FaceOFWoodh/SniperBot-Solana-PumpSwap,F2_crypto_trading_bot,0,1
1,11.202645,0.9999864,1,harshithvaddiparthyv/quant-bot,F2_crypto_trading_bot,0,1
1,6.5475087,0.9985683,1,MorningStar213h/Solana-pumpfun-bot,F2_crypto_trading_bot,0,1
1,5.243662,0.99474686,1,dex-copy2/polymarket-copytrading-bot-sport,F2_crypto_trading_bot,0,1
1,6.609686,0.9986545,1,FaceOFWood6/SniperBot-Solana-PumpSwap,F2_crypto_trading_bot,0,1
1,11.221843,0.99998665,1,harshithvaddiparthyo/quant-bot,F2_crypto_trading_bot,0,1
1,5.3198133,0.9951302,1,MorningStar2131/Solana-pumpfun-bot,F2_crypto_trading_bot,0,1
1,5.058362,0.9936841,1,bot-market2/polymarket-copytrading-bot-sport,F2_crypto_trading_bot,0,1
1,6.3797755,0.99830735,1,FaceOFWood7/SniperBot-Solana-PumpSwap,F2_crypto_trading_bot,0,1
1,11.385556,0.9999887,1,harshithvaddiparthyt/quant-bot,F2_crypto_trading_bot,0,1
1,5.5522513,0.99613625,1,MorningStar213mf/Solana-pumpfun-bot,F2_crypto_trading_bot,0,1
1,5.298916,0.99502784,1,copy-signal/polymarket-copytrading-bot-sport,F2_crypto_trading_bot,0,1
1,6.664772,0.99872655,1,FaceOFWood8/SniperBot-Solana-PumpSwap,F2_crypto_trading_bot,0,1
1,10.886106,0.9999813,1,harshithvaddiparthy5/quant-bot,F2_crypto_trading_bot,0,1
1,6.8993187,0.9989925,1,MorningStar21397/Solana-pumpfun-bot,F2_crypto_trading_bot,0,1
1,5.295065,0.9950087,1,bot-market3/polymarket-copytrading-bot-sport,F2_crypto_trading_bot,0,1
1,7.2871423,0.9993162,1,FaceOFWood9/SniperBot-Solana-PumpSwap,F2_crypto_trading_bot,0,1
1,11.053321,0.99998415,1,harshithvaddiparthyp/quant-bot,F2_crypto_trading_bot,0,1
1,7.1199627,0.9991918,1,MorningStar2134v/Solana-pumpfun-bot,F2_crypto_trading_bot,0,1
1,6.717806,0.9987923,1,eferos93/takehome-test4,F5_ai_media_demo,0,1
1,9.879141,0.99994874,1,Metaldadisba/HacxGPT,F5_ai_media_demo,0,1
1,6.743062,0.9988224,1,rizvejoarder9/SoraMax,F5_ai_media_demo,0,1
1,6.1696377,0.99791235,1,shivas1432p/sora2-watermark-remover,F5_ai_media_demo,0,1
1,6.3452888,0.9982481,1,eferos932/takehome-test4,F5_ai_media_demo,0,1
1,9.941906,0.99995184,1,Metaldadisbad2/HacxGPT,F5_ai_media_demo,0,1
1,6.959336,0.99905115,1,rizvejoarder4/SoraMax,F5_ai_media_demo,0,1
1,7.28832,0.99931705,1,shivas14322/sora2-watermark-remover,F5_ai_media_demo,0,1
1,6.3593874,0.99827254,1,eferos9/takehome-test4,F5_ai_media_demo,0,1
1,9.286469,0.9999074,1,Metaldadisba2/HacxGPT,F5_ai_media_demo,0,1
1,6.8410664,0.9989322,1,rizvejoardern/SoraMax,F5_ai_media_demo,0,1
1,6.280726,0.99813145,1,shivas143/sora2-watermark-remover,F5_ai_media_demo,0,1
1,5.8121767,0.997018,1,eferos932/test4,F5_ai_media_demo,0,1
1,9.895388,0.9999496,1,Metaldadisbad3/HacxGPT,F5_ai_media_demo,0,1
1,6.2765403,0.9981236,1,rizvejoarder2/SoraMax,F5_ai_media_demo,0,1
1,6.9407053,0.99903333,1,shivas1433/sora2-watermark-remover,F5_ai_media_demo,0,1
1,6.4268713,0.9983851,1,eferos92/takehome-test4,F5_ai_media_demo,0,1
1,9.876559,0.9999486,1,Metaldadisbadd/HacxGPT,F5_ai_media_demo,0,1
1,6.886547,0.9989796,1,rizvejoarder22/SoraMax,F5_ai_media_demo,0,1
1,7.029144,0.99911505,1,shivas1432o/sora2-watermark-remover,F5_ai_media_demo,0,1
1,6.878313,0.9989712,1,eferos94/takehome-test4,F5_ai_media_demo,0,1
1,9.934197,0.9999515,1,Metaldadisbad4/HacxGPT,F5_ai_media_demo,0,1
1,7.0253353,0.9991117,1,rizvejoarder3/SoraMax,F5_ai_media_demo,0,1
1,7.0963225,0.9991725,1,shivas14323/sora2-watermark-remover,F5_ai_media_demo,0,1
1,6.856908,0.998949,1,eferos95/takehome-test4,F5_ai_media_demo,0,1
1,9.930684,0.99995136,1,Metaldadisba3/HacxGPT,F5_ai_media_demo,0,1
1,6.1842318,0.9979425,1,rizvejoarder6/SoraMax,F5_ai_media_demo,0,1
1,6.469983,0.99845314,1,shivas1434/sora2-watermark-remover,F5_ai_media_demo,0,1
1,6.9035535,0.9989968,1,eferos93d/test4,F5_ai_media_demo,0,1
1,9.199912,0.9998989,1,Metaldadisbad5/HacxGPT,F5_ai_media_demo,0,1
1,6.124781,0.9978168,1,rizvejoarde/SoraMax,F5_ai_media_demo,0,1
1,6.4508996,0.99842346,1,shivas14324/sora2-watermark-remover,F5_ai_media_demo,0,1
1,6.9901257,0.99907994,1,eferos935/takehome-test4,F5_ai_media_demo,0,1
1,9.215293,0.99990046,1,Metaldadisbadt/HacxGPT,F5_ai_media_demo,0,1
1,7.0243015,0.99911076,1,rizvejoarder5/SoraMax,F5_ai_media_demo,0,1
1,7.0967865,0.99917287,1,shivas1435/sora2-watermark-remover,F5_ai_media_demo,0,1
1,6.626684,0.9986772,1,eferos93a/test4,F5_ai_media_demo,0,1
1,9.306085,0.99990916,1,Metaldadisbad6/HacxGPT,F5_ai_media_demo,0,1
1,6.0183473,0.99757224,1,rizvejoarderr/SoraMax,F5_ai_media_demo,0,1
1,6.856224,0.9989483,1,shivas1432s/sora2-watermark-remover,F5_ai_media_demo,0,1
1,6.785383,0.998871,1,eferos93e/test4,F5_ai_media_demo,0,1
1,9.925979,0.9999511,1,Metaldadisbadg/HacxGPT,F5_ai_media_demo,0,1
1,6.137345,0.997844,1,rizvejoardern2/SoraMax,F5_ai_media_demo,0,1
1,7.3104234,0.9993319,1,shivas14321/sora2-watermark-remover,F5_ai_media_demo,0,1
1,6.192495,0.9979595,1,eferos93z/takehome-test4,F5_ai_media_demo,0,1
1,9.845664,0.9999471,1,Metaldadisbad62/HacxGPT,F5_ai_media_demo,0,1
1,5.9611435,0.99742967,1,rizvejoarderv/SoraMax,F5_ai_media_demo,0,1
1,6.32034,0.9982039,1,shivas14327/sora2-watermark-remover,F5_ai_media_demo,0,1
1,6.3658113,0.9982836,1,eferos93p/takehome-test4,F5_ai_media_demo,0,1
1,9.892587,0.99994946,1,Metaldadisbadx/HacxGPT,F5_ai_media_demo,0,1
1,6.39037,0.99832517,1,rizvejoarde2/SoraMax,F5_ai_media_demo,0,1
1,7.4332695,0.9994091,1,shivas14325/sora2-watermark-remover,F5_ai_media_demo,0,1
1,6.53041,0.99854374,1,eferos93r/test4,F5_ai_media_demo,0,1
1,9.925532,0.9999511,1,Metaldadisbad7/HacxGPT,F5_ai_media_demo,0,1
1,6.135266,0.99783945,1,rizvejoarder7/SoraMax,F5_ai_media_demo,0,1
1,6.32944,0.99822015,1,shivas1432a/sora2-watermark-remover,F5_ai_media_demo,0,1
0,-22.645954,1.4621337e-10,0,007SKRN/crypto-portfolio-tracker,NEG_00000,0,0
0,-42.15771,4.910647e-19,0,00hello/solidity-experiments,NEG_00001,0,0
0,-25.217552,1.1172651e-11,0,0ryX/Blockchain-Miner,NEG_00002,0,0
0,-37.30117,6.314043e-17,0,0wl3xSec/web3-cryptozombies,NEG_00003,0,0
0,-29.24836,1.9842607e-13,0,0x-Crisbanks/panda-Web3-smart-contract-auditor-,NEG_00004,0,0
0,-26.35569,3.5798862e-12,0,0x4543/zeta-crypto,NEG_00005,0,0
0,-22.138138,2.429567e-10,0,0xalberto/solana-crash-game,NEG_00006,0,0
0,-34.19429,1.4112647e-15,0,0xbitcoin/0xbitcoin-token,NEG_00007,0,0
0,-30.497665,5.688952e-14,0,0xcregis/anychain,NEG_00008,0,0
0,-25.48779,8.526951e-12,0,0xDeadList/0xDeadList,NEG_00009,0,0
0,-28.377518,4.7402436e-13,0,0xdevrel/Conditional-NFTs,NEG_00010,0,0
0,-34.70413,8.4759543e-16,0,0xefrain/Bsc-bootcamp,NEG_00011,0,0
0,-23.961655,3.9227045e-11,0,0xfps/python-solidity-blockchain-smart-contract-course,NEG_00012,0,0
0,-32.960503,4.8465828e-15,0,0xfrosty/leverade-nft,NEG_00013,0,0
0,-40.266663,3.2539482e-18,0,0xGeegZ/defi-gambler,NEG_00014,0,0
0,-34.439598,1.1042632e-15,0,0xGval/evm-mcp-tools,NEG_00015,0,0
0,-19.361816,3.9018446e-09,0,0xhappydev/evm-explorer-uniswap,NEG_00016,0,0
0,-34.360054,1.1956888e-15,0,0xinevitable/bento,NEG_00017,0,0
0,-28.961979,2.6422408e-13,0,0xisk/awesome-solidity-security,NEG_00018,0,0
0,-34.737106,8.2009926e-16,0,0xJonaseb11/Meta-suite,NEG_00019,0,0
0,-26.562187,2.911982e-12,0,0xJonaseb11/shared_wallet.3.0,NEG_00020,0,0
0,-38.93535,1.2319498e-17,0,0xJonaseb11/solidity_L,NEG_00021,0,0
0,-26.292278,3.8142454e-12,0,0xLabs-Org/DeHarvest,NEG_00022,0,0
0,-28.46526,4.34205e-13,0,0xMaka/w3py,NEG_00023,0,0
0,-22.504028,1.6850961e-10,0,0xmdrakib/JesseHillClimb,NEG_00024,0,0
0,-19.516075,3.3440768e-09,0,0xMesinTempur/Flappyster,NEG_00025,0,0
0,-18.909637,6.132659e-09,0,0xPleiades/switch-trade-coin,NEG_00026,0,0
0,-39.749096,5.459929e-18,0,0xpranay/WildCoins-NFT,NEG_00027,0,0
0,-26.818642,2.2532633e-12,0,0xRajkumar/damn-vulnerable-defi-solutions,NEG_00028,0,0
0,-43.21688,1.7027353e-19,0,0xRobWatson/Allowance-dApp,NEG_00029,0,0
0,-29.532658,1.4932406e-13,0,0xTaoDev/Wallet-Trades-Tracker,NEG_00030,0,0
0,-36.45269,1.4750199e-16,0,0xTijan/coin-flip,NEG_00031,0,0
0,-15.87078,1.280583e-07,0,0xwagmi/bitcoin_wallet,NEG_00032,0,0
0,-31.451145,2.192508e-14,0,1-5Pool/RansomwareEschrowService,NEG_00033,0,0
0,-26.611996,2.7704935e-12,0,10ap17/Damn-Vulnerable-DeFi-Foundry,NEG_00034,0,0
0,-17.695084,2.0659645e-08,0,10gic/vanitygen-plusplus,NEG_00035,0,0
0,-40.226894,3.3859596e-18,0,1200wd/bitcoinlib,NEG_00036,0,0
0,-39.86835,4.8461315e-18,0,1983shiv/blockchain-crypto-smart-contract-example,NEG_00037,0,0
0,-19.986862,2.0884114e-09,0,1Crazymoney/ethNearMarketplace,NEG_00038,0,0
0,-35.21588,5.080858e-16,0,1poolfinance/1Pool-Strategy,NEG_00039,0,0
0,-10.612523,2.4605324e-05,0,2303A51405/solidity-smart_contract,NEG_00040,0,0
0,-25.878311,5.7702185e-12,0,23Konradbase/altseason-ethereum,NEG_00041,0,0
0,-42.38269,3.9213125e-19,0,2qx/awesome-bitcoin-cash,NEG_00042,0,0
0,-23.562798,5.8453034e-11,0,339-Labs/wallet-platform-mpc-go,NEG_00043,0,0
0,-28.362152,4.8136424e-13,0,3Dpass/wallet,NEG_00044,0,0
0,-20.69188,1.0318844e-09,0,5ajaki/safe-mcp-server,NEG_00045,0,0
0,-26.673763,2.6045446e-12,0,6sl3pt/ethereum-data-analytics,NEG_00046,0,0
0,-23.070778,9.560673e-11,0,914alexwillett/StochRSI-Crypto-Trading-Algorithm,NEG_00047,0,0
0,-32.552532,7.28811e-15,0,94929/rock-paper-scissors,NEG_00048,0,0
0,-43.715313,1.0343816e-19,0,a1fred/cryptoportfolio,NEG_00049,0,0
0,-39.754684,5.429501e-18,0,a3igner/dixie-coin,NEG_00050,0,0
0,-17.9332,1.6282078e-08,0,a6b8/ascii-to-svg-generator-for-ruby,NEG_00051,0,0
0,-29.566479,1.4435819e-13,0,aankor/wnft,NEG_00052,0,0
0,-31.46053,2.1720293e-14,0,aaquib8700/Wallet-SmartContract,NEG_00053,0,0
0,-23.00632,1.01972195e-10,0,aarambh-darshan/mini-blockchain,NEG_00054,0,0
0,-12.045238,5.872422e-06,0,aaronajis92/smart-contract-cryptorian,NEG_00055,0,0
0,-36.57542,1.3046582e-16,0,aave/aave-v3-core,NEG_00056,0,0
0,-28.479843,4.2791871e-13,0,aave/governance-crosschain-bridges,NEG_00057,0,0
0,-41.94717,6.0614353e-19,0,aawp-ai/aawp,NEG_00058,0,0
0,-20.208271,1.6736299e-09,0,abba-platforms/NADD,NEG_00059,0,0
0,-32.036835,1.2206172e-14,0,abdullahpichoo/SimpleStorage-using-Brownie,NEG_00060,0,0
0,-24.391624,2.5518322e-11,0,abdurrazzak5621/neonops-ai,NEG_00061,0,0
0,-16.921131,4.4796703e-08,0,abhi-rawal/aave_credit_scoring,NEG_00062,0,0
0,-15.814836,1.3542665e-07,0,AbhinavOC24/sPay,NEG_00063,0,0
0,-25.3303,9.981384e-12,0,AbioyeSamuel/DBANK_DeFi_DApp,NEG_00064,0,0
0,-31.19345,2.8369807e-14,0,AbushakerJamil/Hardhat-Test,NEG_00065,0,0
0,-35.875576,2.6268503e-16,0,ac12644/ICO-Smart-Contract,NEG_00066,0,0
0,-25.984764,5.1875266e-12,0,acebusters/acebusters-frontend,NEG_00067,0,0
0,-29.670193,1.3013646e-13,0,AchyuthMohan/Blockchain-Cryptogram,NEG_00068,0,0
0,-25.816357,6.1390155e-12,0,AchyuthMohan/cryptogram-nmit-block-chain-,NEG_00069,0,0
0,-32.023098,1.23750014e-14,0,ACINQ/phoenix,NEG_00070,0,0
0,-25.299911,1.0289353e-11,0,ada173/solidity-template,NEG_00071,0,0
0,-23.113152,9.1640154e-11,0,adam-art/SOLANA-PROJECT-v1.0,NEG_00072,0,0
0,-23.369495,7.09181e-11,0,Adamant-im/adamant-api-jsclient,NEG_00073,0,0
0,-33.85136,1.9885706e-15,0,Adamant-im/adamant-im,NEG_00074,0,0
0,-26.85197,2.1794018e-12,0,adameth2900/ETH,NEG_00075,0,0
0,-36.39395,1.5642557e-16,0,adamocallaghan/membrane-finance-v2,NEG_00076,0,0
0,-38.2349,2.4819515e-17,0,adeshshukla/MyCryptoFolio,NEG_00077,0,0
0,-25.885895,5.7266253e-12,0,adhithim09/Dsurv---Crypto_Token,NEG_00078,0,0
0,-30.370705,6.459078e-14,0,adilsachwani/web3ForSmartContracts,NEG_00079,0,0
0,-34.88076,7.103597e-16,0,Aditya-alchemist/GFGKIIT-CRYPTOMA-HyperThon,NEG_00080,0,0
0,-7.8106756,0.00040521982,0,adityajkate/crypto-risk,NEG_00081,0,0
0,-39.089165,1.05631006e-17,0,AdrianaMiha/Krypto,NEG_00082,0,0
0,-29.506916,1.532178e-13,0,adrianhajdin/project_crowdfunding,NEG_00083,0,0
0,-33.919033,1.858451e-15,0,adrianhajdin/project_web3.0,NEG_00084,0,0
0,-31.138939,2.9959233e-14,0,adrianhajdin/project_web3_battle_game,NEG_00085,0,0
0,-42.014324,5.6677516e-19,0,adrianmcli/eth95,NEG_00086,0,0
0,-31.285248,2.5881503e-14,0,adrianmcli/ganache-jest-example,NEG_00087,0,0
0,-11.305645,1.2303123e-05,0,Adrijan-Petek/gas-fee-optimizer,NEG_00088,0,0
0,-22.888805,1.1468803e-10,0,Adrijan-Petek/onchain-nft-art,NEG_00089,0,0
0,-24.879543,1.5665767e-11,0,Adrijan-Petek/portfolio-tracker-pnl,NEG_00090,0,0
0,-23.59177,5.6783796e-11,0,Adrijan-Petek/token-correlation-analyzer,NEG_00091,0,0
0,-28.687355,3.4772828e-13,0,adw0rd/solidity-create2-web3-example,NEG_00092,0,0
0,-35.998817,2.3222674e-16,0,adwait2001/Mint-NFT,NEG_00093,0,0
0,-32.188385,1.0489675e-14,0,aelew/cryptotracker,NEG_00094,0,0
0,-25.742542,6.609307e-12,0,aeminium-labs/nextjs-solana-starter-kit,NEG_00095,0,0
0,-34.028465,1.6658095e-15,0,aeternity/aeternity,NEG_00096,0,0
0,-24.525585,2.2318945e-11,0,afacchi0/rpc-inspector,NEG_00097,0,0
0,-40.80771,1.8942498e-18,0,afroze93/smart-contract-1,NEG_00098,0,0
0,-15.090215,2.7951356e-07,0,Afrozllm/Web3-Wallet-Connect,NEG_00099,0,0
0,-16.42146,7.3833064e-08,0,agencyenterprise/serpro-web3-hackathon,NEG_00100,0,0
0,-22.202057,2.2791305e-10,0,aggel008/defi-signal,NEG_00101,0,0
0,-27.718327,9.163972e-13,0,aha-moment-group/braavos,NEG_00102,0,0
0,-26.138863,4.4466835e-12,0,aha-moment-group/wallet,NEG_00103,0,0
0,-29.30893,1.867642e-13,0,ahester57/private-chain,NEG_00104,0,0
0,-32.45674,8.020775e-15,0,ahmadbrainworks/fiddi,NEG_00105,0,0
0,-27.733006,9.030436e-13,0,ahmedali8/hardhat-js-starterkit,NEG_00106,0,0
0,-26.261627,3.932966e-12,0,ahmedali8/hardhat-ts-template,NEG_00107,0,0
0,-20.417892,1.3571315e-09,0,ahmedali8/solspeakai,NEG_00108,0,0
0,-37.239285,6.717137e-17,0,ahmetozlu/defi_yield_farming,NEG_00109,0,0
0,-37.56479,4.8508684e-17,0,ahmetzturk/epic-nfts,NEG_00110,0,0
0,-37.926357,3.3790318e-17,0,AICoin-io/AICoin,NEG_00111,0,0
0,-30.126762,8.243532e-14,0,aidear3/smart-contracts,NEG_00112,0,0
0,-26.863289,2.154874e-12,0,aidevrelagent/nama-repo-lowercase-dengan-dash-v2,NEG_00113,0,0
0,-34.62889,9.138265e-16,0,AidosKuneen/aidos-wallet-v1,NEG_00114,0,0
0,-27.867691,7.8925186e-13,0,AiKay96/Bitcoin-Wallet,NEG_00115,0,0
0,-18.293247,1.1359094e-08,0,aiLeonardo/cryptotips,NEG_00116,0,0
0,-25.304714,1.0240055e-11,0,aitos-io/BoAT-X-Framework,NEG_00117,0,0
0,-39.17359,9.707901e-18,0,ajaysaini-sgvu/cryptocurrency-api,NEG_00118,0,0
0,-31.79158,1.5598833e-14,0,Ajitabh-Kalia/Ethereum-Wallet,NEG_00119,0,0
0,-38.944153,1.2211508e-17,0,ajsizzle/bitcoin-ticker,NEG_00120,0,0
0,-37.770332,3.9495998e-17,0,akashmehrotra29/my-wave-portal,NEG_00121,0,0
0,-29.166973,2.1525067e-13,0,akbarwijayaa/simple-defi-flash,NEG_00122,0,0
0,-40.132774,3.7201253e-18,0,akhileshthite/dtube,NEG_00123,0,0
0,-19.746628,2.6555131e-09,0,akinncar/ar-nft,NEG_00124,0,0
0,-20.796364,9.295098e-10,0,akiselyoff/defi,NEG_00125,0,0
0,-26.73386,2.4526305e-12,0,Akshat-cs/hardhat-defi-aave-v2,NEG_00126,0,0
0,-21.644062,3.9820186e-10,0,akshit0201/Web3-Ethereum,NEG_00127,0,0
0,-17.381775,2.826123e-08,0,AkshitTiwarii/carbonx,NEG_00128,0,0
0,-36.620804,1.2467719e-16,0,alanpelayoo/FatedEth,NEG_00129,0,0
0,-37.216003,6.875354e-17,0,alebeta06/chainlink-bootcampES-2024,NEG_00130,0,0
0,-23.40664,6.833226e-11,0,AlejandroGV96/web3-test,NEG_00131,0,0
0,-36.194412,1.9097058e-16,0,alejoacosta74/ethereum-erc20token-vault,NEG_00132,0,0
0,-31.032986,3.3307768e-14,0,alejoacosta74/ethereum-farming-example,NEG_00133,0,0
0,-37.91059,3.4327287e-17,0,alejoacosta74/token-swap-exchange,NEG_00134,0,0
0,-36.21705,1.8669625e-16,0,AleRapchan/nft-token-factory,NEG_00135,0,0
0,-40.330017,3.054191e-18,0,alesanro/ethereum-smart-contracts,NEG_00136,0,0
0,-39.7751,5.3197747e-18,0,alexandrupele/web3,NEG_00137,0,0
0,-23.42706,6.695107e-11,0,alexbensimon/pakt,NEG_00138,0,0
0,-29.802967,1.1395565e-13,0,alexbiet/smartwallet,NEG_00139,0,0
0,-23.02026,1.0056067e-10,0,AlexCheema/Tanuki,NEG_00140,0,0
0,-41.87344,6.525235e-19,0,alexharrod/cryptozombies,NEG_00141,0,0
0,-29.613628,1.3770972e-13,0,alexia795/Gnosis-wallet-pro,NEG_00142,0,0
0,-27.70427,9.2937e-13,0,AlexNa-Holdings/web3pro,NEG_00143,0,0
0,-30.452927,5.949247e-14,0,alexx855/axie-tools,NEG_00144,0,0
0,-32.03161,1.22701294e-14,0,alfonsrv/crypto-tracker,NEG_00145,0,0
0,-22.597286,1.5350526e-10,0,algonomad571/CryptoHFT,NEG_00146,0,0
0,-36.515602,1.3850822e-16,0,alice-si/contracts,NEG_00147,0,0
0,-13.837846,9.779113e-07,0,aliezzahn/crypto-chart,NEG_00148,0,0
0,-16.805378,5.02941e-08,0,aliezzahn/crypto-price-correlation-matrix,NEG_00149,0,0
0,-16.63924,5.9384046e-08,0,aliezzahn/yield-farming-optimization-calculator,NEG_00150,0,0
0,-23.171162,8.647535e-11,0,Alikhan-Shanbay/AegisScan,NEG_00151,0,0
0,-34.748043,8.111789e-16,0,aliraza944/MultiSig-Wallet-,NEG_00152,0,0
0,-27.706238,9.275424e-13,0,alisidaniel/Defi,NEG_00153,0,0
0,-21.195889,6.2336525e-10,0,alissonfernandes/bitcoin-wallet,NEG_00154,0,0
0,-20.80244,9.2387836e-10,0,AllanOtieno254/SmartContractVendingMachine,NEG_00155,0,0
0,-25.295238,1.0337548e-11,0,almonit/almonit-plugin,NEG_00156,0,0
0,-16.392246,7.6021756e-08,0,aloshai/aequi-monorepo,NEG_00157,0,0
0,-27.94886,7.277199e-13,0,alpaca-finance/bsc-alpaca-contract,NEG_00158,0,0
0,-41.703144,7.736681e-19,0,alpdevcode/ethereum-multisig-wallet,NEG_00159,0,0
0,-20.160091,1.7562388e-09,0,alpha-sol/alpha-frontend,NEG_00160,0,0
0,-24.22424,3.0168e-11,0,alpinelab-it/BuyMeABeer-Solidity-DeFi-Tipping-smart-contract-,NEG_00161,0,0
0,-38.562744,1.7881873e-17,0,alto-io/contractor,NEG_00162,0,0
0,-33.62914,2.4834223e-15,0,amandladev/erc721-nftMint-smartContract,NEG_00163,0,0
0,-40.26278,3.266609e-18,0,amazingandyyy/leptin,NEG_00164,0,0
0,-48.844776,6.1232676e-22,0,amazingandyyy/solidity-contracts,NEG_00165,0,0
0,-32.494286,7.725224e-15,0,amdonatusprince/brownie_simple_storage-application,NEG_00166,0,0
0,-16.850945,4.8053803e-08,0,amnegan/BlockChain-CryptoCurrencies,NEG_00167,0,0
0,-22.045944,2.6642077e-10,0,amonrak/rustychain,NEG_00168,0,0
0,-20.842339,8.877433e-10,0,Amr-9/HexHunter,NEG_00169,0,0
0,-28.230808,5.489285e-13,0,amurto/cryptoludo,NEG_00170,0,0
0,-13.481497,1.3965605e-06,0,An4Dev/Solana-Bitcoin-NFT-Dex-Defi-P2EGame-SmartContract-Web3-Projects,NEG_00171,0,0
0,-34.893158,7.016072e-16,0,AnalytixAudit/Solidity,NEG_00172,0,0
0,-14.442665,5.341091e-07,0,ancutadaniel/ethereum_hardhat_nft_marketplace,NEG_00173,0,0
0,-34.081326,1.5800412e-15,0,andrarwes/BlockChainApp,NEG_00174,0,0
0,-29.130478,2.232514e-13,0,AndreiD/qv_voting,NEG_00175,0,0
0,-32.5311,7.445986e-15,0,andreitoma8/legendary-owls-smart-contract,NEG_00176,0,0
0,-27.0475,1.7923372e-12,0,andrejrakic/Pied-Piper-DeFi-App-Subspace-Demo-,NEG_00177,0,0
0,-22.83413,1.2113333e-10,0,andrewinsoul/CadenaCourse-CryptoBank-UI,NEG_00178,0,0
0,-25.547424,8.033312e-12,0,andycapaldo/hello-blockchain,NEG_00179,0,0
0,-31.139477,2.9943123e-14,0,angelcatanzariti1/web3_py_example,NEG_00180,0,0
0,-20.953228,7.9456364e-10,0,Aniket-Engg/sol-profiler-vscode,NEG_00181,0,0
0,-42.983932,2.1493902e-19,0,ankitaryan404/nft-marketplace,NEG_00182,0,0
0,-27.815136,8.318403e-13,0,AnnaNX1/create-NFT,NEG_00183,0,0
0,-33.09018,4.257137e-15,0,annasudol/multi-signature-wallet,NEG_00184,0,0
0,-40.22744,3.3841127e-18,0,anoff/cryptobooks,NEG_00185,0,0
0,-20.277977,1.5609409e-09,0,Anonymous961/NFTClaimApp,NEG_00186,0,0
0,-31.169617,2.90541e-14,0,ant-design/ant-design-web3,NEG_00187,0,0
0,-14.52858,4.901374e-07,0,AntoineBastide47/Blockchain,NEG_00188,0,0
0,-26.71119,2.5088688e-12,0,Anton1636/crypto-wallet,NEG_00189,0,0
0,-44.720055,3.7872768e-20,0,antoniopgs/tangible,NEG_00190,0,0
0,-17.848202,1.772656e-08,0,anudeeep4/Decentralized-Identity-Project,NEG_00191,0,0
0,-23.753872,4.8286368e-11,0,Anugo1/Attest-Nft,NEG_00192,0,0
0,-20.946648,7.9980944e-10,0,anwar-776/gocryp8,NEG_00193,0,0
0,-29.009396,2.5198783e-13,0,anza-xyz/wallet-adapter,NEG_00194,0,0
0,-31.931995,1.3555344e-14,0,aonemd/stakehouse,NEG_00195,0,0
0,-15.197984,2.5095704e-07,0,apache/incubator-resilientdb-ResLens,NEG_00196,0,0
0,-26.17939,4.270074e-12,0,apalowski688-art/ethereum-bitcoin,NEG_00197,0,0
0,-19.122768,4.955497e-09,0,apeboard/pools,NEG_00198,0,0
0,-23.564087,5.837771e-11,0,Aperture-Finance/Aperture-Lens,NEG_00199,0,0
0,-23.76741,4.763705e-11,0,ApeWorX/ape-ganache,NEG_00200,0,0
0,-35.655365,3.2739478e-16,0,ApeWorX/ape-ledger,NEG_00201,0,0
0,-32.032104,1.2264046e-14,0,ApeWorX/evm-trace,NEG_00202,0,0
0,-36.27309,1.7652124e-16,0,apoorvlathey/Crypto-Car-Battle,NEG_00203,0,0
0,-23.069778,9.5702335e-11,0,apoorvm230/web3-vuln-scanner,NEG_00204,0,0
0,-22.600143,1.5306731e-10,0,aptos-labs/petra-vault,NEG_00205,0,0
0,-22.197334,2.2899195e-10,0,aqemal/owasp-sc-token-,NEG_00206,0,0
0,-29.201443,2.0795746e-13,0,aragon/use-wallet,NEG_00207,0,0
0,-37.114964,7.606348e-17,0,aranair/pine,NEG_00208,0,0
0,-16.590992,6.2319465e-08,0,Aranyani01/Alpha-defi-adapter,NEG_00209,0,0
0,-12.701459,3.0466679e-06,0,ardriveapp/turbo-app,NEG_00210,0,0
0,-27.389843,1.2727479e-12,0,aridder/pengekrukka,NEG_00211,0,0
0,-35.86174,2.6634475e-16,0,Arifin036/defi-staking-dapp,NEG_00212,0,0
0,-43.12844,1.8601848e-19,0,armors/armors-solidity,NEG_00213,0,0
0,-27.128498,1.6528862e-12,0,armorwallet/armor-crypto-mcp,NEG_00214,0,0
0,-42.353718,4.0365848e-19,0,ArnaudBand/nftMarketplace,NEG_00215,0,0
0,-28.42321,4.528524e-13,0,arokvic/FundMeProject-SmartContracts-Web3-Brownie-Solidity-2022,NEG_00216,0,0
0,-20.467842,1.2910086e-09,0,Arowolokehinde/STX-TIP,NEG_00217,0,0
0,-46.49123,6.4434038e-21,0,arpesh28/solidity-wallet-contract-collections,NEG_00218,0,0
0,-34.07653,1.5876359e-15,0,ArrjunPradeep/safeCryptoWallet,NEG_00219,0,0
0,-32.71169,6.215756e-15,0,ArshS1/sengh-nft,NEG_00220,0,0
0,-35.688095,3.1685258e-16,0,artem-bayandin/blockchain-samples,NEG_00221,0,0
0,-19.752583,2.6397475e-09,0,arthur-reedy460y/web3cha,NEG_00222,0,0
0,-22.360813,1.9445638e-10,0,arthur0725/CryptoZombie,NEG_00223,0,0
0,-34.22446,1.3693221e-15,0,ArthurAhiyarov/Hardhat-Betting-Smart-Contract-Bsc,NEG_00224,0,0
0,-30.246506,7.3132344e-14,0,arthuravianna/uff-web3-course,NEG_00225,0,0
0,-18.337383,1.086865e-08,0,artimonist/artimonist-cli,NEG_00226,0,0
0,-22.985962,1.04069524e-10,0,Aryan0770/Blockchain-Major-CryptoBox,NEG_00227,0,0
0,-28.941402,2.697172e-13,0,AS-1312/Crypto-Steps,NEG_00228,0,0
0,-26.650745,2.665191e-12,0,as3360/ReinforcementLearntTradingBot,NEG_00229,0,0
0,-33.054398,4.4122234e-15,0,ashbz/CryptoSharp,NEG_00230,0,0
0,-23.044765,9.812631e-11,0,ashelkovnykov/offline-wallet-generator,NEG_00231,0,0
0,-30.777988,4.298228e-14,0,Ashland-jp/Web3-Projects,NEG_00232,0,0
0,-25.837215,6.01229e-12,0,ashok-p/module-19-Cryptowallets,NEG_00233,0,0
0,-25.148552,1.1970786e-11,0,AshutoshShekharProjects/Blockchain-Solidity,NEG_00234,0,0
0,-27.78664,8.5588513e-13,0,asilveira1969/bitcoincashblockchain,NEG_00235,0,0
0,-28.55291,3.9776702e-13,0,ASPPIBRA-DAO/DIGITAL_WORLD_REAL_ESTATE_MARKET,NEG_00236,0,0
0,-21.935928,2.974044e-10,0,AssetifyLabsTeams/Assetifily,NEG_00237,0,0
0,-31.723991,1.6689587e-14,0,atitkh/WebXR---NFT-Viewer,NEG_00238,0,0
0,-43.401722,1.4153754e-19,0,atlaschain/contracts,NEG_00239,0,0
0,-23.926525,4.0629566e-11,0,attestate/kiwistand,NEG_00240,0,0
0,-17.896233,1.6895262e-08,0,atul24112001/trackpack,NEG_00241,0,0
0,-17.82513,1.814029e-08,0,aurowallet/auro-wallet-browser-extension,NEG_00242,0,0
0,-27.74105,8.958076e-13,0,austintgriffith/burner-wallet,NEG_00243,0,0
0,-24.255863,2.92289e-11,0,Autosaida/DeFiHackAnalysis,NEG_00244,0,0
0,-34.282707,1.291842e-15,0,AuxillaryLord/Smart-Contracts,NEG_00245,0,0
0,-33.252586,3.618972e-15,0,Axentro/Axentro,NEG_00246,0,0
0,-13.399535,1.5158463e-06,0,axiomchronicles/blockchain_simulation,NEG_00247,0,0
0,-18.997883,5.614671e-09,0,axldarealest/crypto-tracker,NEG_00248,0,0
0,-28.931835,2.7231003e-13,0,axone-protocol/contracts,NEG_00249,0,0
0,-23.703976,5.0756788e-11,0,AymaanPathan/ClauseAI,NEG_00250,0,0
0,-29.275173,1.931763e-13,0,Aytaditya/NFT_Staking_app,NEG_00251,0,0
0,-14.269008,6.3540176e-07,0,ayushi030709/aave-credit-scorer,NEG_00252,0,0
0,-24.55254,2.1725384e-11,0,ayushn2/market_maker,NEG_00253,0,0
0,-39.071674,1.0749479e-17,0,azerpas/Crypto2discord,NEG_00254,0,0
0,-39.65867,5.976668e-18,0,azerpas/prescurity-blockchain,NEG_00255,0,0
0,-20.618786,1.1101332e-09,0,B3Pay/B3Wallet,NEG_00256,0,0
0,-40.441143,2.7329692e-18,0,Baat-Maan/defiBasic,NEG_00257,0,0
0,-83.184456,7.472223e-37,0,baby636/causes.cash,NEG_00258,0,0
0,-35.844864,2.7087783e-16,0,BadakalaYashwanth/Web-3Cryptocurrency-Wallet-Generator-Blockchain,NEG_00259,0,0
0,-32.562008,7.219376e-15,0,balajipachai/smart-contract-for-fun,NEG_00260,0,0
0,-18.752472,7.176372e-09,0,balancer/balancer-v2-monorepo,NEG_00261,0,0
0,-15.73248,1.470519e-07,0,balancer/frontend-v2,NEG_00262,0,0
0,-11.871446,6.9870466e-06,0,balancer/scaffold-balancer-v3,NEG_00263,0,0
0,-38.29547,2.3360823e-17,0,balive053/blockchainFromScratch,NEG_00264,0,0
0,-17.188828,3.4275757e-08,0,Bananapus/nana-fee-project-deployer,NEG_00265,0,0
0,-38.267063,2.403398e-17,0,banjtheman/highwind,NEG_00266,0,0
0,-45.60527,1.5627256e-20,0,banjtheman/polygon_nft_workshop,NEG_00267,0,0
0,-28.64405,3.6311722e-13,0,bansaltushar014/Chapter-Solidity,NEG_00268,0,0
0,-17.683372,2.0903014e-08,0,banteg/multicall.py,NEG_00269,0,0
0,-22.56306,1.5885002e-10,0,BasinLogix/BLX_chain,NEG_00270,0,0
0,-36.77929,1.0640392e-16,0,batteringram-dev/Web3,NEG_00271,0,0
0,-24.721481,1.8348352e-11,0,bavix/laravel-wallet,NEG_00272,0,0
0,-20.050014,1.9606017e-09,0,bc1plainview/opnet-builder,NEG_00273,0,0
0,-16.510101,6.757002e-08,0,bchainexpt/Blockchain-wallet-andorid-app,NEG_00274,0,0
0,-39.374134,7.943846e-18,0,bcoin-org/bcoin,NEG_00275,0,0
0,-25.354725,9.740537e-12,0,BeanstalkFarms/Basin,NEG_00276,0,0
0,-25.07278,1.2913077e-11,0,BeanstalkFarms/Beanstalk,NEG_00277,0,0
0,-12.441135,3.9525908e-06,0,beeman/solana-mobile-seeker-genesis-holders,NEG_00278,0,0
0,-46.43405,6.822564e-21,0,bekatom/awesome-ethereum,NEG_00279,0,0
0,-23.944733,3.98965e-11,0,belimad/NftHorizon,NEG_00280,0,0
0,-33.48178,2.8777116e-15,0,BendDAO/bend-lending-protocol,NEG_00281,0,0
0,-43.69768,1.0527811e-19,0,benjaminbang987/crypto,NEG_00282,0,0
0,-36.848057,9.9332705e-17,0,benruseau/Inhetherit,NEG_00283,0,0
0,-22.573528,1.5719592e-10,0,benzemeze1-art/nft-rarity-tracker-2,NEG_00284,0,0
0,-27.140064,1.633879e-12,0,BertrandConxy/Lottery,NEG_00285,0,0
0,-29.084454,2.337665e-13,0,BeTechnologyCo/zkevm-boilerplate,NEG_00286,0,0
0,-30.5158,5.5867115e-14,0,bevry-archive/emailtowallet,NEG_00287,0,0
0,-31.294277,2.564886e-14,0,BeycanPress/cryptopay-lite,NEG_00288,0,0
0,-30.207096,7.6071995e-14,0,bhau7233/MSig-,NEG_00289,0,0
0,-38.654736,1.631029e-17,0,bhemen/usdc,NEG_00290,0,0
0,-36.77935,1.06397417e-16,0,BibliothecaDAO/realms-contracts,NEG_00291,0,0
0,-17.346561,2.9274135e-08,0,BibliothecaDAO/realms-react,NEG_00292,0,0
0,-24.79794,1.6997766e-11,0,bifrost-platform/solidity-contract-configs,NEG_00293,0,0
0,-24.67126,1.9293348e-11,0,bigbomio/digital-contracts,NEG_00294,0,0
0,-44.568565,4.406746e-20,0,bigint/hey,NEG_00295,0,0
0,-25.029362,1.34860985e-11,0,bilinearlabs/beacon-contract-indexer,NEG_00296,0,0
0,-19.4421,3.6008332e-09,0,bilix-software/eth-new-contracts,NEG_00297,0,0
0,-21.173084,6.3774397e-10,0,Bill171991/SATFLOW-,NEG_00298,0,0
0,-25.8084,6.1880618e-12,0,BirthdayResearch/defichain-wallet,NEG_00299,0,0
0,-18.990257,5.657649e-09,0,birukG09/DeFiVerse-Bank-Simulator-,NEG_00300,0,0
0,-20.59306,1.1390633e-09,0,bitcoin-flasher/flasher-smart-contracts,NEG_00301,0,0
0,-28.187943,5.7297033e-13,0,Bitcoin-II/BitcoinII-Core,NEG_00302,0,0
0,-28.093327,6.2982996e-13,0,bitcoin-wallet/bitcoin-wallet,NEG_00303,0,0
0,-27.194149,1.547858e-12,0,bitcoinaverage/api-integration-examples,NEG_00304,0,0
0,-15.565751,1.7373212e-07,0,bitpay/bitpay-app,NEG_00305,0,0
0,-42.499092,3.490429e-19,0,bitpay/wallet,NEG_00306,0,0
0,-27.22823,1.4959951e-12,0,BitPortal/bitportal-client,NEG_00307,0,0
0,-12.845834,2.637085e-06,0,bitquery/explorer,NEG_00308,0,0
0,-23.785507,4.678272e-11,0,bjboss007/flask-web3-solidity,NEG_00309,0,0
0,-24.34824,2.664979e-11,0,bkrem/react-nft-gallery,NEG_00310,0,0
0,-24.766624,1.753847e-11,0,blackalbino01/epic-nfts-ui,NEG_00311,0,0
0,-14.787135,3.7846755e-07,0,BlackPeter13/LightningTipBot,NEG_00312,0,0
0,-21.865696,3.1904276e-10,0,blakewood84/react-metamask-medium,NEG_00313,0,0
0,-24.707623,1.860441e-11,0,Block-Beats-Estonia/BITCOIN-NFT,NEG_00314,0,0
0,-37.50869,5.130775e-17,0,Block-Chen/blocksdk-go,NEG_00315,0,0
0,-36.386852,1.5754002e-16,0,block-foundation/solidity-digital-twin,NEG_00316,0,0
0,-22.207619,2.2664896e-10,0,blockchain-certificates/cert-issuer,NEG_00317,0,0
0,-30.747196,4.432639e-14,0,blockchain-etl/blockchain-etl-streaming,NEG_00318,0,0
0,-28.21202,5.5933887e-13,0,blockchain-etl/public-datasets,NEG_00319,0,0
0,-25.357937,9.709301e-12,0,Blockchain-for-Developers/sp18-midterm-pt2,NEG_00320,0,0
0,-25.903461,5.6269056e-12,0,blockchaingate/eXchangily-web,NEG_00321,0,0
0,-39.840828,4.981364e-18,0,blockchain/blockchain-wallet-v4-frontend,NEG_00322,0,0
0,-32.820293,5.5760628e-15,0,blockchain/My-Wallet-V3,NEG_00323,0,0
0,-24.785084,1.7217689e-11,0,blockonomics/prestashop-plugin,NEG_00324,0,0
0,-41.66243,8.0581733e-19,0,blockstarter/ico-contracts,NEG_00325,0,0
0,-29.188576,2.1065055e-13,0,bloomwalletio/bloom,NEG_00326,0,0
0,-23.050694,9.7546346e-11,0,Blueforce99/web3-bubble-portfolio,NEG_00327,0,0
0,-34.24523,1.3411733e-15,0,BlueWallet/BlueWallet,NEG_00328,0,0
0,-29.532429,1.4935824e-13,0,bluewhale-protocol/bluewhale-trust,NEG_00329,0,0
0,-39.97637,4.349931e-18,0,bob-collective/bob,NEG_00330,0,0
0,-42.212334,4.6496086e-19,0,bokkypoobah/Nix,NEG_00331,0,0
0,-33.765347,2.1671867e-15,0,bomzj/newbits,NEG_00332,0,0
0,-33.956024,1.7909607e-15,0,bonedaddy/cryptovendingmachine,NEG_00333,0,0
0,-34.45422,1.0882344e-15,0,bostonlink/blockexplorer,NEG_00334,0,0
0,-33.38646,3.1655188e-15,0,Bottom-Labs/wallet-core,NEG_00335,0,0
0,-29.669899,1.3017469e-13,0,BradMoonUESTC/FireWallProject,NEG_00336,0,0
0,-14.807263,3.709258e-07,0,braedonsaunders/homerun,NEG_00337,0,0
0,-34.35152,1.2059358e-15,0,BraianVaylet/buildspace-epic-nfts-ui,NEG_00338,0,0
0,-36.94313,9.032382e-17,0,BraisCabo/Decentralized-Crypto-Casino,NEG_00339,0,0
0,-31.933743,1.3531683e-14,0,brendanjryan/crypto-keystore-rs,NEG_00340,0,0
0,-32.41874,8.3314466e-15,0,brendansiraky/solidity-nft-mint-contract,NEG_00341,0,0
0,-21.542183,4.4090884e-10,0,brilliant927/nft-mint-polygon,NEG_00342,0,0
0,-27.281559,1.4183045e-12,0,brlojam4932/usdc-app,NEG_00343,0,0
0,-7.064525,0.0008541706,0,Brunomike/cryptopunk-clone-web3,NEG_00344,0,0
0,-27.750195,8.8765383e-13,0,BSN-DDC/taianchain,NEG_00345,0,0
0,-33.484913,2.8687134e-15,0,btcltceth/crypto_explorer,NEG_00346,0,0
0,-31.430843,2.2374748e-14,0,btcsuite/btcwallet,NEG_00347,0,0
0,-37.364864,5.9244164e-17,0,BTCwalletGen/BTCwalletGen,NEG_00348,0,0
0,-15.624729,1.6378205e-07,0,btq-ag/QRiNG,NEG_00349,0,0
0,-30.388103,6.34767e-14,0,buihuudong19/E-Wallet-Blockchain-sourcecode,NEG_00350,0,0
0,-12.077275,5.6872655e-06,0,Busulis/OPNet-Vesting,NEG_00351,0,0
0,-9.353429,8.666023e-05,0,ButterDevelop/AutoBlumSmartContract,NEG_00352,0,0
0,-32.969276,4.804246e-15,0,buybackoff/SolidityAuction,NEG_00353,0,0
0,-40.016636,4.178264e-18,0,Bwest981/BitcoinSig,NEG_00354,0,0
0,-25.132141,1.2168858e-11,0,bwire-official/Gastronaut-bot,NEG_00355,0,0
0,-11.981955,6.2560553e-06,0,Bytez3/MEDiscordBuySell,NEG_00356,0,0
0,-19.777866,2.5738414e-09,0,bzthelmaeddins54/headlee,NEG_00357,0,0
0,-36.118423,2.060478e-16,0,c-bruce/SharedWallet,NEG_00358,0,0
0,-21.133427,6.6354355e-10,0,C0A21130/web3-demo-app,NEG_00359,0,0
0,-15.376124,2.1000707e-07,0,caiovicentino/debank-mcp-server,NEG_00360,0,0
0,-29.361317,1.7723202e-13,0,CaiqueRibeiro/decentralized-stripe,NEG_00361,0,0
0,-36.454025,1.4730516e-16,0,cake-tech/cake_wallet,NEG_00362,0,0
0,-25.696629,6.9198393e-12,0,calintzy/evmscope,NEG_00363,0,0
0,-20.075623,1.9110316e-09,0,camerodev/Finaomics-Solidity-Web3-React,NEG_00364,0,0
0,-33.106068,4.1900336e-15,0,canyon-network/canyon,NEG_00365,0,0
0,-23.472012,6.400809e-11,0,capsulesocial/capsule-near,NEG_00366,0,0
0,-34.767494,7.9555293e-16,0,captain-woof/meta-nft,NEG_00367,0,0
0,-23.730045,4.9450683e-11,0,cardano-foundation/cardano-wallet,NEG_00368,0,0
0,-30.502872,5.6594052e-14,0,carlosgauci/crypto-track,NEG_00369,0,0
0,-22.606136,1.5215273e-10,0,carmenbickel/NFT-Collection,NEG_00370,0,0
0,-19.623165,3.0044685e-09,0,CateryaTech/tradeforge,NEG_00371,0,0
0,-17.477982,2.5669006e-08,0,catze-labs/jury-dao-web,NEG_00372,0,0
0,-14.845079,3.571608e-07,0,cawfree/web3-react-native,NEG_00373,0,0
0,-27.68341,9.489592e-13,0,cdc-Hitesh/cdc-Hitesh.github.io,NEG_00374,0,0
0,-27.95081,7.263027e-13,0,celer-network/layer2-finance-contracts,NEG_00375,0,0
0,-44.513412,4.6566178e-20,0,Certora/CertoraProver,NEG_00376,0,0
0,-27.746918,8.905673e-13,0,ChainAgnostic/CAIPs,NEG_00377,0,0
0,-26.754078,2.4035413e-12,0,chainapsis/keplr-wallet,NEG_00378,0,0
0,-39.388626,7.829554e-18,0,ChainEasy/ChainEasy-Wallet,NEG_00379,0,0
0,-31.541397,2.0032971e-14,0,ChainInsighter/Ondo-Flux-Finance,NEG_00380,0,0
0,-17.7519,1.9518566e-08,0,ChainInsighter/Web3-Casino-Crash-Game,NEG_00381,0,0
0,-29.13248,2.2280473e-13,0,chainjet/platform,NEG_00382,0,0
0,-33.074623,4.323881e-15,0,ChainShot/AAVEDaiEscrow,NEG_00383,0,0
0,-14.293749,6.1987413e-07,0,ChainsQueen/web3dashboard,NEG_00384,0,0
0,-16.682255,5.6883817e-08,0,charanbalaji2005/CryptoView-solidity,NEG_00385,0,0
0,-31.549538,1.9870551e-14,0,charlo1492charlo14928/NFT-Yield-Farming,NEG_00386,0,0
0,-23.360504,7.155861e-11,0,chase-manning/debt-farming,NEG_00387,0,0
0,-42.735157,2.7564949e-19,0,chatch/hashed-timelock-contract-ethereum,NEG_00388,0,0
0,-24.228382,3.004328e-11,0,chauhan-varun/Account-abstraction,NEG_00389,0,0
0,-25.956547,5.3359895e-12,0,chawresh/Multi-Currency-Rich-Address-Finder-v1.0,NEG_00390,0,0
0,-12.019515,6.0254342e-06,0,chellscript/bitLeaf,NEG_00391,0,0
0,-37.165108,7.2343383e-17,0,cherti/bitcoin-analysis,NEG_00392,0,0
0,-21.348312,5.352365e-10,0,cherylwilson314/web3py_crypto,NEG_00393,0,0
0,-40.546574,2.4595e-18,0,Chia-Network/chia-blockchain,NEG_00394,0,0
0,-27.129402,1.6513927e-12,0,Chirag21/CryptoZombies-solidity-v0.8.16,NEG_00395,0,0
0,-27.695915,9.371667e-13,0,chjj/mako,NEG_00396,0,0
0,-30.779095,4.2934755e-14,0,chjj/termcoin,NEG_00397,0,0
0,-5.693288,0.0033571909,0,chmajidnaeem/blockchain-bitcoin,NEG_00398,0,0
0,-9.137913,0.000107499945,0,ChocoChichia/bitcoin-wallet,NEG_00399,0,0
0,-22.465603,1.7511068e-10,0,chrisalexadams/balancer,NEG_00400,0,0
0,-33.363537,3.2389189e-15,0,ChrisdeWolf/blockchain-attack-probabilities,NEG_00401,0,0
0,-33.229195,3.704624e-15,0,chrisstef/defi-staking,NEG_00402,0,0
0,-6.9004965,0.0010062717,0,ChrisZyy3/presale-nft-web3-app,NEG_00403,0,0
0,-26.23964,4.020402e-12,0,CIpherEE/TECHCRUSHERC-20,NEG_00404,0,0
0,-37.879326,3.541749e-17,0,citadelgrad/crypto-commando,NEG_00405,0,0
0,-20.177994,1.7250777e-09,0,citizenweb3/validatorinfo,NEG_00406,0,0
0,-30.07428,8.687728e-14,0,CJpaekil/nft-marketplace-ERC721,NEG_00407,0,0
0,-28.121872,6.121053e-13,0,classicshi/web3-decoder,NEG_00408,0,0
0,-29.368507,1.7596215e-13,0,cliffhall/in-app-pro-shop,NEG_00409,0,0
0,-23.939892,4.0090098e-11,0,cloudframeworks-blockchain/user-guide-fabric-smart-contract,NEG_00410,0,0
0,-42.786842,2.6176433e-19,0,cluck135/First-Deployed-Token,NEG_00411,0,0
0,-27.554409,1.0796233e-12,0,ClusterH/Memories-NFT,NEG_00412,0,0
0,-30.953243,3.6072585e-14,0,cmandar24/Ethereum-Private-Key-Generator,NEG_00413,0,0
0,-9.217808,9.9246194e-05,0,cmdruid/tapscript,NEG_00414,0,0
0,-10.187226,3.764675e-05,0,coccoinomane/crabada.py,NEG_00415,0,0
0,-20.910503,8.292467e-10,0,Cocodrilette/DeFi-Staking-SolidityContracts,NEG_00416,0,0
0,-20.260147,1.589022e-09,0,Code-Decoders/specter-defi-near,NEG_00417,0,0
0,-24.547039,2.1845218e-11,0,codebatine/Chores-for-Crypto,NEG_00418,0,0
0,-28.946945,2.6822636e-13,0,codeesura/Arbitrage-uniswap-sushiswap,NEG_00419,0,0
0,-22.778435,1.280712e-10,0,codegenius2/solana-verify-eddsa,NEG_00420,0,0
0,-28.655499,3.5898406e-13,0,CodeMachine0121/EthereumWallet_local_API,NEG_00421,0,0
0,-21.155888,6.488059e-10,0,coderasha/NFT-Marketplace--EThereum-Polygon,NEG_00422,0,0
0,-50.358353,1.3478618e-22,0,codeVirtuoso21/NFT-marketplace-cryptoBoys,NEG_00423,0,0
0,-24.146816,3.25965e-11,0,codewithmide/FlowPrice-Oracle,NEG_00424,0,0
0,-23.911732,4.123508e-11,0,codex-protocol/service.eel,NEG_00425,0,0
0,-20.435543,1.3333876e-09,0,CODEX108/FINAL-BLOCKSPIRIT,NEG_00426,0,0
0,-36.238434,1.827461e-16,0,codymj/GeminiCryptoTrader,NEG_00427,0,0
0,-38.758987,1.4695544e-17,0,coin-worx/ethereum-voting-demo,NEG_00428,0,0
0,-23.810776,4.56154e-11,0,coinbase/chainstorage,NEG_00429,0,0
0,-29.977833,9.567371e-14,0,coinbase/coinbase-wallet-sdk,NEG_00430,0,0
0,-41.41329,1.0338023e-18,0,CoinSpace/CoinSpace,NEG_00431,0,0
0,-26.61304,2.767599e-12,0,Coldcard/firmware,NEG_00432,0,0
0,-34.47905,1.0615464e-15,0,colonelxy/CryptoZombies,NEG_00433,0,0
0,-27.834167,8.161588e-13,0,ColonySatoshi/BTCME.WEB3,NEG_00434,0,0
0,-31.85564,1.4630903e-14,0,coming-chat/wallet-SDK,NEG_00435,0,0
0,-19.132473,4.9076387e-09,0,compound-finance/palisade,NEG_00436,0,0
0,-20.67854,1.0457418e-09,0,conka8/Solana-Dexterity,NEG_00437,0,0
0,-13.280382,1.7076646e-06,0,consenlabs/imkey-manager,NEG_00438,0,0
0,-16.189072,9.3148415e-08,0,ConsenSys-archive/vscode-ext,NEG_00439,0,0
0,-30.396168,6.2966864e-14,0,ConsenSysDiligence/0x-review,NEG_00440,0,0
0,-29.177235,2.1305317e-13,0,ConsenSysDiligence/mythril,NEG_00441,0,0
0,-27.16935,1.5867239e-12,0,ConsenSysMesh/live-libs,NEG_00442,0,0
0,-25.752083,6.5465506e-12,0,Consensys/defi-score,NEG_00443,0,0
0,-17.419376,2.7218297e-08,0,Consensys/eth-lightwallet,NEG_00444,0,0
0,-34.99746,6.321156e-16,0,ConstanzaOriana/RealEstate_dApp,NEG_00445,0,0
0,-25.495548,8.461047e-12,0,coral-xyz/backpack,NEG_00446,0,0
0,-27.993462,6.959757e-13,0,cordovaem/solana-nft,NEG_00447,0,0
0,-23.724407,4.9730275e-11,0,cosmostation/cosmostation-android,NEG_00448,0,0
0,-31.663689,1.772698e-14,0,coti-io/coti-ethers,NEG_00449,0,0
0,-30.342972,6.640714e-14,0,coti-io/coti-sdk-python,NEG_00450,0,0
0,-29.231667,2.0176626e-13,0,courtney-haley/SUPERIO-DeFi-Yield-Farm,NEG_00451,0,0
0,-23.54258,5.964686e-11,0,covir-io/cvr-contract,NEG_00452,0,0
0,-38.620235,1.6882816e-17,0,CPix18/CryptoCopyRights,NEG_00453,0,0
0,-31.900993,1.3982171e-14,0,Cr0mb/Crypto-Sweeper,NEG_00454,0,0
0,-31.083008,3.168263e-14,0,Cr0mb/Satoshi-Sweeper,NEG_00455,0,0
0,-7.8059654,0.0004071322,0,craftBrainLLC/ethereum-indexer,NEG_00456,0,0
0,-22.843048,1.2005777e-10,0,crcristian97/solidity-nft-contract,NEG_00457,0,0
0,-17.622936,2.2205267e-08,0,crestalnetwork/intentkit,NEG_00458,0,0
0,-33.849937,1.9914022e-15,0,cristiandbetancurg/fulgol,NEG_00459,0,0
0,-7.6623135,0.0004699973,0,critfinds/Web3CRIT-Scanner,NEG_00460,0,0
0,-33.092796,4.2460114e-15,0,crossclaim/btcrelay-sol,NEG_00461,0,0
0,-37.91196,3.428031e-17,0,crpdev/decentralised-ebay,NEG_00462,0,0
0,-25.508533,8.351888e-12,0,crypto-balance-checker-seed-phrases/crypto-balance-checker-seed-phrases,NEG_00463,0,0
0,-28.5671,3.921623e-13,0,crypto-cooker/Web3-Project-Overview,NEG_00464,0,0
0,-21.875706,3.1586517e-10,0,crypto-crawler/crypto-ohlcv,NEG_00465,0,0
0,-28.375782,4.748478e-13,0,crypto-org-chain/cronos,NEG_00466,0,0
0,-41.00145,1.5606183e-18,0,Crypto0390/nft-airdrops,NEG_00467,0,0
0,-38.13044,2.7552461e-17,0,crypto1014/NFT-marketplace,NEG_00468,0,0
0,-27.921932,7.475821e-13,0,cryptoadvance/specter-desktop,NEG_00469,0,0
0,-23.068314,9.584262e-11,0,CryptoApex23/mnemonic-balance-checker,NEG_00470,0,0
0,-38.334213,2.2473088e-17,0,cryptococks-xyz/cryptococks-contract,NEG_00471,0,0
0,-46.55494,6.0457028e-21,0,CryptoCreams/Crypto-Creams,NEG_00472,0,0
0,-23.156311,8.776915e-11,0,cryptodance/cryptodance-backend,NEG_00473,0,0
0,-16.582996,6.2819744e-08,0,CryptoExplor/CeloNFT,NEG_00474,0,0
0,-34.070473,1.5972824e-15,0,CryptoFist/MemeMarketplace-contract,NEG_00475,0,0
0,-25.719921,6.7605214e-12,0,cryptoforge318/NFT-Marketplace,NEG_00476,0,0
0,-23.021011,1.0048514e-10,0,cryptoleadxyz/demo-infura-web3py,NEG_00477,0,0
0,-37.773853,3.935718e-17,0,cryptomkt/cryptomkt-python,NEG_00478,0,0
0,-27.106434,1.6897613e-12,0,cryptopayserver00/cryptopayserver,NEG_00479,0,0
0,-30.846775,4.0125076e-14,0,cryptopunksnotdead/awesome-cryptopunks-bubble,NEG_00480,0,0
0,-22.93613,1.0938684e-10,0,Cryptorubic/multi-proxy-rubic,NEG_00481,0,0
0,-24.271046,2.878848e-11,0,cryptosguru/nft_terra_cosmwasm,NEG_00482,0,0
0,-36.033886,2.2422405e-16,0,CryptoSnowPrince/CryptoGame_Backend,NEG_00483,0,0
0,-27.834259,8.1608407e-13,0,cshep4/crypto-dot-com-exchange-go,NEG_00484,0,0
0,-20.324886,1.4894092e-09,0,csimbana/suiguard,NEG_00485,0,0
0,-18.45679,9.64534e-09,0,cunarist/solie,NEG_00486,0,0
0,-18.157352,1.3012538e-08,0,curvefi/curve-contract,NEG_00487,0,0
0,-30.559753,5.346477e-14,0,CutupAngel/nft-marketplace,NEG_00488,0,0
0,-15.565121,1.7384166e-07,0,cyforge/Orbis-Wallet,NEG_00489,0,0
0,-22.739426,1.3316588e-10,0,cypherium/uniswap-interface-cypherium,NEG_00490,0,0
0,-26.274742,3.8817226e-12,0,cypherpunk-symposium/web3-starter-rs,NEG_00491,0,0
0,-25.571827,7.83965e-12,0,czeti/shamus,NEG_00492,0,0
0,-34.843063,7.376492e-16,0,czhc/bookmarks,NEG_00493,0,0
0,-17.208649,3.3603058e-08,0,d-invisible/DocuManage-web3--Aptos,NEG_00494,0,0
0,-38.59736,1.7273492e-17,0,D-Y-So/Blockchain_Project,NEG_00495,0,0
0,-33.749954,2.2008027e-15,0,d3or/eth-vanity-gen,NEG_00496,0,0
0,-9.253122,9.580285e-05,0,Dadel-1/Polymarket-CopyTrading,NEG_00497,0,0
0,-17.583454,2.3099515e-08,0,Dakii03/crypto-project-v2,NEG_00498,0,0
0,-37.774406,3.9335416e-17,0,dalloglio/nft-pokemon,NEG_00499,0,0
0,-26.66119,2.6374987e-12,0,Daltonic/dappCinemasX,NEG_00500,0,0
0,-28.6567,3.585529e-13,0,Daltonic/dappFundsX,NEG_00501,0,0
0,-35.74706,2.987099e-16,0,Damian-Sanchez/CryptoTextAlert,NEG_00502,0,0
0,-29.888344,1.0463023e-13,0,DanielCM2001/SendCrypto-Blockchain-App-web3,NEG_00503,0,0
0,-31.149178,2.9654054e-14,0,DanielDimitrov5/NFT-Marketplace-FE,NEG_00504,0,0
0,-38.347797,2.2169871e-17,0,danieltantonio/SharedWallet_Solidity,NEG_00505,0,0
0,-26.23729,4.0298606e-12,0,danielwpz/nft-linkdrop,NEG_00506,0,0
0,-31.974224,1.2994839e-14,0,danilych/token-factory-web-app,NEG_00507,0,0
0,-25.890232,5.7018405e-12,0,danilych/token-sale,NEG_00508,0,0
0,-29.463333,1.6004312e-13,0,danpatrocinio/web3-api,NEG_00509,0,0
0,-25.019287,1.36226525e-11,0,dante4rt/t3rn-airdrop-bot,NEG_00510,0,0
0,-46.646996,5.514006e-21,0,dapperlabs/dapper-contracts,NEG_00511,0,0
0,-33.7453,2.211069e-15,0,DappFactory/CryptoTrivia,NEG_00512,0,0
0,-15.9611025,1.1699875e-07,0,dappforce/polkaverse,NEG_00513,0,0
0,-18.054241,1.44258925e-08,0,dapphub/ds-math,NEG_00514,0,0
0,-19.42752,3.6537173e-09,0,DappioLab/navigator,NEG_00515,0,0
0,-26.40141,3.4199024e-12,0,dappros/nfmt,NEG_00516,0,0
0,-28.918839,2.758723e-13,0,dappteacher/smart-contract-audit-portfolio,NEG_00517,0,0
0,-34.861366,7.2427093e-16,0,dappuniversity/hd_wallet,NEG_00518,0,0
0,-28.129562,6.074161e-13,0,dappuniversity/Runner-blockchain-game-,NEG_00519,0,0
0,-21.370468,5.2350835e-10,0,dariocast/algorand-nft-loan,NEG_00520,0,0
0,-9.436882,7.972226e-05,0,Darkbladecr/cryptoWallet,NEG_00521,0,0
0,-17.678326,2.1008775e-08,0,darkgrovelabs/sec3hub,NEG_00522,0,0
0,-34.205093,1.3961004e-15,0,darrylyeo/blockhead,NEG_00523,0,0
0,-35.649956,3.2917053e-16,0,datmedevil17/hack-web3conf,NEG_00524,0,0
0,-46.999413,3.876274e-21,0,Daudxu/eth-wallet-modal,NEG_00525,0,0
0,-25.809872,6.1789562e-12,0,daulathussain/nfts-api-starter-file,NEG_00526,0,0
0,-28.823204,3.035579e-13,0,davdotsol/react-and-web3-demo-app,NEG_00527,0,0
0,-29.707985,1.253101e-13,0,davdotsol/uniswap-v2-defi-app,NEG_00528,0,0
0,-36.838333,1.0030329e-16,0,davidmeng630/defi,NEG_00529,0,0
0,-30.862522,3.949817e-14,0,dbarobin/awesome-mirror,NEG_00530,0,0
0,-28.885155,2.8532295e-13,0,DE-labtory/zulu,NEG_00531,0,0
0,-37.56507,4.8494992e-17,0,deadarchitects/test-low-gas-solidity,NEG_00532,0,0
0,-22.42157,1.8299365e-10,0,DealAiFind/DealAiFind-Ai-DEX-FrontRun-JS-V4,NEG_00533,0,0
0,-33.352345,3.275373e-15,0,decentralized-identity/element,NEG_00534,0,0
0,-14.924161,3.3000396e-07,0,DeCleanup-Network/contracts-evm,NEG_00535,0,0
0,-21.042362,7.2680545e-10,0,Decurity/semgrep-smart-contracts,NEG_00536,0,0
0,-21.396328,5.1014404e-10,0,Deed3Labs/Protocol-DApp,NEG_00537,0,0
0,-33.13865,4.0557166e-15,0,deepbluelake/web3-lab,NEG_00538,0,0
0,-25.078686,1.2837048e-11,0,Deeppanchal2108/metaflex-nft-lab,NEG_00539,0,0
0,-32.758263,5.932904e-15,0,Defi-Pool-Share/DefiPoolShare.DPSTContract,NEG_00540,0,0
0,-33.196144,3.82911e-15,0,Defi-Pool-Share/DefiPoolShare.LendingContract,NEG_00541,0,0
0,-27.768337,8.716947e-13,0,DeFiCh/defiscan.live,NEG_00542,0,0
0,-36.83225,1.0091545e-16,0,DeFiDesk/DeFiDesk.github.io,NEG_00543,0,0
0,-24.667824,1.9359774e-11,0,defilab/defi-blockchain-dumper,NEG_00544,0,0
0,-31.696194,1.7160029e-14,0,DeFiNecromancer/Basic-Name-Storage,NEG_00545,0,0
0,-42.238632,4.528925e-19,0,defiprime/defiprime1,NEG_00546,0,0
0,-34.669857,8.7714703e-16,0,DEFIProtocol/Web3,NEG_00547,0,0
0,-32.64082,6.6722488e-15,0,DeFireX/defirex-protocol-v3,NEG_00548,0,0
0,-23.078941,9.482942e-11,0,delvtech/agent0,NEG_00549,0,0
0,-36.251736,1.8033134e-16,0,DemocracyEarth/exodus,NEG_00550,0,0
0,-29.983192,9.516231e-14,0,DemocracyEarth/wallet,NEG_00551,0,0
0,-26.602505,2.7969133e-12,0,Denis345/blockchain-automation-tool,NEG_00552,0,0
0,-36.392757,1.5661245e-16,0,DenisZS/cckat,NEG_00553,0,0
0,-24.811726,1.6765036e-11,0,dennohpeter/MultiDexArbBot,NEG_00554,0,0
0,-32.30938,9.294258e-15,0,denzopas/myWallet,NEG_00555,0,0
0,-38.53791,1.8331505e-17,0,DePayFi/buttons,NEG_00556,0,0
0,-43.67838,1.0732997e-19,0,DePayFi/depay-claimable-nft-airdrops,NEG_00557,0,0
0,-36.44353,1.4885918e-16,0,DePayFi/web3-wallets,NEG_00558,0,0
0,-40.19736,3.4874497e-18,0,DePayFi/widgets,NEG_00559,0,0
0,-23.60122,5.624977e-11,0,desbenn/defi-arbitrage,NEG_00560,0,0
0,-30.615528,5.0564428e-14,0,desktop-examples/crypto-analysis,NEG_00561,0,0
0,-19.999832,2.0614996e-09,0,desoul-labs/soulhub-contracts,NEG_00562,0,0
0,-12.872432,2.5678687e-06,0,deusfinance/deus-interface-v2,NEG_00563,0,0
0,-33.284794,3.504271e-15,0,dev-x-master/Election-Blockchain-App,NEG_00564,0,0
0,-17.90446,1.6756813e-08,0,devano12/Kryptex-miner,NEG_00565,0,0
0,-26.88136,2.1162846e-12,0,DevAyomi/Smart-Wallet-,NEG_00566,0,0
0,-27.001358,1.8769782e-12,0,developeruche/hybrid,NEG_00567,0,0
0,-34.253,1.3307971e-15,0,develrocket/NFT-Smart-Contract,NEG_00568,0,0
0,-13.820518,9.950046e-07,0,DevJihwan/SmartContractSample_RentCar,NEG_00569,0,0
0,-26.54549,2.9610112e-12,0,DevMarc16/appkit-connect,NEG_00570,0,0
0,-27.806332,8.391964e-13,0,devridge0/aave-core,NEG_00571,0,0
0,-14.2550535,6.4433044e-07,0,DevStudioX/Phoenix-Clipper-Malware-Private,NEG_00572,0,0
0,-26.576134,2.8716515e-12,0,dex-guru/assets,NEG_00573,0,0
0,-32.20044,1.0363986e-14,0,dgrmunch/docuten-blockchain-proof-dapp,NEG_00574,0,0
0,-9.814393,5.4656208e-05,0,Dharma256/solidity-multisig-wallet-56,NEG_00575,0,0
0,-22.777493,1.2819194e-10,0,dharmaprotocol/dharma.js,NEG_00576,0,0
0,-29.870132,1.06553147e-13,0,dharmaprotocol/experimental,NEG_00577,0,0
0,-30.6739,4.7697347e-14,0,dherranzf/CryptoBank,NEG_00578,0,0
0,-21.386078,5.154e-10,0,dhiraj0911/bitcoin-wallet,NEG_00579,0,0
0,-29.921364,1.0123177e-13,0,dhiraj0911/defi-uniswap,NEG_00580,0,0
0,-37.546543,4.9401886e-17,0,diadata-org/diadata,NEG_00581,0,0
0,-45.951694,1.1051791e-20,0,didil/stone-dapp,NEG_00582,0,0
0,-19.346214,3.963199e-09,0,diego-tobalina/PancakeSwapBot,NEG_00583,0,0
0,-28.875523,2.8808447e-13,0,Dilkashpeshimam18/defi-contracts,NEG_00584,0,0
0,-46.37931,7.206448e-21,0,DimarcoKevin/CryptoZombies,NEG_00585,0,0
0,-28.536598,4.043085e-13,0,DimensionDev/Maskbook,NEG_00586,0,0
0,-13.151699,1.942177e-06,0,Dineshv0311/Web3.0-CryptoTransfer,NEG_00587,0,0
0,-19.574211,3.155209e-09,0,diorwave/solana-blockchain-development,NEG_00588,0,0
0,-34.25808,1.324052e-15,0,distbit0/coinStats,NEG_00589,0,0
0,-15.623036,1.6405954e-07,0,DixDev1621/BLOCKCHAIN-DeFi-Router,NEG_00590,0,0
0,-23.461796,6.4665336e-11,0,DjibrilM/strike-wallet,NEG_00591,0,0
0,-14.082818,7.6543705e-07,0,Dklish/trading-lab,NEG_00592,0,0
0,-30.023933,9.136322e-14,0,dkpeakbil/bitcoinwalletwatcher,NEG_00593,0,0
0,-31.320232,2.4991707e-14,0,dkrsgood/ETH_Wallet,NEG_00594,0,0
0,-21.353703,5.3235927e-10,0,dmakarov-dev/Ethereum-Solidity-token,NEG_00595,0,0
0,-17.127655,3.643795e-08,0,dmitriiprusakov/definition-hack-nft-versus,NEG_00596,0,0
0,-40.008293,4.213268e-18,0,dogecoin/dogecoin,NEG_00597,0,0
0,-14.702765,4.117844e-07,0,dojimanetwork/web3fy-go,NEG_00598,0,0
0,-37.656563,4.4255026e-17,0,domechn/track3,NEG_00599,0,0
0,-25.08229,1.2790856e-11,0,DonggeunYu/MEV-Attack-on-the-BSC,NEG_00600,0,0
0,-36.399418,1.5557282e-16,0,donnywin85/defi-yield-aggregator,NEG_00601,0,0
0,-30.01847,9.186368e-14,0,Dopular/CLI-Searching-and-Tracing-EVMTransactions,NEG_00602,0,0
0,-40.773815,1.9595532e-18,0,dorianbayart/DexPairs,NEG_00603,0,0
0,-18.165932,1.2901379e-08,0,dozerokz/polymarket_monitor,NEG_00604,0,0
0,-17.748177,1.9591372e-08,0,Dpost-George/foundry-web3-wallet-security-Advanced,NEG_00605,0,0
0,-23.795765,4.630529e-11,0,drips-network/app,NEG_00606,0,0
0,-15.433076,1.9838104e-07,0,drisst12/safe-smart-account,NEG_00607,0,0
0,-11.942397,6.508487e-06,0,Drix10/ai-resources,NEG_00608,0,0
0,-29.144833,2.200696e-13,0,DrLinuxOfficial/CryptoWallet-Cracker,NEG_00609,0,0
0,-15.253656,2.373674e-07,0,drpcorg/dshackle,NEG_00610,0,0
0,-12.48758,3.7732111e-06,0,DTVMStack/DTVM,NEG_00611,0,0
0,-34.55397,9.84921e-16,0,ducga1998/tai-xiu-smart-contract,NEG_00612,0,0
0,-24.227833,3.0059788e-11,0,DudeOfCode/web3.pyandSolidityTodolist,NEG_00613,0,0
0,-22.477089,1.7311087e-10,0,duneanalytics/evm.codes,NEG_00614,0,0
0,-17.482521,2.5552744e-08,0,duytacong24895/smart-contract-lesson-1,NEG_00615,0,0
0,-24.2025,3.0831032e-11,0,dvinubius/tiny-multisig-typescript,NEG_00616,0,0
0,-22.189373,2.3082229e-10,0,dvvrtmshra/StellarPay,NEG_00617,0,0
0,-36.334267,1.6604603e-16,0,dydxprotocol/protocol_v1,NEG_00618,0,0
0,-34.309937,1.2571408e-15,0,Dyslex7c/DefiYieldOptimizer,NEG_00619,0,0
0,-21.71091,3.7245276e-10,0,ebellocchia/erc20_splitter,NEG_00620,0,0
0,-23.766441,4.7683232e-11,0,EdgeApp/edge-react-gui,NEG_00621,0,0
0,-41.83706,6.7669986e-19,0,edubrunaldi/generic-wallet,NEG_00622,0,0
0,-30.282269,7.056314e-14,0,educoin/notarypoc,NEG_00623,0,0
0,-19.289822,4.1931165e-09,0,edwintyx/Blockchain-Cryptocurrency-Project,NEG_00624,0,0
0,-26.632416,2.7144933e-12,0,EjaraApp/trustdart,NEG_00625,0,0
0,-32.566708,7.185526e-15,0,eka0789/nft-marketplace,NEG_00626,0,0
0,-37.596302,4.7003857e-17,0,el-noir/ethereum-defi-app,NEG_00627,0,0
0,-19.429104,3.6479377e-09,0,el-noir/MedicAi,NEG_00628,0,0
0,-23.407097,6.830099e-11,0,eldorado-Coder/NFT-marketplace-smart-contract,NEG_00629,0,0
0,-40.503334,2.5681805e-18,0,elkoutwest/bitcoin_browser,NEG_00630,0,0
0,-22.129135,2.4515387e-10,0,Elmanilov/CastClaim,NEG_00631,0,0
0,-9.452542,7.848361e-05,0,ElromEvedElElyon/bitcoinbrasil,NEG_00632,0,0
0,-17.823326,1.817305e-08,0,elxor/jetum-wallet,NEG_00633,0,0
0,-28.71938,3.3676892e-13,0,Elytro-eth/ETHShanghai2022,NEG_00634,0,0
0,-34.26366,1.3166834e-15,0,EmanHerawy/web3Drive,NEG_00635,0,0
0,-25.653053,7.2280393e-12,0,emerald-dao/float,NEG_00636,0,0
0,-19.861977,2.3662092e-09,0,emeraldpay/dshackle,NEG_00637,0,0
0,-23.572083,5.791281e-11,0,emiliosheinz/vue-js-crypto-wallet,NEG_00638,0,0
0,-32.882927,5.237527e-15,0,emilyhon/foundry-defi-stablecoin-f23,NEG_00639,0,0
0,-21.546223,4.3913131e-10,0,Emivvvvv/btc-vanity,NEG_00640,0,0
0,-31.084583,3.1632754e-14,0,emlynazuma/blockchainCrawler,NEG_00641,0,0
0,-24.904549,1.5278896e-11,0,Emmahchinonso/web3-bridge-contract,NEG_00642,0,0
0,-20.33495,1.4744961e-09,0,Emmanuel-213/MyFirstSmartContract,NEG_00643,0,0
0,-28.586391,3.8466967e-13,0,Emmanuel-Samuel/Alchemy-projects,NEG_00644,0,0
0,-26.663048,2.6326036e-12,0,emograms/nft-marketplace,NEG_00645,0,0
0,-29.868938,1.0668046e-13,0,emtinanseo/dApp-Refund-by-Location-Smart-Contract,NEG_00646,0,0
0,-37.463978,5.3653883e-17,0,energychain/CorrentlyWallet,NEG_00647,0,0
0,-38.395912,2.112843e-17,0,Enkhai/crypto-blockchain-python,NEG_00648,0,0
0,-35.424454,4.1243474e-16,0,enricobottazzi/Zeko,NEG_00649,0,0
0,-26.815735,2.2598225e-12,0,enricozanardo/bitcoin-sentiment-analys-on-tweets-,NEG_00650,0,0
0,-25.495995,8.457271e-12,0,Enricrypto/arb-wave-flashloans-arbitrage,NEG_00651,0,0
0,-24.918682,1.506447e-11,0,EnridoZanoge/Layer-1,NEG_00652,0,0
0,-26.546593,2.9577486e-12,0,enzymefinance/protocol,NEG_00653,0,0
0,-30.561554,5.33686e-14,0,eonian-core/farm,NEG_00654,0,0
0,-15.19361,2.5205705e-07,0,epacrypt25/Web3BlockchainVooting,NEG_00655,0,0
0,-9.250152,9.6087846e-05,0,EpicVillage/Ore-Blue-Miner,NEG_00656,0,0
0,-23.020874,1.00498936e-10,0,eprbell/dali-rp2,NEG_00657,0,0
0,-33.656235,2.4170354e-15,0,eprbell/rp2,NEG_00658,0,0
0,-23.074413,9.52598e-11,0,eq-lab/marginly,NEG_00659,0,0
0,-27.297813,1.395437e-12,0,ERC4626-Alliance/sup-web-4626,NEG_00660,0,0
0,-26.71568,2.4976293e-12,0,Erfaniaa/crypto-portfolio-optimizer,NEG_00661,0,0
0,-35.837692,2.728274e-16,0,ernestognw/ethereum_signature,NEG_00662,0,0
0,-37.313713,6.2353424e-17,0,ervikassingh/nft-market,NEG_00663,0,0
0,-19.865559,2.3577487e-09,0,esolidar/web3,NEG_00664,0,0
0,-29.971066,9.632337e-14,0,estevaopbs/bitcoin-rs,NEG_00665,0,0
0,-29.21936,2.0426457e-13,0,ethaccount/vue-dapp,NEG_00666,0,0
0,-28.535511,4.047483e-13,0,EtherAuthority/Portfolio,NEG_00667,0,0
0,-14.678974,4.2169881e-07,0,ethereum-boilerplate/ethereum-prediction-market-boilerplate,NEG_00668,0,0
0,-29.089188,2.3266247e-13,0,EthereumCommonwealth/Auditing,NEG_00669,0,0
0,-24.649902,1.9709855e-11,0,EthereumCommonwealth/multi-geth,NEG_00670,0,0
0,-27.992096,6.9692684e-13,0,Ethernal-Tech/bridge-web-test-suite,NEG_00671,0,0
0,-42.807644,2.5637548e-19,0,ethers-io/ethers.js,NEG_00672,0,0
0,-30.139145,8.142085e-14,0,ethersphere/swap-swear-and-swindle,NEG_00673,0,0
0,-39.5902,6.400225e-18,0,EtherTW/LogoVote2017,NEG_00674,0,0
0,-23.326714,7.4017945e-11,0,ETsCalrskj/Kypt-MultiSig-Wallet-Transactions-Tron-Ethereum,NEG_00675,0,0
0,-22.046852,2.66179e-10,0,euphonious-raisinnutcookie575/ethwizc,NEG_00676,0,0
0,-27.469994,1.1747172e-12,0,Ev3rlasting/Sui-Vanity-Wallet-Generator,NEG_00677,0,0
0,-11.94353,6.5011163e-06,0,everstake/wallet-sdk,NEG_00678,0,0
0,-24.35902,2.636404e-11,0,everx-labs/everdev,NEG_00679,0,0
0,-26.763477,2.3810554e-12,0,everx-labs/evernode-se,NEG_00680,0,0
0,-31.427933,2.2439968e-14,0,EveryThinUknow/BlockchainPrototype,NEG_00681,0,0
0,-21.10793,6.806796e-10,0,evm-tooling/viem-go,NEG_00682,0,0
0,-35.032368,6.104303e-16,0,EWCunha/brownie-fund-me,NEG_00683,0,0
0,-23.552124,5.9080275e-11,0,exactly/liquidation-bot,NEG_00684,0,0
0,-38.443264,2.0151276e-17,0,exactly/protocol,NEG_00685,0,0
0,-19.024055,5.4696265e-09,0,exekerey/3xpl-mcp,NEG_00686,0,0
0,-32.441055,8.147581e-15,0,exglos/wallet,NEG_00687,0,0
0,-27.427113,1.2261859e-12,0,ExodusMovement/bitcoind-zmq,NEG_00688,0,0
0,-35.156494,5.391736e-16,0,Expandergraph/crypto-crawler,NEG_00689,0,0
0,-14.829173,3.6288733e-07,0,ExpertVagabond/mango-v4,NEG_00690,0,0
0,-17.382053,2.8253364e-08,0,explorills/expl-nodes-dashboard,NEG_00691,0,0
0,-35.50943,3.7883535e-16,0,f-z/decentralized-option-trading-platform,NEG_00692,0,0
0,-29.803555,1.1388873e-13,0,fabianorodrigo/defiamm,NEG_00693,0,0
0,-14.739907,3.9677056e-07,0,Fabischu2008/Vinechain,NEG_00694,0,0
0,-20.442646,1.3239502e-09,0,Fabomarche/ethereum-viewer,NEG_00695,0,0
0,-11.353814,1.1724547e-05,0,FACINGS/collection-manager,NEG_00696,0,0
0,-20.55751,1.1802844e-09,0,fadedreams/wallet_go_blockchain_concepts,NEG_00697,0,0
0,-27.939468,7.345867e-13,0,fadliferdian28/MyCryptoToken,NEG_00698,0,0
0,-18.257408,1.1773576e-08,0,fairrustana/Sports-Betting-Sportsbook,NEG_00699,0,0
0,-28.609104,3.7603126e-13,0,faizack/Supply-Chain-Blockchain,NEG_00700,0,0
0,-22.888931,1.1467359e-10,0,falila/smart-contract-interpreter,NEG_00701,0,0
0,-32.980682,4.74976e-15,0,Faouzijedidi1/NFT-Game,NEG_00702,0,0
0,-28.666515,3.5505084e-13,0,Farber98/MultiSigWallet,NEG_00703,0,0
0,-34.87491,7.145287e-16,0,farisamirmudin/cryptotransfer,NEG_00704,0,0
0,-25.018631,1.3631592e-11,0,faysalbadaoui/RegisterDeviceSolanaProgram,NEG_00705,0,0
0,-32.056076,1.1973553e-14,0,FazioNico/meta-gotchi,NEG_00706,0,0
0,-32.114098,1.12986e-14,0,fbsobreira/gotron-sdk,NEG_00707,0,0
0,-26.335625,3.6524434e-12,0,feeeei/vanity-generator,NEG_00708,0,0
0,-27.793045,8.504209e-13,0,felipeserrano05/one-sol-protocol,NEG_00709,0,0
0,-28.081547,6.372931e-13,0,fewwwww/awesome-uniswap-hooks,NEG_00710,0,0
0,-12.1039295,5.537679e-06,0,Fida-Kainth/Block-Chain-A-Decentralized-Cryptocurrency-Wallet-System-with-Automated-Zakat-Deduction,NEG_00711,0,0
0,-19.358936,3.9130987e-09,0,FIFA0313/blockchain-wallet-adapter-designe,NEG_00712,0,0
0,-16.379753,7.6977464e-08,0,FIFA0313/sui-mcp-server-wallet-management,NEG_00713,0,0
0,-39.65128,6.020993e-18,0,filips123/BlogChain,NEG_00714,0,0
0,-19.198357,4.594727e-09,0,FilOzone/synapse-sdk,NEG_00715,0,0
0,-37.388447,5.786339e-17,0,FinHubRotman/eth-blockchain-data,NEG_00716,0,0
0,-35.57541,3.5464692e-16,0,FIT-DNU/Blockchain-Technology,NEG_00717,0,0
0,-34.254494,1.3288083e-15,0,Flame-eth/Multiparty-Solidity-Wallet-,NEG_00718,0,0
0,-39.42887,7.5207096e-18,0,flannerychristopher/web3_py_simple_storage,NEG_00719,0,0
0,-34.808685,7.63449e-16,0,flappyagent/flappy-bird-solidity-2,NEG_00720,0,0
0,-40.035603,4.0997627e-18,0,flexa/collateral-manager,NEG_00721,0,0
0,-36.259563,1.7892527e-16,0,floranguyen0/nft-marketplace,NEG_00722,0,0
0,-28.486237,4.2519154e-13,0,fomoweth/flashloan-aggregator,NEG_00723,0,0
0,-40.436134,2.7466923e-18,0,ForcingVaporizer/Blockchain-Dapp-Crypto,NEG_00724,0,0
0,-28.73576,3.3129744e-13,0,Formyselfonly/smart-contract-quickstart,NEG_00725,0,0
0,-30.00336,9.326228e-14,0,formysister/crosschain-mixer-solidity,NEG_00726,0,0
0,-28.547089,4.0008933e-13,0,forward0507/Dexordi-BE,NEG_00727,0,0
0,-18.326443,1.0988212e-08,0,foxxcn/Arkham_API_test,NEG_00728,0,0
0,-24.004047,3.759886e-11,0,frangio/hardhat-exposed,NEG_00729,0,0
0,-22.982681,1.0441151e-10,0,frankdev7/bootcamp-solidity-defi,NEG_00730,0,0
0,-45.93494,1.1238514e-20,0,frankiefab100/Blockchain-Development-Resources,NEG_00731,0,0
0,-38.801704,1.4081013e-17,0,frankiefab100/Web3.0-Roadmap,NEG_00732,0,0
0,-30.909084,3.7701206e-14,0,FredericRezeau/soroban-snooker,NEG_00733,0,0
0,-27.420578,1.2342249e-12,0,FrederikBolding/chainlist,NEG_00734,0,0
0,-34.549732,9.891039e-16,0,freight-trust/deployments-solidity,NEG_00735,0,0
0,-37.305763,6.28511e-17,0,Frenzoid/DAPP_Bank,NEG_00736,0,0
0,-25.34024,9.882649e-12,0,Freya-Lark/Chainlink-2024-17hours-Web3-tutorial,NEG_00737,0,0
0,-32.67192,6.467927e-15,0,FriendlyUser/solidity-smart-contracts,NEG_00738,0,0
0,-24.443462,2.4229205e-11,0,FujiwaraChoki/CoinWizard,NEG_00739,0,0
0,-31.729221,1.660253e-14,0,fullstack-development/blockchain-wiki-en,NEG_00740,0,0
0,-10.556891,2.6012913e-05,0,fundgao/xiuxian,NEG_00741,0,0
0,-23.441391,6.599838e-11,0,fvictorio/ganache-explorer-poc,NEG_00742,0,0
0,-20.478916,1.2767907e-09,0,fxop0218/DEFI-aave-JS-Solidity,NEG_00743,0,0
0,-42.129265,5.052342e-19,0,gabidi/bismuth-js-crypto,NEG_00744,0,0
0,-38.442616,2.0164349e-17,0,gakonst/ethers-rs,NEG_00745,0,0
0,-33.50007,2.8255632e-15,0,GameChangerFinance/gamechanger.wallet,NEG_00746,0,0
0,-26.764473,2.378686e-12,0,gasparllamazares/Bitcoin-Virus,NEG_00747,0,0
0,-20.034992,1.9902768e-09,0,gauryvg98/Bitcoin-Indexer,NEG_00748,0,0
0,-39.570145,6.52987e-18,0,gbto/web3-everything,NEG_00749,0,0
0,-33.60865,2.534829e-15,0,gear5labs/chenpilot,NEG_00750,0,0
0,-30.684116,4.721256e-14,0,Gearbox-protocol/gearbox-protocol-description,NEG_00751,0,0
0,-32.61023,6.8795067e-15,0,gemwalletcom/gem-android,NEG_00752,0,0
0,-38.526207,1.8547308e-17,0,Generic35/Ethereum-Wallet-Dai-Token-Clone,NEG_00753,0,0
0,-37.374054,5.870223e-17,0,geovgy/smart-wallet,NEG_00754,0,0
0,-31.655025,1.7881218e-14,0,geraldoramos/crypto-bar,NEG_00755,0,0
0,-24.734566,1.810984e-11,0,getgems-community-tact/nft-template-editable,NEG_00756,0,0
0,-17.021385,4.0523446e-08,0,getsafle/safle-identity-wallet,NEG_00757,0,0
0,-22.215595,2.2484828e-10,0,gfsxyz/lamina,NEG_00758,0,0
0,-39.096634,1.0484497e-17,0,ggviana/splitter,NEG_00759,0,0
0,-32.273674,9.632111e-15,0,GHODA-crypto/shatranj,NEG_00760,0,0
0,-21.776478,3.4881556e-10,0,ghulamrabbanimedium-dotcom/VerseBet-dapp,NEG_00761,0,0
0,-39.260117,8.9032386e-18,0,giogam/Gopher-Wallet,NEG_00762,0,0
0,-39.819084,5.0908632e-18,0,gitthekid/Ethereum-Flashloan-DEX-Arbitrage-Contracts,NEG_00763,0,0
0,-30.6885,4.700608e-14,0,gizdusum/hermes-blockchain-oracle,NEG_00764,0,0
0,-32.294743,9.431299e-15,0,GlitchicaL/project-arcadia,NEG_00765,0,0
0,-39.59726,6.355192e-18,0,glitchnsec/cryptozombies-solutions,NEG_00766,0,0
0,-36.542778,1.347948e-16,0,glitznerf/blockchain_banking_system,NEG_00767,0,0
0,-27.33908,1.3390232e-12,0,gmh5225/awesome-crypto-wallet-address,NEG_00768,0,0
0,-19.766968,2.602046e-09,0,gmtech-xyz/safe-cex,NEG_00769,0,0
0,-30.622879,5.019409e-14,0,gnidan/abi-to-sol,NEG_00770,0,0
0,-27.534817,1.1009841e-12,0,gnosis/reth-util,NEG_00771,0,0
0,-18.301132,1.1269879e-08,0,gobeyondfj-cmd/cryptoagent-ai,NEG_00772,0,0
0,-20.38181,1.4069955e-09,0,GobyWallet/openapi,NEG_00773,0,0
0,-25.881603,5.7512536e-12,0,gokcearda/OwlToken,NEG_00774,0,0
0,-37.744804,4.051723e-17,0,Gola-k/jsm_nft_marketplace,NEG_00775,0,0
0,-19.81932,2.4693259e-09,0,GoodDollar/GoodDAPP,NEG_00776,0,0
0,-24.81261,1.6750204e-11,0,GoogleEnginer/defi-yield-calculator,NEG_00777,0,0
0,-41.059402,1.4727467e-18,0,govi-dao/cvi-contracts,NEG_00778,0,0
0,-30.614525,5.0615186e-14,0,gprateek93/Sikka--A-Simple-Bitcoin-Implementation,NEG_00779,0,0
0,-26.869823,2.1408387e-12,0,grandsmarquis/ethereumdevio-dex-tutorial,NEG_00780,0,0
0,-10.300359,3.36199e-05,0,GRANTsol/PanteraProtocol,NEG_00781,0,0
0,-21.810719,3.37074e-10,0,greekfetacheese/zeus,NEG_00782,0,0
0,-33.402393,3.1154795e-15,0,GridexProtocol/core,NEG_00783,0,0
0,-17.895748,1.690345e-08,0,gridgentoo/graph-node,NEG_00784,0,0
0,-13.628226,1.2059687e-06,0,gsachin1809/bitcoin_wallet,NEG_00785,0,0
0,-31.875034,1.4349887e-14,0,gskril/mnemonic-guesser,NEG_00786,0,0
0,-30.83382,4.0648257e-14,0,guider23/CryptoShare,NEG_00787,0,0
0,-34.910202,6.8975036e-16,0,guillaumelauzier/rootstock-NFT,NEG_00788,0,0
0,-25.439106,8.952342e-12,0,GuiTeK/bip39-splitter,NEG_00789,0,0
0,-36.207138,1.8855573e-16,0,guoshijiang/blockchain-wallet-sdk,NEG_00790,0,0
0,-21.34615,5.3639543e-10,0,Gupta-4699/crypto_gallery,NEG_00791,0,0
0,-32.005527,1.2594357e-14,0,gurnec/btcrecover,NEG_00792,0,0
0,-34.11134,1.5333222e-15,0,gweidart/evm-flashswap-arb,NEG_00793,0,0
0,-35.799473,2.8345656e-16,0,gyro-defi/gyro-v1-contracts,NEG_00794,0,0
0,-25.844727,5.9673e-12,0,gysr-io/core,NEG_00795,0,0
0,-21.881577,3.140162e-10,0,Gzeu/hero-forge-monorepo,NEG_00796,0,0
0,-25.591824,7.68444e-12,0,ha-bhai-noob-hoon/Solidity-task,NEG_00797,0,0
0,-19.139542,4.8730704e-09,0,Hackathons-w-Rapto/RugRader,NEG_00798,0,0
0,-23.356316,7.185897e-11,0,hacksdark/cybersecurity_hack,NEG_00799,0,0
0,-25.37254,9.56855e-12,0,HackUnderway/BlockChain,NEG_00800,0,0
0,-35.145554,5.451048e-16,0,HadhemiBM/SmartContract_NFT-Marketplace,NEG_00801,0,0
0,-30.851463,3.993739e-14,0,HAECHI-LABS/vvisp,NEG_00802,0,0
0,-37.2871,6.403501e-17,0,Haehnchen/uniswap-arbitrage-flash-swap,NEG_00803,0,0
0,-40.503124,2.5687192e-18,0,haf-decent/bArb,NEG_00804,0,0
0,-26.577766,2.866967e-12,0,HalfSuperNate/BalanceOfBatchDataToString,NEG_00805,0,0
0,-31.028774,3.344834e-14,0,HandyDudes/ETH-NFT-buildspace,NEG_00806,0,0
0,-16.433117,7.2977336e-08,0,Hany-Almnaem/Solana-Documents-as-NFTs-in-a-wallet-Project,NEG_00807,0,0
0,-31.77457,1.5866435e-14,0,hanzopgp/CryptoZombies,NEG_00808,0,0
0,-34.161907,1.4577135e-15,0,HappyGroupHub/Ethereum-Wallet-Tracker,NEG_00809,0,0
0,-34.951584,6.6178965e-16,0,Hardchat/Web3.py-Transaction,NEG_00810,0,0
0,-16.697903,5.6000637e-08,0,harishummam/CryptoKet-NFT-Marketplace,NEG_00811,0,0
0,-30.473167,5.8300404e-14,0,haritsmedina/web3.0_krypto,NEG_00812,0,0
0,-22.414352,1.8431913e-10,0,HariVP03/nft-kart,NEG_00813,0,0
0,-45.18338,2.3829083e-20,0,HarryR/shwop,NEG_00814,0,0
0,-35.8636,2.658494e-16,0,harsh6768/web3-basics,NEG_00815,0,0
0,-18.210915,1.2333896e-08,0,harshiit1/ethereumChecker,NEG_00816,0,0
0,-26.31707,3.720846e-12,0,harshit180704/aave-credit-scoring,NEG_00817,0,0
0,-25.738274,6.63758e-12,0,Harukite/wallets-generate,NEG_00818,0,0
0,-46.76976,4.876983e-21,0,hashbx/token-distribution,NEG_00819,0,0
0,-32.790974,5.7419716e-15,0,hashemabad/MultiSigWallet,NEG_00820,0,0
0,-25.367321,9.618614e-12,0,HashLips/hashlips_nft_contract,NEG_00821,0,0
0,-29.28368,1.9153994e-13,0,HashLips/nft_collection_minter,NEG_00822,0,0
0,-25.30944,1.0191771e-11,0,HassanA632/blockchain-wallet-risk-analyser,NEG_00823,0,0
0,-49.771637,2.423554e-22,0,HawkTahir1/ZENC,NEG_00824,0,0
0,-33.79792,2.0977307e-15,0,haxpor/contractdiff,NEG_00825,0,0
0,-43.94077,8.255937e-20,0,haxpor/inoutflow,NEG_00826,0,0
0,-27.263126,1.44469e-12,0,hclivess/qtrader,NEG_00827,0,0
0,-27.164421,1.5945635e-12,0,hdwaIIet-io/python-hdwallet,NEG_00828,0,0
0,-19.671112,2.8638125e-09,0,HectorNBL/eth_solseum_gen_hnbl,NEG_00829,0,0
0,-33.750145,2.2003832e-15,0,henesaud/bitcoin-cryptography,NEG_00830,0,0
0,-30.764263,4.3576294e-14,0,hexoul/aws-lambda-eth-proxy,NEG_00831,0,0
0,-31.44484,2.206377e-14,0,hi-riddhi/AaveV2-CreditScoring,NEG_00832,0,0
0,-36.005585,2.306605e-16,0,hiero-ledger/hiero-consensus-node,NEG_00833,0,0
0,-33.600258,2.5561915e-15,0,hilalsidhic/waveportal-Web3-and-solidity,NEG_00834,0,0
0,-25.586124,7.72836e-12,0,HilliamT/foundry-web3-monorepo,NEG_00835,0,0
0,-37.038666,8.2094076e-17,0,hilmikt/Web3,NEG_00836,0,0
0,-29.894684,1.03968985e-13,0,HimanshuGupta-p1/ETHIFY,NEG_00837,0,0
0,-37.6248,4.5683174e-17,0,hippogriff-dev/baby-swap,NEG_00838,0,0
0,-30.75304,4.4068095e-14,0,hiromaily/go-crypto-wallet,NEG_00839,0,0
0,-39.817154,5.1006992e-18,0,hiwadrashad/Crypto-Currency,NEG_00840,0,0
0,-32.103493,1.1419058e-14,0,hobbleabbas/Bitcoin-RPC-API,NEG_00841,0,0
0,-37.971615,3.2295143e-17,0,HODLorg/HODLbot,NEG_00842,0,0
0,-24.224522,3.0159486e-11,0,holder-bot/wallet-testnet,NEG_00843,0,0
0,-32.243484,9.927334e-15,0,holyblock/blockchain-piaic-q4-solution,NEG_00844,0,0
0,-24.502544,2.2839163e-11,0,HongThaiPham/plugin-u2u,NEG_00845,0,0
0,-20.599243,1.1320416e-09,0,HopefulHeart2020/Finaomics-Solidity-Web3-React,NEG_00846,0,0
0,-38.123405,2.7746956e-17,0,hoprnet/hopr-ethereum,NEG_00847,0,0
0,-25.144047,1.2024838e-11,0,horizontalsystems/bitcoin-kit-android,NEG_00848,0,0
0,-32.674454,6.451564e-15,0,horizontalsystems/bitcoin-kit-ios,NEG_00849,0,0
0,-35.572758,3.555884e-16,0,horizontalsystems/ethereum-kit-android,NEG_00850,0,0
0,-41.99418,5.783089e-19,0,horizontalsystems/unstoppable-wallet-android,NEG_00851,0,0
0,-45.484253,1.763762e-20,0,horizontalsystems/unstoppable-wallet-ios,NEG_00852,0,0
0,-36.715168,1.1345016e-16,0,hoseadevops/edec-nft-market,NEG_00853,0,0
0,-25.328217,1.0002195e-11,0,hovig/web3-fabric-voting-dapp,NEG_00854,0,0
0,-29.89539,1.0389563e-13,0,hsharshshukla/SmartContractL,NEG_00855,0,0
0,-38.414543,2.073843e-17,0,HugoBrunet13/NFT-Marketplace-Auction,NEG_00856,0,0
0,-24.422298,2.4747456e-11,0,hugoclrd/clearness,NEG_00857,0,0
0,-21.983665,2.8354072e-10,0,hululuzhu/solidity-t5,NEG_00858,0,0
0,-51.206467,5.771838e-23,0,hummingbot/hummingbot,NEG_00859,0,0
0,-35.804226,2.8211248e-16,0,hundredwz/BlockchainInfo,NEG_00860,0,0
0,-23.932442,4.0389886e-11,0,Huy-2k11/Native-Parser,NEG_00861,0,0
0,-32.99516,4.6814943e-15,0,huynhtuandat05december/Crypto-Zombie,NEG_00862,0,0
0,-23.342152,7.2884025e-11,0,hyp3r5pace/crowdfunding-platform-avalanche,NEG_00863,0,0
0,-31.505615,2.0762763e-14,0,Hyperledger-TWGC/GM-interoperability,NEG_00864,0,0
0,-13.511023,1.3559286e-06,0,HyperPlay-Gaming/hyperplay-desktop-client,NEG_00865,0,0
0,-26.089512,4.6716355e-12,0,hzblab/NFT-Minting-dApp,NEG_00866,0,0
0,-18.457558,9.637948e-09,0,Iamdungx/denigma-cracker,NEG_00867,0,0
0,-32.539047,7.387055e-15,0,iamnotstatic/multichain-crypto-wallet,NEG_00868,0,0
0,-28.294258,5.15181e-13,0,Iamtheusername112/Crypto,NEG_00869,0,0
0,-45.67639,1.4554429e-20,0,ianmah/cryptostory,NEG_00870,0,0
0,-21.62262,4.0683248e-10,0,IaroslavTitov/OnchainVestingService,NEG_00871,0,0
0,-20.529179,1.2142022e-09,0,IBM/loyalty-points-evm-fabric,NEG_00872,0,0
0,-27.723366,9.117909e-13,0,IBQ-SUP/b-rad-coin,NEG_00873,0,0
0,-25.189129,1.1494771e-11,0,ibrahimjspy/defi-portfolio-tracker,NEG_00874,0,0
0,-27.917965,7.5055386e-13,0,IcarusCan/CryptoSimsNFT,NEG_00875,0,0
0,-29.250362,1.980291e-13,0,icebert04/Defi-Dashboard,NEG_00876,0,0
0,-20.44028,1.3270852e-09,0,idimetrix/next-jobs,NEG_00877,0,0
0,-21.231304,6.0167477e-10,0,idrabenia/SublimeLinter-contrib-solhint,NEG_00878,0,0
0,-33.324764,3.3669663e-15,0,IgorAugust0/blockchain-security-labs,NEG_00879,0,0
0,-39.39454,7.7833965e-18,0,igorlourenco/nft-marketplace-smart-contract,NEG_00880,0,0
0,-39.71404,5.654733e-18,0,ihaveCred/OfflineSignProvider,NEG_00881,0,0
0,-13.098704,2.047878e-06,0,illia-fz/defi-python-nft-staking-rewards-v2,NEG_00882,0,0
0,-9.359191,8.6162356e-05,0,illia-fz/defi-ts-wallet-connect-v23,NEG_00883,0,0
0,-25.266766,1.0636118e-11,0,ilyarolf/AiogramShopBot,NEG_00884,0,0
0,-34.576065,9.63398e-16,0,imanmousaei/coinexpy,NEG_00885,0,0
0,-34.730534,8.255073e-16,0,imcrazysteven/Initial-Coin-Offering-Smart-Contract,NEG_00886,0,0
0,-26.174728,4.290026e-12,0,imfrodobaggins/metabullrage,NEG_00887,0,0
0,-37.478394,5.2885978e-17,0,Imperial-Group-19/contracts,NEG_00888,0,0
0,-17.765556,1.925382e-08,0,Infineon/secora-blockchain-walletconnect,NEG_00889,0,0
0,-27.747456,8.900884e-13,0,Infinite-Null/Wallet-Master,NEG_00890,0,0
0,-33.29454,3.4702825e-15,0,inghong06/Solidity_Whitelist,NEG_00891,0,0
0,-24.993595,1.3977181e-11,0,input-output-hk/daedalus,NEG_00892,0,0
0,-11.331293,1.19915885e-05,0,input-output-hk/mantis-wallet,NEG_00893,0,0
0,-41.32576,1.1283673e-18,0,instant-coffee/cryptoZombies,NEG_00894,0,0
0,-30.742638,4.4528915e-14,0,invis2912/TokenTrail,NEG_00895,0,0
0,-21.761082,3.542275e-10,0,iotaledger-archive/legacy-wallet-use-trinity-wallet-instead,NEG_00896,0,0
0,-55.519943,7.7267175e-25,0,Isaacdelly/Plutus,NEG_00897,0,0
0,-33.536354,2.7248743e-15,0,ismailbangee/smart-contracts,NEG_00898,0,0
0,-36.95371,8.937339e-17,0,itaikeren/Crypto-Fighters,NEG_00899,0,0
0,-29.202057,2.0782982e-13,0,Itheum/sdk-mx-data-nft,NEG_00900,0,0
0,-22.666126,1.4329349e-10,0,ithunter0428/solidity2terrachian_rust,NEG_00901,0,0
0,-24.159489,3.2186028e-11,0,itsSauravK/Election-Voting-Blockchain,NEG_00902,0,0
0,-34.850082,7.324897e-16,0,itstargetconfirmed/flash-loan-sample,NEG_00903,0,0
0,-41.96561,5.9506846e-19,0,itstargetconfirmed/wrapped-ether,NEG_00904,0,0
0,-22.68468,1.4065923e-10,0,ivanzhelyazkov/ethereum-wallet-manager,NEG_00905,0,0
0,-41.06231,1.4684719e-18,0,ivopetiz/crypto-exchange-cli,NEG_00906,0,0
0,-29.317799,1.8511511e-13,0,Ivy-Apps/ivy-wallet,NEG_00907,0,0
0,-19.396412,3.7691668e-09,0,Iwai88961997/Electrum-Fake-Balance,NEG_00908,0,0
0,-38.773052,1.44903e-17,0,J12ATA/my-wave-portal,NEG_00909,0,0
0,-30.180305,7.813757e-14,0,jaayperez/btc-wallet,NEG_00910,0,0
0,-37.19629,7.012242e-17,0,jaayperez/coin,NEG_00911,0,0
0,-35.258217,4.8702473e-16,0,jackey1510/MyNFT,NEG_00912,0,0
0,-29.710495,1.2499595e-13,0,JackG-eth/CryptoZombieEthSC,NEG_00913,0,0
0,-25.559593,7.9361465e-12,0,Jackhuang166/chess-smart-contract,NEG_00914,0,0
0,-8.996778,0.00012379281,0,Jackhuang166/evm-dex-swap-staking-liquidity,NEG_00915,0,0
0,-33.373825,3.2057669e-15,0,JACKORARO12/BlockChainVoting,NEG_00916,0,0
0,-40.937756,1.6632543e-18,0,JackyVerse/SmartContractSolidityEth,NEG_00917,0,0
0,-25.807022,6.196589e-12,0,jacobdmn/iWallet,NEG_00918,0,0
0,-37.589417,4.732862e-17,0,JacobZavita/nfts-react,NEG_00919,0,0
0,-39.39699,7.764328e-18,0,jagadeeshgatla/simple-cryptocurrency-wallet,NEG_00920,0,0
0,-36.980515,8.700949e-17,0,Jahankohan/NFT-Marketplace,NEG_00921,0,0
0,-36.938156,9.077423e-17,0,Jahankohan/NFTWhiteListing,NEG_00922,0,0
0,-31.24683,2.6895161e-14,0,Jain-Sameer/DecentralizedStableCoin,NEG_00923,0,0
0,-36.584927,1.2923146e-16,0,jamaltheatlantean/DeFi-Staking,NEG_00924,0,0
0,-23.286915,7.7023166e-11,0,JamBrains/jam-docs,NEG_00925,0,0
0,-32.004894,1.2602335e-14,0,JamesANZ/crypto-timelocked-backup,NEG_00926,0,0
0,-43.78598,9.638078e-20,0,JamesANZ/learn-solidity-with-examples,NEG_00927,0,0
0,-22.299175,2.0681937e-10,0,jammy928/CoinExchange_CryptoExchange_Java,NEG_00928,0,0
0,-30.180286,7.813906e-14,0,janfilips/blockchain-poker,NEG_00929,0,0
0,-24.833843,1.6398303e-11,0,janghona/go-ethereum-Jochain,NEG_00930,0,0
0,-28.262432,5.318409e-13,0,Janus-chan/ZkSync_Accounts,NEG_00931,0,0
0,-22.770046,1.2915004e-10,0,jaoleal/chainpass,NEG_00932,0,0
0,-12.731071,2.9577716e-06,0,Jared351/Blockchain-crypto-currencies,NEG_00933,0,0
0,-34.412857,1.1341907e-15,0,jarrettyew/web3.0,NEG_00934,0,0
0,-28.104664,6.2272973e-13,0,jarrodwatts/evmkit,NEG_00935,0,0
0,-18.619987,8.192985e-09,0,jarrodwatts/nft-drop-with-smart-wallet,NEG_00936,0,0
0,-35.69034,3.1614266e-16,0,JasminDreasond/Dohpw,NEG_00937,0,0
0,-24.257782,2.9172872e-11,0,jasonjgarcia24/web3-ether-talent-pool,NEG_00938,0,0
0,-31.171227,2.900737e-14,0,JasonnLim/Blockchain-MedicalRecords,NEG_00939,0,0
0,-31.527252,2.0318343e-14,0,JavaCardOS/BitcoinWallet,NEG_00940,0,0
0,-24.0309,3.6602704e-11,0,javascript-pro/crypto-casino,NEG_00941,0,0
0,-25.691925,6.952463e-12,0,jawedzaid/jawed,NEG_00942,0,0
0,-26.64244,2.6874165e-12,0,jay-Anonymous/CryptoLedger,NEG_00943,0,0
0,-30.925472,3.7088395e-14,0,jdogresorg/freewallet-mobile,NEG_00944,0,0
0,-36.950993,8.961647e-17,0,jdogresorg/freewallet,NEG_00945,0,0
0,-19.042488,5.369731e-09,0,jeanne-cortes725n/ethere8,NEG_00946,0,0
0,-35.786037,2.872906e-16,0,jeet-patel313/NFTStaking,NEG_00947,0,0
0,-26.727673,2.4678532e-12,0,Jeff1010-web/NFT-marketplace,NEG_00948,0,0
0,-26.002335,5.0971757e-12,0,jeffprestes/rust-smart-contract-example-connection,NEG_00949,0,0
0,-35.165024,5.3459415e-16,0,jeftarmascarenhas/smart-contract-training,NEG_00950,0,0
0,-37.88233,3.5311186e-17,0,Jeiwan/zuniswapv2,NEG_00951,0,0
0,-48.53094,8.380696e-22,0,jeloooooo/solidity-cryptozombies,NEG_00952,0,0
0,-23.189934,8.4867176e-11,0,jenil04/auction,NEG_00953,0,0
0,-25.05651,1.3124886e-11,0,JennEYoon/DeFi-ml,NEG_00954,0,0
0,-32.79286,5.7311617e-15,0,jevinjivani2507/casino-web3,NEG_00955,0,0
0,-25.253578,1.0777309e-11,0,jgyy/solarjun,NEG_00956,0,0
0,-26.89066,2.096694e-12,0,jianminggit/NFT_BOT,NEG_00957,0,0
0,-18.201313,1.2452892e-08,0,jitendragangwar123/Crowd-Sale-ICO-Dapp,NEG_00958,0,0
0,-40.857143,1.8028854e-18,0,jitendragangwar123/Crypto-Zombies-Game,NEG_00959,0,0
0,-32.106434,1.1385521e-14,0,JJ-Top/Despliegue-en-Ganache-de-SmartContract,NEG_00960,0,0
0,-34.876503,7.133903e-16,0,jjanczur/SolidityDrive,NEG_00961,0,0
0,-37.167896,7.214193e-17,0,jjtiger/Blockchain_Business_Crypto_-DevPack,NEG_00962,0,0
0,-39.642937,6.071435e-18,0,jlandyr/web3solidity,NEG_00963,0,0
0,-22.792393,1.2629602e-10,0,jocruz/LostCatsUi,NEG_00964,0,0
0,-18.52142,9.041691e-09,0,JoeanSteinbock/crypto-price-tracker,NEG_00965,0,0
0,-27.247746,1.4670823e-12,0,john-lawniczak/Smart-Contract-Resources,NEG_00966,0,0
0,-36.487392,1.424711e-16,0,johnnyshankman/xtznftswap-contracts,NEG_00967,0,0
0,-28.341541,4.913885e-13,0,johnsonstephan/awesome-web3-formal-verification,NEG_00968,0,0
0,-24.486137,2.3216977e-11,0,jokeradms/Electrum-ADA,NEG_00969,0,0
0,-26.800709,2.294035e-12,0,jolly-roger-eth/ethereum-indexer,NEG_00970,0,0
0,-31.312916,2.5175232e-14,0,Jolsho/eth_wallet,NEG_00971,0,0
0,-24.58308,2.1071908e-11,0,Jon-Becker/heimdall-rs,NEG_00972,0,0
0,-25.238033,1.0946149e-11,0,jon4hz/ethconvert,NEG_00973,0,0
0,-39.165344,9.788297e-18,0,jonluxson/very-basic-form-of-cryptocurrency,NEG_00974,0,0
0,-19.988903,2.0841533e-09,0,joseoscarcc/TaqueriaCryptoChain,NEG_00975,0,0
0,-41.571026,8.829434e-19,0,joshaustintech/ethereum-portfolio,NEG_00976,0,0
0,-12.567615,3.482995e-06,0,joshH94/NFT-Marketplace-Solidity-Hardhat-NexJS-Web3js-Tailwind,NEG_00977,0,0
0,-10.457767,2.8723493e-05,0,JoshuaDevCo/defi-arb,NEG_00978,0,0
0,-33.37683,3.1961446e-15,0,jovijovi/ether-goblin,NEG_00979,0,0
0,-38.219536,2.5203826e-17,0,jp-co-decoo-shirato/solidity-cryptozombies,NEG_00980,0,0
0,-19.512928,3.354618e-09,0,jpromamen/sat-stacker-quiz,NEG_00981,0,0
0,-16.052475,1.0678215e-07,0,jptsantossilva/BEC,NEG_00982,0,0
0,-35.651546,3.286473e-16,0,jseanchuang/web3py_example,NEG_00983,0,0
0,-43.8429,9.104807e-20,0,jualexandre/crypto-zombies,NEG_00984,0,0
0,-24.95657,1.4504391e-11,0,juanemmanuelpd/NFT-Marketplace,NEG_00985,0,0
0,-40.19542,3.4942276e-18,0,JuanXavier/DEX_React,NEG_00986,0,0
0,-17.526253,2.4459363e-08,0,JulieGibbs/NFT1155_Contract_Test_Assignment,NEG_00987,0,0
0,-27.317314,1.3684887e-12,0,juliocamposmachado/my_eth_app.github.io,NEG_00988,0,0
0,-34.72856,8.27137e-16,0,JulyIghor/QtBitcoinTrader,NEG_00989,0,0
0,-27.82906,8.2033826e-13,0,JumpCrypto/crypto-reading-list,NEG_00990,0,0
0,-24.249271,2.9422208e-11,0,jun1sen1/solidityone1,NEG_00991,0,0
0,-35.535957,3.6891797e-16,0,Juniorduc44/brownie_fund_me,NEG_00992,0,0
0,-20.631824,1.0957525e-09,0,JunoNode/juno,NEG_00993,0,0
0,-38.526325,1.8545116e-17,0,junowoz/smartContracts,NEG_00994,0,0
0,-42.731056,2.7678216e-19,0,jwinterm/cryptonoteRPCwalletGUI,NEG_00995,0,0
0,-27.33139,1.3493604e-12,0,k1-c/ethereum-wallet-manager,NEG_00996,0,0
0,-45.041695,2.7456205e-20,0,kaamil-ahamadh/web3-ico-app,NEG_00997,0,0
0,-40.040344,4.080369e-18,0,Kalashin1/GTA-token-smart-contract,NEG_00998,0,0
0,-18.396473,1.0245032e-08,0,kansel-dev/solana-nft-sniper,NEG_00999,0,0
0,-26.514828,3.0532096e-12,0,KareimGazer/Blockchain-Sim,NEG_01000,0,0
0,-22.709862,1.3716155e-10,0,Karhal/web3-connect,NEG_01001,0,0
0,-16.119884,9.982126e-08,0,karmaizmyb1tch/Crypto-Wallet,NEG_01002,0,0
0,-23.706505,5.0628585e-11,0,kartik78946/Bank-Wallet-SmartContract,NEG_01003,0,0
0,-15.293315,2.2813799e-07,0,Kartikey353/Bitcoin-WalletCmd,NEG_01004,0,0
0,-35.42504,4.121925e-16,0,kartikver15gr8/WEB3-For-All,NEG_01005,0,0
0,-39.048935,1.0996717e-17,0,KashifCh-eth/Lottery-Smart-contract,NEG_01006,0,0
0,-26.11929,4.5345767e-12,0,katya201165/NFT-platform-lending,NEG_01007,0,0
0,-39.633972,6.126107e-18,0,kausikds/ethereum-onChain-wallet,NEG_01008,0,0
0,-23.237823,8.089869e-11,0,kaymen99/aave-flashloan-arbitrage,NEG_01009,0,0
0,-23.343143,7.281177e-11,0,kaymen99/Dex-aggregator,NEG_01010,0,0
0,-25.40218,9.289097e-12,0,kaymen99/uniswap-sushiswap-arbitrage,NEG_01011,0,0
0,-31.192749,2.8389727e-14,0,Kazopl/mpc-agent-wallet,NEG_01012,0,0
0,-38.779358,1.4399216e-17,0,Kazopl/nft-marketplace-signatures,NEG_01013,0,0
0,-19.800518,2.5161953e-09,0,keep-network/tbtc-website,NEG_01014,0,0
0,-33.12861,4.0966422e-15,0,keewenaw/Ethereum-Wallet-Cracker,NEG_01015,0,0
0,-11.075304,1.5489944e-05,0,KehindeA533/CryptoDev_NFTCollection_Frontend,NEG_01016,0,0
0,-30.93943,3.6574313e-14,0,kelvincup/base-commit,NEG_01017,0,0
0,-31.44751,2.200493e-14,0,kelvincup/base-learn,NEG_01018,0,0
0,-18.464794,9.568454e-09,0,Kelvyne/starknet-storage-proof-solidity,NEG_01019,0,0
0,-36.212624,1.8752423e-16,0,KenatSF/NFT-Marketplace,NEG_01020,0,0
0,-26.983791,1.9102415e-12,0,keng42/xwallet,NEG_01021,0,0
0,-27.597496,1.0340934e-12,0,kenpoon94/ethdenver-bootcamp-2022,NEG_01022,0,0
0,-31.252426,2.674507e-14,0,kerala-blockchain-academy/ethereum-developer-program,NEG_01023,0,0
0,-37.98153,3.197654e-17,0,kerala-blockchain-academy/SmartKYC,NEG_01024,0,0
0,-25.97583,5.2340797e-12,0,KernelFailure/blockchain,NEG_01025,0,0
0,-28.452713,4.396871e-13,0,keshav-poojary/NFT-on-Ethereum,NEG_01026,0,0
0,-15.285267,2.2998147e-07,0,keshav200215/SmartBlock,NEG_01027,0,0
0,-42.297295,4.2708896e-19,0,Kevaljagani/NFT-Market,NEG_01028,0,0
0,-31.551289,1.983579e-14,0,KevinSmall/blockchain3d,NEG_01029,0,0
0,-36.163956,1.9687637e-16,0,KevzPeter/EduBlocks,NEG_01030,0,0
0,-28.816864,3.0548857e-13,0,Keya-Moradi/Cryptopunk,NEG_01031,0,0
0,-14.443192,5.3382803e-07,0,keyhunters/Biggest-Lost-Bitcoin-Wallets-List,NEG_01032,0,0
0,-12.357385,4.2978786e-06,0,khadar1020/bitcoin_wallet,NEG_01033,0,0
0,-21.121346,6.716085e-10,0,khaled-305/crypto-order-book,NEG_01034,0,0
0,-38.245094,2.4567818e-17,0,khanjasir90/Secure-Shared-Wallet-Solidity,NEG_01035,0,0
0,-16.677711,5.7142856e-08,0,kheopskit/kheopskit,NEG_01036,0,0
0,-36.940117,9.059643e-17,0,Kimonic99/Heneftee,NEG_01037,0,0
0,-36.714207,1.1355927e-16,0,Kimxons/generate-btc-keys,NEG_01038,0,0
0,-24.205517,3.0738145e-11,0,kinggongzilla/Stable_GME_SmartContract,NEG_01039,0,0
0,-32.524605,7.494516e-15,0,Kingscliq/nuking-nfts,NEG_01040,0,0
0,-41.928,6.178746e-19,0,kingstarfly/nft_pendle,NEG_01041,0,0
0,-30.847145,4.011023e-14,0,kingsudo1004/Wallet-EVM,NEG_01042,0,0
0,-16.151165,9.674714e-08,0,KittenYang/SafeSnap,NEG_01043,0,0
0,-38.009415,3.1097174e-17,0,kittyshiba/contracts,NEG_01044,0,0
0,-24.079235,3.4875554e-11,0,klaim-dev/solana-programs,NEG_01045,0,0
0,-44.14152,6.754308e-20,0,klever-io/klever-go,NEG_01046,0,0
0,-44.143753,6.739251e-20,0,klever-io/kos-rs,NEG_01047,0,0
0,-27.573776,1.058915e-12,0,klntsky/sec.cyou,NEG_01048,0,0
0,-38.586914,1.7454851e-17,0,kochavalabs/xchng-solidity,NEG_01049,0,0
0,-18.45102,9.70117e-09,0,koh-gt/ferrite-wallet,NEG_01050,0,0
0,-42.539295,3.3528867e-19,0,kokomoji/CryptoCoinPaperWallet,NEG_01051,0,0
0,-37.565876,4.8455976e-17,0,konradcodes/Web-3.0-Blockchain-App,NEG_01052,0,0
0,-21.996449,2.7993924e-10,0,konradisco/bitcoin-ethereum,NEG_01053,0,0
0,-21.378315,5.194165e-10,0,KOSASIH/GEE-Platform,NEG_01054,0,0
0,-41.27637,1.1854954e-18,0,KOSASIH/nexus-finance-core,NEG_01055,0,0
0,-33.453457,2.9603854e-15,0,Kr1ptal/ethers-kt,NEG_01056,0,0
0,-29.635971,1.3466704e-13,0,kradkov14/presale-contract,NEG_01057,0,0
0,-18.204361,1.24149935e-08,0,kreskohq/kresko-protocol,NEG_01058,0,0
0,-9.341756,8.7677654e-05,0,KrishGitVerse/speedrun-multisig-msu,NEG_01059,0,0
0,-16.591717,6.227432e-08,0,krrish-sehgal/nwc-playground,NEG_01060,0,0
0,-24.880554,1.5649936e-11,0,krushangSk17/Interaction_with_SmartContract,NEG_01061,0,0
0,-27.150425,1.617038e-12,0,krypc-code/krypcore-web3-sdk,NEG_01062,0,0
0,-29.34536,1.8008277e-13,0,kshaveen13/vaulte8,NEG_01063,0,0
0,-23.233189,8.1274515e-11,0,Kula529/-nft-collectible-frontend,NEG_01064,0,0
0,-12.198108,5.039958e-06,0,kunalsinghdadhwal/LiqX,NEG_01065,0,0
0,-20.354794,1.4455247e-09,0,Kuprovskiy/defi.finance,NEG_01066,0,0
0,-13.770187,1.0463649e-06,0,kuroroLuciferPhantom/cryptopredict,NEG_01067,0,0
0,-23.873135,4.285775e-11,0,kushal-g/Bitcoin-Wallet,NEG_01068,0,0
0,-22.511948,1.6718042e-10,0,kvmizu/transfer_eth,NEG_01069,0,0
0,-22.528831,1.6438147e-10,0,KYVENetwork/kyvejs,NEG_01070,0,0
0,-34.7726,7.915028e-16,0,l3lackcurtains/solo-coin-cryptocurrency,NEG_01071,0,0
0,-26.2211,4.0956327e-12,0,LaChance-Lab/EVM-Solana-Casino-Games,NEG_01072,0,0
0,-15.481965,1.8891566e-07,0,lacrypta/lottery-front,NEG_01073,0,0
0,-28.706646,3.4108456e-13,0,LanceHez/Blockchain_Army_Knife-wallet-cracker-with-multichian,NEG_01074,0,0
0,-21.416748,4.998325e-10,0,lapismyt/ston-fi.py,NEG_01075,0,0
0,-31.498756,2.0905663e-14,0,laramiedunlap/blockchain-wallets,NEG_01076,0,0
0,-31.543934,1.9982214e-14,0,laser-wallet/laser-wallet-contracts,NEG_01077,0,0
0,-22.380638,1.9063927e-10,0,lastbattle/ordinal_inscription.netcore,NEG_01078,0,0
0,-30.149796,8.0558275e-14,0,Laszlo23/deficrown,NEG_01079,0,0
0,-21.40858,5.039315e-10,0,latoya4xfishn/spankcb,NEG_01080,0,0
0,-15.735964,1.465405e-07,0,Lavkush3411/nft-backend,NEG_01081,0,0
0,-12.083062,5.6544495e-06,0,lawlietu0/EnigmaCracker,NEG_01082,0,0
0,-19.189426,4.635942e-09,0,lawofambak-research/decentralized-speculations-market,NEG_01083,0,0
0,-32.04981,1.20488345e-14,0,layer3xyz/cubes,NEG_01084,0,0
0,-22.29094,2.0852976e-10,0,lbryio/lbry-android,NEG_01085,0,0
0,-26.338802,3.640856e-12,0,lbryio/lbry-desktop,NEG_01086,0,0
0,-35.151337,5.419615e-16,0,lbryio/torba,NEG_01087,0,0
0,-30.957764,3.5909887e-14,0,LeandroHugo/EtherJoint-Decentralized-Finance-for-Shared-Prosperity,NEG_01088,0,0
0,-30.686295,4.7109838e-14,0,LearnWeb3DAO/14-Days-of-Solidity,NEG_01089,0,0
0,-25.20364,1.1329173e-11,0,lee-seokmin/BlockChainVotingSystem,NEG_01090,0,0
0,-23.63538,5.4360696e-11,0,leeshuzheng/destroyer,NEG_01091,0,0
0,-27.093384,1.7119574e-12,0,lefajmofokeng/Cryptocurrencies,NEG_01092,0,0
0,-24.039143,3.6302204e-11,0,Lego1st/VotingDapp,NEG_01093,0,0
0,-28.986729,2.5776487e-13,0,Lemonio1Official/privateKey,NEG_01094,0,0
0,-27.80716,8.3850196e-13,0,Lemury1/wallet_stealer,NEG_01095,0,0
0,-41.180393,1.3049158e-18,0,lephleg/cryptocerts-contracts,NEG_01096,0,0
0,-32.08662,1.1613359e-14,0,leukaemiamedtech/hiasbch,NEG_01097,0,0
0,-40.548264,2.455347e-18,0,levintech/CryptoZombie,NEG_01098,0,0
0,-30.853313,3.986358e-14,0,life-itself/web3,NEG_01099,0,0
0,-31.37891,2.3567445e-14,0,lifinance/contracts,NEG_01100,0,0
0,-24.239342,2.9715817e-11,0,Lilypad-Tech/lilypad,NEG_01101,0,0
0,-26.696075,2.547075e-12,0,LinuxKunaL/gigalate-crypto-wallet,NEG_01102,0,0
0,-23.462421,6.462489e-11,0,lionello/secp256k1-js,NEG_01103,0,0
0,-24.214302,3.0469283e-11,0,liquality/wallet,NEG_01104,0,0
0,-25.599789,7.6234765e-12,0,ljubisnikolic0/NFT-Ethereum-Game,NEG_01105,0,0
0,-30.555485,5.3693483e-14,0,lmacken/binance-chain-python,NEG_01106,0,0
0,-29.178295,2.1282734e-13,0,LN-Zap/zap-desktop,NEG_01107,0,0
0,-42.294334,4.2835512e-19,0,lnardon/BlockChainExchange,NEG_01108,0,0
0,-30.308807,6.871511e-14,0,LoboVH/NFT-contract-NEAR-PROTOCOL,NEG_01109,0,0
0,-15.683374,1.5445323e-07,0,LocalCryptos/LocalCryptosWalletBackupExplorer,NEG_01110,0,0
0,-24.656097,1.9588131e-11,0,Logarithm-Labs/basis-mcp-server,NEG_01111,0,0
0,-16.350174,7.92884e-08,0,LondheShubham153/falcon-nft,NEG_01112,0,0
0,-20.012772,2.0349968e-09,0,Lopes-Marcio/chia-blockchain,NEG_01113,0,0
0,-22.67857,1.4152146e-10,0,lordbasilaiassistant-sudo/thryx-launchpad,NEG_01114,0,0
0,-25.567917,7.870363e-12,0,Louis-XWB/ICP_Web3Jobs,NEG_01115,0,0
0,-55.65812,6.729549e-25,0,lssleo/crypto-unlimited,NEG_01116,0,0
0,-35.517494,3.757926e-16,0,lsw6684/Ethereum,NEG_01117,0,0
0,-15.16373,2.597023e-07,0,luca-nik/Blockchain_ResearchLead_Assignements,NEG_01118,0,0
0,-46.200905,8.613942e-21,0,lucabizza/cryptozombies,NEG_01119,0,0
0,-35.983192,2.358838e-16,0,lucaliebenberg/_cryptoKids-solidity-contract,NEG_01120,0,0
0,-31.102333,3.1076233e-14,0,lucas54neves/crypto-address-generator,NEG_01121,0,0
0,-15.556724,1.7530758e-07,0,Lucifer666XD/ZenDesk,NEG_01122,0,0
0,-23.409626,6.812846e-11,0,LuckyPigeon/Smart-Contract-Playground,NEG_01123,0,0
0,-35.648624,3.2960905e-16,0,luzhenqian/web3-examples,NEG_01124,0,0
0,-22.67458,1.4208727e-10,0,lynx-xdg/block,NEG_01125,0,0
0,-29.471767,1.5869894e-13,0,m1guelpf/laravel-web3-login,NEG_01126,0,0
0,-38.357952,2.1945883e-17,0,maAPPsDEV/dex-attack,NEG_01127,0,0
0,-24.418194,2.4849242e-11,0,maAPPsDEV/rock-paper-scissors,NEG_01128,0,0
0,-26.619709,2.7492058e-12,0,maazgora/Multi-Sig-Wallet-using-Solidity,NEG_01129,0,0
0,-22.437561,1.8009061e-10,0,machenxi/Dodging-Turtis-NFT-game-Polygon,NEG_01130,0,0
0,-33.47203,2.9059075e-15,0,madilraza/BlockChain-Vtraders.pro-Project-,NEG_01131,0,0
0,-32.913437,5.080143e-15,0,MaelRibes/Crypto-Kids,NEG_01132,0,0
0,-21.727486,3.6633033e-10,0,Magicred-1/hackin-dau,NEG_01133,0,0
0,-22.416588,1.8390757e-10,0,MahadISL/Web3-App----Smart-Contract,NEG_01134,0,0
0,-19.66006,2.8956366e-09,0,maikon9824-lab/giftcard-dapp-arc-,NEG_01135,0,0
0,-35.876976,2.6231753e-16,0,mainnetblockchain/sendEtherThroughSmartContract,NEG_01136,0,0
0,-22.831116,1.2149892e-10,0,ManaanAnsari/MultiSigWallet-Solidity-Foundry,NEG_01137,0,0
0,-11.56619,9.481204e-06,0,manifest-network/manifest-app,NEG_01138,0,0
0,-23.714344,5.0233248e-11,0,manifoldfinance/kb,NEG_01139,0,0
0,-9.431684,8.013774e-05,0,manifoldfinance/multicall-framework,NEG_01140,0,0
0,-26.051945,4.8504738e-12,0,manifoldfinance/tscli,NEG_01141,0,0
0,-22.880016,1.1570048e-10,0,manifoldx/typed-sdk,NEG_01142,0,0
0,-29.484749,1.5665213e-13,0,Manuel-yang/BlockChainSelfLearning,NEG_01143,0,0
0,-35.707657,3.1071463e-16,0,manuelinfosec/flash-arb-bot,NEG_01144,0,0
0,-22.012344,2.7552455e-10,0,manuelpires/nft-collection-generator,NEG_01145,0,0
0,-40.57131,2.3994115e-18,0,manufy/crypto-experiments,NEG_01146,0,0
0,-40.19168,3.507315e-18,0,maprob/nft-mint-site,NEG_01147,0,0
0,-15.205278,2.4913308e-07,0,MarcoBrian/damn-vulnerable-defi,NEG_01148,0,0
0,-11.8648,7.033631e-06,0,margelo/react-native-graph,NEG_01149,0,0
0,-34.119453,1.5209314e-15,0,marginalfriend/brownie_fund_me,NEG_01150,0,0
0,-26.356403,3.5773335e-12,0,mariam9woecloud773/Kiichain,NEG_01151,0,0
0,-36.90628,9.371434e-17,0,markjinhua/SmartContract,NEG_01152,0,0
0,-40.328255,3.059578e-18,0,Markkop/markkop-defi,NEG_01153,0,0
0,-28.236126,5.4601717e-13,0,MartinoTruppini/LegalTech-SmartContract.it,NEG_01154,0,0
0,-33.786167,2.122531e-15,0,MartinSerafini/Solidity,NEG_01155,0,0
0,-41.045006,1.4941027e-18,0,martycodes333/crypto_zombies,NEG_01156,0,0
0,-23.04116,9.848069e-11,0,masa-finance/arcomia-contracts,NEG_01157,0,0
0,-30.695255,4.668958e-14,0,masaun/governorAlpha-with-proof-of-voting-NFT,NEG_01158,0,0
0,-27.127129,1.6551514e-12,0,mascarenhaswanja/Winter-2020-Introduction-To-Smart-Contracts,NEG_01159,0,0
0,-29.835777,1.10277415e-13,0,MassDotMoney/nested-core-lego,NEG_01160,0,0
0,-39.51267,6.9161762e-18,0,mastrmind-dev/DeFi-App---A-Cryptocurrency-Bank,NEG_01161,0,0
0,-29.252537,1.9759898e-13,0,mateolafalce/MonthlySubscriptionSolana,NEG_01162,0,0
0,-37.057365,8.0573215e-17,0,matheusroleal/solidity-cookbook,NEG_01163,0,0
0,-18.586979,8.4679375e-09,0,Mathieu2301/TradingView-API,NEG_01164,0,0
0,-32.100353,1.14549636e-14,0,maticnetwork/pos-commit-poc,NEG_01165,0,0
0,-42.72837,2.7752646e-19,0,matprime/ERC-1155-NFT-demo,NEG_01166,0,0
0,-38.76224,1.4647804e-17,0,mattdf/RingCrypto,NEG_01167,0,0
0,-20.90623,8.327972e-10,0,matthias-wyss/crypto-carry-trade-strategies,NEG_01168,0,0
0,-28.71571,3.3800705e-13,0,Mattjhagen/P3-Lending,NEG_01169,0,0
0,-33.62712,2.4884386e-15,0,mattycoles/Python_Blockchain,NEG_01170,0,0
0,-13.220825,1.8124573e-06,0,MauriceBoendermaker/kraken_forge_hackathon_2025,NEG_01171,0,0
0,-32.21687,1.0195099e-14,0,maximebrugel/YokaiChain,NEG_01172,0,0
0,-10.652098,2.3650617e-05,0,mayurimulay789/cryptocurrency_landingpage,NEG_01173,0,0
0,-35.816658,2.786269e-16,0,mchalise/mero_crypto_finance,NEG_01174,0,0
0,-36.619904,1.2478949e-16,0,mchtter/zku-web3,NEG_01175,0,0
0,-28.443909,4.4357538e-13,0,mdsalman729/ethBucket,NEG_01176,0,0
0,-25.116474,1.2361007e-11,0,Medicyp/NFT_Marketplace_using_Ethereum_Smart_Contracts,NEG_01177,0,0
0,-37.232376,6.763703e-17,0,mehmethalis/blockchain-cryptocurrency-implementation,NEG_01178,0,0
0,-30.345798,6.62197e-14,0,mehtaAnsh/BlockChainVoting,NEG_01179,0,0
0,-20.990448,7.655336e-10,0,Melchizedek4ever/Time-Lock-Wallet,NEG_01180,0,0
0,-26.012531,5.0454658e-12,0,mellow-finance/mellow-vaults,NEG_01181,0,0
0,-22.395966,1.8773952e-10,0,memoriaXII/create-web3-turbo,NEG_01182,0,0
0,-22.167126,2.36015e-10,0,MeoMunDep/Fintopio,NEG_01183,0,0
0,-13.629611,1.2042999e-06,0,MeoMunDep/OG-Labs,NEG_01184,0,0
0,-27.027515,1.8285178e-12,0,merklejerk/flex-contract,NEG_01185,0,0
0,-25.959297,5.3213332e-12,0,merofinance/webapp,NEG_01186,0,0
0,-30.617653,5.0457106e-14,0,Merou1/Blockchain_Edh_cryptoCoin,NEG_01187,0,0
0,-31.634666,1.8248995e-14,0,mervanerenci/Jumpy-PlayToEarn-BlockchainGame,NEG_01188,0,0
0,-26.456081,3.2379477e-12,0,merynoseth/moje-wlasne-sui,NEG_01189,0,0
0,-23.941826,4.0012632e-11,0,messari/subgraphs,NEG_01190,0,0
0,-31.116825,3.062912e-14,0,Meta-Dragons/CronoSafe,NEG_01191,0,0
0,-38.752686,1.4788446e-17,0,metafy-social/web3-smart-contracts,NEG_01192,0,0
0,-33.680717,2.358578e-15,0,mexak/bitcoin,NEG_01193,0,0
0,-31.231194,2.7319013e-14,0,mg98/arbitrary-data-on-blockchains,NEG_01194,0,0
0,-38.24711,2.4518384e-17,0,MGM103/CDP_Stable_Coin,NEG_01195,0,0
0,-26.308971,3.7511023e-12,0,mgysel/nft-ticketing,NEG_01196,0,0
0,-25.014896,1.3682597e-11,0,MhmdNdri/XCryptoDApp,NEG_01197,0,0
0,-39.84243,4.973389e-18,0,mhxw/crypto-sdk,NEG_01198,0,0
0,-39.154865,9.891407e-18,0,mic0des/simple-multisig-wallet,NEG_01199,0,0
0,-33.53215,2.7363533e-15,0,michael-spengler/blockchain-technologie-und-anwendungsgebiete-vorlesungsreihe,NEG_01200,0,0
0,-35.32309,4.56433e-16,0,Michal2SAB/Ethereum-Stealer,NEG_01201,0,0
0,-27.303467,1.3875703e-12,0,michal3pol/tickeDapp,NEG_01202,0,0
0,-23.231903,8.137907e-11,0,michelle5013-guilloryn/polye,NEG_01203,0,0
0,-36.633217,1.2313914e-16,0,microgift/my-web3-projects,NEG_01204,0,0
0,-37.991997,3.1643573e-17,0,midas92/lottery-casino-crypto-game,NEG_01205,0,0
0,-26.472412,3.1854992e-12,0,mikeservices1/wallet_stealer-,NEG_01206,0,0
0,-25.695992,6.924249e-12,0,mikke555/eth-wallets-generator,NEG_01207,0,0
0,-38.526196,1.854752e-17,0,mikker/svgnft,NEG_01208,0,0
0,-22.065739,2.6119895e-10,0,milan338/totally-secure-dapp,NEG_01209,0,0
0,-26.136059,4.4591683e-12,0,mili12321/misterCrypto,NEG_01210,0,0
0,-12.735492,2.9447265e-06,0,militarandroid/cybersecurity_hack,NEG_01211,0,0
0,-27.497383,1.1429789e-12,0,mimani68/TRON-network-smart-contract-integration,NEG_01212,0,0
0,-19.160633,4.7713664e-09,0,mimic-fi/cross-chain-subscription-payments-with-mimic,NEG_01213,0,0
0,-19.523064,3.3207883e-09,0,mimic-protocol/contracts,NEG_01214,0,0
0,-17.736336,1.9824729e-08,0,mirrorworld-universe/mirrorworld-sdk-js,NEG_01215,0,0
0,-24.909096,1.520958e-11,0,MitchPierias/advanced-eos-examples,NEG_01216,0,0
0,-15.364156,2.1253567e-07,0,Mizogg/GUI_keyhunt,NEG_01217,0,0
0,-25.024574,1.3550817e-11,0,Mizogg/Mizogg-Tools,NEG_01218,0,0
0,-24.452965,2.400006e-11,0,Mizogg/Tkinter-Power-Mini,NEG_01219,0,0
0,-16.054157,1.0660266e-07,0,mja2001/SolCipher-iExec,NEG_01220,0,0
0,-34.550827,9.880217e-16,0,Mo-Ali98/mint-your-nft,NEG_01221,0,0
0,-23.858437,4.3492324e-11,0,modagavr/pancake-wizard,NEG_01222,0,0
0,-31.068745,3.213776e-14,0,mogipatangan/cryptozombies-sol-101,NEG_01223,0,0
0,-20.19962,1.6881725e-09,0,MohaiminulEraj/Indicium,NEG_01224,0,0
0,-20.734142,9.891825e-10,0,mohammedmuzammil38/Crypto-Art,NEG_01225,0,0
0,-35.48043,3.8998223e-16,0,mohitchandel/treasury-contract,NEG_01226,0,0
0,-12.484117,3.7863033e-06,0,moisestech/web3crypto.mx,NEG_01227,0,0
0,-25.827843,6.0689067e-12,0,Mojo96666/hack-crypto-wallets,NEG_01228,0,0
0,-24.910069,1.5194788e-11,0,mokshyaprotocol/aptos-nft-random-mint,NEG_01229,0,0
0,-11.618108,9.001523e-06,0,mollybeach/livestakes,NEG_01230,0,0
0,-20.740803,9.82616e-10,0,monjuik/go-octopi,NEG_01231,0,0
0,-13.807195,1.0083495e-06,0,Monyancha/Reown-Wallet-Connect,NEG_01232,0,0
0,-43.424793,1.3830948e-19,0,Mooninghnk/ethreum-wallet,NEG_01233,0,0
0,-19.752724,2.639375e-09,0,moonsly/crypto-wallets,NEG_01234,0,0
0,-26.126442,4.5022584e-12,0,moonstream-to/api,NEG_01235,0,0
0,-27.42102,1.2336788e-12,0,MoralisWeb3/unity-web3-game-kit,NEG_01236,0,0
0,-24.138958,3.2853657e-11,0,morpho-org/morpho-aavev3-optimizer,NEG_01237,0,0
0,-12.893081,2.5153886e-06,0,moseuh/blockchain-nft,NEG_01238,0,0
0,-18.472225,9.497615e-09,0,motorHillary/polymarket-copy-trading-bot,NEG_01239,0,0
0,-38.56571,1.7828948e-17,0,Moyintech/First-nft-project,NEG_01240,0,0
0,-24.47939,2.3374178e-11,0,Mr-Malik-Aryan/LendVault,NEG_01241,0,0
0,-27.241505,1.4762667e-12,0,mradkov/decentralized-dns,NEG_01242,0,0
0,-22.910698,1.1220451e-10,0,mrazoriginal/Ali-Crypto-House-HardFork,NEG_01243,0,0
0,-1.0564995,0.257979,1,mrfomoweb3/nft-wallet-tracker,NEG_01244,0,0
0,-37.81102,3.7921258e-17,0,MrinalSingh04/solidity-production-contracts,NEG_01245,0,0
0,-6.016366,0.0024325834,0,mrkkyatilla/omus-wallet,NEG_01246,0,0
0,-23.584515,5.719729e-11,0,mrmendoza-dev/cryptotracker,NEG_01247,0,0
0,-32.85649,5.377832e-15,0,mrozdolski/ink-flipper,NEG_01248,0,0
0,-20.610428,1.1194505e-09,0,mrsaad07/PropChain,NEG_01249,0,0
0,-39.292828,8.6167165e-18,0,mrsmookie/btcrecover,NEG_01250,0,0
0,-15.634089,1.6225616e-07,0,mrtnetwork/ton_dart,NEG_01251,0,0
0,-10.031823,4.3975975e-05,0,mstable/mStable-app,NEG_01252,0,0
0,-22.891102,1.1442496e-10,0,mstable/mStable-contracts,NEG_01253,0,0
0,-21.726639,3.666407e-10,0,mtechee/libax,NEG_01254,0,0
0,-33.384422,3.1719739e-15,0,mtorry225/NFT-Collection,NEG_01255,0,0
0,-28.731766,3.326233e-13,0,mucolon/gemini-interface,NEG_01256,0,0
0,-31.154224,2.9504773e-14,0,muhammadshiraz/dex-frontend-react,NEG_01257,0,0
0,-43.544823,1.2266588e-19,0,mujtaba1747/wave-eth-solidity,NEG_01258,0,0
0,-37.63787,4.5090016e-17,0,MukeshMano19/BlockchainApp-CryptoCurrency-Exchange,NEG_01259,0,0
0,-32.020096,1.2412209e-14,0,multiavatar/multiavatar-solidity,NEG_01260,0,0
0,-14.847854,3.561713e-07,0,multiversx/mx-sdk-dapp-sc-explorer,NEG_01261,0,0
0,-29.554272,1.4613117e-13,0,Multy-io/Multy-Android,NEG_01262,0,0
0,-31.493137,2.1023461e-14,0,Multy-io/Multy-back,NEG_01263,0,0
0,-32.07621,1.17348885e-14,0,MuscleBunny/NFT_MarketPlace,NEG_01264,0,0
0,-28.614674,3.739428e-13,0,museum-of-war/nft,NEG_01265,0,0
0,-18.242683,1.1948222e-08,0,muzikoud/cryptoZombies_smart_contract,NEG_01266,0,0
0,-35.182617,5.2527107e-16,0,Muziris-Labs/fusion-smart-contracts,NEG_01267,0,0
0,-24.583073,2.107207e-11,0,mwakidenis/BlockChain-Mastery,NEG_01268,0,0
0,-21.584866,4.224857e-10,0,mx-space/kami,NEG_01269,0,0
0,-24.564713,2.1462528e-11,0,my-number/solidity-wallet,NEG_01270,0,0
0,-29.166306,2.1539442e-13,0,mycelium-com/wallet-android,NEG_01271,0,0
0,-27.821136,8.268637e-13,0,MyCryptoHQ/MyCrypto,NEG_01272,0,0
0,-60.598236,4.8141593e-27,0,MyEtherWallet/MyEtherWallet,NEG_01273,0,0
0,-25.154602,1.1898579e-11,0,mygo-ecosystem/OSSWallet-non-custodial-crypto-wallet,NEG_01274,0,0
0,-37.765312,3.9694773e-17,0,Mystique85/Hub-Portal-Chat,NEG_01275,0,0
0,-15.045413,2.9232103e-07,0,n4bi10p/aptos-meme-nft-minter,NEG_01276,0,0
0,-34.811615,7.6121565e-16,0,Nachoxt17/Blockchain-Memory-Game-with-ERC-721-Tokens,NEG_01277,0,0
0,-43.485176,1.3020509e-19,0,NaimaGhulamMuhammad/nftMarketplace-smartcontracts,NEG_01278,0,0
0,-25.60146,7.61075e-12,0,nakandakare/cryptopay-smart-contract,NEG_01279,0,0
0,-36.696953,1.1553562e-16,0,naman159/Blockchain_Cryptocurrency,NEG_01280,0,0
0,-27.45895,1.1877622e-12,0,namesys-eth/istest-eth,NEG_01281,0,0
0,-17.215137,3.338572e-08,0,NancenFrelly/crypto_wallet,NEG_01282,0,0
0,-25.855255,5.9048027e-12,0,nashidahmed/registry-core,NEG_01283,0,0
0,-8.370183,0.0002316195,0,nassirou-N/defi_crypto,NEG_01284,0,0
0,-16.603626,6.153705e-08,0,nathaniel-cmd/defi-native-nft-exchange,NEG_01285,0,0
0,-26.584164,2.8486848e-12,0,nayrosk/evm-indexer,NEG_01286,0,0
0,-32.765118,5.892373e-15,0,nazar-pc/abundance,NEG_01287,0,0
0,-45.40212,1.9147428e-20,0,nbulian/CryptoZombies,NEG_01288,0,0
0,-30.688927,4.6986002e-14,0,NCRadtke00/Web3CryptoExchange,NEG_01289,0,0
0,-38.40154,2.1009881e-17,0,ndsvw/Ethereum-Web3-SmartContract-HelloWorld,NEG_01290,0,0
0,-27.65033,9.808768e-13,0,NecroNexus/Blocklog,NEG_01291,0,0
0,-27.601227,1.0302426e-12,0,nedasma/solidity-vuln-tests,NEG_01292,0,0
0,-22.323372,2.0187511e-10,0,NenadBolovic/Cryptography_project_PKI_smart_contract,NEG_01293,0,0
0,-27.526463,1.1102204e-12,0,neoguias/tutorial-wallet-multifirma,NEG_01294,0,0
0,-45.6406,1.5084815e-20,0,Neph-dev/EpicNFT,NEG_01295,0,0
0,-31.58223,1.9231446e-14,0,NEST-Protocol/NEST-Oracle-V4.0,NEG_01296,0,0
0,-26.557789,2.9248184e-12,0,NesterZz/NFT-Wallet,NEG_01297,0,0
0,-24.4817,2.3320205e-11,0,net2devcrypto/Soroban-NextJS-Vote-dApp-with-Freighter,NEG_01298,0,0
0,-35.45283,4.0089535e-16,0,NetSepio/evmcontracts,NEG_01299,0,0
0,-30.223686,7.4820365e-14,0,Neufund/ledger-wallet-provider,NEG_01300,0,0
0,-16.774471,5.1872796e-08,0,Neurproject/NeurProjects,NEG_01301,0,0
0,-18.650597,7.946005e-09,0,Nexacore-Org/NexaFx-web,NEG_01302,0,0
0,-16.990078,4.1812186e-08,0,Nexis-Network/nexis-network,NEG_01303,0,0
0,-34.60457,9.363256e-16,0,nftfy/nftfy-v1-periphery,NEG_01304,0,0
0,-27.097443,1.705023e-12,0,ngmisl/etherml,NEG_01305,0,0
0,-42.859,2.4354113e-19,0,nguyenj27/CSC299,NEG_01306,0,0
0,-20.222336,1.6502553e-09,0,nicehash/NiceHashQuickMiner,NEG_01307,0,0
0,-25.224064,1.1100135e-11,0,nicholashc/uniswap-skim,NEG_01308,0,0
0,-29.978218,9.563686e-14,0,nicholasmgoldstein/Persona256,NEG_01309,0,0
0,-36.845276,9.9609334e-17,0,nico-phil/blockchain,NEG_01310,0,0
0,-26.393883,3.4457391e-12,0,nicolaiort/stonx-backend,NEG_01311,0,0
0,-25.564297,7.898906e-12,0,nicolas-sanch/web3.py-dapp,NEG_01312,0,0
0,-27.809647,8.3641904e-13,0,nicolasdelira/Projeto-de-cria-a-de-carteiras-bitcoin-na-testnet,NEG_01313,0,0
0,-36.746964,1.0989971e-16,0,nicolaslazzos/cryptozombies,NEG_01314,0,0
0,-29.613365,1.3774598e-13,0,NikhilSehgal123/coinbase-execution-algorithm,NEG_01315,0,0
0,-26.64471,2.6813235e-12,0,nikitakent/solidity-simple-wallet,NEG_01316,0,0
0,-21.42381,4.963156e-10,0,nikunjtilva/cryptocoin-test-faucet-frontend,NEG_01317,0,0
0,-27.977467,7.071974e-13,0,nimiq/php-xpub,NEG_01318,0,0
0,-36.540413,1.3511398e-16,0,Nipol/ERC721yul,NEG_01319,0,0
0,-24.956482,1.4505664e-11,0,nirhoIas/Top-5-Cryptocurrency-APIs-for-Developers,NEG_01320,0,0
0,-19.50941,3.3664371e-09,0,nirholas/bnbchain-mcp,NEG_01321,0,0
0,-45.656662,1.4844433e-20,0,nirholas/free-crypto-news,NEG_01322,0,0
0,-31.768986,1.5955294e-14,0,nirholas/lyra-web3-playground,NEG_01323,0,0
0,-21.653713,3.9437723e-10,0,nirholas/x402-stablecoin,NEG_01324,0,0
0,-38.275356,2.3835482e-17,0,Nishantthapa4591/Smart-Wallet-with-Blockchain,NEG_01325,0,0
0,-29.013672,2.5091254e-13,0,Nishu0/anime_nft_marketplace,NEG_01326,0,0
0,-36.349792,1.6348795e-16,0,Nitin2489/simple-wallet-solidity,NEG_01327,0,0
0,-22.620579,1.4997108e-10,0,Niweera/opensear,NEG_01328,0,0
0,-33.25152,3.62284e-15,0,nixen2802/Blockchain-Python,NEG_01329,0,0
0,-25.5308,8.167978e-12,0,njublockchain/web3research-etl,NEG_01330,0,0
0,-20.44899,1.3155779e-09,0,nktkas/hyperliquid,NEG_01331,0,0
0,-37.875687,3.554662e-17,0,Noahendriks/CryptoTokens,NEG_01332,0,0
0,-22.227673,2.2214904e-10,0,Noahflx/ghost-wallets,NEG_01333,0,0
0,-30.302319,6.916243e-14,0,NodeFactoryIo/solidity-node-docker-starter,NEG_01334,0,0
0,-18.460236,9.612172e-09,0,noditlabs/nodit-mcp-server,NEG_01335,0,0
0,-29.245552,1.9898398e-13,0,noman-land/relike,NEG_01336,0,0
0,-19.3633,3.896059e-09,0,NoNameNo1F/Blockchain-Applied_BitcoinScripts,NEG_01337,0,0
0,-26.846107,2.1922173e-12,0,Normalizex/1inch-api-v4,NEG_01338,0,0
0,-16.475769,6.993014e-08,0,notbank-com/notbank-node,NEG_01339,0,0
0,-16.424248,7.362746e-08,0,Novus-Tech-LLC/Casino-Games,NEG_01340,0,0
0,-27.255337,1.4559875e-12,0,nrgapple/crypto-canvas-fe,NEG_01341,0,0
0,-18.786835,6.9339605e-09,0,nshmadhani/zkNFT,NEG_01342,0,0
0,-43.586674,1.1763814e-19,0,ntourne/nft-crypto-punks-contract,NEG_01343,0,0
0,-28.99862,2.547181e-13,0,null-none/django-eth-fields,NEG_01344,0,0
0,-24.909912,1.5197168e-11,0,nuts-foundation/crypto-ecies,NEG_01345,0,0
0,-21.524643,4.487106e-10,0,nxm-rs/nexum,NEG_01346,0,0
0,-38.611744,1.7026787e-17,0,NyanyanKat/Crypto_Lottery_Solidity,NEG_01347,0,0
0,-29.818913,1.1215299e-13,0,oasislabs/oasis.js,NEG_01348,0,0
0,-21.874767,3.1616174e-10,0,Obalfour/CryptoPokes,NEG_01349,0,0
0,-17.525867,2.446879e-08,0,ocalvet/bitcoin-wallet,NEG_01350,0,0
0,-56.703827,2.365053e-25,0,OffcierCia/DeFi-Developer-Road-Map,NEG_01351,0,0
0,-32.346573,8.954924e-15,0,OffcierCia/tips-solidity-code-auditors,NEG_01352,0,0
0,-40.339645,3.0249253e-18,0,OffcierCia/ultimate-defi-research-base,NEG_01353,0,0
0,-39.500114,7.0035505e-18,0,ofojichigozie/multisig-smart-contract,NEG_01354,0,0
0,-35.42361,4.127826e-16,0,ogDAO/Optino,NEG_01355,0,0
0,-29.241112,1.998695e-13,0,oguzhnatly/Cryptocurrency-Trade-FrontEnd-HTML-Page,NEG_01356,0,0
0,-23.583618,5.7248584e-11,0,ohkuku/kurypto-wallet,NEG_01357,0,0
0,-40.58904,2.3572435e-18,0,oishii-pg-gohan/myCryptoZombie,NEG_01358,0,0
0,-31.097721,3.1219886e-14,0,okcashpro/okcash,NEG_01359,0,0
0,-30.339203,6.6657895e-14,0,OkeA-dev/StablePay,NEG_01360,0,0
0,-31.631195,1.8312453e-14,0,okx/go-wallet-sdk,NEG_01361,0,0
0,-31.242924,2.7000427e-14,0,okx/js-wallet-sdk,NEG_01362,0,0
0,-35.484787,3.88287e-16,0,Olanetsoft/buymeacoffee-be,NEG_01363,0,0
0,-33.33921,3.3186757e-15,0,olegerr/currency,NEG_01364,0,0
0,-22.645885,1.4622341e-10,0,olegsinavski/voting_system_web3,NEG_01365,0,0
0,-20.478481,1.2773461e-09,0,olivermen/bitcoin-wallet-create-app,NEG_01366,0,0
0,-21.500618,4.5962145e-10,0,Om-Mishra7/KRMU-OS-Expo_2023,NEG_01367,0,0
0,-18.500332,9.234385e-09,0,omarakhmedov-web/metridex-showcase,NEG_01368,0,0
0,-30.592476,5.174359e-14,0,OmarChefrad/HourZero,NEG_01369,0,0
0,-21.835762,3.2873737e-10,0,omsaraykar/crypto-wallet,NEG_01370,0,0
0,-24.751656,1.7802974e-11,0,OnChainMee/evm-base-pumfun-smart-contract-v1,NEG_01371,0,0
0,-41.246613,1.2213039e-18,0,onee-io/crypto-zombies,NEG_01372,0,0
0,-36.57779,1.3015713e-16,0,OneKeyHQ/app-monorepo,NEG_01373,0,0
0,-15.85468,1.3013673e-07,0,OneMug-Coffee/onemug-link-in-bio,NEG_01374,0,0
0,-28.762321,3.226135e-13,0,OnGridSystems/erc20_airdrop_cli,NEG_01375,0,0
0,-51.048553,6.759194e-23,0,ong/awesome-decentralized-finance,NEG_01376,0,0
0,-26.312641,3.7373615e-12,0,onoka-ship-it/kogwasys,NEG_01377,0,0
0,-40.134594,3.7133622e-18,0,oparex/crypto_trader,NEG_01378,0,0
0,-25.518242,8.271196e-12,0,opencodeiiita/CryptoWallet,NEG_01379,0,0
0,-23.728962,4.9504283e-11,0,opencodeiiita/Learning-Smart-Contracts,NEG_01380,0,0
0,-15.498411,1.8583412e-07,0,openocean-finance/OpenOcean-API-Examples,NEG_01381,0,0
0,-24.636127,1.9983237e-11,0,openocean-finance/Security-Audit-Report,NEG_01382,0,0
0,-44.637924,4.111458e-20,0,OpenTradingNetworkFoundation/otn-token,NEG_01383,0,0
0,-13.60061,1.2397373e-06,0,Operaconga14/llama_flux,NEG_01384,0,0
0,-32.9691,4.805089e-15,0,opiethehokie/pfp-template,NEG_01385,0,0
0,-30.410294,6.208366e-14,0,OpiumProtocol/erc721o,NEG_01386,0,0
0,-28.797832,3.1135817e-13,0,OptimalLukasDev/Bitcoin-Wallet-finder,NEG_01387,0,0
0,-26.25455,3.960896e-12,0,Opty-Fi/defi-adapters,NEG_01388,0,0
0,-30.30701,6.883868e-14,0,Opty1712/nft-opensea-search,NEG_01389,0,0
0,-19.306831,4.1223958e-09,0,opynfinance/squeeth-monorepo,NEG_01390,0,0
0,-29.43787,1.6417062e-13,0,orelkabets/eth-wallet-notify,NEG_01391,0,0
0,-28.731579,3.3268549e-13,0,OriginProtocol/origin-dollar,NEG_01392,0,0
0,-27.090248,1.7173338e-12,0,oritwoen/ubichain,NEG_01393,0,0
0,-41.18157,1.3033834e-18,0,orweinberger/blockchain-dashboard,NEG_01394,0,0
0,-34.539337,9.994394e-16,0,osmanballi/Clock_app_that_tracks_Bitcoin_and_Ethereum,NEG_01395,0,0
0,-37.938232,3.339143e-17,0,oumaoumag/smart-wallet-skeleton,NEG_01396,0,0
0,-21.244728,5.9365185e-10,0,Outlier1217/stellar-ai-escrow-commerce-hackathon,NEG_01397,0,0
0,-28.918682,2.7591539e-13,0,Overtorment/cli-cold-wallet,NEG_01398,0,0
0,-22.856598,1.1844196e-10,0,Oxdevonchain/ethereum-nft-marketplace,NEG_01399,0,0
0,-30.05996,8.813035e-14,0,oxofonime/Celo,NEG_01400,0,0
0,-25.646347,7.276676e-12,0,P4-Games/VeriTrust-SmartContracts,NEG_01401,0,0
0,-34.158485,1.4627102e-15,0,p4u/blockmessage,NEG_01402,0,0
0,-30.021023,9.1629524e-14,0,pablopoggiog/polygon-name-service,NEG_01403,0,0
0,-32.188232,1.04912755e-14,0,pablwoAraujo/bitcoin-wallets,NEG_01404,0,0
0,-19.081127,5.1662066e-09,0,Pallavii-dev/Crypto-Transfer-web3,NEG_01405,0,0
0,-18.683525,7.688615e-09,0,panaverse/defi-dapps-solidity-smart-contracts,NEG_01406,0,0
0,-23.87178,4.2915827e-11,0,pancudaniel7/solidity-nft-auction,NEG_01407,0,0
0,-36.284626,1.7449668e-16,0,paniaguaadrian/nft-marketplace,NEG_01408,0,0
0,-24.238567,2.9738836e-11,0,pantunes/xtcryptosignals,NEG_01409,0,0
0,-26.555923,2.930279e-12,0,paradigmxyz/solar,NEG_01410,0,0
0,-23.28035,7.75305e-11,0,Parkhomets/crypto_solidity,NEG_01411,0,0
0,-26.219593,4.101809e-12,0,parsaaba/FukiPay,NEG_01412,0,0
0,-42.064667,5.389486e-19,0,parv3213/Multi-Signature-Wallet,NEG_01413,0,0
0,-31.699913,1.7096323e-14,0,pat3icki/ExzoCoin-2-0,NEG_01414,0,0
0,-17.842129,1.7834543e-08,0,patilom342/poc-stake,NEG_01415,0,0
0,-28.893806,2.8286504e-13,0,patrana/cryptographic-parcel-ledger,NEG_01416,0,0
0,-32.920925,5.042244e-15,0,paulgconlon/blockchain-solidity-multi-sig-wallet,NEG_01417,0,0
0,-36.783997,1.05904225e-16,0,PaulLaux/eth-hot-wallet,NEG_01418,0,0
0,-27.92868,7.4255435e-13,0,paulmillr/noble-curves,NEG_01419,0,0
0,-29.133846,2.2250066e-13,0,PaulRBerg/prb-math,NEG_01420,0,0
0,-34.67044,8.766353e-16,0,pawanpaudel93/damn-vulnerable-defi,NEG_01421,0,0
0,-36.209293,1.8814977e-16,0,pawurb/Locker,NEG_01422,0,0
0,-9.901332,5.0105387e-05,0,PaymagicXYZ/lensmo-fe,NEG_01423,0,0
0,-21.408775,5.038335e-10,0,pbouget/AlyraSolidityVoting,NEG_01424,0,0
0,-53.919662,3.8281424e-24,0,pcaversaccio/createx,NEG_01425,0,0
0,-36.982494,8.683739e-17,0,pcaversaccio/solidity-games,NEG_01426,0,0
0,-32.326843,9.133355e-15,0,peace-source/bitcoin-bridge,NEG_01427,0,0
0,-22.268906,2.1317542e-10,0,PeggyJV/sommelier,NEG_01428,0,0
0,-31.136532,3.003143e-14,0,pepekingbnb/pepe-contracts,NEG_01429,0,0
0,-30.91998,3.7292692e-14,0,PepperWatch/rust,NEG_01430,0,0
0,-22.414692,1.8425658e-10,0,persistenceOne/persistenceWallet,NEG_01431,0,0
0,-30.782505,4.2788588e-14,0,peter571/crypto-stats,NEG_01432,0,0
0,-17.70028,2.0552584e-08,0,PeterVermeulen01123/NFT-cryptoDevs,NEG_01433,0,0
0,-32.255302,9.810703e-15,0,Petrosdevri/Solidity-Token-Contract,NEG_01434,0,0
0,-40.673088,2.1672165e-18,0,Phildo/ethbrute,NEG_01435,0,0
0,-17.876152,1.7237959e-08,0,PhilipAtEmcogma/CryptoKittiesNFTDapp,NEG_01436,0,0
0,-35.645576,3.3061522e-16,0,PiDAOLab/Pi-NFT-CryptoDragonKing,NEG_01437,0,0
0,-22.404896,1.8607044e-10,0,PigCharid/ethereum-codeAnalysis,NEG_01438,0,0
0,-17.796974,1.865831e-08,0,piske-level/multi-chain-payment-gateway,NEG_01439,0,0
0,-24.447197,2.4138889e-11,0,Pixie1234/BlockchainCrypto,NEG_01440,0,0
0,-19.757126,2.627782e-09,0,PL2134/Capstone-Project,NEG_01441,0,0
0,-49.219078,4.2113947e-22,0,Planxnx/defi-tx-kit,NEG_01442,0,0
0,-38.172516,2.6417212e-17,0,Planxnx/ethereum-wallet-generator,NEG_01443,0,0
0,-29.671383,1.2998168e-13,0,Plycedes/rps-web3,NEG_01444,0,0
0,-22.635841,1.476995e-10,0,pmaji/crypto-whale-watching-app,NEG_01445,0,0
0,-20.371311,1.421844e-09,0,pmontaguevans/ethereum-angular6-cryptogap,NEG_01446,0,0
0,-33.648056,2.4368846e-15,0,Pobepto/walle,NEG_01447,0,0
0,-24.778145,1.733758e-11,0,pointbiz/bitaddress.org,NEG_01448,0,0
0,-29.894081,1.0403166e-13,0,polkadot-js/apps,NEG_01449,0,0
0,-33.00515,4.6349554e-15,0,Polkaverse/Substrate-Chain-to-deploy-Smart-Contract,NEG_01450,0,0
0,-22.262276,2.1459347e-10,0,Polygon-Academy/basicnfts,NEG_01451,0,0
0,-38.949142,1.2150729e-17,0,PolymathNetwork/polymath-core-deprecated,NEG_01452,0,0
0,-37.695435,4.2567757e-17,0,powerpool-finance/power-oracle-contracts,NEG_01453,0,0
0,-17.615807,2.236415e-08,0,pragmaxim-com/bitcoin-explorer,NEG_01454,0,0
0,-24.122978,3.3382873e-11,0,PrakyathReddy/CryptoDevs-NFT-Collection,NEG_01455,0,0
0,-41.600113,8.576311e-19,0,pramaths/simplewallet,NEG_01456,0,0
0,-27.433235,1.2187017e-12,0,pranah/pranah,NEG_01457,0,0
0,-34.266937,1.3123758e-15,0,prasanna-rkumar/Cryptocurrency-Widgets-by-Wallet.app,NEG_01458,0,0
0,-20.813255,9.1394076e-10,0,prashantprabhakar/p-ethereum,NEG_01459,0,0
0,-33.949486,1.802709e-15,0,prashantsingh55/ERC20-Tokens,NEG_01460,0,0
0,-34.995773,6.331823e-16,0,prateek096/OnlinePolling_Blockchain,NEG_01461,0,0
0,-26.140438,4.439683e-12,0,prathameshbelurkar/Blockchains,NEG_01462,0,0
0,-37.052002,8.1006525e-17,0,pratikshappai/cryptos,NEG_01463,0,0
0,-8.5383625,0.00019577231,0,prental/Defiewallet.crypto,NEG_01464,0,0
0,-32.02476,1.2354436e-14,0,prgblockweek/prague-blockchain-week,NEG_01465,0,0
0,-26.356514,3.5769382e-12,0,pRizz/CryptoNoter,NEG_01466,0,0
0,-25.200508,1.13647095e-11,0,problo/DeFireX-Contracts-V2,NEG_01467,0,0
0,-21.9174,3.0296607e-10,0,PROFADAM/defi-token,NEG_01468,0,0
0,-18.78387,6.954543e-09,0,ProgrammingPirates/Free_NFT_Drawing,NEG_01469,0,0
0,-13.13676,1.9714098e-06,0,project-serum/spl-token-wallet,NEG_01470,0,0
0,-40.44083,2.7338243e-18,0,ProjectOpenSea/nft-tutorial,NEG_01471,0,0
0,-18.787556,6.9289627e-09,0,prokey-io/prokey-webcore,NEG_01472,0,0
0,-31.560688,1.9650219e-14,0,PromiseGameFi/cyrrus-contract,NEG_01473,0,0
0,-12.951706,2.3721632e-06,0,Promish984/IC-Pad,NEG_01474,0,0
0,-22.097515,2.530295e-10,0,protofire/autoglyphs,NEG_01475,0,0
0,-24.091816,3.443953e-11,0,provinzio/CoinTaxman,NEG_01476,0,0
0,-33.539043,2.717556e-15,0,pubkey/eth-crypto,NEG_01477,0,0
0,-33.659943,2.4080899e-15,0,pulkitpal/defi-protocol-sdk,NEG_01478,0,0
0,-27.286537,1.4112613e-12,0,pvedha/HackIT_IX_Server,NEG_01479,0,0
0,-29.174583,2.1361877e-13,0,Pymmdrza/Rich-Address-Wallet,NEG_01480,0,0
0,-22.487286,1.7135467e-10,0,pysznybimber/BASE-crypto-chain-killer,NEG_01481,0,0
0,-24.654198,1.9625376e-11,0,pythoninthegrasses/nft_meetup,NEG_01482,0,0
0,-30.085052,8.594641e-14,0,qianq-jims/SmartBitcoin,NEG_01483,0,0
0,-36.029087,2.2530264e-16,0,qlyde/peek,NEG_01484,0,0
0,-32.10767,1.1371458e-14,0,qshuai/blockchain-wallet,NEG_01485,0,0
0,-37.46251,5.3732743e-17,0,qtumproject/qtum,NEG_01486,0,0
0,-23.871964,4.2907972e-11,0,quang1225/GoFox-Frontend,NEG_01487,0,0
0,-22.511955,1.6717912e-10,0,QuantForgeOrg/PineTS,NEG_01488,0,0
0,-25.33619,9.9227675e-12,0,QuantLet/Blockchain_mechanism,NEG_01489,0,0
0,-21.878769,3.148991e-10,0,QuanTumfuryxl/ethereum-arbitrage-suite-1,NEG_01490,0,0
0,-33.317005,3.3931926e-15,0,Quiark/Roboth.web3,NEG_01491,0,0
0,-39.117558,1.02674025e-17,0,quilime/evm-nft-contract-boilerplate,NEG_01492,0,0
0,-50.691216,9.6623956e-23,0,Quillhash/QuillAudit_smart_contract_audit_Reports,NEG_01493,0,0
0,-30.686409,4.7104447e-14,0,R3D4NG3L/DebankScripts,NEG_01494,0,0
0,-47.06014,3.6478875e-21,0,ra0321/CryptoZombies,NEG_01495,0,0
0,-28.87217,2.890521e-13,0,RabbyHub/Rabby,NEG_01496,0,0
0,-22.747242,1.3212904e-10,0,Racks-Community/MrCryptoIndexer,NEG_01497,0,0
0,-23.418179,6.754827e-11,0,radixdlt/radix-dapp-toolkit,NEG_01498,0,0
0,-30.05737,8.835892e-14,0,RafaBlockDev/Lending-Pool,NEG_01499,0,0
0,-18.650776,7.94458e-09,0,rafaelfariasbsb/polymarket,NEG_01500,0,0
0,-36.84238,9.989815e-17,0,rafaelfgx/Blockchain,NEG_01501,0,0
0,-23.127602,9.032547e-11,0,rafafortes/nft-ticket-system-ethereum,NEG_01502,0,0
0,-32.85858,5.3666017e-15,0,raft-fi/contracts,NEG_01503,0,0
0,-21.564571,4.3114728e-10,0,RageTrade/core,NEG_01504,0,0
0,-26.936764,2.0022215e-12,0,Raiden1411/zabi,NEG_01505,0,0
0,-30.229858,7.4359986e-14,0,rainbow-me/rainbow,NEG_01506,0,0
0,-27.542702,1.0923369e-12,0,rainbow-me/rainbowkit,NEG_01507,0,0
0,-45.32521,2.0678124e-20,0,RainbowMiner/RainbowMiner,NEG_01508,0,0
0,-36.001747,2.315474e-16,0,raj-pranav/learn-solidity,NEG_01509,0,0
0,-33.496708,2.8350752e-15,0,Rajeshwarkanawat/CryptoWallet,NEG_01510,0,0
0,-31.627491,1.838041e-14,0,raketic-ognjen/ZombieCrypto,NEG_01511,0,0
0,-12.81975,2.7067754e-06,0,Rami8612/liquidity-orchestrator,NEG_01512,0,0
0,-29.938622,9.949973e-14,0,Ramprakash852/Proofify-Smart-Contract,NEG_01513,0,0
0,-36.88992,9.526023e-17,0,ramyhardan/proof-of-existence,NEG_01514,0,0
0,-27.037514,1.8103268e-12,0,ranchimall/blockchainbonds,NEG_01515,0,0
0,-21.06158,7.129708e-10,0,rango-exchange/rango-sdk,NEG_01516,0,0
0,-28.528946,4.0741428e-13,0,rarepepi/nft-data,NEG_01517,0,0
0,-23.606041,5.59792e-11,0,Rashi1005/Reputation-Forge-Crypto-Credit-Score-DApp,NEG_01518,0,0
0,-28.54795,3.9974453e-13,0,RavikantShinde05/Ethers_Academy,NEG_01519,0,0
0,-25.459965,8.7675405e-12,0,rawalraj022/One-Universal-Identity,NEG_01520,0,0
0,-20.923351,8.1866075e-10,0,raymondfam/defi-nft-marketplace-mumbai,NEG_01521,0,0
0,-40.106907,3.817611e-18,0,raytsangGitHub/Cryptocurrency,NEG_01522,0,0
0,-12.561364,3.5048333e-06,0,RazDwa1923/ML_Pred_Crypto,NEG_01523,0,0
0,-33.89962,1.8948815e-15,0,rbubyr777/Ethereum,NEG_01524,0,0
0,-30.321064,6.787803e-14,0,RCarmelaVO/qhatuy-wallet,NEG_01525,0,0
0,-30.772644,4.3212612e-14,0,rchak007/NFTArtMuseum,NEG_01526,0,0
0,-39.205048,9.407282e-18,0,RDCH106/pycoinmon,NEG_01527,0,0
0,-32.71889,6.1711504e-15,0,re-nft/_v2_.sdk,NEG_01528,0,0
0,-29.120651,2.2545602e-13,0,reaperdragon/kittos-nft-marketplace,NEG_01529,0,0
0,-29.057796,2.4008185e-13,0,redacademy/ethereum-graphql,NEG_01530,0,0
0,-21.53123,4.457642e-10,0,redbuttonsa/crypt,NEG_01531,0,0
0,-25.140926,1.2062419e-11,0,RektifyAI/attack-playbook,NEG_01532,0,0
0,-24.002884,3.7642636e-11,0,RelapsedCode/qa-assuring-ethereum-tspvak,NEG_01533,0,0
0,-33.079735,4.3018347e-15,0,relyt29/Bubki-For-Ukraine-Contracts,NEG_01534,0,0
0,-31.406223,2.2932455e-14,0,remston-dsa/ETH-USD-price-feed-using-Chainlink-oracle-Web3-Brownie-Python-and-Solidity,NEG_01535,0,0
0,-32.481377,7.825595e-15,0,remston-dsa/remston-dsa-NFT-token-rendered-on-OpenSea-testnet-using-Brownie-IPFS-Web3-and-ERC721-standard,NEG_01536,0,0
0,-27.21708,1.5127693e-12,0,renpool/renpool-contracts,NEG_01537,0,0
0,-32.799442,5.69355e-15,0,reown-com/appkit,NEG_01538,0,0
0,-27.604443,1.0269349e-12,0,reown-com/reown_flutter,NEG_01539,0,0
0,-15.798253,1.3769109e-07,0,repirate/asset-recovery-tool,NEG_01540,0,0
0,-12.577241,3.4496275e-06,0,reshma149/crypto,NEG_01541,0,0
0,-37.483,5.264282e-17,0,RFMCR/Platzi_ETHDeveloperProgram2023,NEG_01542,0,0
0,-41.532455,9.176642e-19,0,rgab1508/cryptoTSEC,NEG_01543,0,0
0,-37.347553,6.0278676e-17,0,richard-ramos/solidity-diagram-gen,NEG_01544,0,0
0,-32.726837,6.122309e-15,0,rickstewartdev/Dbank,NEG_01545,0,0
0,-22.753872,1.3125595e-10,0,riglr/riglr,NEG_01546,0,0
0,-24.967247,1.43503456e-11,0,RigoBlock/v3-contracts,NEG_01547,0,0
0,-37.106365,7.6720314e-17,0,risc0/risc0-ethereum,NEG_01548,0,0
0,-18.269066,1.1637121e-08,0,riteesh-ram/DeFi-Group-Insurance,NEG_01549,0,0
0,-22.808086,1.2432944e-10,0,ritikhzb/blockchain_SmartContracts,NEG_01550,0,0
0,-43.456593,1.3398051e-19,0,ritwik-1994/Blockchain,NEG_01551,0,0
0,-23.433006,6.6554075e-11,0,riyagoel192/Define-Blockchain-Python-,NEG_01552,0,0
0,-18.236069,1.2027517e-08,0,rk98991439/Cryptocurrency-Wallet,NEG_01553,0,0
0,-24.81208,1.6759087e-11,0,rm4328-d/web3de4,NEG_01554,0,0
0,-29.000633,2.5420554e-13,0,ro61zzy/crypto_zombies,NEG_01555,0,0
0,-35.368927,4.359836e-16,0,robertcalvert/vscode-crypto-ticker,NEG_01556,0,0
0,-31.613667,1.8636275e-14,0,robhato/FFXIV-NFT-Smart-Contract,NEG_01557,0,0
0,-36.399353,1.5558289e-16,0,robin-rrt/crypto-cares,NEG_01558,0,0
0,-31.095356,3.1293812e-14,0,Robin2164/nft1,NEG_01559,0,0
0,-32.591858,7.0070614e-15,0,Robocular/defi-mcp,NEG_01560,0,0
0,-16.830463,4.9048143e-08,0,rocksanen/crypto_smart_contracts,NEG_01561,0,0
0,-29.122349,2.2507362e-13,0,RocktimRajkumar/CrowdFunding-Ethereum,NEG_01562,0,0
0,-30.385384,6.3649586e-14,0,rohanhraj/MultiSignature-Wallet-SmartContract,NEG_01563,0,0
0,-20.5332,1.2093301e-09,0,rohanjsh/nft-marketplace,NEG_01564,0,0
0,-32.25247,9.838549e-15,0,rohanranjan25061996/Wallet,NEG_01565,0,0
0,-28.474503,4.3021018e-13,0,Rohit04052004/aave-credit-scoring-analysis,NEG_01566,0,0
0,-13.41898,1.4866562e-06,0,Rohitw3code/web3-solidity-python,NEG_01567,0,0
0,-32.669174,6.485715e-15,0,rolod0x/rolod0x,NEG_01568,0,0
0,-25.81054,6.1748336e-12,0,romanzaikin/From-Zero-to-Hero-in-Blockchain-Security-DefCon30-Workshop,NEG_01569,0,0
0,-28.281525,5.21783e-13,0,ronylucca/nft-dungeons-slayers,NEG_01570,0,0
0,-18.777824,6.99672e-09,0,RoseBayConsulting/Titan,NEG_01571,0,0
0,-19.813068,2.4848132e-09,0,roxxy-lanre/Conduit,NEG_01572,0,0
0,-27.211647,1.5210092e-12,0,roysowah/solarwind,NEG_01573,0,0
0,-21.701363,3.760261e-10,0,rpardela/SmartContractAPIGenerator,NEG_01574,0,0
0,-22.489933,1.7090163e-10,0,rstkey/whitelist_token,NEG_01575,0,0
0,-17.47219,2.581808e-08,0,rtb-12/PolkaGuard,NEG_01576,0,0
0,-26.660378,2.6396428e-12,0,ruppysuppy/Crypto-Crowdfund,NEG_01577,0,0
0,-38.997566,1.15763645e-17,0,ruqqq/blockchainparser,NEG_01578,0,0
0,-20.336594,1.4720739e-09,0,rustjesty/bubblemaps-bypass-tool-rust,NEG_01579,0,0
0,-14.852805,3.544121e-07,0,rusty-web3-developer/Solana-Bitcoin-NFT-Dex-Defi-P2EGame-SmartContract-Web3-Projects,NEG_01580,0,0
0,-23.215446,8.272937e-11,0,rustyneuron01/NFT-Launchpad-Alkanes,NEG_01581,0,0
0,-30.695976,4.6655937e-14,0,rwth-acis/las2peer-registry-contracts,NEG_01582,0,0
0,-27.806728,8.388635e-13,0,rxhul18/DeWall,NEG_01583,0,0
0,-34.873127,7.1580277e-16,0,RyanHaraki/ethereumjs,NEG_01584,0,0
0,-32.56099,7.226733e-15,0,RyanKoech/Crypto_Fund,NEG_01585,0,0
0,-27.336063,1.3430696e-12,0,Ryu204/crypto_rocket,NEG_01586,0,0
0,-30.793724,4.231122e-14,0,Ryz0nd/useWeb3Wallet,NEG_01587,0,0
0,-21.948391,2.9372094e-10,0,S-Amine/go-uni,NEG_01588,0,0
0,-28.816235,3.0568094e-13,0,s-damian/hardhat-nft-ticketing,NEG_01589,0,0
0,-26.808697,2.2757837e-12,0,s4larie/walletool,NEG_01590,0,0
0,-18.523525,9.022672e-09,0,saaim23/QuantPilot,NEG_01591,0,0
0,-16.31255,8.2328405e-08,0,saddle-finance/saddle-frontend,NEG_01592,0,0
0,-22.432281,1.8104392e-10,0,safe-fndn/safe-smart-account,NEG_01593,0,0
0,-22.625862,1.491808e-10,0,safeblock-com/dex_contract,NEG_01594,0,0
0,-16.157066,9.617787e-08,0,sahilrohera10/Fusion_Wallet,NEG_01595,0,0
0,-15.761334,1.4286945e-07,0,Sahiru2007/Blockchain-based-healthcare-data-system-with-disease-prediction,NEG_01596,0,0
0,-29.550007,1.4675574e-13,0,saikun0293/gige-web3,NEG_01597,0,0
0,-32.780907,5.8000687e-15,0,salmanbao/tic-tac-toe,NEG_01598,0,0
0,-15.331799,2.195252e-07,0,Samarth208P/validator0x,NEG_01599,0,0
0,-52.028656,2.5365403e-23,0,sambacha/compendium,NEG_01600,0,0
0,-37.793,3.8610816e-17,0,sambacha/create-subgraph-app,NEG_01601,0,0
0,-30.373009,6.444213e-14,0,Sammers21/crypto-owl,NEG_01602,0,0
0,-30.199448,7.665607e-14,0,Samuellyworld/Tippers,NEG_01603,0,0
0,-13.888185,9.299031e-07,0,sanjibbaral435/Ethereum_Solidity_Udemy,NEG_01604,0,0
0,-23.396576,6.902337e-11,0,SANTHOSH17-DOT/HODL,NEG_01605,0,0
0,-29.469173,1.5911115e-13,0,santiellena/air-flatcoin-protocol,NEG_01606,0,0
0,-36.32612,1.6740452e-16,0,sanyamdogra/crypto-wall-et,NEG_01607,0,0
0,-27.967922,7.1397944e-13,0,SarathAdhi/Online_Poll_Creator_Blockchain,NEG_01608,0,0
0,-42.103603,5.1836705e-19,0,satansdeer/ethereum-token-tutorial,NEG_01609,0,0
0,-29.46244,1.6018606e-13,0,satisfywithmylife/phantom-py,NEG_01610,0,0
0,-16.46275,7.0846546e-08,0,SATO-Technologies/Hordes-Wallet,NEG_01611,0,0
0,-20.504395,1.2446711e-09,0,SatoshiPortal/bullbitcoin-mobile,NEG_01612,0,0
0,-20.95118,7.9619294e-10,0,sava2109/Cryptography_project_PKI_smart_contract,NEG_01613,0,0
0,-37.79033,3.8714058e-17,0,Savjee/SavjeeCoin,NEG_01614,0,0
0,-35.66403,3.2457074e-16,0,saxenism/cryptoZombiesNFT,NEG_01615,0,0
0,-23.695793,5.1173815e-11,0,sayandas-sd/Scan_and_pay_Crypto,NEG_01616,0,0
0,-32.889378,5.2038502e-15,0,SBIP-Migration/aave-migrator,NEG_01617,0,0
0,-28.876469,2.878121e-13,0,scaffold-eth/eth-components,NEG_01618,0,0
0,-21.85963,3.2098377e-10,0,scholtz/wallet,NEG_01619,0,0
0,-15.245492,2.3931332e-07,0,sciencemanepsilon/Blockchain_DeFi_Gaming,NEG_01620,0,0
0,-27.103401,1.6948937e-12,0,ScopeLift/endaoment,NEG_01621,0,0
0,-28.069103,6.4527273e-13,0,scotch53/Smart-Contract-for-Token-Minting-in-Solidity,NEG_01622,0,0
0,-29.695473,1.2688785e-13,0,sdelvalle57/bonding-curves,NEG_01623,0,0
0,-22.133469,2.440938e-10,0,sdhosseinabadi/aleo-project,NEG_01624,0,0
0,-17.404648,2.7622152e-08,0,SebastienLeger02/CryptoZombies,NEG_01625,0,0
0,-34.284546,1.2894691e-15,0,sebetelist/bitcoin-wallet,NEG_01626,0,0
0,-41.58094,8.742328e-19,0,sebitokazu/wave-and-token-ranking-dApp,NEG_01627,0,0
0,-36.413857,1.533427e-16,0,Sebx/blockchain_wallet,NEG_01628,0,0
0,-25.278866,1.0508193e-11,0,second-state/smart-contract-search-engine,NEG_01629,0,0
0,-23.011623,1.01432925e-10,0,SecorD0/evm-mnemonic-generator,NEG_01630,0,0
0,-31.79723,1.5510955e-14,0,secp256k2/secp256k2,NEG_01631,0,0
0,-36.455,1.4716139e-16,0,seekerpig/nftSmartContract,NEG_01632,0,0
0,-23.540012,5.9800186e-11,0,sefaosm/Stake-X,NEG_01633,0,0
0,-17.337612,2.9537295e-08,0,SergioCifuentes/mpl-core-staking-frontend,NEG_01634,0,0
0,-34.19745,1.4068142e-15,0,setheum/setheum,NEG_01635,0,0
0,-23.761211,4.7933265e-11,0,sevdakeskin/Solidity-CryptoZombies,NEG_01636,0,0
0,-32.739017,6.048189e-15,0,ShackAmeri/brownie-koalaStaking,NEG_01637,0,0
0,-19.127449,4.9323563e-09,0,ShadowGuardAI/crypto-hdwallet-analyzer,NEG_01638,0,0
0,-24.24516,2.9543444e-11,0,Shahroz-Hussain-Dev/Wallet,NEG_01639,0,0
0,-32.17642,1.0615955e-14,0,shaikat010/Gamefi-Chess-Dapp,NEG_01640,0,0
0,-27.669312,9.624335e-13,0,Shaivpidadi/NFT-Dapp-Boilerplate,NEG_01641,0,0
0,-32.011406,1.2520539e-14,0,Shakedash-dev/ReverseBlockChainShell,NEG_01642,0,0
0,-36.22991,1.8431012e-16,0,shanefontaine/ethfinex-python,NEG_01643,0,0
0,-20.789867,9.355678e-10,0,shape-network/builder-kit,NEG_01644,0,0
0,-26.160007,4.353646e-12,0,shapeshift/web,NEG_01645,0,0
0,-6.3163257,0.0018033114,0,shardeum/shardeum-docs,NEG_01646,0,0
0,-16.768272,5.2195347e-08,0,Shashwat-Manglam-Jain/NFT-Blockchain,NEG_01647,0,0
0,-26.007992,5.0684214e-12,0,shawakash/payBox,NEG_01648,0,0
0,-35.086052,5.785239e-16,0,shifaj22/Nft_Marketplace_SmartContract,NEG_01649,0,0
0,-18.39169,1.0294158e-08,0,shirley2749-dunn7/ethere1,NEG_01650,0,0
0,-35.014748,6.212814e-16,0,ShivankK26/Crypto-Wallet-Extension,NEG_01651,0,0
0,-46.769554,4.877988e-21,0,ShivankK26/Solidity-Smart-Contracts,NEG_01652,0,0
0,-33.48686,2.8631376e-15,0,ShivRaiGithub/DeFi-Assessment,NEG_01653,0,0
0,-35.35981,4.399767e-16,0,shlima/fortune,NEG_01654,0,0
0,-16.67986,5.7020255e-08,0,ShredSecurity/protocol-deployment-checklist,NEG_01655,0,0
0,-37.18384,7.100072e-17,0,ShrikantaMazumder/crypto-zombie,NEG_01656,0,0
0,-18.206894,1.2383587e-08,0,shriya-upadhyay/fight-on-chain,NEG_01657,0,0
0,-41.68961,7.842105e-19,0,shubhamguptaiitd/bitcoin,NEG_01658,0,0
0,-19.15343,4.805855e-09,0,shumbushojeanbaptiste/Blockchain-task-2025,NEG_01659,0,0
0,-26.468075,3.1993455e-12,0,SiddharthaBhattacharjee/Python_Script_To_Access_Deployed_Smartcontract,NEG_01660,0,0
0,-36.923607,9.210459e-17,0,siddot/Wallet,NEG_01661,0,0
0,-29.56802,1.4413588e-13,0,sidebetxyz/crypto-chess,NEG_01662,0,0
0,-29.111042,2.2763294e-13,0,SilentCicero/MultiSignatureWallet,NEG_01663,0,0
0,-28.820957,3.042407e-13,0,SilentCicero/wafr,NEG_01664,0,0
0,-24.695786,1.8825939e-11,0,SimonPhoenix96/crypto-website,NEG_01665,0,0
0,-25.664268,7.147428e-12,0,simplito/elliptic-php,NEG_01666,0,0
0,-32.216896,1.0194826e-14,0,SimSimButDifferent/hardhat-defi-fcc,NEG_01667,0,0
0,-19.60395,3.0627565e-09,0,sincerely91/simple-defi,NEG_01668,0,0
0,-29.075283,2.3592012e-13,0,sirlopu/defi-stake-yield-brownie,NEG_01669,0,0
0,-32.44419,8.122073e-15,0,SkSamreen3/Organ-Matching-Transplantation-Blockchain-,NEG_01670,0,0
0,-43.356415,1.480977e-19,0,skundu42/CryptoWarz,NEG_01671,0,0
0,-22.814415,1.2354509e-10,0,Sky4Master/JS-DEX-TrackBot-Sky4Master,NEG_01672,0,0
0,-29.073929,2.3623985e-13,0,skydream118/NFTMarketplace,NEG_01673,0,0
0,-29.8073,1.1346289e-13,0,SkyPierIO/skypier-vpn,NEG_01674,0,0
0,-31.247822,2.68685e-14,0,skysor/digital-assets,NEG_01675,0,0
0,-30.911655,3.7604397e-14,0,slaviquee/monolith,NEG_01676,0,0
0,-27.651234,9.799903e-13,0,sletizia/serverless-trading-bot,NEG_01677,0,0
0,-36.938797,9.071608e-17,0,Slidebits/ethereum-smart-contracts,NEG_01678,0,0
0,-22.10551,2.5101443e-10,0,smart-account-starter/smart-account-starter,NEG_01679,0,0
0,-22.090324,2.548555e-10,0,smart-bsy/web3_crypto-smart-contract,NEG_01680,0,0
0,-32.29104,9.466298e-15,0,smartbugs/smartbugs-curated,NEG_01681,0,0
0,-42.652554,2.9938593e-19,0,smartbugs/smartbugs-wild,NEG_01682,0,0
0,-30.595406,5.1592218e-14,0,smartbugs/smartbugs,NEG_01683,0,0
0,-34.744984,8.1366435e-16,0,smartcontract123/-Smart-Contract-Based-Cryptocurrency-MlM-Software-Development-On-Tron-Ethereum-Smart-contract-Deve,NEG_01684,0,0
0,-20.207878,1.6742877e-09,0,smartcontractkit/chainlink-ruby,NEG_01685,0,0
0,-20.674713,1.0497506e-09,0,smartcontractkit/defi-minimal,NEG_01686,0,0
0,-23.655144,5.329686e-11,0,SmolDapp/smoldapp,NEG_01687,0,0
0,-24.796162,1.7028007e-11,0,smolgroot/prometheus-vanity-generator,NEG_01688,0,0
0,-34.450203,1.0926146e-15,0,snannamu/E-Voting-System-Based-on-Ethereum-Blockchain-,NEG_01689,0,0
0,-22.970566,1.0568419e-10,0,sntsabode/daisweb3.ts,NEG_01690,0,0
0,-31.397976,2.3122366e-14,0,sobi983/Binance-Marketplace-NFT-transfer-automation,NEG_01691,0,0
0,-25.905506,5.615412e-12,0,SofianeHamlaoui/Cryto-Minning-Simulator,NEG_01692,0,0
0,-26.645824,2.6783385e-12,0,softstack/Smart-Contract-Security-Audits,NEG_01693,0,0
0,-37.864395,3.5950265e-17,0,solangegueiros/dapp-register,NEG_01694,0,0
0,-16.732433,5.4099907e-08,0,solguru310/solana-wallet-tracking-bot,NEG_01695,0,0
0,-27.30975,1.37888e-12,0,solidityDev05/defi-by-example,NEG_01696,0,0
0,-24.482658,2.3297888e-11,0,solidityj/solidity-antlr4,NEG_01697,0,0
0,-30.693745,4.676017e-14,0,solidstate-network/solidstate-solidity,NEG_01698,0,0
0,-27.160133,1.6014153e-12,0,Solomon-0xGuardian/solana_guessing_game,NEG_01699,0,0
0,-45.02806,2.78331e-20,0,solomoncools/nft-minter-bep721,NEG_01700,0,0
0,-34.308052,1.2595119e-15,0,somesh-banerjee/Hospital-Records-Blockchain,NEG_01701,0,0
0,-22.202675,2.2777226e-10,0,SonOfMosiah/maxx-finance-subgraph,NEG_01702,0,0
0,-16.243916,8.817736e-08,0,SoshiCrmProject/btcyield-platform,NEG_01703,0,0
0,-35.72517,3.0532038e-16,0,sounxk/Web3Escrow,NEG_01704,0,0
0,-29.381554,1.7368141e-13,0,spareleg/bitcoin-ticker,NEG_01705,0,0
0,-29.719841,1.2383318e-13,0,sparrowwallet/sparrow,NEG_01706,0,0
0,-25.346989,9.8161835e-12,0,Spectral-Finance/scraped-sol-files,NEG_01707,0,0
0,-50.58865,1.0706033e-22,0,spesmilo/electrum,NEG_01708,0,0
0,-20.541622,1.1991869e-09,0,spesmulla/electrum,NEG_01709,0,0
0,-30.064667,8.771647e-14,0,SpiderOak/Encryptr,NEG_01710,0,0
0,-36.106037,2.0861586e-16,0,spotlightgroup/DonateDapp,NEG_01711,0,0
0,-20.121056,1.8261505e-09,0,Springbock99/hd-wallet,NEG_01712,0,0
0,-23.666546,5.269261e-11,0,springmacedonio-sys/Somnia-DeFi-Wallet,NEG_01713,0,0
0,-34.643436,9.006307e-16,0,SqueezerIO/squeezer,NEG_01714,0,0
0,-27.789108,8.5377533e-13,0,sr2echa/DMD,NEG_01715,0,0
0,-38.940773,1.225285e-17,0,sripwoud/ethernaut,NEG_01716,0,0
0,-23.367062,7.1090904e-11,0,SSSami22/Crypto,NEG_01717,0,0
0,-25.970455,5.262288e-12,0,stacks-archive/blockstack-browser,NEG_01718,0,0
0,-30.11681,8.3259856e-14,0,Stacktical/stacktical-dsla-developer-toolkit,NEG_01719,0,0
0,-30.612564,5.0714522e-14,0,stater-co/nft-lending-contracts,NEG_01720,0,0
0,-35.34836,4.4504413e-16,0,status-im/status-legacy,NEG_01721,0,0
0,-33.42253,3.053368e-15,0,stefannovasky/cryptocurrency-smart-contract,NEG_01722,0,0
0,-21.726608,3.666519e-10,0,stellarnodeN/Q3_25_NFT_Staking,NEG_01723,0,0
0,-19.035389,5.407986e-09,0,stellar/stellar-ledger-data-indexer,NEG_01724,0,0
0,-23.914341,4.1127633e-11,0,StephanAkkerman/crypto-ohlcv,NEG_01725,0,0
0,-34.018402,1.6826572e-15,0,Stephen-Kimoi/NFT-collection,NEG_01726,0,0
0,-14.903885,3.367634e-07,0,stevenbooke/decentralized-crowdfunding,NEG_01727,0,0
0,-21.731148,3.6499123e-10,0,StevenMolina22/cryptocoin,NEG_01728,0,0
0,-19.81757,2.4736535e-09,0,Stor-Network/stor-blockchain,NEG_01729,0,0
0,-34.422913,1.1228429e-15,0,StratosGrig/BlockchainProjects,NEG_01730,0,0
0,-25.4725,8.658325e-12,0,stravid87/nft_mgt_protocol,NEG_01731,0,0
0,-20.13274,1.8049372e-09,0,Strykr-Prism/realtime-crypto-price-api,NEG_01732,0,0
0,-30.961681,3.576948e-14,0,suarja/memoria-eterna-nft,NEG_01733,0,0
0,-25.598015,7.637011e-12,0,subsixx/Pinsurance,NEG_01734,0,0
0,-33.166016,3.9462304e-15,0,Sudhanmanoharan/MarketPlace-BlockChain,NEG_01735,0,0
0,-30.401405,6.263793e-14,0,Sukoed/nft-minting-engine,NEG_01736,0,0
0,-23.830498,4.472458e-11,0,sumit03guha/smart-contracts-development-boilerplate,NEG_01737,0,0
0,-27.567501,1.0655809e-12,0,summa-tx/coins,NEG_01738,0,0
0,-21.63425,4.02128e-10,0,sun-blockchain/harmony-pet,NEG_01739,0,0
0,-27.483856,1.158545e-12,0,sunby16/web3-portfolio,NEG_01740,0,0
0,-20.888313,8.4785345e-10,0,Sunilshah-7/web3-blockchain-curve,NEG_01741,0,0
0,-36.859093,9.82425e-17,0,sunjiangjun/supernode,NEG_01742,0,0
0,-30.10585,8.417737e-14,0,sunnyRK/EthIndia-HackJaipur,NEG_01743,0,0
0,-25.796803,6.2602406e-12,0,sunshineioxzc/nft-sales-tracking-bot,NEG_01744,0,0
0,-25.272274,1.0577691e-11,0,SunWeb3Sec/DeFiHackLabs,NEG_01745,0,0
0,-35.31148,4.617623e-16,0,SunWeb3Sec/DeFiVulnLabs,NEG_01746,0,0
0,-41.250004,1.2171692e-18,0,supercoolx/NFT-Contract-Utilities,NEG_01747,0,0
0,-28.345467,4.894635e-13,0,superDev427/BlockChain-Tra,NEG_01748,0,0
0,-21.240772,5.960049e-10,0,superfluid-org/protocol-monorepo,NEG_01749,0,0
0,-45.734024,1.3739336e-20,0,SuperRich/soliditywallet,NEG_01750,0,0
0,-23.909206,4.1339345e-11,0,supragya/CryptographyResearch,NEG_01751,0,0
0,-26.736832,2.445353e-12,0,suribartek9/btc-eth,NEG_01752,0,0
0,-33.078873,4.3055447e-15,0,svanas/migratooor,NEG_01753,0,0
0,-45.018066,2.8112677e-20,0,Swap76/Supply-Chain-Using-Blockchain,NEG_01754,0,0
0,-27.780544,8.611185e-13,0,swapkit/SwapKit,NEG_01755,0,0
0,-34.11268,1.5312705e-15,0,swaponline/MultiCurrencyWallet,NEG_01756,0,0
0,-37.595802,4.702735e-17,0,swarupyeole11/BlockchainCryptography,NEG_01757,0,0
0,-34.769325,7.940976e-16,0,sweetmantech/nft-factory,NEG_01758,0,0
0,-35.745804,2.9908503e-16,0,sweetmantech/NFT-Polygon-Minting,NEG_01759,0,0
0,-31.321228,2.4966837e-14,0,SwezyDev/MultiExodus,NEG_01760,0,0
0,-33.660374,2.4070519e-15,0,Swizec/blockchain-redux,NEG_01761,0,0
0,-21.542171,4.4091386e-10,0,swrno/adopt-pet,NEG_01762,0,0
0,-23.671242,5.2445756e-11,0,SXNGE4444/magic-crypto-app,NEG_01763,0,0
0,-19.991096,2.079587e-09,0,sxnuru/FentaCode,NEG_01764,0,0
0,-35.62265,3.3828257e-16,0,syedsimanta03/solana-NFT,NEG_01765,0,0
0,-22.059135,2.6292946e-10,0,syncrao/blockchain-rust,NEG_01766,0,0
0,-20.557713,1.180046e-09,0,Synthetixio/SIPs,NEG_01767,0,0
0,-18.765656,7.082382e-09,0,Synthetixio/synthetix-js,NEG_01768,0,0
0,-35.033146,6.0995536e-16,0,Synthetixio/synthetix,NEG_01769,0,0
0,-24.38919,2.5580503e-11,0,tahowallet/extension,NEG_01770,0,0
0,-29.847889,1.0894981e-13,0,Talent-Index/StableCoin-Project,NEG_01771,0,0
0,-27.896698,7.666868e-13,0,TaliaKaza/CryptoSentinel,NEG_01772,0,0
0,-26.5583,2.9233233e-12,0,talonlab/hdwallet-desktop,NEG_01773,0,0
0,-10.095251,4.1273404e-05,0,tamago-labs/legato-finance,NEG_01774,0,0
0,-36.27575,1.7605253e-16,0,tamjid0x01/awesome-smartcontract-hacking,NEG_01775,0,0
0,-16.187904,9.3257206e-08,0,tanish35/Blockchain-Tracker,NEG_01776,0,0
0,-24.520912,2.2423487e-11,0,tankbottoms/tiles-on-chain,NEG_01777,0,0
0,-45.64436,1.5028183e-20,0,tanujajoshi1/solidityContracts,NEG_01778,0,0
0,-30.535332,5.4786552e-14,0,TanujJha/OpenD-NFT-Marketplace,NEG_01779,0,0
0,-23.380726,7.012612e-11,0,tanviedev/AaveV2-BehavIQ,NEG_01780,0,0
0,-29.512932,1.5229883e-13,0,taoteh1221/Open_Crypto_Tracker,NEG_01781,0,0
0,-24.033863,3.649437e-11,0,taoteh1221/Slideshow_Crypto_Ticker,NEG_01782,0,0
0,-18.987953,5.6707e-09,0,tarun-upadhyay/the-matrix-labs-assignment,NEG_01783,0,0
0,-17.475582,2.5730671e-08,0,TasmeTime/yt-react-next-ui-crypto-nft,NEG_01784,0,0
0,-27.558708,1.0749917e-12,0,taylorjdawson/eth-chains,NEG_01785,0,0
0,-18.374207,1.0475711e-08,0,tayyabappoly/bitcoin-wallet-that-uses-Neutrino,NEG_01786,0,0
0,-19.777843,2.5739006e-09,0,tcyeee/PixWallet,NEG_01787,0,0
0,-23.728008,4.955152e-11,0,teal-finance/rainbow,NEG_01788,0,0
0,-16.587337,6.254763e-08,0,teamssUTXO/bitcoin_mcp,NEG_01789,0,0
0,-24.641926,1.9867703e-11,0,TechRate/Smart-Contract-Audits,NEG_01790,0,0
0,-25.222229,1.1120521e-11,0,teefeh-07/DefiDungeons,NEG_01791,0,0
0,-27.99908,6.92076e-13,0,tega-tahir/ArtBridge,NEG_01792,0,0
0,-32.586163,7.0470833e-15,0,TegroTON/DEX-TON-contracts,NEG_01793,0,0
0,-20.516956,1.2291336e-09,0,TegroTON/ton3-client,NEG_01794,0,0
0,-26.797619,2.3011343e-12,0,TeleportDAO/teleswap-contracts-evm,NEG_01795,0,0
0,-28.940723,2.699004e-13,0,ten-protocol/go-ten,NEG_01796,0,0
0,-11.519731,9.932082e-06,0,Tenosia/Wallet-Multi-SDK,NEG_01797,0,0
0,-27.7933,8.502035e-13,0,terrygmk/NFT-Collection,NEG_01798,0,0
0,-26.20221,4.173736e-12,0,tesla809/erc-20-tutorial,NEG_01799,0,0
0,-31.728302,1.66178e-14,0,Teyik0/solidity-order-book,NEG_01800,0,0
0,-27.791588,8.516611e-13,0,Tezsure/plenty-wallet,NEG_01801,0,0
0,-25.140095,1.2072455e-11,0,ThalesBMC/crypto-wallet,NEG_01802,0,0
0,-29.309162,1.8672076e-13,0,The-Poolz/LockDealNFT.Builders,NEG_01803,0,0
0,-18.696583,7.588873e-09,0,the-sauravkumar/icp_token_wallet,NEG_01804,0,0
0,-29.994267,9.411429e-14,0,theblockbrain/ai-safeguard,NEG_01805,0,0
0,-33.734173,2.2358102e-15,0,theblockchainchief/web3-hub,NEG_01806,0,0
0,-35.176758,5.2835787e-16,0,theblockstalk/inter-crypto,NEG_01807,0,0
0,-13.146472,1.9523557e-06,0,TheDancingBananas/dancing-bananas-front-end,NEG_01808,0,0
0,-20.171318,1.7366323e-09,0,thedarkhorse934/ai-blockchain-explainer,NEG_01809,0,0
0,-31.619461,1.8528598e-14,0,thenua3bhai/backend-nft-marketplace-ethereum,NEG_01810,0,0
0,-27.548008,1.0865561e-12,0,TheODDYSEY/Vending-Machine-Smart-Contract,NEG_01811,0,0
0,-35.27726,4.7783807e-16,0,theshefer/NFT-lazy-minting,NEG_01812,0,0
0,-31.994682,1.2731688e-14,0,thirdweb-dev/thirdweb-cli,NEG_01813,0,0
0,-38.866737,1.3194423e-17,0,thisiskeanyvy/blocktracker,NEG_01814,0,0
0,-25.924305,5.510835e-12,0,thoangln/Blockchain-SmartContract,NEG_01815,0,0
0,-30.250889,7.28125e-14,0,thomas21-jquerry/Casino,NEG_01816,0,0
0,-26.89436,2.08895e-12,0,threshold-network/tbtc-v2,NEG_01817,0,0
0,-34.68501,8.639567e-16,0,Throvn/web3-multi-signature-wallet,NEG_01818,0,0
0,-30.205605,7.618555e-14,0,timxor/payment-api,NEG_01819,0,0
0,-38.65461,1.6312342e-17,0,timyiu478/cryptocurrencies-blockchain-technologies-stanford,NEG_01820,0,0
0,-21.33865,5.404334e-10,0,tinovyatkin/pass-js,NEG_01821,0,0
0,-25.219273,1.1153446e-11,0,tintinweb/smart-contract-sanctuary-arbitrum,NEG_01822,0,0
0,-30.164787,7.935958e-14,0,tiwarisakshi28/Multisignature-wallet,NEG_01823,0,0
0,-34.865215,7.214885e-16,0,TJ-2004/dechai,NEG_01824,0,0
0,-23.67067,5.2475767e-11,0,tmdi123/amazing-cat-,NEG_01825,0,0
0,-36.514824,1.3861604e-16,0,tmiess/CryptoBase,NEG_01826,0,0
0,-31.400085,2.3073642e-14,0,tnkerer/vestingVault,NEG_01827,0,0
0,-17.220997,3.3190677e-08,0,tomerweller/exp-tempo-clones,NEG_01828,0,0
0,-38.011215,3.1041233e-17,0,tomteman/attendr,NEG_01829,0,0
0,-15.647931,1.6002573e-07,0,tonkeeper/ton-console,NEG_01830,0,0
0,-27.830906,8.188251e-13,0,Toporin/Satodime-Applet,NEG_01831,0,0
0,-26.312023,3.739672e-12,0,topsecretagent007/smart-contract-web3-projects,NEG_01832,0,0
0,-12.220796,4.9269e-06,0,Topten1004/DoubleDice-Platform,NEG_01833,0,0
0,-21.004395,7.549311e-10,0,Topten1004/NFT-Marketplace-ERC1155,NEG_01834,0,0
0,-30.604572,5.1121444e-14,0,tosynthegeek/mcw,NEG_01835,0,0
0,-37.06321,8.010371e-17,0,toto-1010/nft-smart-contracts-basic1,NEG_01836,0,0
0,-8.831284,0.00014606926,0,TP-Lab/key-generator,NEG_01837,0,0
0,-24.793602,1.707165e-11,0,TP-Lab/Mobile-SDK,NEG_01838,0,0
0,-29.810093,1.13146505e-13,0,tr1sm0s1n/go-dapp-example,NEG_01839,0,0
0,-31.238121,2.7130414e-14,0,tradingstrategy-ai/trade-executor,NEG_01840,0,0
0,-41.174957,1.3120285e-18,0,tradingstrategy-ai/web3-ethereum-defi,NEG_01841,0,0
0,-30.31173,6.8514605e-14,0,TradMod/awesome-audits-checklists,NEG_01842,0,0
0,-21.010086,7.5064666e-10,0,Trapesys/pandoras-box,NEG_01843,0,0
0,-38.625145,1.6800131e-17,0,treejer/contract,NEG_01844,0,0
0,-26.795586,2.3058179e-12,0,TrentPierce/Ethereum-Address-Collider,NEG_01845,0,0
0,-13.76538,1.0514075e-06,0,TrinetixHubs/PixelVerse,NEG_01846,0,0
0,-14.861863,3.5121633e-07,0,tronprotocol/wallet-cli,NEG_01847,0,0
0,-27.907661,7.5832716e-13,0,Trum3it/bsc-web3-connector,NEG_01848,0,0
0,-33.914,1.8678256e-15,0,trustless-fund/trustless-fund,NEG_01849,0,0
0,-32.38716,8.598736e-15,0,trustwallet/trust-wallet-ios,NEG_01850,0,0
0,-46.610863,5.716886e-21,0,trustwallet/wallet-core,NEG_01851,0,0
0,-19.71437,2.7425693e-09,0,Tsatsch/Web3DevLearn,NEG_01852,0,0
0,-39.14793,9.960243e-18,0,tsauvajon/cryptoblobs,NEG_01853,0,0
0,-11.865069,7.031739e-06,0,TShanku/linked-chain,NEG_01854,0,0
0,-16.480179,6.962244e-08,0,Tswaanda/tswaanda-marketplace,NEG_01855,0,0
0,-32.59308,6.998513e-15,0,tunnckoCore/bitcoin-connect,NEG_01856,0,0
0,-24.755928,1.7727073e-11,0,turbo-eth/template-bank-app,NEG_01857,0,0
0,-33.323612,3.3708474e-15,0,turtlemarket/contract,NEG_01858,0,0
0,-21.055737,7.171497e-10,0,TW2541/Solidity_Web3_Practice_Python,NEG_01859,0,0
0,-33.33098,3.3461082e-15,0,txtx/txtx,NEG_01860,0,0
0,-23.096756,9.315504e-11,0,uhsr/BlockchainNFTCertificateAuthority,NEG_01861,0,0
0,-22.35728,1.9514453e-10,0,uhsr/BlockchainNFTRegistryPlatformX,NEG_01862,0,0
0,-19.49239,3.4242287e-09,0,uhsr/BlockchainNftRegistrySolutionsX,NEG_01863,0,0
0,-22.487427,1.7133048e-10,0,uhsr/BlockchainNftRegistryStudioPro,NEG_01864,0,0
0,-20.210655,1.6696442e-09,0,uhsr/BlockchainNFTVaultManagerCorePro,NEG_01865,0,0
0,-23.686531,5.164999e-11,0,uhsr/BlockchainNFTVaultManagerPlatformUltra,NEG_01866,0,0
0,-23.565773,5.827936e-11,0,uhsr/BlockchainNFTVaultManagerPlatformX,NEG_01867,0,0
0,-19.994629,2.0722541e-09,0,uhsr/CryptoKeyVaultManager,NEG_01868,0,0
0,-23.46112,6.470901e-11,0,uhsr/CryptoLedgerParser,NEG_01869,0,0
0,-27.304188,1.3865703e-12,0,uhsr/CryptoSecurityToolkit,NEG_01870,0,0
0,-22.229763,2.2168517e-10,0,uhsr/CryptoShieldFramework,NEG_01871,0,0
0,-19.73994,2.673331e-09,0,uhsr/NftMetadataIndexerTechNext,NEG_01872,0,0
0,-23.278214,7.7696294e-11,0,UMAprotocol/docs,NEG_01873,0,0
0,-22.726131,1.3494804e-10,0,UMAprotocol/protocol,NEG_01874,0,0
0,-19.11736,4.982375e-09,0,unobrandon/DefiWallet,NEG_01875,0,0
0,-23.15696,8.7712254e-11,0,uola9210-cmd/BTC-or-ETH,NEG_01876,0,0
0,-27.762741,8.7658646e-13,0,uport-project/uport-connect,NEG_01877,0,0
0,-22.789799,1.2662404e-10,0,UraniumCorporation/solana-payout-action,NEG_01878,0,0
0,-22.762966,1.3006769e-10,0,UssCalSst41/Xyn-SeedWatcher-Crypto-Balance-Checker-Searcher-MultiCoin,NEG_01879,0,0
0,-19.008228,5.556884e-09,0,utsavempiric20/multi-signature-wallet-factory-solidity,NEG_01880,0,0
0,-19.54992,3.2327936e-09,0,utsavempiric20/token-wallet-solidity,NEG_01881,0,0
0,-22.772366,1.2885086e-10,0,uwu-labs/waifusion-site,NEG_01882,0,0
0,-24.083324,3.4733227e-11,0,v3xlabs/open-lavatory,NEG_01883,0,0
0,-24.728165,1.8226134e-11,0,valamicorp/top100token-ape-bot,NEG_01884,0,0
0,-30.334568,6.696756e-14,0,vancelin/ethereum-event-tracker,NEG_01885,0,0
0,-26.20362,4.1678492e-12,0,vanchoy/nft-collection,NEG_01886,0,0
0,-26.063427,4.7950983e-12,0,VaultLayer/vaultlayer-sdk,NEG_01887,0,0
0,-22.339828,1.9858011e-10,0,vdimitriad/Uncuffed,NEG_01888,0,0
0,-30.913239,3.754491e-14,0,vdsalexandre/CryptoZombies,NEG_01889,0,0
0,-39.435417,7.4716396e-18,0,vdutts7/ai-generated-nfts,NEG_01890,0,0
0,-31.840199,1.4858586e-14,0,vechain/web3-gear,NEG_01891,0,0
0,-27.959572,7.1996646e-13,0,ved-et9/Blockchain_web3,NEG_01892,0,0
0,-18.825214,6.672879e-09,0,Vedant7789/defi_wallet_score,NEG_01893,0,0
0,-15.001706,3.0538078e-07,0,VedikaaSankhe/ds_VedikaSankhe,NEG_01894,0,0
0,-16.158302,9.605908e-08,0,Velocity-BPA/n8n-nodes-aztec,NEG_01895,0,0
0,-18.652046,7.934495e-09,0,Velocity-BPA/n8n-nodes-pendle,NEG_01896,0,0
0,-46.386055,7.15801e-21,0,VeloraDEX/sdk,NEG_01897,0,0
0,-32.194286,1.0427953e-14,0,vergecurrency/verge,NEG_01898,0,0
0,-33.62078,2.5042656e-15,0,VersoriumX/web3,NEG_01899,0,0
0,-30.063965,8.777806e-14,0,vgrichina/web4,NEG_01900,0,0
0,-28.790375,3.136889e-13,0,vhidvz/crypto-aio,NEG_01901,0,0
0,-26.864037,2.1532637e-12,0,viaprotocol/format-crypto,NEG_01902,0,0
0,-22.989773,1.0367369e-10,0,viaweb3/cryptocast-desktop,NEG_01903,0,0
0,-27.515423,1.1225449e-12,0,victorykop/Buildspace-Wave-Portal-Backend,NEG_01904,0,0
0,-29.914463,1.0193276e-13,0,ViditGalav/NFT-Synthesizer-Sol-Breeder,NEG_01905,0,0
0,-28.965424,2.6331547e-13,0,vigneshbalu96/Inherited-ERC-20-contract,NEG_01906,0,0
0,-26.966522,1.9435163e-12,0,Vikash-8090-Yadav/Learn-Earn-in-WEB3,NEG_01907,0,0
0,-38.052383,2.978927e-17,0,Viken-Blockchain-Solutions/Solidity-files,NEG_01908,0,0
0,-24.508274,2.2708675e-11,0,ViktorVL584/Crypto-News-Aggregator,NEG_01909,0,0
0,-23.194061,8.45176e-11,0,vilicvane/megnat,NEG_01910,0,0
0,-16.439014,7.254821e-08,0,vinnyhoward/rn-crypto-wallet,NEG_01911,0,0
0,-25.826054,6.0797743e-12,0,viperadnan-git/blockdoc,NEG_01912,0,0
0,-24.343376,2.677972e-11,0,vipul-69-ax/CryptoFlip,NEG_01913,0,0
0,-15.850778,1.3064557e-07,0,vishal-kr007/walletSmartContract,NEG_01914,0,0
0,-36.63172,1.2332339e-16,0,vishnoitanuj/Blockchain-Cryptocurrency,NEG_01915,0,0
0,-19.486778,3.4434973e-09,0,VishviThrimavithana/crypto-arbitrage-bot,NEG_01916,0,0
0,-38.455513,1.9905951e-17,0,Vitali-workspace/Crypto-Testnet-Faucet,NEG_01917,0,0
0,-16.538185,6.56988e-08,0,Vitalik-Hakim/antimony,NEG_01918,0,0
0,-33.009075,4.6167975e-15,0,vitalkamuntu/Crypto-wallet,NEG_01919,0,0
0,-39.465622,7.249335e-18,0,VitalR/NFTLazyMinting,NEG_01920,0,0
0,-32.457592,8.013955e-15,0,VitalR/Uniswap,NEG_01921,0,0
0,-41.6182,8.4225986e-19,0,vittominacori/solidity-starter-kit,NEG_01922,0,0
0,-40.12732,3.740474e-18,0,vitwit/Multisig-Wallet-ERC20,NEG_01923,0,0
0,-10.492928,2.773112e-05,0,vivekananand-cpu/web3-blockchain-nft-drop-app,NEG_01924,0,0
0,-22.165031,2.365098e-10,0,Vivojay/De-Fi-Infidelity-Coders,NEG_01925,0,0
0,-12.362209,4.277193e-06,0,vjbhandari61/web3-authentication,NEG_01926,0,0
0,-30.626083,5.0033515e-14,0,vjgaur/bitcoin-wallet,NEG_01927,0,0
0,-31.78846,1.5647587e-14,0,vjgaur/NFT-Ethereum-Polygon-Marketplace,NEG_01928,0,0
0,-42.23446,4.547865e-19,0,vm542/bitcoin-wallet-bot,NEG_01929,0,0
0,-31.262913,2.6466073e-14,0,vmeazevedo/myCrypto_MercadoBitcoin,NEG_01930,0,0
0,-40.067234,3.972111e-18,0,vmieres/BlockChain-Python,NEG_01931,0,0
0,-35.024406,6.153094e-16,0,vorburger/awesome-decentralized-internet-web3-blockchain-p2p-security-world-cloud,NEG_01932,0,0
0,-26.88826,2.101731e-12,0,vrakesh2907/MicroLend,NEG_01933,0,0
0,-24.696465,1.8813161e-11,0,VulnPlanet/l3x,NEG_01934,0,0
0,-32.65908,6.5515123e-15,0,vvizardev/pump-smart-contract-solidity,NEG_01935,0,0
0,-27.578526,1.0538979e-12,0,vvizardev/wizardev,NEG_01936,0,0
0,-41.15441,1.3392641e-18,0,vykuntaharsha/cryptocurrency-and-smart-contract,NEG_01937,0,0
0,-23.973938,3.8748157e-11,0,wallet-agent/wallet-agent,NEG_01938,0,0
0,-32.495483,7.715976e-15,0,Wallet3/Wallet3-Desktop,NEG_01939,0,0
0,-31.673199,1.7559195e-14,0,Wallet3/Wallet3,NEG_01940,0,0
0,-21.910023,3.052095e-10,0,WalletConnect/walletconnect-monorepo,NEG_01941,0,0
0,-37.31536,6.2250754e-17,0,walleth/walleth,NEG_01942,0,0
0,-31.734188,1.6520275e-14,0,Walletika/walletika-contracts,NEG_01943,0,0
0,-24.768707,1.7501977e-11,0,WalletsTool/WalletsTool,NEG_01944,0,0
0,-44.363518,5.4096488e-20,0,WalletWasabi/WalletWasabi,NEG_01945,0,0
0,-34.005466,1.7045649e-15,0,walt-id/waltid-walletkit,NEG_01946,0,0
0,-19.439724,3.6094012e-09,0,wanglinyang/nft-collection,NEG_01947,0,0
0,-35.775246,2.904078e-16,0,wangshijun/ethereum-lottery-dapp,NEG_01948,0,0
0,-16.108536,1.0096057e-07,0,wangtengjiao1997/Encode-Solidity-Bootcamp,NEG_01949,0,0
0,-45.309334,2.1009045e-20,0,wardu/Crypto-Resources,NEG_01950,0,0
0,-19.253105,4.3499337e-09,0,warmkey-finance/bitcoin-cryptocurrency-tutorial,NEG_01951,0,0
0,-14.2254095,6.6371695e-07,0,wasiiff/blokk-lens,NEG_01952,0,0
0,-27.604717,1.0266529e-12,0,wcoelho/BitcoinMinerPrototype,NEG_01953,0,0
0,-23.34682,7.2544505e-11,0,WeaverFi/api,NEG_01954,0,0
0,-22.189476,2.307985e-10,0,WeaverFi/cookietrack-api,NEG_01955,0,0
0,-35.81382,2.7941883e-16,0,WeaverFi/weaverfi,NEG_01956,0,0
0,-31.799522,1.5475436e-14,0,Web3-Club/Blockchain-Developer-roadmap_Chinese,NEG_01957,0,0
0,-21.940762,2.9597044e-10,0,Web3Auth/Auth,NEG_01958,0,0
0,-29.565098,1.4455769e-13,0,web3brasil/web3brasil,NEG_01959,0,0
0,-12.348133,4.3378254e-06,0,web3builder7/Diversehq,NEG_01960,0,0
0,-17.831364,1.8027569e-08,0,web3crafter/NFTCollection_Crypto-Devs,NEG_01961,0,0
0,-16.316532,8.200118e-08,0,web3gamesofficial/web3games-contract-solidity,NEG_01962,0,0
0,-25.10572,1.2494652e-11,0,web3inventor/web3-wallet-brute-force-cracking,NEG_01963,0,0
0,-29.055653,2.405971e-13,0,Web3Philippines/homepage,NEG_01964,0,0
0,-84.36987,2.283651e-37,0,web3privacy/web3privacy,NEG_01965,0,0
0,-28.584747,3.8530263e-13,0,web3p/web3.php,NEG_01966,0,0
0,-43.408318,1.406071e-19,0,weex/Live-bitcoin-transactions,NEG_01967,0,0
0,-27.795578,8.4826953e-13,0,weichen466/CryptoCrowd,NEG_01968,0,0
0,-29.215717,2.0501008e-13,0,weiweiyeih/web3.0-lottery-frontend-app,NEG_01969,0,0
0,-28.768635,3.2058313e-13,0,wencio/python_solidity_Web3_examples,NEG_01970,0,0
0,-14.982311,3.113614e-07,0,westhoronhp15/HOW-TO-MINING-BTC-2025,NEG_01971,0,0
0,-27.458431,1.1883786e-12,0,wevm/awesome-wagmi,NEG_01972,0,0
0,-35.297424,4.6829916e-16,0,whoaryu/cryptozombies,NEG_01973,0,0
0,-25.264027,1.0665289e-11,0,wilhelmagren/ethereum-dev,NEG_01974,0,0
0,-28.00396,6.887075e-13,0,WilliamMassalino/foundry-app,NEG_01975,0,0
0,-30.531002,5.5024267e-14,0,wilmacedo/wallet-discover-server,NEG_01976,0,0
0,-19.710072,2.7543852e-09,0,WISEPLAT/backtrader_bybit,NEG_01977,0,0
0,-26.386482,3.4713337e-12,0,WizardOfAus/WizardsEthereumWorkshop,NEG_01978,0,0
0,-28.109814,6.1953096e-13,0,wizardsardine/liana,NEG_01979,0,0
0,-30.422108,6.135451e-14,0,wpdas/kibi-greeting-contract,NEG_01980,0,0
0,-49.168373,4.43044e-22,0,wsdt/WavectToken,NEG_01981,0,0
0,-31.578289,1.930738e-14,0,wslyvh/clean-contracts,NEG_01982,0,0
0,-30.436146,6.049923e-14,0,wslyvh/useWeb3,NEG_01983,0,0
0,-23.403408,6.8553406e-11,0,WTFAcademy/WTF-CTF,NEG_01984,0,0
0,-27.370468,1.2976474e-12,0,xabzxbt/brass-hands,NEG_01985,0,0
0,-33.150047,4.0097506e-15,0,xaini-x/cross-chain-Bridge,NEG_01986,0,0
0,-32.73637,6.0642227e-15,0,Xalt8/Vyper,NEG_01987,0,0
0,-17.336185,2.9579462e-08,0,xaviersins/CryptoMesh,NEG_01988,0,0
0,-30.811783,4.155399e-14,0,xavierzho/dex-sdk,NEG_01989,0,0
0,-26.282116,3.8532046e-12,0,xBacked-DAO/algorand-wallet-select,NEG_01990,0,0
0,-29.580105,1.424045e-13,0,xcncncnddddd/fundme_lesson,NEG_01991,0,0
0,-33.0933,4.243874e-15,0,xeoneux/generation-blockchain-crypto-tracker,NEG_01992,0,0
0,-31.265453,2.6398919e-14,0,xerion12/Dapp-algorand,NEG_01993,0,0
0,-33.618027,2.5111721e-15,0,xfolio-dao/xfolio-react-chrome,NEG_01994,0,0
0,-33.051743,4.4239544e-15,0,xlnfinance/xln,NEG_01995,0,0
0,-25.276524,1.0532834e-11,0,xPOURY4/crypto-toolkit,NEG_01996,0,0
0,-25.24791,1.0838576e-11,0,xqyet/BlockchainAddressSpoofer,NEG_01997,0,0
0,-35.391335,4.2632298e-16,0,XRPLF/xrpl.js,NEG_01998,0,0
0,-29.72401,1.2331795e-13,0,xsen215/Web3-Solana-Bitcoin-NFT-Dex-Defi-P2EGame-SmartContract-Projects,NEG_01999,0,0
0,-23.869614,4.300892e-11,0,xueqianLu/txpress,NEG_02000,0,0
0,-25.960896,5.3128352e-12,0,XXXGutierrezXXX/defi-staking-smart-contract-solana,NEG_02001,0,0
0,-27.340961,1.3365073e-12,0,xyzerobtc/BitcoinPizzaNFT,NEG_02002,0,0
0,-35.07776,5.833416e-16,0,y-chan/handmade_blockchain,NEG_02003,0,0
0,-24.146294,3.2613537e-11,0,Y-Xiang-hub/Crowdsourcing-With-Smart-Contract,NEG_02004,0,0
0,-29.02044,2.492203e-13,0,yakiyahi/projet-web3,NEG_02005,0,0
0,-36.235992,1.831928e-16,0,yann1ckv/Marketplace_dapp,NEG_02006,0,0
0,-34.548225,9.905955e-16,0,yannvr/lendx,NEG_02007,0,0
0,-34.159744,1.4608701e-15,0,yanukadeneth99/Meme-NFT,NEG_02008,0,0
0,-40.48969,2.603464e-18,0,yao-tx/CryptoZombies,NEG_02009,0,0
0,-39.412052,7.64827e-18,0,YarovoyVladimir09/rust-solana-NftLoanPlatform,NEG_02010,0,0
0,-34.200058,1.4031482e-15,0,Yassin-MT/EETP,NEG_02011,0,0
0,-26.282944,3.8500162e-12,0,YassineMharrek/Phenicia-Metaverse,NEG_02012,0,0
0,-25.093655,1.2646322e-11,0,yatharth1444/Token-Wallet-on-ICP-Blockchain,NEG_02013,0,0
0,-26.506199,3.0796691e-12,0,yearn/NFTreasury,NEG_02014,0,0
0,-37.503395,5.1580134e-17,0,yeasy/blockchain_guide,NEG_02015,0,0
0,-27.792679,8.507323e-13,0,yessGlory17/nft-marketplace,NEG_02016,0,0
0,-36.401543,1.552426e-16,0,yeswadams/CryptoKitty,NEG_02017,0,0
0,-20.354885,1.4453921e-09,0,YieldHabitat/YieldHabitat_,NEG_02018,0,0
0,-36.596878,1.2769615e-16,0,yigittopm/lkd-web3-blockchain,NEG_02019,0,0
0,-35.868896,2.644455e-16,0,YiJie-Zhu/Crypto-Identity,NEG_02020,0,0
0,-29.767551,1.1806378e-13,0,yippee-ki-yay/CryptoJingles,NEG_02021,0,0
0,-35.30588,4.6435537e-16,0,yogdaan/blockchain-certification,NEG_02022,0,0
0,-16.324745,8.133046e-08,0,yokeld/solgo,NEG_02023,0,0
0,-37.71846,4.1598814e-17,0,YordanPavlov/BlockchainRoulette,NEG_02024,0,0
0,-31.486599,2.116137e-14,0,YosephKS/moralis-opensea-plugins,NEG_02025,0,0
0,-35.865166,2.6543392e-16,0,YosephKS/truffle-opensea-nft,NEG_02026,0,0
0,-21.181839,6.321851e-10,0,Yourmix0x/webwag-tiri,NEG_02027,0,0
0,-31.8535,1.4662249e-14,0,ysongh/blockchain-on-restaurant-client,NEG_02028,0,0
0,-26.537453,2.9849064e-12,0,yuichiroaoki/typescript-hardhat,NEG_02029,0,0
0,-18.484837,9.378589e-09,0,yunanah/nft-wallet-yoorabaek,NEG_02030,0,0
0,-14.807335,3.7089927e-07,0,yurkenchik/Crypto-Ethereum-TTE-blockchain,NEG_02031,0,0
0,-38.81199,1.393694e-17,0,yuzushioh/EthereumKit,NEG_02032,0,0
0,-42.684074,2.9009622e-19,0,zafar-saleem/blockchain-node,NEG_02033,0,0
0,-17.099472,3.7479488e-08,0,Zaid-maker/web3-nft-game,NEG_02034,0,0
0,-27.572369,1.0604066e-12,0,zakcroft/shared-wallet-blockchain-solidity,NEG_02035,0,0
0,-22.4696,1.7441203e-10,0,zama-ai/blockchain-wallet-exporter,NEG_02036,0,0
0,-21.363651,5.2708926e-10,0,zenhuzaini/node-js-blockchain-bitcoin,NEG_02037,0,0
0,-28.179752,5.776823e-13,0,zeriontech/defi-sdk-js,NEG_02038,0,0
0,-34.566162,9.729858e-16,0,zeriontech/defi-sdk,NEG_02039,0,0
0,-37.076187,7.907086e-17,0,zeta-chain/node,NEG_02040,0,0
0,-29.59998,1.396022e-13,0,ZetiAi/defi,NEG_02041,0,0
0,-34.86068,7.247683e-16,0,Zheaoli/awesome-coins,NEG_02042,0,0
0,-30.734436,4.4895626e-14,0,zillehuma75/lottery-smart-contract-,NEG_02043,0,0
0,-25.351776,9.7693026e-12,0,zillet/zillet,NEG_02044,0,0
0,-30.122654,8.27747e-14,0,zircuit-labs/web3-telegram-mini-app,NEG_02045,0,0
0,-11.133526,1.46138555e-05,0,ZIYUT/nft-wallet-frontend,NEG_02046,0,0
0,-16.843365,4.8419427e-08,0,zktx-io/sui-extension,NEG_02047,0,0
0,-39.45872,7.299534e-18,0,zman0225/bitcoinclass,NEG_02048,0,0
0,-31.225101,2.7485948e-14,0,Zodomo/OrdinalDucks,NEG_02049,0,0
0,-20.564663,1.1718726e-09,0,ZuInnoTe/spark-hadoopcryptoledger-ds,NEG_02050,0,0
0,-18.485966,9.368005e-09,0,Zynora06JaA7/Arb-Script,NEG_02051,0,0
0,-36.35167,1.6318139e-16,0,zypher-game/bevy-web3,NEG_02052,0,0
0,-34.800186,7.6996534e-16,0,zzzizo/cig-chain,NEG_02053,0,0
