family_id,label,is_real_positive,is_generated_positive,row_index,outer_fold,y_proba,y_pred,threshold,text_mode,repo_full_name
F2_crypto_trading_bot,1,1,0,11,1,0.019208558,0,0.1127496212720871,dual_text,dev-protocol/polymarket-copytrading-bot-sport
F2_crypto_trading_bot,1,1,0,14,1,0.0025119234,0,0.1127496212720871,dual_text,FaceOFWood/SniperBot-Solana-PumpSwap
F2_crypto_trading_bot,1,1,0,15,1,0.36185944,1,0.1127496212720871,dual_text,harshith-vaddiparthy/quant-bot
F2_crypto_trading_bot,1,1,0,29,1,0.007218623,0,0.1127496212720871,dual_text,Morning-Star213/Solana-pumpfun-bot
F2_crypto_trading_bot,1,0,1,188,1,0.019494304,0,0.1127496212720871,dual_text,labs-market/polymarket-copytrading-bot-sport
F2_crypto_trading_bot,1,0,1,189,1,0.0025119234,0,0.1127496212720871,dual_text,FaceOFWoo/SniperBot-Solana-PumpSwap
F2_crypto_trading_bot,1,0,1,190,1,0.31019777,1,0.1127496212720871,dual_text,harshithvaddiparthyy/quant-bot
F2_crypto_trading_bot,1,0,1,191,1,0.007218623,0,0.1127496212720871,dual_text,MorningStar213ry/Solana-pumpfun-bot
F2_crypto_trading_bot,1,0,1,192,1,0.019208558,0,0.1127496212720871,dual_text,dex-copy/polymarket-copytrading-bot-sport
F2_crypto_trading_bot,1,0,1,193,1,0.0026283255,0,0.1127496212720871,dual_text,FaceOFWoodv/SniperBot-Solana-PumpSwap
F2_crypto_trading_bot,1,0,1,194,1,0.37875336,1,0.1127496212720871,dual_text,harshithvaddiparthy4/quant-bot
F2_crypto_trading_bot,1,0,1,195,1,0.007218623,0,0.1127496212720871,dual_text,MorningStar213/Solana-pumpfun-bot
F2_crypto_trading_bot,1,0,1,196,1,0.019494304,0,0.1127496212720871,dual_text,dex-bot/polymarket-copytrading-bot-sport
F2_crypto_trading_bot,1,0,1,197,1,0.0026283255,0,0.1127496212720871,dual_text,FaceOFWood2/SniperBot-Solana-PumpSwap
F2_crypto_trading_bot,1,0,1,198,1,0.3648415,1,0.1127496212720871,dual_text,harshithvaddiparthy42/quant-bot
F2_crypto_trading_bot,1,0,1,199,1,0.007218623,0,0.1127496212720871,dual_text,MorningStar2132/Solana-pumpfun-bot
F2_crypto_trading_bot,1,0,1,200,1,0.02094579,0,0.1127496212720871,dual_text,dex-trade/polymarket-copytrading-bot-sport
F2_crypto_trading_bot,1,0,1,201,1,0.0024849158,0,0.1127496212720871,dual_text,FaceOFWoodk/SniperBot-Solana-PumpSwap
F2_crypto_trading_bot,1,0,1,202,1,0.37875336,1,0.1127496212720871,dual_text,harshithvaddiparthyu/quant-bot
F2_crypto_trading_bot,1,0,1,203,1,0.0061081536,0,0.1127496212720871,dual_text,MorningStar2133/Solana-pumpfun-bot
F2_crypto_trading_bot,1,0,1,204,1,0.02094579,0,0.1127496212720871,dual_text,bot-trade/polymarket-copytrading-bot-sport
F2_crypto_trading_bot,1,0,1,205,1,0.0024849158,0,0.1127496212720871,dual_text,FaceOFWood3/SniperBot-Solana-PumpSwap
F2_crypto_trading_bot,1,0,1,206,1,0.33735996,1,0.1127496212720871,dual_text,harshithvaddiparthy/quant-bot
F2_crypto_trading_bot,1,0,1,207,1,0.0068861414,0,0.1127496212720871,dual_text,MorningStar213o3/Solana-pumpfun-bot
F2_crypto_trading_bot,1,0,1,208,1,0.019995315,0,0.1127496212720871,dual_text,dex-signal/polymarket-copytrading-bot-sport
F2_crypto_trading_bot,1,0,1,209,1,0.0024426547,0,0.1127496212720871,dual_text,FaceOFWood4/SniperBot-Solana-PumpSwap
F2_crypto_trading_bot,1,0,1,210,1,0.36185944,1,0.1127496212720871,dual_text,harshithvaddiparthyy2/quant-bot
F2_crypto_trading_bot,1,0,1,211,1,0.007852366,0,0.1127496212720871,dual_text,MorningStar213gg/Solana-pumpfun-bot
F2_crypto_trading_bot,1,0,1,212,1,0.019208558,0,0.1127496212720871,dual_text,signal-labs/polymarket-copytrading-bot-sport
F2_crypto_trading_bot,1,0,1,213,1,0.0024426547,0,0.1127496212720871,dual_text,FaceOFWoo2/SniperBot-Solana-PumpSwap
F2_crypto_trading_bot,1,0,1,214,1,0.35489935,1,0.1127496212720871,dual_text,harshithvaddiparthy2/quant-bot
F2_crypto_trading_bot,1,0,1,215,1,0.0068861414,0,0.1127496212720871,dual_text,MorningStar2132q/Solana-pumpfun-bot
F2_crypto_trading_bot,1,0,1,216,1,0.019458996,0,0.1127496212720871,dual_text,copy-trade/polymarket-copytrading-bot-sport
F2_crypto_trading_bot,1,0,1,217,1,0.0026737906,0,0.1127496212720871,dual_text,FaceOFWood5/SniperBot-Solana-PumpSwap
F2_crypto_trading_bot,1,0,1,218,1,0.33735996,1,0.1127496212720871,dual_text,harshithvaddiparthy3/quant-bot
F2_crypto_trading_bot,1,0,1,219,1,0.0070397253,0,0.1127496212720871,dual_text,MorningStar213q/Solana-pumpfun-bot
F2_crypto_trading_bot,1,0,1,220,1,0.021533374,0,0.1127496212720871,dual_text,signal-marke/polymarket-copytrading-bot-sport
F2_crypto_trading_bot,1,0,1,221,1,0.0025119234,0,0.1127496212720871,dual_text,FaceOFWoo3/SniperBot-Solana-PumpSwap
F2_crypto_trading_bot,1,0,1,222,1,0.28761956,1,0.1127496212720871,dual_text,harshithvaddiparthy32/quant-bot
F2_crypto_trading_bot,1,0,1,223,1,0.0076353853,0,0.1127496212720871,dual_text,MorningStar213j/Solana-pumpfun-bot
F2_crypto_trading_bot,1,0,1,224,1,0.019208558,0,0.1127496212720871,dual_text,bot-market/polymarket-copytrading-bot-sport
F2_crypto_trading_bot,1,0,1,225,1,0.0024426547,0,0.1127496212720871,dual_text,FaceOFWoodh/SniperBot-Solana-PumpSwap
F2_crypto_trading_bot,1,0,1,226,1,0.36185944,1,0.1127496212720871,dual_text,harshithvaddiparthyv/quant-bot
F2_crypto_trading_bot,1,0,1,227,1,0.0065657794,0,0.1127496212720871,dual_text,MorningStar213h/Solana-pumpfun-bot
F2_crypto_trading_bot,1,0,1,228,1,0.02094579,0,0.1127496212720871,dual_text,dex-copy2/polymarket-copytrading-bot-sport
F2_crypto_trading_bot,1,0,1,229,1,0.0025119234,0,0.1127496212720871,dual_text,FaceOFWood6/SniperBot-Solana-PumpSwap
F2_crypto_trading_bot,1,0,1,230,1,0.3648415,1,0.1127496212720871,dual_text,harshithvaddiparthyo/quant-bot
F2_crypto_trading_bot,1,0,1,231,1,0.0073075118,0,0.1127496212720871,dual_text,MorningStar2131/Solana-pumpfun-bot
F2_crypto_trading_bot,1,0,1,232,1,0.019748392,0,0.1127496212720871,dual_text,bot-market2/polymarket-copytrading-bot-sport
F2_crypto_trading_bot,1,0,1,233,1,0.0024426547,0,0.1127496212720871,dual_text,FaceOFWood7/SniperBot-Solana-PumpSwap
F2_crypto_trading_bot,1,0,1,234,1,0.32778022,1,0.1127496212720871,dual_text,harshithvaddiparthyt/quant-bot
F2_crypto_trading_bot,1,0,1,235,1,0.007852366,0,0.1127496212720871,dual_text,MorningStar213mf/Solana-pumpfun-bot
F2_crypto_trading_bot,1,0,1,236,1,0.02094579,0,0.1127496212720871,dual_text,copy-signal/polymarket-copytrading-bot-sport
F2_crypto_trading_bot,1,0,1,237,1,0.0024849158,0,0.1127496212720871,dual_text,FaceOFWood8/SniperBot-Solana-PumpSwap
F2_crypto_trading_bot,1,0,1,238,1,0.32326308,1,0.1127496212720871,dual_text,harshithvaddiparthy5/quant-bot
F2_crypto_trading_bot,1,0,1,239,1,0.0073075118,0,0.1127496212720871,dual_text,MorningStar21397/Solana-pumpfun-bot
F2_crypto_trading_bot,1,0,1,240,1,0.02094579,0,0.1127496212720871,dual_text,bot-market3/polymarket-copytrading-bot-sport
F2_crypto_trading_bot,1,0,1,241,1,0.0027028455,0,0.1127496212720871,dual_text,FaceOFWood9/SniperBot-Solana-PumpSwap
F2_crypto_trading_bot,1,0,1,242,1,0.37591487,1,0.1127496212720871,dual_text,harshithvaddiparthyp/quant-bot
F2_crypto_trading_bot,1,0,1,243,1,0.0075608576,0,0.1127496212720871,dual_text,MorningStar2134v/Solana-pumpfun-bot
NEG_00023,0,0,0,323,1,0.0017904976,0,0.1127496212720871,dual_text,0xMaka/w3py
NEG_00025,0,0,0,325,1,0.100550674,0,0.1127496212720871,dual_text,0xMesinTempur/Flappyster
NEG_00029,0,0,0,329,1,0.0012717921,0,0.1127496212720871,dual_text,0xRobWatson/Allowance-dApp
NEG_00030,0,0,0,330,1,0.0012717921,0,0.1127496212720871,dual_text,0xTaoDev/Wallet-Trades-Tracker
NEG_00032,0,0,0,332,1,0.0075863185,0,0.1127496212720871,dual_text,0xwagmi/bitcoin_wallet
NEG_00039,0,0,0,339,1,0.0012717921,0,0.1127496212720871,dual_text,1poolfinance/1Pool-Strategy
NEG_00044,0,0,0,344,1,0.001516857,0,0.1127496212720871,dual_text,3Dpass/wallet
NEG_00045,0,0,0,345,1,0.0014586339,0,0.1127496212720871,dual_text,5ajaki/safe-mcp-server
NEG_00049,0,0,0,349,1,0.0014517439,0,0.1127496212720871,dual_text,a1fred/cryptoportfolio
NEG_00056,0,0,0,356,1,0.0027332183,0,0.1127496212720871,dual_text,aave/aave-v3-core
NEG_00059,0,0,0,359,1,0.0027288352,0,0.1127496212720871,dual_text,abba-platforms/NADD
NEG_00063,0,0,0,363,1,0.0018076375,0,0.1127496212720871,dual_text,AbhinavOC24/sPay
NEG_00065,0,0,0,365,1,0.002484918,0,0.1127496212720871,dual_text,AbushakerJamil/Hardhat-Test
NEG_00067,0,0,0,367,1,0.0020178037,0,0.1127496212720871,dual_text,acebusters/acebusters-frontend
NEG_00069,0,0,0,369,1,0.0017274645,0,0.1127496212720871,dual_text,AchyuthMohan/cryptogram-nmit-block-chain-
NEG_00070,0,0,0,370,1,0.0013051006,0,0.1127496212720871,dual_text,ACINQ/phoenix
NEG_00073,0,0,0,373,1,0.004478469,0,0.1127496212720871,dual_text,Adamant-im/adamant-api-jsclient
NEG_00076,0,0,0,376,1,0.0014987333,0,0.1127496212720871,dual_text,adamocallaghan/membrane-finance-v2
NEG_00078,0,0,0,378,1,0.0067947893,0,0.1127496212720871,dual_text,adhithim09/Dsurv---Crypto_Token
NEG_00099,0,0,0,399,1,0.02573969,0,0.1127496212720871,dual_text,Afrozllm/Web3-Wallet-Connect
NEG_00100,0,0,0,400,1,0.0014070643,0,0.1127496212720871,dual_text,agencyenterprise/serpro-web3-hackathon
NEG_00109,0,0,0,409,1,0.0027384404,0,0.1127496212720871,dual_text,ahmetozlu/defi_yield_farming
NEG_00111,0,0,0,411,1,0.0015326223,0,0.1127496212720871,dual_text,AICoin-io/AICoin
NEG_00115,0,0,0,415,1,0.0024311338,0,0.1127496212720871,dual_text,AiKay96/Bitcoin-Wallet
NEG_00120,0,0,0,420,1,0.0013882674,0,0.1127496212720871,dual_text,ajsizzle/bitcoin-ticker
NEG_00121,0,0,0,421,1,0.0015867732,0,0.1127496212720871,dual_text,akashmehrotra29/my-wave-portal
NEG_00123,0,0,0,423,1,0.0012812122,0,0.1127496212720871,dual_text,akhileshthite/dtube
NEG_00124,0,0,0,424,1,0.0012717921,0,0.1127496212720871,dual_text,akinncar/ar-nft
NEG_00128,0,0,0,428,1,0.01452043,0,0.1127496212720871,dual_text,AkshitTiwarii/carbonx
NEG_00135,0,0,0,435,1,0.0012717921,0,0.1127496212720871,dual_text,AleRapchan/nft-token-factory
NEG_00162,0,0,0,462,1,0.0014366433,0,0.1127496212720871,dual_text,alto-io/contractor
NEG_00163,0,0,0,463,1,0.001336814,0,0.1127496212720871,dual_text,amandladev/erc721-nftMint-smartContract
NEG_00168,0,0,0,468,1,0.0018874921,0,0.1127496212720871,dual_text,amonrak/rustychain
NEG_00173,0,0,0,473,1,0.087101184,0,0.1127496212720871,dual_text,ancutadaniel/ethereum_hardhat_nft_marketplace
NEG_00175,0,0,0,475,1,0.002696348,0,0.1127496212720871,dual_text,AndreiD/qv_voting
NEG_00185,0,0,0,485,1,0.0013995736,0,0.1127496212720871,dual_text,anoff/cryptobooks
NEG_00188,0,0,0,488,1,0.0014298189,0,0.1127496212720871,dual_text,AntoineBastide47/Blockchain
NEG_00194,0,0,0,494,1,0.0015180707,0,0.1127496212720871,dual_text,anza-xyz/wallet-adapter
NEG_00196,0,0,0,496,1,0.0048059905,0,0.1127496212720871,dual_text,apache/incubator-resilientdb-ResLens
NEG_00203,0,0,0,503,1,0.0012717921,0,0.1127496212720871,dual_text,apoorvlathey/Crypto-Car-Battle
NEG_00210,0,0,0,510,1,0.003090719,0,0.1127496212720871,dual_text,ardriveapp/turbo-app
NEG_00211,0,0,0,511,1,0.0014379792,0,0.1127496212720871,dual_text,aridder/pengekrukka
NEG_00212,0,0,0,512,1,0.35255253,1,0.1127496212720871,dual_text,Arifin036/defi-staking-dapp
NEG_00218,0,0,0,518,1,0.0013497646,0,0.1127496212720871,dual_text,arpesh28/solidity-wallet-contract-collections
NEG_00220,0,0,0,520,1,0.0014072874,0,0.1127496212720871,dual_text,ArshS1/sengh-nft
NEG_00231,0,0,0,531,1,0.0013417975,0,0.1127496212720871,dual_text,ashelkovnykov/offline-wallet-generator
NEG_00233,0,0,0,533,1,0.0027392337,0,0.1127496212720871,dual_text,ashok-p/module-19-Cryptowallets
NEG_00237,0,0,0,537,1,0.002312755,0,0.1127496212720871,dual_text,AssetifyLabsTeams/Assetifily
NEG_00239,0,0,0,539,1,0.00127281,0,0.1127496212720871,dual_text,atlaschain/contracts
NEG_00247,0,0,0,547,1,0.0022839839,0,0.1127496212720871,dual_text,axiomchronicles/blockchain_simulation
NEG_00251,0,0,0,551,1,0.0019266823,0,0.1127496212720871,dual_text,Aytaditya/NFT_Staking_app
NEG_00254,0,0,0,554,1,0.0012915012,0,0.1127496212720871,dual_text,azerpas/Crypto2discord
NEG_00256,0,0,0,556,1,0.0024611144,0,0.1127496212720871,dual_text,B3Pay/B3Wallet
NEG_00266,0,0,0,566,1,0.0018439841,0,0.1127496212720871,dual_text,banjtheman/highwind
NEG_00270,0,0,0,570,1,0.003636182,0,0.1127496212720871,dual_text,BasinLogix/BLX_chain
NEG_00275,0,0,0,575,1,0.0016133109,0,0.1127496212720871,dual_text,bcoin-org/bcoin
NEG_00281,0,0,0,581,1,0.0015378051,0,0.1127496212720871,dual_text,BendDAO/bend-lending-protocol
NEG_00289,0,0,0,589,1,0.0021376193,0,0.1127496212720871,dual_text,bhau7233/MSig-
NEG_00297,0,0,0,597,1,0.0030205273,0,0.1127496212720871,dual_text,bilix-software/eth-new-contracts
NEG_00298,0,0,0,598,1,0.0023747447,0,0.1127496212720871,dual_text,Bill171991/SATFLOW-
NEG_00299,0,0,0,599,1,0.0015369942,0,0.1127496212720871,dual_text,BirthdayResearch/defichain-wallet
NEG_00300,0,0,0,600,1,0.004106888,0,0.1127496212720871,dual_text,birukG09/DeFiVerse-Bank-Simulator-
NEG_00303,0,0,0,603,1,0.001352684,0,0.1127496212720871,dual_text,bitcoin-wallet/bitcoin-wallet
NEG_00305,0,0,0,605,1,0.0020179371,0,0.1127496212720871,dual_text,bitpay/bitpay-app
NEG_00306,0,0,0,606,1,0.0015250456,0,0.1127496212720871,dual_text,bitpay/wallet
NEG_00307,0,0,0,607,1,0.0016750059,0,0.1127496212720871,dual_text,BitPortal/bitportal-client
NEG_00316,0,0,0,616,1,0.0013486851,0,0.1127496212720871,dual_text,block-foundation/solidity-digital-twin
NEG_00321,0,0,0,621,1,0.0015764507,0,0.1127496212720871,dual_text,blockchaingate/eXchangily-web
NEG_00322,0,0,0,622,1,0.0015565739,0,0.1127496212720871,dual_text,blockchain/blockchain-wallet-v4-frontend
NEG_00324,0,0,0,624,1,0.0013356655,0,0.1127496212720871,dual_text,blockonomics/prestashop-plugin
NEG_00331,0,0,0,631,1,0.0014803404,0,0.1127496212720871,dual_text,bokkypoobah/Nix
NEG_00342,0,0,0,642,1,0.0014249336,0,0.1127496212720871,dual_text,brilliant927/nft-mint-polygon
NEG_00344,0,0,0,644,1,0.0059422017,0,0.1127496212720871,dual_text,Brunomike/cryptopunk-clone-web3
NEG_00350,0,0,0,650,1,0.0020185413,0,0.1127496212720871,dual_text,buihuudong19/E-Wallet-Blockchain-sourcecode
NEG_00351,0,0,0,651,1,0.0029511547,0,0.1127496212720871,dual_text,Busulis/OPNet-Vesting
NEG_00352,0,0,0,652,1,0.002130857,0,0.1127496212720871,dual_text,ButterDevelop/AutoBlumSmartContract
NEG_00353,0,0,0,653,1,0.0012880365,0,0.1127496212720871,dual_text,buybackoff/SolidityAuction
NEG_00354,0,0,0,654,1,0.0013705636,0,0.1127496212720871,dual_text,Bwest981/BitcoinSig
NEG_00361,0,0,0,661,1,0.0015144438,0,0.1127496212720871,dual_text,CaiqueRibeiro/decentralized-stripe
NEG_00366,0,0,0,666,1,0.0016474592,0,0.1127496212720871,dual_text,capsulesocial/capsule-near
NEG_00367,0,0,0,667,1,0.0022417319,0,0.1127496212720871,dual_text,captain-woof/meta-nft
NEG_00368,0,0,0,668,1,0.016162697,0,0.1127496212720871,dual_text,cardano-foundation/cardano-wallet
NEG_00374,0,0,0,674,1,0.0029578353,0,0.1127496212720871,dual_text,cdc-Hitesh/cdc-Hitesh.github.io
NEG_00381,0,0,0,681,1,0.0019873402,0,0.1127496212720871,dual_text,ChainInsighter/Web3-Casino-Crash-Game
NEG_00382,0,0,0,682,1,0.0020880022,0,0.1127496212720871,dual_text,chainjet/platform
NEG_00383,0,0,0,683,1,0.0016474592,0,0.1127496212720871,dual_text,ChainShot/AAVEDaiEscrow
NEG_00393,0,0,0,693,1,0.0072307577,0,0.1127496212720871,dual_text,cherylwilson314/web3py_crypto
NEG_00394,0,0,0,694,1,0.0013051006,0,0.1127496212720871,dual_text,Chia-Network/chia-blockchain
NEG_00411,0,0,0,711,1,0.0012717921,0,0.1127496212720871,dual_text,cluck135/First-Deployed-Token
NEG_00414,0,0,0,714,1,0.0013146137,0,0.1127496212720871,dual_text,cmdruid/tapscript
NEG_00416,0,0,0,716,1,0.007410681,0,0.1127496212720871,dual_text,Cocodrilette/DeFi-Staking-SolidityContracts
NEG_00420,0,0,0,720,1,0.0060530794,0,0.1127496212720871,dual_text,codegenius2/solana-verify-eddsa
NEG_00422,0,0,0,722,1,0.002481769,0,0.1127496212720871,dual_text,coderasha/NFT-Marketplace--EThereum-Polygon
NEG_00427,0,0,0,727,1,0.0031479823,0,0.1127496212720871,dual_text,codymj/GeminiCryptoTrader
NEG_00429,0,0,0,729,1,0.0013603314,0,0.1127496212720871,dual_text,coinbase/chainstorage
NEG_00432,0,0,0,732,1,0.0058542606,0,0.1127496212720871,dual_text,Coldcard/firmware
NEG_00433,0,0,0,733,1,0.0013543623,0,0.1127496212720871,dual_text,colonelxy/CryptoZombies
NEG_00438,0,0,0,738,1,0.0057842764,0,0.1127496212720871,dual_text,consenlabs/imkey-manager
NEG_00450,0,0,0,750,1,0.017612357,0,0.1127496212720871,dual_text,coti-io/coti-sdk-python
NEG_00453,0,0,0,753,1,0.011674745,0,0.1127496212720871,dual_text,CPix18/CryptoCopyRights
NEG_00464,0,0,0,764,1,0.0019362791,0,0.1127496212720871,dual_text,crypto-cooker/Web3-Project-Overview
NEG_00471,0,0,0,771,1,0.0012706104,0,0.1127496212720871,dual_text,cryptococks-xyz/cryptococks-contract
NEG_00478,0,0,0,778,1,0.0015048971,0,0.1127496212720871,dual_text,cryptomkt/cryptomkt-python
NEG_00479,0,0,0,779,1,0.0017104285,0,0.1127496212720871,dual_text,cryptopayserver00/cryptopayserver
NEG_00480,0,0,0,780,1,0.0032242525,0,0.1127496212720871,dual_text,cryptopunksnotdead/awesome-cryptopunks-bubble
NEG_00483,0,0,0,783,1,0.001640989,0,0.1127496212720871,dual_text,CryptoSnowPrince/CryptoGame_Backend
NEG_00485,0,0,0,785,1,0.002244544,0,0.1127496212720871,dual_text,csimbana/suiguard
NEG_00494,0,0,0,794,1,0.0017278773,0,0.1127496212720871,dual_text,d-invisible/DocuManage-web3--Aptos
NEG_00507,0,0,0,807,1,0.0012717921,0,0.1127496212720871,dual_text,danilych/token-factory-web-app
NEG_00514,0,0,0,814,1,0.005350552,0,0.1127496212720871,dual_text,dapphub/ds-math
NEG_00519,0,0,0,819,1,0.0023568426,0,0.1127496212720871,dual_text,dappuniversity/Runner-blockchain-game-
NEG_00529,0,0,0,829,1,0.0013378839,0,0.1127496212720871,dual_text,davidmeng630/defi
NEG_00530,0,0,0,830,1,0.0064949216,0,0.1127496212720871,dual_text,dbarobin/awesome-mirror
NEG_00532,0,0,0,832,1,0.0013733055,0,0.1127496212720871,dual_text,deadarchitects/test-low-gas-solidity
NEG_00534,0,0,0,834,1,0.001676777,0,0.1127496212720871,dual_text,decentralized-identity/element
NEG_00538,0,0,0,838,1,0.0020629447,0,0.1127496212720871,dual_text,deepbluelake/web3-lab
NEG_00543,0,0,0,843,1,0.001454975,0,0.1127496212720871,dual_text,DeFiDesk/DeFiDesk.github.io
NEG_00544,0,0,0,844,1,0.005253242,0,0.1127496212720871,dual_text,defilab/defi-blockchain-dumper
NEG_00548,0,0,0,848,1,0.0013486851,0,0.1127496212720871,dual_text,DeFireX/defirex-protocol-v3
NEG_00554,0,0,0,854,1,0.0013508545,0,0.1127496212720871,dual_text,dennohpeter/MultiDexArbBot
NEG_00555,0,0,0,855,1,0.0021376193,0,0.1127496212720871,dual_text,denzopas/myWallet
NEG_00561,0,0,0,861,1,0.009901985,0,0.1127496212720871,dual_text,desktop-examples/crypto-analysis
NEG_00567,0,0,0,867,1,0.017468303,0,0.1127496212720871,dual_text,developeruche/hybrid
NEG_00570,0,0,0,870,1,0.00555072,0,0.1127496212720871,dual_text,DevMarc16/appkit-connect
NEG_00572,0,0,0,872,1,0.03833206,0,0.1127496212720871,dual_text,DevStudioX/Phoenix-Clipper-Malware-Private
NEG_00576,0,0,0,876,1,0.0061636735,0,0.1127496212720871,dual_text,dharmaprotocol/dharma.js
NEG_00581,0,0,0,881,1,0.0045358194,0,0.1127496212720871,dual_text,diadata-org/diadata
NEG_00582,0,0,0,882,1,0.001367262,0,0.1127496212720871,dual_text,didil/stone-dapp
NEG_00583,0,0,0,883,1,0.0013486851,0,0.1127496212720871,dual_text,diego-tobalina/PancakeSwapBot
NEG_00584,0,0,0,884,1,0.002129962,0,0.1127496212720871,dual_text,Dilkashpeshimam18/defi-contracts
NEG_00593,0,0,0,893,1,0.0029276032,0,0.1127496212720871,dual_text,dkpeakbil/bitcoinwalletwatcher
NEG_00596,0,0,0,896,1,0.003917539,0,0.1127496212720871,dual_text,dmitriiprusakov/definition-hack-nft-versus
NEG_00602,0,0,0,902,1,0.002008378,0,0.1127496212720871,dual_text,Dopular/CLI-Searching-and-Tracing-EVMTransactions
NEG_00607,0,0,0,907,1,0.027420316,0,0.1127496212720871,dual_text,drisst12/safe-smart-account
NEG_00611,0,0,0,911,1,0.012956031,0,0.1127496212720871,dual_text,DTVMStack/DTVM
NEG_00613,0,0,0,913,1,0.0073260614,0,0.1127496212720871,dual_text,DudeOfCode/web3.pyandSolidityTodolist
NEG_00614,0,0,0,914,1,0.0014765426,0,0.1127496212720871,dual_text,duneanalytics/evm.codes
NEG_00630,0,0,0,930,1,0.0014927818,0,0.1127496212720871,dual_text,elkoutwest/bitcoin_browser
NEG_00637,0,0,0,937,1,0.0012963223,0,0.1127496212720871,dual_text,emeraldpay/dshackle
NEG_00650,0,0,0,950,1,0.002521501,0,0.1127496212720871,dual_text,enricozanardo/bitcoin-sentiment-analys-on-tweets-
NEG_00654,0,0,0,954,1,0.001516857,0,0.1127496212720871,dual_text,eonian-core/farm
NEG_00670,0,0,0,970,1,0.002647359,0,0.1127496212720871,dual_text,EthereumCommonwealth/multi-geth
NEG_00680,0,0,0,980,1,0.0013147672,0,0.1127496212720871,dual_text,everx-labs/evernode-se
NEG_00692,0,0,0,992,1,0.0013508545,0,0.1127496212720871,dual_text,f-z/decentralized-option-trading-platform
NEG_00693,0,0,0,993,1,0.0013486851,0,0.1127496212720871,dual_text,fabianorodrigo/defiamm
NEG_00704,0,0,0,1004,1,0.0015114775,0,0.1127496212720871,dual_text,farisamirmudin/cryptotransfer
NEG_00705,0,0,0,1005,1,0.0019723263,0,0.1127496212720871,dual_text,faysalbadaoui/RegisterDeviceSolanaProgram
NEG_00712,0,0,0,1012,1,0.0013092434,0,0.1127496212720871,dual_text,FIFA0313/blockchain-wallet-adapter-designe
NEG_00715,0,0,0,1015,1,0.005985718,0,0.1127496212720871,dual_text,FilOzone/synapse-sdk
NEG_00736,0,0,0,1036,1,0.0012717921,0,0.1127496212720871,dual_text,Frenzoid/DAPP_Bank
NEG_00741,0,0,0,1041,1,0.008477492,0,0.1127496212720871,dual_text,fundgao/xiuxian
NEG_00744,0,0,0,1044,1,0.0014106049,0,0.1127496212720871,dual_text,gabidi/bismuth-js-crypto
NEG_00745,0,0,0,1045,1,0.0012786594,0,0.1127496212720871,dual_text,gakonst/ethers-rs
NEG_00746,0,0,0,1046,1,0.0012820238,0,0.1127496212720871,dual_text,GameChangerFinance/gamechanger.wallet
NEG_00752,0,0,0,1052,1,0.0018930403,0,0.1127496212720871,dual_text,gemwalletcom/gem-android
NEG_00759,0,0,0,1059,1,0.0017637854,0,0.1127496212720871,dual_text,ggviana/splitter
NEG_00765,0,0,0,1065,1,0.0017122494,0,0.1127496212720871,dual_text,GlitchicaL/project-arcadia
NEG_00777,0,0,0,1077,1,0.003923375,0,0.1127496212720871,dual_text,GoogleEnginer/defi-yield-calculator
NEG_00780,0,0,0,1080,1,0.00139106,0,0.1127496212720871,dual_text,grandsmarquis/ethereumdevio-dex-tutorial
NEG_00781,0,0,0,1081,1,0.018663418,0,0.1127496212720871,dual_text,GRANTsol/PanteraProtocol
NEG_00782,0,0,0,1082,1,0.001550802,0,0.1127496212720871,dual_text,greekfetacheese/zeus
NEG_00809,0,0,0,1109,1,0.0012963223,0,0.1127496212720871,dual_text,HappyGroupHub/Ethereum-Wallet-Tracker
NEG_00812,0,0,0,1112,1,0.0013733055,0,0.1127496212720871,dual_text,haritsmedina/web3.0_krypto
NEG_00819,0,0,0,1119,1,0.0013702804,0,0.1127496212720871,dual_text,hashbx/token-distribution
NEG_00824,0,0,0,1124,1,0.0016582,0,0.1127496212720871,dual_text,HawkTahir1/ZENC
NEG_00829,0,0,0,1129,1,0.0020634327,0,0.1127496212720871,dual_text,HectorNBL/eth_solseum_gen_hnbl
NEG_00849,0,0,0,1149,1,0.0013059275,0,0.1127496212720871,dual_text,horizontalsystems/bitcoin-kit-ios
NEG_00859,0,0,0,1159,1,0.0035288718,0,0.1127496212720871,dual_text,hummingbot/hummingbot
NEG_00861,0,0,0,1161,1,0.0026548442,0,0.1127496212720871,dual_text,Huy-2k11/Native-Parser
NEG_00862,0,0,0,1162,1,0.0013733055,0,0.1127496212720871,dual_text,huynhtuandat05december/Crypto-Zombie
NEG_00865,0,0,0,1165,1,0.0056378786,0,0.1127496212720871,dual_text,HyperPlay-Gaming/hyperplay-desktop-client
NEG_00869,0,0,0,1169,1,0.0021580544,0,0.1127496212720871,dual_text,Iamtheusername112/Crypto
NEG_00879,0,0,0,1179,1,0.0013933603,0,0.1127496212720871,dual_text,IgorAugust0/blockchain-security-labs
NEG_00886,0,0,0,1186,1,0.0013518068,0,0.1127496212720871,dual_text,imcrazysteven/Initial-Coin-Offering-Smart-Contract
NEG_00889,0,0,0,1189,1,0.0018390425,0,0.1127496212720871,dual_text,Infineon/secora-blockchain-walletconnect
NEG_00900,0,0,0,1200,1,0.0012717921,0,0.1127496212720871,dual_text,Itheum/sdk-mx-data-nft
NEG_00906,0,0,0,1206,1,0.0013497646,0,0.1127496212720871,dual_text,ivopetiz/crypto-exchange-cli
NEG_00914,0,0,0,1214,1,0.0014562045,0,0.1127496212720871,dual_text,Jackhuang166/chess-smart-contract
NEG_00926,0,0,0,1226,1,0.0012880365,0,0.1127496212720871,dual_text,JamesANZ/crypto-timelocked-backup
NEG_00930,0,0,0,1230,1,0.0013840048,0,0.1127496212720871,dual_text,janghona/go-ethereum-Jochain
NEG_00937,0,0,0,1237,1,0.001750475,0,0.1127496212720871,dual_text,JasminDreasond/Dohpw
NEG_00939,0,0,0,1239,1,0.0013486851,0,0.1127496212720871,dual_text,JasonnLim/Blockchain-MedicalRecords
NEG_00940,0,0,0,1240,1,0.0022216898,0,0.1127496212720871,dual_text,JavaCardOS/BitcoinWallet
NEG_00949,0,0,0,1249,1,0.0019014394,0,0.1127496212720871,dual_text,jeffprestes/rust-smart-contract-example-connection
NEG_00950,0,0,0,1250,1,0.0017652443,0,0.1127496212720871,dual_text,jeftarmascarenhas/smart-contract-training
NEG_00952,0,0,0,1252,1,0.0018803307,0,0.1127496212720871,dual_text,jeloooooo/solidity-cryptozombies
NEG_00963,0,0,0,1263,1,0.0014088074,0,0.1127496212720871,dual_text,jlandyr/web3solidity
NEG_00974,0,0,0,1274,1,0.0013733055,0,0.1127496212720871,dual_text,jonluxson/very-basic-form-of-cryptocurrency
NEG_00979,0,0,0,1279,1,0.0014451417,0,0.1127496212720871,dual_text,jovijovi/ether-goblin
NEG_00982,0,0,0,1282,1,0.002863378,0,0.1127496212720871,dual_text,jptsantossilva/BEC
NEG_00987,0,0,0,1287,1,0.0043809763,0,0.1127496212720871,dual_text,JulieGibbs/NFT1155_Contract_Test_Assignment
NEG_00988,0,0,0,1288,1,0.003337792,0,0.1127496212720871,dual_text,juliocamposmachado/my_eth_app.github.io
NEG_00990,0,0,0,1290,1,0.0048857303,0,0.1127496212720871,dual_text,JumpCrypto/crypto-reading-list
NEG_00993,0,0,0,1293,1,0.0065422393,0,0.1127496212720871,dual_text,JunoNode/juno
NEG_00998,0,0,0,1298,1,0.0013497646,0,0.1127496212720871,dual_text,Kalashin1/GTA-token-smart-contract
NEG_01001,0,0,0,1301,1,0.0013075536,0,0.1127496212720871,dual_text,Karhal/web3-connect
NEG_01005,0,0,0,1305,1,0.002836944,0,0.1127496212720871,dual_text,kartikver15gr8/WEB3-For-All
NEG_01009,0,0,0,1309,1,0.0012717921,0,0.1127496212720871,dual_text,kaymen99/aave-flashloan-arbitrage
NEG_01018,0,0,0,1318,1,0.0021565056,0,0.1127496212720871,dual_text,kelvincup/base-learn
NEG_01033,0,0,0,1333,1,0.028172974,0,0.1127496212720871,dual_text,khadar1020/bitcoin_wallet
NEG_01036,0,0,0,1336,1,0.0013208707,0,0.1127496212720871,dual_text,kheopskit/kheopskit
NEG_01037,0,0,0,1337,1,0.0016145264,0,0.1127496212720871,dual_text,Kimonic99/Heneftee
NEG_01053,0,0,0,1353,1,0.0015440205,0,0.1127496212720871,dual_text,konradisco/bitcoin-ethereum
NEG_01055,0,0,0,1355,1,0.0027135203,0,0.1127496212720871,dual_text,KOSASIH/nexus-finance-core
NEG_01057,0,0,0,1357,1,0.001367314,0,0.1127496212720871,dual_text,kradkov14/presale-contract
NEG_01058,0,0,0,1358,1,0.008681881,0,0.1127496212720871,dual_text,kreskohq/kresko-protocol
NEG_01073,0,0,0,1373,1,0.0040961034,0,0.1127496212720871,dual_text,lacrypta/lottery-front
NEG_01078,0,0,0,1378,1,0.0013075536,0,0.1127496212720871,dual_text,lastbattle/ordinal_inscription.netcore
NEG_01083,0,0,0,1383,1,0.0031330332,0,0.1127496212720871,dual_text,lawofambak-research/decentralized-speculations-market
NEG_01085,0,0,0,1385,1,0.07381048,0,0.1127496212720871,dual_text,lbryio/lbry-android
NEG_01087,0,0,0,1387,1,0.0016631228,0,0.1127496212720871,dual_text,lbryio/torba
NEG_01089,0,0,0,1389,1,0.0014366433,0,0.1127496212720871,dual_text,LearnWeb3DAO/14-Days-of-Solidity
NEG_01107,0,0,0,1407,1,0.028226491,0,0.1127496212720871,dual_text,LN-Zap/zap-desktop
NEG_01110,0,0,0,1410,1,0.0014293445,0,0.1127496212720871,dual_text,LocalCryptos/LocalCryptosWalletBackupExplorer
NEG_01114,0,0,0,1414,1,0.0063844724,0,0.1127496212720871,dual_text,lordbasilaiassistant-sudo/thryx-launchpad
NEG_01116,0,0,0,1416,1,0.0012717921,0,0.1127496212720871,dual_text,lssleo/crypto-unlimited
NEG_01124,0,0,0,1424,1,0.0016720393,0,0.1127496212720871,dual_text,luzhenqian/web3-examples
NEG_01128,0,0,0,1428,1,0.0012717921,0,0.1127496212720871,dual_text,maAPPsDEV/rock-paper-scissors
NEG_01133,0,0,0,1433,1,0.0012717921,0,0.1127496212720871,dual_text,Magicred-1/hackin-dau
NEG_01138,0,0,0,1438,1,0.023344947,0,0.1127496212720871,dual_text,manifest-network/manifest-app
NEG_01144,0,0,0,1444,1,0.0012717921,0,0.1127496212720871,dual_text,manuelinfosec/flash-arb-bot
NEG_01161,0,0,0,1461,1,0.0013983558,0,0.1127496212720871,dual_text,mastrmind-dev/DeFi-App---A-Cryptocurrency-Bank
NEG_01164,0,0,0,1464,1,0.004118162,0,0.1127496212720871,dual_text,Mathieu2301/TradingView-API
NEG_01169,0,0,0,1469,1,0.0041167736,0,0.1127496212720871,dual_text,Mattjhagen/P3-Lending
NEG_01170,0,0,0,1470,1,0.0014563279,0,0.1127496212720871,dual_text,mattycoles/Python_Blockchain
NEG_01182,0,0,0,1482,1,0.0016322706,0,0.1127496212720871,dual_text,memoriaXII/create-web3-turbo
NEG_01208,0,0,0,1508,1,0.0013075536,0,0.1127496212720871,dual_text,mikker/svgnft
NEG_01220,0,0,0,1520,1,0.0020973873,0,0.1127496212720871,dual_text,mja2001/SolCipher-iExec
NEG_01225,0,0,0,1525,1,0.0020823702,0,0.1127496212720871,dual_text,mohammedmuzammil38/Crypto-Art
NEG_01228,0,0,0,1528,1,0.0013499213,0,0.1127496212720871,dual_text,Mojo96666/hack-crypto-wallets
NEG_01230,0,0,0,1530,1,0.0018213714,0,0.1127496212720871,dual_text,mollybeach/livestakes
NEG_01231,0,0,0,1531,1,0.0026367265,0,0.1127496212720871,dual_text,monjuik/go-octopi
NEG_01247,0,0,0,1547,1,0.00269603,0,0.1127496212720871,dual_text,mrmendoza-dev/cryptotracker
NEG_01268,0,0,0,1568,1,0.011060033,0,0.1127496212720871,dual_text,mwakidenis/BlockChain-Mastery
NEG_01270,0,0,0,1570,1,0.0056845103,0,0.1127496212720871,dual_text,my-number/solidity-wallet
NEG_01278,0,0,0,1578,1,0.0013051006,0,0.1127496212720871,dual_text,NaimaGhulamMuhammad/nftMarketplace-smartcontracts
NEG_01286,0,0,0,1586,1,0.0013280008,0,0.1127496212720871,dual_text,nayrosk/evm-indexer
NEG_01288,0,0,0,1588,1,0.0013899476,0,0.1127496212720871,dual_text,nbulian/CryptoZombies
NEG_01293,0,0,0,1593,1,0.02541481,0,0.1127496212720871,dual_text,NenadBolovic/Cryptography_project_PKI_smart_contract
NEG_01302,0,0,0,1602,1,0.010564396,0,0.1127496212720871,dual_text,Nexacore-Org/NexaFx-web
NEG_01304,0,0,0,1604,1,0.001525888,0,0.1127496212720871,dual_text,nftfy/nftfy-v1-periphery
NEG_01305,0,0,0,1605,1,0.0019296777,0,0.1127496212720871,dual_text,ngmisl/etherml
NEG_01309,0,0,0,1609,1,0.0016505497,0,0.1127496212720871,dual_text,nicholasmgoldstein/Persona256
NEG_01310,0,0,0,1610,1,0.0022706988,0,0.1127496212720871,dual_text,nico-phil/blockchain
NEG_01314,0,0,0,1614,1,0.0013486851,0,0.1127496212720871,dual_text,nicolaslazzos/cryptozombies
NEG_01315,0,0,0,1615,1,0.0013508545,0,0.1127496212720871,dual_text,NikhilSehgal123/coinbase-execution-algorithm
NEG_01316,0,0,0,1616,1,0.0073260614,0,0.1127496212720871,dual_text,nikitakent/solidity-simple-wallet
NEG_01319,0,0,0,1619,1,0.0018001624,0,0.1127496212720871,dual_text,Nipol/ERC721yul
NEG_01320,0,0,0,1620,1,0.0014324507,0,0.1127496212720871,dual_text,nirhoIas/Top-5-Cryptocurrency-APIs-for-Developers
NEG_01326,0,0,0,1626,1,0.0051390086,0,0.1127496212720871,dual_text,Nishu0/anime_nft_marketplace
NEG_01329,0,0,0,1629,1,0.0013733055,0,0.1127496212720871,dual_text,nixen2802/Blockchain-Python
NEG_01330,0,0,0,1630,1,0.0015621128,0,0.1127496212720871,dual_text,njublockchain/web3research-etl
NEG_01333,0,0,0,1633,1,0.004623666,0,0.1127496212720871,dual_text,Noahflx/ghost-wallets
NEG_01339,0,0,0,1639,1,0.114373796,1,0.1127496212720871,dual_text,notbank-com/notbank-node
NEG_01341,0,0,0,1641,1,0.0012890673,0,0.1127496212720871,dual_text,nrgapple/crypto-canvas-fe
NEG_01351,0,0,0,1651,1,0.0029011075,0,0.1127496212720871,dual_text,OffcierCia/DeFi-Developer-Road-Map
NEG_01352,0,0,0,1652,1,0.0065600034,0,0.1127496212720871,dual_text,OffcierCia/tips-solidity-code-auditors
NEG_01353,0,0,0,1653,1,0.0013686802,0,0.1127496212720871,dual_text,OffcierCia/ultimate-defi-research-base
NEG_01356,0,0,0,1656,1,0.0012717921,0,0.1127496212720871,dual_text,oguzhnatly/Cryptocurrency-Trade-FrontEnd-HTML-Page
NEG_01359,0,0,0,1659,1,0.0016539389,0,0.1127496212720871,dual_text,okcashpro/okcash
NEG_01360,0,0,0,1660,1,0.002107684,0,0.1127496212720871,dual_text,OkeA-dev/StablePay
NEG_01368,0,0,0,1668,1,0.006385806,0,0.1127496212720871,dual_text,omarakhmedov-web/metridex-showcase
NEG_01374,0,0,0,1674,1,0.0014166273,0,0.1127496212720871,dual_text,OneMug-Coffee/onemug-link-in-bio
NEG_01376,0,0,0,1676,1,0.0062436997,0,0.1127496212720871,dual_text,ong/awesome-decentralized-finance
NEG_01383,0,0,0,1683,1,0.0014835756,0,0.1127496212720871,dual_text,OpenTradingNetworkFoundation/otn-token
NEG_01384,0,0,0,1684,1,0.002798616,0,0.1127496212720871,dual_text,Operaconga14/llama_flux
NEG_01386,0,0,0,1686,1,0.0012717921,0,0.1127496212720871,dual_text,OpiumProtocol/erc721o
NEG_01387,0,0,0,1687,1,0.001301289,0,0.1127496212720871,dual_text,OptimalLukasDev/Bitcoin-Wallet-finder
NEG_01395,0,0,0,1695,1,0.0013544449,0,0.1127496212720871,dual_text,osmanballi/Clock_app_that_tracks_Bitcoin_and_Ethereum
NEG_01403,0,0,0,1703,1,0.0013051006,0,0.1127496212720871,dual_text,pablopoggiog/polygon-name-service
NEG_01404,0,0,0,1704,1,0.0019321671,0,0.1127496212720871,dual_text,pablwoAraujo/bitcoin-wallets
NEG_01405,0,0,0,1705,1,0.0055423533,0,0.1127496212720871,dual_text,Pallavii-dev/Crypto-Transfer-web3
NEG_01406,0,0,0,1706,1,0.0031780016,0,0.1127496212720871,dual_text,panaverse/defi-dapps-solidity-smart-contracts
NEG_01407,0,0,0,1707,1,0.017674673,0,0.1127496212720871,dual_text,pancudaniel7/solidity-nft-auction
NEG_01418,0,0,0,1718,1,0.0016042748,0,0.1127496212720871,dual_text,PaulLaux/eth-hot-wallet
NEG_01421,0,0,0,1721,1,0.0013730373,0,0.1127496212720871,dual_text,pawanpaudel93/damn-vulnerable-defi
NEG_01422,0,0,0,1722,1,0.0013075536,0,0.1127496212720871,dual_text,pawurb/Locker
NEG_01423,0,0,0,1723,1,0.002831583,0,0.1127496212720871,dual_text,PaymagicXYZ/lensmo-fe
NEG_01424,0,0,0,1724,1,0.0073607513,0,0.1127496212720871,dual_text,pbouget/AlyraSolidityVoting
NEG_01431,0,0,0,1731,1,0.0051717754,0,0.1127496212720871,dual_text,persistenceOne/persistenceWallet
NEG_01432,0,0,0,1732,1,0.0014084311,0,0.1127496212720871,dual_text,peter571/crypto-stats
NEG_01435,0,0,0,1735,1,0.001412195,0,0.1127496212720871,dual_text,Phildo/ethbrute
NEG_01436,0,0,0,1736,1,0.0053903502,0,0.1127496212720871,dual_text,PhilipAtEmcogma/CryptoKittiesNFTDapp
NEG_01444,0,0,0,1744,1,0.0023574098,0,0.1127496212720871,dual_text,Plycedes/rps-web3
NEG_01454,0,0,0,1754,1,0.008709199,0,0.1127496212720871,dual_text,pragmaxim-com/bitcoin-explorer
NEG_01456,0,0,0,1756,1,0.0016464384,0,0.1127496212720871,dual_text,pramaths/simplewallet
NEG_01457,0,0,0,1757,1,0.0033496656,0,0.1127496212720871,dual_text,pranah/pranah
NEG_01461,0,0,0,1761,1,0.0015126942,0,0.1127496212720871,dual_text,prateek096/OnlinePolling_Blockchain
NEG_01467,0,0,0,1767,1,0.0022921294,0,0.1127496212720871,dual_text,problo/DeFireX-Contracts-V2
NEG_01472,0,0,0,1772,1,0.0045011523,0,0.1127496212720871,dual_text,prokey-io/prokey-webcore
NEG_01474,0,0,0,1774,1,0.10738584,0,0.1127496212720871,dual_text,Promish984/IC-Pad
NEG_01475,0,0,0,1775,1,0.0012717921,0,0.1127496212720871,dual_text,protofire/autoglyphs
NEG_01476,0,0,0,1776,1,0.0012717921,0,0.1127496212720871,dual_text,provinzio/CoinTaxman
NEG_01480,0,0,0,1780,1,0.001323558,0,0.1127496212720871,dual_text,Pymmdrza/Rich-Address-Wallet
NEG_01483,0,0,0,1783,1,0.0020131997,0,0.1127496212720871,dual_text,qianq-jims/SmartBitcoin
NEG_01492,0,0,0,1792,1,0.0014784068,0,0.1127496212720871,dual_text,quilime/evm-nft-contract-boilerplate
NEG_01498,0,0,0,1798,1,0.001516857,0,0.1127496212720871,dual_text,radixdlt/radix-dapp-toolkit
NEG_01502,0,0,0,1802,1,0.0019894086,0,0.1127496212720871,dual_text,rafafortes/nft-ticket-system-ethereum
NEG_01521,0,0,0,1821,1,0.0042969617,0,0.1127496212720871,dual_text,raymondfam/defi-nft-marketplace-mumbai
NEG_01526,0,0,0,1826,1,0.0015772382,0,0.1127496212720871,dual_text,rchak007/NFTArtMuseum
NEG_01536,0,0,0,1836,1,0.0015247479,0,0.1127496212720871,dual_text,remston-dsa/remston-dsa-NFT-token-rendered-on-OpenSea-testnet-using-Brownie-IPFS-Web3-and-ERC721-standard
NEG_01540,0,0,0,1840,1,0.0036448059,0,0.1127496212720871,dual_text,repirate/asset-recovery-tool
NEG_01544,0,0,0,1844,1,0.0012890673,0,0.1127496212720871,dual_text,richard-ramos/solidity-diagram-gen
NEG_01549,0,0,0,1849,1,0.002164463,0,0.1127496212720871,dual_text,riteesh-ram/DeFi-Group-Insurance
NEG_01556,0,0,0,1856,1,0.0012880365,0,0.1127496212720871,dual_text,robertcalvert/vscode-crypto-ticker
NEG_01557,0,0,0,1857,1,0.0015260341,0,0.1127496212720871,dual_text,robhato/FFXIV-NFT-Smart-Contract
NEG_01558,0,0,0,1858,1,0.002736186,0,0.1127496212720871,dual_text,robin-rrt/crypto-cares
NEG_01567,0,0,0,1867,1,0.022435023,0,0.1127496212720871,dual_text,Rohitw3code/web3-solidity-python
NEG_01572,0,0,0,1872,1,0.0023370085,0,0.1127496212720871,dual_text,roxxy-lanre/Conduit
NEG_01578,0,0,0,1878,1,0.0012880365,0,0.1127496212720871,dual_text,ruqqq/blockchainparser
NEG_01581,0,0,0,1881,1,0.0014563979,0,0.1127496212720871,dual_text,rustyneuron01/NFT-Launchpad-Alkanes
NEG_01582,0,0,0,1882,1,0.0012717921,0,0.1127496212720871,dual_text,rwth-acis/las2peer-registry-contracts
NEG_01588,0,0,0,1888,1,0.0014103658,0,0.1127496212720871,dual_text,S-Amine/go-uni
NEG_01593,0,0,0,1893,1,0.0012786594,0,0.1127496212720871,dual_text,safe-fndn/safe-smart-account
NEG_01596,0,0,0,1896,1,0.0044759205,0,0.1127496212720871,dual_text,Sahiru2007/Blockchain-based-healthcare-data-system-with-disease-prediction
NEG_01599,0,0,0,1899,1,0.030798338,0,0.1127496212720871,dual_text,Samarth208P/validator0x
NEG_01611,0,0,0,1911,1,0.0015578194,0,0.1127496212720871,dual_text,SATO-Technologies/Hordes-Wallet
NEG_01612,0,0,0,1912,1,0.0016532006,0,0.1127496212720871,dual_text,SatoshiPortal/bullbitcoin-mobile
NEG_01615,0,0,0,1915,1,0.0012717921,0,0.1127496212720871,dual_text,saxenism/cryptoZombiesNFT
NEG_01617,0,0,0,1917,1,0.0012717921,0,0.1127496212720871,dual_text,SBIP-Migration/aave-migrator
NEG_01618,0,0,0,1918,1,0.0012717921,0,0.1127496212720871,dual_text,scaffold-eth/eth-components
NEG_01621,0,0,0,1921,1,0.0012717921,0,0.1127496212720871,dual_text,ScopeLift/endaoment
NEG_01635,0,0,0,1935,1,0.0028522413,0,0.1127496212720871,dual_text,setheum/setheum
NEG_01639,0,0,0,1939,1,0.0024762743,0,0.1127496212720871,dual_text,Shahroz-Hussain-Dev/Wallet
NEG_01645,0,0,0,1945,1,0.009484521,0,0.1127496212720871,dual_text,shapeshift/web
NEG_01655,0,0,0,1955,1,0.004987404,0,0.1127496212720871,dual_text,ShredSecurity/protocol-deployment-checklist
NEG_01656,0,0,0,1956,1,0.0014362412,0,0.1127496212720871,dual_text,ShrikantaMazumder/crypto-zombie
NEG_01660,0,0,0,1960,1,0.0016475571,0,0.1127496212720871,dual_text,SiddharthaBhattacharjee/Python_Script_To_Access_Deployed_Smartcontract
NEG_01674,0,0,0,1974,1,0.009244108,0,0.1127496212720871,dual_text,SkyPierIO/skypier-vpn
NEG_01679,0,0,0,1979,1,0.0016762872,0,0.1127496212720871,dual_text,smart-account-starter/smart-account-starter
NEG_01686,0,0,0,1986,1,0.0014457427,0,0.1127496212720871,dual_text,smartcontractkit/defi-minimal
NEG_01694,0,0,0,1994,1,0.0012717921,0,0.1127496212720871,dual_text,solangegueiros/dapp-register
NEG_01696,0,0,0,1996,1,0.02676358,0,0.1127496212720871,dual_text,solidityDev05/defi-by-example
NEG_01699,0,0,0,1999,1,0.0020964553,0,0.1127496212720871,dual_text,Solomon-0xGuardian/solana_guessing_game
NEG_01701,0,0,0,2001,1,0.0014379792,0,0.1127496212720871,dual_text,somesh-banerjee/Hospital-Records-Blockchain
NEG_01711,0,0,0,2011,1,0.0019597309,0,0.1127496212720871,dual_text,spotlightgroup/DonateDapp
NEG_01713,0,0,0,2013,1,0.0024820205,0,0.1127496212720871,dual_text,springmacedonio-sys/Somnia-DeFi-Wallet
NEG_01717,0,0,0,2017,1,0.010923507,0,0.1127496212720871,dual_text,SSSami22/Crypto
NEG_01724,0,0,0,2024,1,0.0014096871,0,0.1127496212720871,dual_text,stellar/stellar-ledger-data-indexer
NEG_01728,0,0,0,2028,1,0.0013709663,0,0.1127496212720871,dual_text,StevenMolina22/cryptocoin
NEG_01729,0,0,0,2029,1,0.0018785096,0,0.1127496212720871,dual_text,Stor-Network/stor-blockchain
NEG_01732,0,0,0,2032,1,0.0037455098,0,0.1127496212720871,dual_text,Strykr-Prism/realtime-crypto-price-api
NEG_01736,0,0,0,2036,1,0.0016124002,0,0.1127496212720871,dual_text,Sukoed/nft-minting-engine
NEG_01741,0,0,0,2041,1,0.0039997404,0,0.1127496212720871,dual_text,Sunilshah-7/web3-blockchain-curve
NEG_01746,0,0,0,2046,1,0.00269603,0,0.1127496212720871,dual_text,SunWeb3Sec/DeFiVulnLabs
NEG_01760,0,0,0,2060,1,0.001993292,0,0.1127496212720871,dual_text,SwezyDev/MultiExodus
NEG_01763,0,0,0,2063,1,0.0076037464,0,0.1127496212720871,dual_text,SXNGE4444/magic-crypto-app
NEG_01771,0,0,0,2071,1,0.0014454762,0,0.1127496212720871,dual_text,Talent-Index/StableCoin-Project
NEG_01775,0,0,0,2075,1,0.0033440222,0,0.1127496212720871,dual_text,tamjid0x01/awesome-smartcontract-hacking
NEG_01777,0,0,0,2077,1,0.006784683,0,0.1127496212720871,dual_text,tankbottoms/tiles-on-chain
NEG_01782,0,0,0,2082,1,0.002693106,0,0.1127496212720871,dual_text,taoteh1221/Slideshow_Crypto_Ticker
NEG_01783,0,0,0,2083,1,0.00128868,0,0.1127496212720871,dual_text,tarun-upadhyay/the-matrix-labs-assignment
NEG_01788,0,0,0,2088,1,0.0012786594,0,0.1127496212720871,dual_text,teal-finance/rainbow
NEG_01789,0,0,0,2089,1,0.0049313777,0,0.1127496212720871,dual_text,teamssUTXO/bitcoin_mcp
NEG_01793,0,0,0,2093,1,0.00283764,0,0.1127496212720871,dual_text,TegroTON/DEX-TON-contracts
NEG_01797,0,0,0,2097,1,0.0031936183,0,0.1127496212720871,dual_text,Tenosia/Wallet-Multi-SDK
NEG_01799,0,0,0,2099,1,0.003763073,0,0.1127496212720871,dual_text,tesla809/erc-20-tutorial
NEG_01801,0,0,0,2101,1,0.0012786594,0,0.1127496212720871,dual_text,Tezsure/plenty-wallet
NEG_01804,0,0,0,2104,1,0.0028665997,0,0.1127496212720871,dual_text,the-sauravkumar/icp_token_wallet
NEG_01808,0,0,0,2108,1,0.0051301913,0,0.1127496212720871,dual_text,TheDancingBananas/dancing-bananas-front-end
NEG_01813,0,0,0,2113,1,0.0012717921,0,0.1127496212720871,dual_text,thirdweb-dev/thirdweb-cli
NEG_01814,0,0,0,2114,1,0.0012717921,0,0.1127496212720871,dual_text,thisiskeanyvy/blocktracker
NEG_01820,0,0,0,2120,1,0.001675877,0,0.1127496212720871,dual_text,timyiu478/cryptocurrencies-blockchain-technologies-stanford
NEG_01822,0,0,0,2122,1,0.0014238178,0,0.1127496212720871,dual_text,tintinweb/smart-contract-sanctuary-arbitrum
NEG_01839,0,0,0,2139,1,0.0012717921,0,0.1127496212720871,dual_text,tr1sm0s1n/go-dapp-example
NEG_01843,0,0,0,2143,1,0.0017007588,0,0.1127496212720871,dual_text,Trapesys/pandoras-box
NEG_01849,0,0,0,2149,1,0.0012717921,0,0.1127496212720871,dual_text,trustless-fund/trustless-fund
NEG_01853,0,0,0,2153,1,0.0016136258,0,0.1127496212720871,dual_text,tsauvajon/cryptoblobs
NEG_01858,0,0,0,2158,1,0.0024778706,0,0.1127496212720871,dual_text,turtlemarket/contract
NEG_01864,0,0,0,2164,1,0.0018608165,0,0.1127496212720871,dual_text,uhsr/BlockchainNftRegistryStudioPro
NEG_01865,0,0,0,2165,1,0.0025884518,0,0.1127496212720871,dual_text,uhsr/BlockchainNFTVaultManagerCorePro
NEG_01867,0,0,0,2167,1,0.0040783705,0,0.1127496212720871,dual_text,uhsr/BlockchainNFTVaultManagerPlatformX
NEG_01871,0,0,0,2171,1,0.025210176,0,0.1127496212720871,dual_text,uhsr/CryptoShieldFramework
NEG_01873,0,0,0,2173,1,0.0014756339,0,0.1127496212720871,dual_text,UMAprotocol/docs
NEG_01874,0,0,0,2174,1,0.0019753717,0,0.1127496212720871,dual_text,UMAprotocol/protocol
NEG_01882,0,0,0,2182,1,0.0012717921,0,0.1127496212720871,dual_text,uwu-labs/waifusion-site
NEG_01884,0,0,0,2184,1,0.0012786594,0,0.1127496212720871,dual_text,valamicorp/top100token-ape-bot
NEG_01887,0,0,0,2187,1,0.0019053702,0,0.1127496212720871,dual_text,VaultLayer/vaultlayer-sdk
NEG_01903,0,0,0,2203,1,0.0058484245,0,0.1127496212720871,dual_text,viaweb3/cryptocast-desktop
NEG_01914,0,0,0,2214,1,0.060546435,0,0.1127496212720871,dual_text,vishal-kr007/walletSmartContract
NEG_01917,0,0,0,2217,1,0.0013383649,0,0.1127496212720871,dual_text,Vitali-workspace/Crypto-Testnet-Faucet
NEG_01918,0,0,0,2218,1,0.0013207343,0,0.1127496212720871,dual_text,Vitalik-Hakim/antimony
NEG_01922,0,0,0,2222,1,0.0012717921,0,0.1127496212720871,dual_text,vittominacori/solidity-starter-kit
NEG_01927,0,0,0,2227,1,0.0016410414,0,0.1127496212720871,dual_text,vjgaur/bitcoin-wallet
NEG_01941,0,0,0,2241,1,0.008049619,0,0.1127496212720871,dual_text,WalletConnect/walletconnect-monorepo
NEG_01944,0,0,0,2244,1,0.0012843681,0,0.1127496212720871,dual_text,WalletsTool/WalletsTool
NEG_01954,0,0,0,2254,1,0.004571917,0,0.1127496212720871,dual_text,WeaverFi/api
NEG_01960,0,0,0,2260,1,0.0024848627,0,0.1127496212720871,dual_text,web3builder7/Diversehq
NEG_01974,0,0,0,2274,1,0.0017870272,0,0.1127496212720871,dual_text,wilhelmagren/ethereum-dev
NEG_01976,0,0,0,2276,1,0.0019647877,0,0.1127496212720871,dual_text,wilmacedo/wallet-discover-server
NEG_01983,0,0,0,2283,1,0.0015565739,0,0.1127496212720871,dual_text,wslyvh/useWeb3
NEG_01986,0,0,0,2286,1,0.0014076842,0,0.1127496212720871,dual_text,xaini-x/cross-chain-Bridge
NEG_01989,0,0,0,2289,1,0.0013881437,0,0.1127496212720871,dual_text,xavierzho/dex-sdk
NEG_01990,0,0,0,2290,1,0.0012717921,0,0.1127496212720871,dual_text,xBacked-DAO/algorand-wallet-select
NEG_01991,0,0,0,2291,1,0.00140126,0,0.1127496212720871,dual_text,xcncncnddddd/fundme_lesson
NEG_01993,0,0,0,2293,1,0.0014878899,0,0.1127496212720871,dual_text,xerion12/Dapp-algorand
NEG_01994,0,0,0,2294,1,0.0017807819,0,0.1127496212720871,dual_text,xfolio-dao/xfolio-react-chrome
NEG_01996,0,0,0,2296,1,0.0035034984,0,0.1127496212720871,dual_text,xPOURY4/crypto-toolkit
NEG_01997,0,0,0,2297,1,0.0025146515,0,0.1127496212720871,dual_text,xqyet/BlockchainAddressSpoofer
NEG_02000,0,0,0,2300,1,0.0022695,0,0.1127496212720871,dual_text,xueqianLu/txpress
NEG_02002,0,0,0,2302,1,0.0016224139,0,0.1127496212720871,dual_text,xyzerobtc/BitcoinPizzaNFT
NEG_02009,0,0,0,2309,1,0.0015827995,0,0.1127496212720871,dual_text,yao-tx/CryptoZombies
NEG_02013,0,0,0,2313,1,0.0067207953,0,0.1127496212720871,dual_text,yatharth1444/Token-Wallet-on-ICP-Blockchain
NEG_02015,0,0,0,2315,1,0.0013051006,0,0.1127496212720871,dual_text,yeasy/blockchain_guide
NEG_02018,0,0,0,2318,1,0.0058441428,0,0.1127496212720871,dual_text,YieldHabitat/YieldHabitat_
NEG_02024,0,0,0,2324,1,0.0013676487,0,0.1127496212720871,dual_text,YordanPavlov/BlockchainRoulette
NEG_02034,0,0,0,2334,1,0.0060674353,0,0.1127496212720871,dual_text,Zaid-maker/web3-nft-game
NEG_02037,0,0,0,2337,1,0.006472962,0,0.1127496212720871,dual_text,zenhuzaini/node-js-blockchain-bitcoin
NEG_02045,0,0,0,2345,1,0.0028329028,0,0.1127496212720871,dual_text,zircuit-labs/web3-telegram-mini-app
NEG_02046,0,0,0,2346,1,0.0261431,0,0.1127496212720871,dual_text,ZIYUT/nft-wallet-frontend
NEG_02049,0,0,0,2349,1,0.0016700808,0,0.1127496212720871,dual_text,Zodomo/OrdinalDucks
F5_ai_media_demo,1,1,0,13,2,0.3609012,0,0.840569019317627,dual_text,eferos93/test4
F5_ai_media_demo,1,1,0,27,2,0.14113542,0,0.840569019317627,dual_text,Metaldadisbad/HacxGPT
F5_ai_media_demo,1,1,0,33,2,0.21288796,0,0.840569019317627,dual_text,rizvejoarder/SoraMax
F5_ai_media_demo,1,1,0,34,2,0.27463272,0,0.840569019317627,dual_text,shivas1432/sora2-watermark-remover
F5_ai_media_demo,1,0,1,244,2,0.3609012,0,0.840569019317627,dual_text,eferos93/takehome-test4
F5_ai_media_demo,1,0,1,245,2,0.13779919,0,0.840569019317627,dual_text,Metaldadisba/HacxGPT
F5_ai_media_demo,1,0,1,246,2,0.20884286,0,0.840569019317627,dual_text,rizvejoarder9/SoraMax
F5_ai_media_demo,1,0,1,247,2,0.26363993,0,0.840569019317627,dual_text,shivas1432p/sora2-watermark-remover
F5_ai_media_demo,1,0,1,248,2,0.3609012,0,0.840569019317627,dual_text,eferos932/takehome-test4
F5_ai_media_demo,1,0,1,249,2,0.14113542,0,0.840569019317627,dual_text,Metaldadisbad2/HacxGPT
F5_ai_media_demo,1,0,1,250,2,0.20884286,0,0.840569019317627,dual_text,rizvejoarder4/SoraMax
F5_ai_media_demo,1,0,1,251,2,0.29449582,0,0.840569019317627,dual_text,shivas14322/sora2-watermark-remover
F5_ai_media_demo,1,0,1,252,2,0.3609012,0,0.840569019317627,dual_text,eferos9/takehome-test4
F5_ai_media_demo,1,0,1,253,2,0.13779919,0,0.840569019317627,dual_text,Metaldadisba2/HacxGPT
F5_ai_media_demo,1,0,1,254,2,0.20884286,0,0.840569019317627,dual_text,rizvejoardern/SoraMax
F5_ai_media_demo,1,0,1,255,2,0.28725085,0,0.840569019317627,dual_text,shivas143/sora2-watermark-remover
F5_ai_media_demo,1,0,1,256,2,0.3609012,0,0.840569019317627,dual_text,eferos932/test4
F5_ai_media_demo,1,0,1,257,2,0.14113542,0,0.840569019317627,dual_text,Metaldadisbad3/HacxGPT
F5_ai_media_demo,1,0,1,258,2,0.20884286,0,0.840569019317627,dual_text,rizvejoarder2/SoraMax
F5_ai_media_demo,1,0,1,259,2,0.2816852,0,0.840569019317627,dual_text,shivas1433/sora2-watermark-remover
F5_ai_media_demo,1,0,1,260,2,0.3609012,0,0.840569019317627,dual_text,eferos92/takehome-test4
F5_ai_media_demo,1,0,1,261,2,0.14113542,0,0.840569019317627,dual_text,Metaldadisbadd/HacxGPT
F5_ai_media_demo,1,0,1,262,2,0.20884286,0,0.840569019317627,dual_text,rizvejoarder22/SoraMax
F5_ai_media_demo,1,0,1,263,2,0.26363993,0,0.840569019317627,dual_text,shivas1432o/sora2-watermark-remover
F5_ai_media_demo,1,0,1,264,2,0.3609012,0,0.840569019317627,dual_text,eferos94/takehome-test4
F5_ai_media_demo,1,0,1,265,2,0.14113542,0,0.840569019317627,dual_text,Metaldadisbad4/HacxGPT
F5_ai_media_demo,1,0,1,266,2,0.21288796,0,0.840569019317627,dual_text,rizvejoarder3/SoraMax
F5_ai_media_demo,1,0,1,267,2,0.27463272,0,0.840569019317627,dual_text,shivas14323/sora2-watermark-remover
F5_ai_media_demo,1,0,1,268,2,0.3609012,0,0.840569019317627,dual_text,eferos95/takehome-test4
F5_ai_media_demo,1,0,1,269,2,0.14113542,0,0.840569019317627,dual_text,Metaldadisba3/HacxGPT
F5_ai_media_demo,1,0,1,270,2,0.21288796,0,0.840569019317627,dual_text,rizvejoarder6/SoraMax
F5_ai_media_demo,1,0,1,271,2,0.27463272,0,0.840569019317627,dual_text,shivas1434/sora2-watermark-remover
F5_ai_media_demo,1,0,1,272,2,0.3609012,0,0.840569019317627,dual_text,eferos93d/test4
F5_ai_media_demo,1,0,1,273,2,0.14113542,0,0.840569019317627,dual_text,Metaldadisbad5/HacxGPT
F5_ai_media_demo,1,0,1,274,2,0.21288796,0,0.840569019317627,dual_text,rizvejoarde/SoraMax
F5_ai_media_demo,1,0,1,275,2,0.27463272,0,0.840569019317627,dual_text,shivas14324/sora2-watermark-remover
F5_ai_media_demo,1,0,1,276,2,0.3609012,0,0.840569019317627,dual_text,eferos935/takehome-test4
F5_ai_media_demo,1,0,1,277,2,0.12873621,0,0.840569019317627,dual_text,Metaldadisbadt/HacxGPT
F5_ai_media_demo,1,0,1,278,2,0.20884286,0,0.840569019317627,dual_text,rizvejoarder5/SoraMax
F5_ai_media_demo,1,0,1,279,2,0.27463272,0,0.840569019317627,dual_text,shivas1435/sora2-watermark-remover
F5_ai_media_demo,1,0,1,280,2,0.3609012,0,0.840569019317627,dual_text,eferos93a/test4
F5_ai_media_demo,1,0,1,281,2,0.1256502,0,0.840569019317627,dual_text,Metaldadisbad6/HacxGPT
F5_ai_media_demo,1,0,1,282,2,0.20884286,0,0.840569019317627,dual_text,rizvejoarderr/SoraMax
F5_ai_media_demo,1,0,1,283,2,0.26363993,0,0.840569019317627,dual_text,shivas1432s/sora2-watermark-remover
F5_ai_media_demo,1,0,1,284,2,0.3609012,0,0.840569019317627,dual_text,eferos93e/test4
F5_ai_media_demo,1,0,1,285,2,0.12873621,0,0.840569019317627,dual_text,Metaldadisbadg/HacxGPT
F5_ai_media_demo,1,0,1,286,2,0.20884286,0,0.840569019317627,dual_text,rizvejoardern2/SoraMax
F5_ai_media_demo,1,0,1,287,2,0.29449582,0,0.840569019317627,dual_text,shivas14321/sora2-watermark-remover
F5_ai_media_demo,1,0,1,288,2,0.3609012,0,0.840569019317627,dual_text,eferos93z/takehome-test4
F5_ai_media_demo,1,0,1,289,2,0.13779919,0,0.840569019317627,dual_text,Metaldadisbad62/HacxGPT
F5_ai_media_demo,1,0,1,290,2,0.21288796,0,0.840569019317627,dual_text,rizvejoarderv/SoraMax
F5_ai_media_demo,1,0,1,291,2,0.2816852,0,0.840569019317627,dual_text,shivas14327/sora2-watermark-remover
F5_ai_media_demo,1,0,1,292,2,0.3609012,0,0.840569019317627,dual_text,eferos93p/takehome-test4
F5_ai_media_demo,1,0,1,293,2,0.13001107,0,0.840569019317627,dual_text,Metaldadisbadx/HacxGPT
F5_ai_media_demo,1,0,1,294,2,0.20884286,0,0.840569019317627,dual_text,rizvejoarde2/SoraMax
F5_ai_media_demo,1,0,1,295,2,0.28725085,0,0.840569019317627,dual_text,shivas14325/sora2-watermark-remover
F5_ai_media_demo,1,0,1,296,2,0.3609012,0,0.840569019317627,dual_text,eferos93r/test4
F5_ai_media_demo,1,0,1,297,2,0.14113542,0,0.840569019317627,dual_text,Metaldadisbad7/HacxGPT
F5_ai_media_demo,1,0,1,298,2,0.21288796,0,0.840569019317627,dual_text,rizvejoarder7/SoraMax
F5_ai_media_demo,1,0,1,299,2,0.2816852,0,0.840569019317627,dual_text,shivas1432a/sora2-watermark-remover
NEG_00002,0,0,0,302,2,0.0015244597,0,0.840569019317627,dual_text,0ryX/Blockchain-Miner
NEG_00006,0,0,0,306,2,0.04051818,0,0.840569019317627,dual_text,0xalberto/solana-crash-game
NEG_00015,0,0,0,315,2,0.009120935,0,0.840569019317627,dual_text,0xGval/evm-mcp-tools
NEG_00018,0,0,0,318,2,0.0033475426,0,0.840569019317627,dual_text,0xisk/awesome-solidity-security
NEG_00031,0,0,0,331,2,0.000493303,0,0.840569019317627,dual_text,0xTijan/coin-flip
NEG_00043,0,0,0,343,2,0.01122201,0,0.840569019317627,dual_text,339-Labs/wallet-platform-mpc-go
NEG_00048,0,0,0,348,2,0.00102455,0,0.840569019317627,dual_text,94929/rock-paper-scissors
NEG_00051,0,0,0,351,2,0.0025585406,0,0.840569019317627,dual_text,a6b8/ascii-to-svg-generator-for-ruby
NEG_00054,0,0,0,354,2,0.0015926296,0,0.840569019317627,dual_text,aarambh-darshan/mini-blockchain
NEG_00058,0,0,0,358,2,0.005840966,0,0.840569019317627,dual_text,aawp-ai/aawp
NEG_00071,0,0,0,371,2,0.0013714724,0,0.840569019317627,dual_text,ada173/solidity-template
NEG_00072,0,0,0,372,2,0.047746703,0,0.840569019317627,dual_text,adam-art/SOLANA-PROJECT-v1.0
NEG_00081,0,0,0,381,2,0.04195661,0,0.840569019317627,dual_text,adityajkate/crypto-risk
NEG_00083,0,0,0,383,2,0.000924897,0,0.840569019317627,dual_text,adrianhajdin/project_crowdfunding
NEG_00084,0,0,0,384,2,0.0010859377,0,0.840569019317627,dual_text,adrianhajdin/project_web3.0
NEG_00086,0,0,0,386,2,0.0011543884,0,0.840569019317627,dual_text,adrianmcli/eth95
NEG_00101,0,0,0,401,2,0.009085818,0,0.840569019317627,dual_text,aggel008/defi-signal
NEG_00107,0,0,0,407,2,0.0018324562,0,0.840569019317627,dual_text,ahmedali8/hardhat-ts-template
NEG_00113,0,0,0,413,2,0.0127590615,0,0.840569019317627,dual_text,aidevrelagent/nama-repo-lowercase-dengan-dash-v2
NEG_00118,0,0,0,418,2,0.0010712603,0,0.840569019317627,dual_text,ajaysaini-sgvu/cryptocurrency-api
NEG_00141,0,0,0,441,2,0.0017471636,0,0.840569019317627,dual_text,alexharrod/cryptozombies
NEG_00147,0,0,0,447,2,0.0015890979,0,0.840569019317627,dual_text,alice-si/contracts
NEG_00148,0,0,0,448,2,0.08922743,0,0.840569019317627,dual_text,aliezzahn/crypto-chart
NEG_00155,0,0,0,455,2,0.036088612,0,0.840569019317627,dual_text,AllanOtieno254/SmartContractVendingMachine
NEG_00170,0,0,0,470,2,0.0015944723,0,0.840569019317627,dual_text,amurto/cryptoludo
NEG_00174,0,0,0,474,2,0.00082665804,0,0.840569019317627,dual_text,andrarwes/BlockChainApp
NEG_00177,0,0,0,477,2,0.0018015201,0,0.840569019317627,dual_text,andrejrakic/Pied-Piper-DeFi-App-Subspace-Demo-
NEG_00179,0,0,0,479,2,0.0031579502,0,0.840569019317627,dual_text,andycapaldo/hello-blockchain
NEG_00181,0,0,0,481,2,0.001215557,0,0.840569019317627,dual_text,Aniket-Engg/sol-profiler-vscode
NEG_00182,0,0,0,482,2,0.008019282,0,0.840569019317627,dual_text,ankitaryan404/nft-marketplace
NEG_00184,0,0,0,484,2,0.04267808,0,0.840569019317627,dual_text,annasudol/multi-signature-wallet
NEG_00192,0,0,0,492,2,0.004913305,0,0.840569019317627,dual_text,Anugo1/Attest-Nft
NEG_00198,0,0,0,498,2,0.0029974552,0,0.840569019317627,dual_text,apeboard/pools
NEG_00199,0,0,0,499,2,0.00044272208,0,0.840569019317627,dual_text,Aperture-Finance/Aperture-Lens
NEG_00208,0,0,0,508,2,0.00077550224,0,0.840569019317627,dual_text,aranair/pine
NEG_00214,0,0,0,514,2,0.0070672478,0,0.840569019317627,dual_text,armorwallet/armor-crypto-mcp
NEG_00221,0,0,0,521,2,0.0005656818,0,0.840569019317627,dual_text,artem-bayandin/blockchain-samples
NEG_00222,0,0,0,522,2,0.009143838,0,0.840569019317627,dual_text,arthur-reedy460y/web3cha
NEG_00226,0,0,0,526,2,0.011764209,0,0.840569019317627,dual_text,artimonist/artimonist-cli
NEG_00236,0,0,0,536,2,0.00220451,0,0.840569019317627,dual_text,ASPPIBRA-DAO/DIGITAL_WORLD_REAL_ESTATE_MARKET
NEG_00240,0,0,0,540,2,0.0012345756,0,0.840569019317627,dual_text,attestate/kiwistand
NEG_00243,0,0,0,543,2,0.0009039661,0,0.840569019317627,dual_text,austintgriffith/burner-wallet
NEG_00244,0,0,0,544,2,0.0010694921,0,0.840569019317627,dual_text,Autosaida/DeFiHackAnalysis
NEG_00250,0,0,0,550,2,0.0057666427,0,0.840569019317627,dual_text,AymaanPathan/ClauseAI
NEG_00259,0,0,0,559,2,0.0024906015,0,0.840569019317627,dual_text,BadakalaYashwanth/Web-3Cryptocurrency-Wallet-Generator-Blockchain
NEG_00261,0,0,0,561,2,0.012769151,0,0.840569019317627,dual_text,balancer/balancer-v2-monorepo
NEG_00265,0,0,0,565,2,0.0515354,0,0.840569019317627,dual_text,Bananapus/nana-fee-project-deployer
NEG_00271,0,0,0,571,2,0.0006978545,0,0.840569019317627,dual_text,batteringram-dev/Web3
NEG_00272,0,0,0,572,2,0.008804257,0,0.840569019317627,dual_text,bavix/laravel-wallet
NEG_00273,0,0,0,573,2,0.045446638,0,0.840569019317627,dual_text,bc1plainview/opnet-builder
NEG_00274,0,0,0,574,2,0.014897557,0,0.840569019317627,dual_text,bchainexpt/Blockchain-wallet-andorid-app
NEG_00277,0,0,0,577,2,0.0102747055,0,0.840569019317627,dual_text,BeanstalkFarms/Beanstalk
NEG_00285,0,0,0,585,2,0.0033831028,0,0.840569019317627,dual_text,BertrandConxy/Lottery
NEG_00286,0,0,0,586,2,0.016916294,0,0.840569019317627,dual_text,BeTechnologyCo/zkevm-boilerplate
NEG_00287,0,0,0,587,2,0.0023752723,0,0.840569019317627,dual_text,bevry-archive/emailtowallet
NEG_00292,0,0,0,592,2,0.006086233,0,0.840569019317627,dual_text,BibliothecaDAO/realms-react
NEG_00308,0,0,0,608,2,0.0041508498,0,0.840569019317627,dual_text,bitquery/explorer
NEG_00309,0,0,0,609,2,0.012124327,0,0.840569019317627,dual_text,bjboss007/flask-web3-solidity
NEG_00310,0,0,0,610,2,0.00050823664,0,0.840569019317627,dual_text,bkrem/react-nft-gallery
NEG_00311,0,0,0,611,2,0.0010015906,0,0.840569019317627,dual_text,blackalbino01/epic-nfts-ui
NEG_00312,0,0,0,612,2,0.004159397,0,0.840569019317627,dual_text,BlackPeter13/LightningTipBot
NEG_00326,0,0,0,626,2,0.009752273,0,0.840569019317627,dual_text,bloomwalletio/bloom
NEG_00327,0,0,0,627,2,0.0089114895,0,0.840569019317627,dual_text,Blueforce99/web3-bubble-portfolio
NEG_00329,0,0,0,629,2,0.0021038044,0,0.840569019317627,dual_text,bluewhale-protocol/bluewhale-trust
NEG_00332,0,0,0,632,2,0.0009555216,0,0.840569019317627,dual_text,bomzj/newbits
NEG_00334,0,0,0,634,2,0.0010203365,0,0.840569019317627,dual_text,bostonlink/blockexplorer
NEG_00339,0,0,0,639,2,0.002235696,0,0.840569019317627,dual_text,BraisCabo/Decentralized-Crypto-Casino
NEG_00341,0,0,0,641,2,0.00077892654,0,0.840569019317627,dual_text,brendansiraky/solidity-nft-mint-contract
NEG_00346,0,0,0,646,2,0.0038072404,0,0.840569019317627,dual_text,btcltceth/crypto_explorer
NEG_00358,0,0,0,658,2,0.0012859525,0,0.840569019317627,dual_text,c-bruce/SharedWallet
NEG_00360,0,0,0,660,2,0.02692265,0,0.840569019317627,dual_text,caiovicentino/debank-mcp-server
NEG_00363,0,0,0,663,2,0.007091696,0,0.840569019317627,dual_text,calintzy/evmscope
NEG_00365,0,0,0,665,2,0.00057318213,0,0.840569019317627,dual_text,canyon-network/canyon
NEG_00370,0,0,0,670,2,0.0030101016,0,0.840569019317627,dual_text,carmenbickel/NFT-Collection
NEG_00371,0,0,0,671,2,0.013530418,0,0.840569019317627,dual_text,CateryaTech/tradeforge
NEG_00376,0,0,0,676,2,0.0031796654,0,0.840569019317627,dual_text,Certora/CertoraProver
NEG_00380,0,0,0,680,2,0.028497413,0,0.840569019317627,dual_text,ChainInsighter/Ondo-Flux-Finance
NEG_00398,0,0,0,698,2,0.09271868,0,0.840569019317627,dual_text,chmajidnaeem/blockchain-bitcoin
NEG_00405,0,0,0,705,2,0.0010700128,0,0.840569019317627,dual_text,citadelgrad/crypto-commando
NEG_00408,0,0,0,708,2,0.008523287,0,0.840569019317627,dual_text,classicshi/web3-decoder
NEG_00413,0,0,0,713,2,0.0021498215,0,0.840569019317627,dual_text,cmandar24/Ethereum-Private-Key-Generator
NEG_00415,0,0,0,715,2,0.016745199,0,0.840569019317627,dual_text,coccoinomane/crabada.py
NEG_00423,0,0,0,723,2,0.0020742815,0,0.840569019317627,dual_text,codeVirtuoso21/NFT-marketplace-cryptoBoys
NEG_00425,0,0,0,725,2,0.0019902515,0,0.840569019317627,dual_text,codex-protocol/service.eel
NEG_00426,0,0,0,726,2,0.023296498,0,0.840569019317627,dual_text,CODEX108/FINAL-BLOCKSPIRIT
NEG_00428,0,0,0,728,2,0.003878367,0,0.840569019317627,dual_text,coin-worx/ethereum-voting-demo
NEG_00430,0,0,0,730,2,0.0032054393,0,0.840569019317627,dual_text,coinbase/coinbase-wallet-sdk
NEG_00435,0,0,0,735,2,0.00054350955,0,0.840569019317627,dual_text,coming-chat/wallet-SDK
NEG_00436,0,0,0,736,2,0.0014286028,0,0.840569019317627,dual_text,compound-finance/palisade
NEG_00439,0,0,0,739,2,0.0009919896,0,0.840569019317627,dual_text,ConsenSys-archive/vscode-ext
NEG_00442,0,0,0,742,2,0.001090056,0,0.840569019317627,dual_text,ConsenSysMesh/live-libs
NEG_00445,0,0,0,745,2,0.0016951615,0,0.840569019317627,dual_text,ConstanzaOriana/RealEstate_dApp
NEG_00451,0,0,0,751,2,0.0063335355,0,0.840569019317627,dual_text,courtney-haley/SUPERIO-DeFi-Yield-Farm
NEG_00457,0,0,0,757,2,0.04280747,0,0.840569019317627,dual_text,crcristian97/solidity-nft-contract
NEG_00462,0,0,0,762,2,0.0025719139,0,0.840569019317627,dual_text,crpdev/decentralised-ebay
NEG_00465,0,0,0,765,2,0.0027413538,0,0.840569019317627,dual_text,crypto-crawler/crypto-ohlcv
NEG_00468,0,0,0,768,2,0.012384694,0,0.840569019317627,dual_text,crypto1014/NFT-marketplace
NEG_00481,0,0,0,781,2,0.012379616,0,0.840569019317627,dual_text,Cryptorubic/multi-proxy-rubic
NEG_00482,0,0,0,782,2,0.0038098036,0,0.840569019317627,dual_text,cryptosguru/nft_terra_cosmwasm
NEG_00486,0,0,0,786,2,0.017388387,0,0.840569019317627,dual_text,cunarist/solie
NEG_00490,0,0,0,790,2,0.0044537107,0,0.840569019317627,dual_text,cypherium/uniswap-interface-cypherium
NEG_00493,0,0,0,793,2,0.0004136931,0,0.840569019317627,dual_text,czhc/bookmarks
NEG_00495,0,0,0,795,2,0.0009376509,0,0.840569019317627,dual_text,D-Y-So/Blockchain_Project
NEG_00497,0,0,0,797,2,0.46355104,0,0.840569019317627,dual_text,Dadel-1/Polymarket-CopyTrading
NEG_00500,0,0,0,800,2,0.0019718881,0,0.840569019317627,dual_text,Daltonic/dappCinemasX
NEG_00505,0,0,0,805,2,0.001124818,0,0.840569019317627,dual_text,danieltantonio/SharedWallet_Solidity
NEG_00506,0,0,0,806,2,0.0013057509,0,0.840569019317627,dual_text,danielwpz/nft-linkdrop
NEG_00513,0,0,0,813,2,0.002656346,0,0.840569019317627,dual_text,dappforce/polkaverse
NEG_00518,0,0,0,818,2,0.00079131813,0,0.840569019317627,dual_text,dappuniversity/hd_wallet
NEG_00522,0,0,0,822,2,0.005163372,0,0.840569019317627,dual_text,darkgrovelabs/sec3hub
NEG_00526,0,0,0,826,2,0.0035014995,0,0.840569019317627,dual_text,daulathussain/nfts-api-starter-file
NEG_00527,0,0,0,827,2,0.0009877096,0,0.840569019317627,dual_text,davdotsol/react-and-web3-demo-app
NEG_00528,0,0,0,828,2,0.0026289406,0,0.840569019317627,dual_text,davdotsol/uniswap-v2-defi-app
NEG_00535,0,0,0,835,2,0.009212176,0,0.840569019317627,dual_text,DeCleanup-Network/contracts-evm
NEG_00551,0,0,0,851,2,0.018215645,0,0.840569019317627,dual_text,DemocracyEarth/wallet
NEG_00552,0,0,0,852,2,0.005271956,0,0.840569019317627,dual_text,Denis345/blockchain-automation-tool
NEG_00557,0,0,0,857,2,0.00055167906,0,0.840569019317627,dual_text,DePayFi/depay-claimable-nft-airdrops
NEG_00560,0,0,0,860,2,0.005481473,0,0.840569019317627,dual_text,desbenn/defi-arbitrage
NEG_00566,0,0,0,866,2,0.009541276,0,0.840569019317627,dual_text,DevAyomi/Smart-Wallet-
NEG_00575,0,0,0,875,2,0.11075654,0,0.840569019317627,dual_text,Dharma256/solidity-multisig-wallet-56
NEG_00579,0,0,0,879,2,0.017840372,0,0.840569019317627,dual_text,dhiraj0911/bitcoin-wallet
NEG_00585,0,0,0,885,2,0.0010566264,0,0.840569019317627,dual_text,DimarcoKevin/CryptoZombies
NEG_00588,0,0,0,888,2,0.0064526624,0,0.840569019317627,dual_text,diorwave/solana-blockchain-development
NEG_00589,0,0,0,889,2,0.0007565677,0,0.840569019317627,dual_text,distbit0/coinStats
NEG_00590,0,0,0,890,2,0.4911623,0,0.840569019317627,dual_text,DixDev1621/BLOCKCHAIN-DeFi-Router
NEG_00591,0,0,0,891,2,0.0037241937,0,0.840569019317627,dual_text,DjibrilM/strike-wallet
NEG_00598,0,0,0,898,2,0.006132681,0,0.840569019317627,dual_text,dojimanetwork/web3fy-go
NEG_00599,0,0,0,899,2,0.0009923237,0,0.840569019317627,dual_text,domechn/track3
NEG_00601,0,0,0,901,2,0.0064375997,0,0.840569019317627,dual_text,donnywin85/defi-yield-aggregator
NEG_00609,0,0,0,909,2,0.0028767404,0,0.840569019317627,dual_text,DrLinuxOfficial/CryptoWallet-Cracker
NEG_00610,0,0,0,910,2,0.0021560304,0,0.840569019317627,dual_text,drpcorg/dshackle
NEG_00617,0,0,0,917,2,0.015900832,0,0.840569019317627,dual_text,dvvrtmshra/StellarPay
NEG_00618,0,0,0,918,2,0.0021294672,0,0.840569019317627,dual_text,dydxprotocol/protocol_v1
NEG_00619,0,0,0,919,2,0.0024975545,0,0.840569019317627,dual_text,Dyslex7c/DefiYieldOptimizer
NEG_00620,0,0,0,920,2,0.00097081694,0,0.840569019317627,dual_text,ebellocchia/erc20_splitter
NEG_00628,0,0,0,928,2,0.014218609,0,0.840569019317627,dual_text,el-noir/MedicAi
NEG_00629,0,0,0,929,2,0.032273524,0,0.840569019317627,dual_text,eldorado-Coder/NFT-marketplace-smart-contract
NEG_00631,0,0,0,931,2,0.006062074,0,0.840569019317627,dual_text,Elmanilov/CastClaim
NEG_00643,0,0,0,943,2,0.0052534016,0,0.840569019317627,dual_text,Emmanuel-213/MyFirstSmartContract
NEG_00651,0,0,0,951,2,0.006564256,0,0.840569019317627,dual_text,Enricrypto/arb-wave-flashloans-arbitrage
NEG_00660,0,0,0,960,2,0.016466623,0,0.840569019317627,dual_text,ERC4626-Alliance/sup-web-4626
NEG_00669,0,0,0,969,2,0.0006111964,0,0.840569019317627,dual_text,EthereumCommonwealth/Auditing
NEG_00674,0,0,0,974,2,0.0006755518,0,0.840569019317627,dual_text,EtherTW/LogoVote2017
NEG_00677,0,0,0,977,2,0.0038858992,0,0.840569019317627,dual_text,Ev3rlasting/Sui-Vanity-Wallet-Generator
NEG_00678,0,0,0,978,2,0.010845061,0,0.840569019317627,dual_text,everstake/wallet-sdk
NEG_00679,0,0,0,979,2,0.0009473266,0,0.840569019317627,dual_text,everx-labs/everdev
NEG_00694,0,0,0,994,2,0.020871423,0,0.840569019317627,dual_text,Fabischu2008/Vinechain
NEG_00700,0,0,0,1000,2,0.0014695555,0,0.840569019317627,dual_text,faizack/Supply-Chain-Blockchain
NEG_00701,0,0,0,1001,2,0.0032583275,0,0.840569019317627,dual_text,falila/smart-contract-interpreter
NEG_00706,0,0,0,1006,2,0.0009122269,0,0.840569019317627,dual_text,FazioNico/meta-gotchi
NEG_00707,0,0,0,1007,2,0.0019278905,0,0.840569019317627,dual_text,fbsobreira/gotron-sdk
NEG_00710,0,0,0,1010,2,0.01342473,0,0.840569019317627,dual_text,fewwwww/awesome-uniswap-hooks
NEG_00720,0,0,0,1020,2,0.0047978507,0,0.840569019317627,dual_text,flappyagent/flappy-bird-solidity-2
NEG_00721,0,0,0,1021,2,0.00071970135,0,0.840569019317627,dual_text,flexa/collateral-manager
NEG_00722,0,0,0,1022,2,0.00067727134,0,0.840569019317627,dual_text,floranguyen0/nft-marketplace
NEG_00727,0,0,0,1027,2,0.0025692033,0,0.840569019317627,dual_text,forward0507/Dexordi-BE
NEG_00730,0,0,0,1030,2,0.01087096,0,0.840569019317627,dual_text,frankdev7/bootcamp-solidity-defi
NEG_00733,0,0,0,1033,2,0.0006655187,0,0.840569019317627,dual_text,FredericRezeau/soroban-snooker
NEG_00743,0,0,0,1043,2,0.009607745,0,0.840569019317627,dual_text,fxop0218/DEFI-aave-JS-Solidity
NEG_00755,0,0,0,1055,2,0.0018923718,0,0.840569019317627,dual_text,geraldoramos/crypto-bar
NEG_00756,0,0,0,1056,2,0.0008718427,0,0.840569019317627,dual_text,getgems-community-tact/nft-template-editable
NEG_00757,0,0,0,1057,2,0.004261325,0,0.840569019317627,dual_text,getsafle/safle-identity-wallet
NEG_00764,0,0,0,1064,2,0.006822562,0,0.840569019317627,dual_text,gizdusum/hermes-blockchain-oracle
NEG_00767,0,0,0,1067,2,0.0009928434,0,0.840569019317627,dual_text,glitznerf/blockchain_banking_system
NEG_00771,0,0,0,1071,2,0.0009346482,0,0.840569019317627,dual_text,gnosis/reth-util
NEG_00772,0,0,0,1072,2,0.010498013,0,0.840569019317627,dual_text,gobeyondfj-cmd/cryptoagent-ai
NEG_00774,0,0,0,1074,2,0.022317663,0,0.840569019317627,dual_text,gokcearda/OwlToken
NEG_00785,0,0,0,1085,2,0.06646667,0,0.840569019317627,dual_text,gsachin1809/bitcoin_wallet
NEG_00786,0,0,0,1086,2,0.002326124,0,0.840569019317627,dual_text,gskril/mnemonic-guesser
NEG_00787,0,0,0,1087,2,0.0057872105,0,0.840569019317627,dual_text,guider23/CryptoShare
NEG_00788,0,0,0,1088,2,0.000867408,0,0.840569019317627,dual_text,guillaumelauzier/rootstock-NFT
NEG_00792,0,0,0,1092,2,0.0005446341,0,0.840569019317627,dual_text,gurnec/btcrecover
NEG_00802,0,0,0,1102,2,0.0018044963,0,0.840569019317627,dual_text,HAECHI-LABS/vvisp
NEG_00806,0,0,0,1106,2,0.0009613787,0,0.840569019317627,dual_text,HandyDudes/ETH-NFT-buildspace
NEG_00807,0,0,0,1107,2,0.004045018,0,0.840569019317627,dual_text,Hany-Almnaem/Solana-Documents-as-NFTs-in-a-wallet-Project
NEG_00808,0,0,0,1108,2,0.0005565051,0,0.840569019317627,dual_text,hanzopgp/CryptoZombies
NEG_00817,0,0,0,1117,2,0.15080015,0,0.840569019317627,dual_text,harshit180704/aave-credit-scoring
NEG_00818,0,0,0,1118,2,0.0011318076,0,0.840569019317627,dual_text,Harukite/wallets-generate
NEG_00832,0,0,0,1132,2,0.08895037,0,0.840569019317627,dual_text,hi-riddhi/AaveV2-CreditScoring
NEG_00834,0,0,0,1134,2,0.0009238097,0,0.840569019317627,dual_text,hilalsidhic/waveportal-Web3-and-solidity
NEG_00836,0,0,0,1136,2,0.0038068083,0,0.840569019317627,dual_text,hilmikt/Web3
NEG_00838,0,0,0,1138,2,0.0032169952,0,0.840569019317627,dual_text,hippogriff-dev/baby-swap
NEG_00845,0,0,0,1145,2,0.0052728737,0,0.840569019317627,dual_text,HongThaiPham/plugin-u2u
NEG_00855,0,0,0,1155,2,0.0010354621,0,0.840569019317627,dual_text,hsharshshukla/SmartContractL
NEG_00857,0,0,0,1157,2,0.0017422346,0,0.840569019317627,dual_text,hugoclrd/clearness
NEG_00873,0,0,0,1173,2,0.0047058146,0,0.840569019317627,dual_text,IBQ-SUP/b-rad-coin
NEG_00874,0,0,0,1174,2,0.0070984378,0,0.840569019317627,dual_text,ibrahimjspy/defi-portfolio-tracker
NEG_00881,0,0,0,1181,2,0.0010086255,0,0.840569019317627,dual_text,ihaveCred/OfflineSignProvider
NEG_00887,0,0,0,1187,2,0.0013103593,0,0.840569019317627,dual_text,imfrodobaggins/metabullrage
NEG_00888,0,0,0,1188,2,0.0009965175,0,0.840569019317627,dual_text,Imperial-Group-19/contracts
NEG_00892,0,0,0,1192,2,0.0068278955,0,0.840569019317627,dual_text,input-output-hk/daedalus
NEG_00904,0,0,0,1204,2,0.00037773227,0,0.840569019317627,dual_text,itstargetconfirmed/wrapped-ether
NEG_00907,0,0,0,1207,2,0.0038223243,0,0.840569019317627,dual_text,Ivy-Apps/ivy-wallet
NEG_00921,0,0,0,1221,2,0.00054724555,0,0.840569019317627,dual_text,Jahankohan/NFT-Marketplace
NEG_00922,0,0,0,1222,2,0.00050613395,0,0.840569019317627,dual_text,Jahankohan/NFTWhiteListing
NEG_00923,0,0,0,1223,2,0.014189785,0,0.840569019317627,dual_text,Jain-Sameer/DecentralizedStableCoin
NEG_00925,0,0,0,1225,2,0.00140813,0,0.840569019317627,dual_text,JamBrains/jam-docs
NEG_00931,0,0,0,1231,2,0.009282158,0,0.840569019317627,dual_text,Janus-chan/ZkSync_Accounts
NEG_00932,0,0,0,1232,2,0.01910944,0,0.840569019317627,dual_text,jaoleal/chainpass
NEG_00938,0,0,0,1238,2,0.0056263846,0,0.840569019317627,dual_text,jasonjgarcia24/web3-ether-talent-pool
NEG_00941,0,0,0,1241,2,0.0012975866,0,0.840569019317627,dual_text,javascript-pro/crypto-casino
NEG_00943,0,0,0,1243,2,0.0059222872,0,0.840569019317627,dual_text,jay-Anonymous/CryptoLedger
NEG_00948,0,0,0,1248,2,0.0020152684,0,0.840569019317627,dual_text,Jeff1010-web/NFT-marketplace
NEG_00964,0,0,0,1264,2,0.006687511,0,0.840569019317627,dual_text,jocruz/LostCatsUi
NEG_00965,0,0,0,1265,2,0.0078104404,0,0.840569019317627,dual_text,JoeanSteinbock/crypto-price-tracker
NEG_00968,0,0,0,1268,2,0.0014049193,0,0.840569019317627,dual_text,johnsonstephan/awesome-web3-formal-verification
NEG_00976,0,0,0,1276,2,0.0011361749,0,0.840569019317627,dual_text,joshaustintech/ethereum-portfolio
NEG_00978,0,0,0,1278,2,0.024236117,0,0.840569019317627,dual_text,JoshuaDevCo/defi-arb
NEG_00984,0,0,0,1284,2,0.0010813437,0,0.840569019317627,dual_text,jualexandre/crypto-zombies
NEG_00985,0,0,0,1285,2,0.005898068,0,0.840569019317627,dual_text,juanemmanuelpd/NFT-Marketplace
NEG_00986,0,0,0,1286,2,0.0014366666,0,0.840569019317627,dual_text,JuanXavier/DEX_React
NEG_00994,0,0,0,1294,2,0.00064316834,0,0.840569019317627,dual_text,junowoz/smartContracts
NEG_00997,0,0,0,1297,2,0.00069393666,0,0.840569019317627,dual_text,kaamil-ahamadh/web3-ico-app
NEG_01000,0,0,0,1300,2,0.0032252395,0,0.840569019317627,dual_text,KareimGazer/Blockchain-Sim
NEG_01004,0,0,0,1304,2,0.09654391,0,0.840569019317627,dual_text,Kartikey353/Bitcoin-WalletCmd
NEG_01006,0,0,0,1306,2,0.0011004893,0,0.840569019317627,dual_text,KashifCh-eth/Lottery-Smart-contract
NEG_01007,0,0,0,1307,2,0.004636262,0,0.840569019317627,dual_text,katya201165/NFT-platform-lending
NEG_01013,0,0,0,1313,2,0.009246924,0,0.840569019317627,dual_text,Kazopl/nft-marketplace-signatures
NEG_01027,0,0,0,1327,2,0.040885404,0,0.840569019317627,dual_text,keshav200215/SmartBlock
NEG_01029,0,0,0,1329,2,0.001135317,0,0.840569019317627,dual_text,KevinSmall/blockchain3d
NEG_01034,0,0,0,1334,2,0.0030763817,0,0.840569019317627,dual_text,khaled-305/crypto-order-book
NEG_01041,0,0,0,1341,2,0.00061712007,0,0.840569019317627,dual_text,kingstarfly/nft_pendle
NEG_01047,0,0,0,1347,2,0.00082799356,0,0.840569019317627,dual_text,klever-io/kos-rs
NEG_01054,0,0,0,1354,2,0.012713578,0,0.840569019317627,dual_text,KOSASIH/GEE-Platform
NEG_01061,0,0,0,1361,2,0.0026466388,0,0.840569019317627,dual_text,krushangSk17/Interaction_with_SmartContract
NEG_01063,0,0,0,1363,2,0.007775675,0,0.840569019317627,dual_text,kshaveen13/vaulte8
NEG_01068,0,0,0,1368,2,0.0074132527,0,0.840569019317627,dual_text,kushal-g/Bitcoin-Wallet
NEG_01084,0,0,0,1384,2,0.018661618,0,0.840569019317627,dual_text,layer3xyz/cubes
NEG_01090,0,0,0,1390,2,0.008853587,0,0.840569019317627,dual_text,lee-seokmin/BlockChainVotingSystem
NEG_01100,0,0,0,1400,2,0.0061268043,0,0.840569019317627,dual_text,lifinance/contracts
NEG_01111,0,0,0,1411,2,0.0028836587,0,0.840569019317627,dual_text,Logarithm-Labs/basis-mcp-server
NEG_01112,0,0,0,1412,2,0.00053184695,0,0.840569019317627,dual_text,LondheShubham153/falcon-nft
NEG_01113,0,0,0,1413,2,0.0410461,0,0.840569019317627,dual_text,Lopes-Marcio/chia-blockchain
NEG_01117,0,0,0,1417,2,0.0010899792,0,0.840569019317627,dual_text,lsw6684/Ethereum
NEG_01118,0,0,0,1418,2,0.13800834,0,0.840569019317627,dual_text,luca-nik/Blockchain_ResearchLead_Assignements
NEG_01120,0,0,0,1420,2,0.0012626047,0,0.840569019317627,dual_text,lucaliebenberg/_cryptoKids-solidity-contract
NEG_01121,0,0,0,1421,2,0.0031633934,0,0.840569019317627,dual_text,lucas54neves/crypto-address-generator
NEG_01131,0,0,0,1431,2,0.00090027944,0,0.840569019317627,dual_text,madilraza/BlockChain-Vtraders.pro-Project-
NEG_01134,0,0,0,1434,2,0.0129307,0,0.840569019317627,dual_text,MahadISL/Web3-App----Smart-Contract
NEG_01146,0,0,0,1446,2,0.0018694263,0,0.840569019317627,dual_text,manufy/crypto-experiments
NEG_01151,0,0,0,1451,2,0.0053208973,0,0.840569019317627,dual_text,mariam9woecloud773/Kiichain
NEG_01175,0,0,0,1475,2,0.0015243836,0,0.840569019317627,dual_text,mchtter/zku-web3
NEG_01178,0,0,0,1478,2,0.0016237283,0,0.840569019317627,dual_text,mehmethalis/blockchain-cryptocurrency-implementation
NEG_01181,0,0,0,1481,2,0.0015611836,0,0.840569019317627,dual_text,mellow-finance/mellow-vaults
NEG_01185,0,0,0,1485,2,0.0006857269,0,0.840569019317627,dual_text,merklejerk/flex-contract
NEG_01190,0,0,0,1490,2,0.0074011115,0,0.840569019317627,dual_text,messari/subgraphs
NEG_01193,0,0,0,1493,2,0.001297963,0,0.840569019317627,dual_text,mexak/bitcoin
NEG_01196,0,0,0,1496,2,0.001523779,0,0.840569019317627,dual_text,mgysel/nft-ticketing
NEG_01200,0,0,0,1500,2,0.0014371353,0,0.840569019317627,dual_text,michael-spengler/blockchain-technologie-und-anwendungsgebiete-vorlesungsreihe
NEG_01202,0,0,0,1502,2,0.0022824742,0,0.840569019317627,dual_text,michal3pol/tickeDapp
NEG_01206,0,0,0,1506,2,0.0018782325,0,0.840569019317627,dual_text,mikeservices1/wallet_stealer-
NEG_01221,0,0,0,1521,2,0.000992634,0,0.840569019317627,dual_text,Mo-Ali98/mint-your-nft
NEG_01223,0,0,0,1523,2,0.0015896918,0,0.840569019317627,dual_text,mogipatangan/cryptozombies-sol-101
NEG_01232,0,0,0,1532,2,0.0056018094,0,0.840569019317627,dual_text,Monyancha/Reown-Wallet-Connect
NEG_01233,0,0,0,1533,2,0.0010712189,0,0.840569019317627,dual_text,Mooninghnk/ethreum-wallet
NEG_01234,0,0,0,1534,2,0.039760973,0,0.840569019317627,dual_text,moonsly/crypto-wallets
NEG_01235,0,0,0,1535,2,0.0009203237,0,0.840569019317627,dual_text,moonstream-to/api
NEG_01237,0,0,0,1537,2,0.020251555,0,0.840569019317627,dual_text,morpho-org/morpho-aavev3-optimizer
NEG_01239,0,0,0,1539,2,0.051384624,0,0.840569019317627,dual_text,motorHillary/polymarket-copy-trading-bot
NEG_01240,0,0,0,1540,2,0.0011853211,0,0.840569019317627,dual_text,Moyintech/First-nft-project
NEG_01242,0,0,0,1542,2,0.00036689913,0,0.840569019317627,dual_text,mradkov/decentralized-dns
NEG_01249,0,0,0,1549,2,0.00086172746,0,0.840569019317627,dual_text,mrsaad07/PropChain
NEG_01251,0,0,0,1551,2,0.0029799503,0,0.840569019317627,dual_text,mrtnetwork/ton_dart
NEG_01255,0,0,0,1555,2,0.0009521133,0,0.840569019317627,dual_text,mtorry225/NFT-Collection
NEG_01258,0,0,0,1558,2,0.0009796801,0,0.840569019317627,dual_text,mujtaba1747/wave-eth-solidity
NEG_01259,0,0,0,1559,2,0.0008404896,0,0.840569019317627,dual_text,MukeshMano19/BlockchainApp-CryptoCurrency-Exchange
NEG_01262,0,0,0,1562,2,0.0011578928,0,0.840569019317627,dual_text,Multy-io/Multy-Android
NEG_01263,0,0,0,1563,2,0.0010108516,0,0.840569019317627,dual_text,Multy-io/Multy-back
NEG_01265,0,0,0,1565,2,0.011552044,0,0.840569019317627,dual_text,museum-of-war/nft
NEG_01269,0,0,0,1569,2,0.0055770553,0,0.840569019317627,dual_text,mx-space/kami
NEG_01272,0,0,0,1572,2,0.0016501232,0,0.840569019317627,dual_text,MyCryptoHQ/MyCrypto
NEG_01273,0,0,0,1573,2,0.0008904761,0,0.840569019317627,dual_text,MyEtherWallet/MyEtherWallet
NEG_01274,0,0,0,1574,2,0.0019268951,0,0.840569019317627,dual_text,mygo-ecosystem/OSSWallet-non-custodial-crypto-wallet
NEG_01280,0,0,0,1580,2,0.0012218353,0,0.840569019317627,dual_text,naman159/Blockchain_Cryptocurrency
NEG_01281,0,0,0,1581,2,0.0010102162,0,0.840569019317627,dual_text,namesys-eth/istest-eth
NEG_01284,0,0,0,1584,2,0.055359196,0,0.840569019317627,dual_text,nassirou-N/defi_crypto
NEG_01285,0,0,0,1585,2,0.053863652,0,0.840569019317627,dual_text,nathaniel-cmd/defi-native-nft-exchange
NEG_01287,0,0,0,1587,2,0.0014708128,0,0.840569019317627,dual_text,nazar-pc/abundance
NEG_01318,0,0,0,1618,2,0.00058308063,0,0.840569019317627,dual_text,nimiq/php-xpub
NEG_01331,0,0,0,1631,2,0.006643113,0,0.840569019317627,dual_text,nktkas/hyperliquid
NEG_01335,0,0,0,1635,2,0.003825056,0,0.840569019317627,dual_text,noditlabs/nodit-mcp-server
NEG_01338,0,0,0,1638,2,0.0013451639,0,0.840569019317627,dual_text,Normalizex/1inch-api-v4
NEG_01345,0,0,0,1645,2,0.0015056769,0,0.840569019317627,dual_text,nuts-foundation/crypto-ecies
NEG_01347,0,0,0,1647,2,0.0016839419,0,0.840569019317627,dual_text,NyanyanKat/Crypto_Lottery_Solidity
NEG_01350,0,0,0,1650,2,0.009229235,0,0.840569019317627,dual_text,ocalvet/bitcoin-wallet
NEG_01357,0,0,0,1657,2,0.0026941,0,0.840569019317627,dual_text,ohkuku/kurypto-wallet
NEG_01358,0,0,0,1658,2,0.00060786586,0,0.840569019317627,dual_text,oishii-pg-gohan/myCryptoZombie
NEG_01362,0,0,0,1662,2,0.0029983304,0,0.840569019317627,dual_text,okx/js-wallet-sdk
NEG_01366,0,0,0,1666,2,0.032959927,0,0.840569019317627,dual_text,olivermen/bitcoin-wallet-create-app
NEG_01375,0,0,0,1675,2,0.0021961776,0,0.840569019317627,dual_text,OnGridSystems/erc20_airdrop_cli
NEG_01381,0,0,0,1681,2,0.03876729,0,0.840569019317627,dual_text,openocean-finance/OpenOcean-API-Examples
NEG_01385,0,0,0,1685,2,0.009459772,0,0.840569019317627,dual_text,opiethehokie/pfp-template
NEG_01394,0,0,0,1694,2,0.0014749054,0,0.840569019317627,dual_text,orweinberger/blockchain-dashboard
NEG_01401,0,0,0,1701,2,0.0010280757,0,0.840569019317627,dual_text,P4-Games/VeriTrust-SmartContracts
NEG_01425,0,0,0,1725,2,0.00039021866,0,0.840569019317627,dual_text,pcaversaccio/createx
NEG_01427,0,0,0,1727,2,0.001084233,0,0.840569019317627,dual_text,peace-source/bitcoin-bridge
NEG_01428,0,0,0,1728,2,0.013635129,0,0.840569019317627,dual_text,PeggyJV/sommelier
NEG_01429,0,0,0,1729,2,0.00088599813,0,0.840569019317627,dual_text,pepekingbnb/pepe-contracts
NEG_01441,0,0,0,1741,2,0.0023318357,0,0.840569019317627,dual_text,PL2134/Capstone-Project
NEG_01449,0,0,0,1749,2,0.01347337,0,0.840569019317627,dual_text,polkadot-js/apps
NEG_01450,0,0,0,1750,2,0.00094128633,0,0.840569019317627,dual_text,Polkaverse/Substrate-Chain-to-deploy-Smart-Contract
NEG_01452,0,0,0,1752,2,0.0046856194,0,0.840569019317627,dual_text,PolymathNetwork/polymath-core-deprecated
NEG_01453,0,0,0,1753,2,0.0005465559,0,0.840569019317627,dual_text,powerpool-finance/power-oracle-contracts
NEG_01455,0,0,0,1755,2,0.012202171,0,0.840569019317627,dual_text,PrakyathReddy/CryptoDevs-NFT-Collection
NEG_01459,0,0,0,1759,2,0.0031870203,0,0.840569019317627,dual_text,prashantprabhakar/p-ethereum
NEG_01464,0,0,0,1764,2,0.09696325,0,0.840569019317627,dual_text,prental/Defiewallet.crypto
NEG_01465,0,0,0,1765,2,0.00081622537,0,0.840569019317627,dual_text,prgblockweek/prague-blockchain-week
NEG_01468,0,0,0,1768,2,0.046605073,0,0.840569019317627,dual_text,PROFADAM/defi-token
NEG_01473,0,0,0,1773,2,0.006912926,0,0.840569019317627,dual_text,PromiseGameFi/cyrrus-contract
NEG_01477,0,0,0,1777,2,0.0005094143,0,0.840569019317627,dual_text,pubkey/eth-crypto
NEG_01487,0,0,0,1787,2,0.0015025373,0,0.840569019317627,dual_text,quang1225/GoFox-Frontend
NEG_01491,0,0,0,1791,2,0.0012176747,0,0.840569019317627,dual_text,Quiark/Roboth.web3
NEG_01494,0,0,0,1794,2,0.0075564473,0,0.840569019317627,dual_text,R3D4NG3L/DebankScripts
NEG_01506,0,0,0,1806,2,0.0026896936,0,0.840569019317627,dual_text,rainbow-me/rainbow
NEG_01509,0,0,0,1809,2,0.00085033104,0,0.840569019317627,dual_text,raj-pranav/learn-solidity
NEG_01517,0,0,0,1817,2,0.0011070775,0,0.840569019317627,dual_text,rarepepi/nft-data
NEG_01518,0,0,0,1818,2,0.0034519597,0,0.840569019317627,dual_text,Rashi1005/Reputation-Forge-Crypto-Credit-Score-DApp
NEG_01519,0,0,0,1819,2,0.0022488784,0,0.840569019317627,dual_text,RavikantShinde05/Ethers_Academy
NEG_01525,0,0,0,1825,2,0.006484355,0,0.840569019317627,dual_text,RCarmelaVO/qhatuy-wallet
NEG_01530,0,0,0,1830,2,0.0019751037,0,0.840569019317627,dual_text,redacademy/ethereum-graphql
NEG_01537,0,0,0,1837,2,0.0015717011,0,0.840569019317627,dual_text,renpool/renpool-contracts
NEG_01538,0,0,0,1838,2,0.0054302257,0,0.840569019317627,dual_text,reown-com/appkit
NEG_01542,0,0,0,1842,2,0.0007264495,0,0.840569019317627,dual_text,RFMCR/Platzi_ETHDeveloperProgram2023
NEG_01545,0,0,0,1845,2,0.002222416,0,0.840569019317627,dual_text,rickstewartdev/Dbank
NEG_01546,0,0,0,1846,2,0.005227803,0,0.840569019317627,dual_text,riglr/riglr
NEG_01554,0,0,0,1854,2,0.025920628,0,0.840569019317627,dual_text,rm4328-d/web3de4
NEG_01563,0,0,0,1863,2,0.0012358986,0,0.840569019317627,dual_text,rohanhraj/MultiSignature-Wallet-SmartContract
NEG_01573,0,0,0,1873,2,0.0009778752,0,0.840569019317627,dual_text,roysowah/solarwind
NEG_01575,0,0,0,1875,2,0.0053408034,0,0.840569019317627,dual_text,rstkey/whitelist_token
NEG_01583,0,0,0,1883,2,0.004202505,0,0.840569019317627,dual_text,rxhul18/DeWall
NEG_01591,0,0,0,1891,2,0.005543531,0,0.840569019317627,dual_text,saaim23/QuantPilot
NEG_01594,0,0,0,1894,2,0.004729608,0,0.840569019317627,dual_text,safeblock-com/dex_contract
NEG_01600,0,0,0,1900,2,0.0013950963,0,0.840569019317627,dual_text,sambacha/compendium
NEG_01601,0,0,0,1901,2,0.0034094008,0,0.840569019317627,dual_text,sambacha/create-subgraph-app
NEG_01604,0,0,0,1904,2,0.029206205,0,0.840569019317627,dual_text,sanjibbaral435/Ethereum_Solidity_Udemy
NEG_01605,0,0,0,1905,2,0.0011975351,0,0.840569019317627,dual_text,SANTHOSH17-DOT/HODL
NEG_01610,0,0,0,1910,2,0.0010931862,0,0.840569019317627,dual_text,satisfywithmylife/phantom-py
NEG_01622,0,0,0,1922,2,0.0042436016,0,0.840569019317627,dual_text,scotch53/Smart-Contract-for-Token-Minting-in-Solidity
NEG_01623,0,0,0,1923,2,0.0013982254,0,0.840569019317627,dual_text,sdelvalle57/bonding-curves
NEG_01624,0,0,0,1924,2,0.0027277598,0,0.840569019317627,dual_text,sdhosseinabadi/aleo-project
NEG_01626,0,0,0,1926,2,0.00071143714,0,0.840569019317627,dual_text,sebetelist/bitcoin-wallet
NEG_01628,0,0,0,1928,2,0.004929876,0,0.840569019317627,dual_text,Sebx/blockchain_wallet
NEG_01629,0,0,0,1929,2,0.0010472628,0,0.840569019317627,dual_text,second-state/smart-contract-search-engine
NEG_01644,0,0,0,1944,2,0.008449861,0,0.840569019317627,dual_text,shape-network/builder-kit
NEG_01646,0,0,0,1946,2,0.03521565,0,0.840569019317627,dual_text,shardeum/shardeum-docs
NEG_01649,0,0,0,1949,2,0.0015049415,0,0.840569019317627,dual_text,shifaj22/Nft_Marketplace_SmartContract
NEG_01650,0,0,0,1950,2,0.072197996,0,0.840569019317627,dual_text,shirley2749-dunn7/ethere1
NEG_01653,0,0,0,1953,2,0.0050407005,0,0.840569019317627,dual_text,ShivRaiGithub/DeFi-Assessment
NEG_01659,0,0,0,1959,2,0.0074611097,0,0.840569019317627,dual_text,shumbushojeanbaptiste/Blockchain-task-2025
NEG_01664,0,0,0,1964,2,0.0007220095,0,0.840569019317627,dual_text,SilentCicero/wafr
NEG_01665,0,0,0,1965,2,0.0026521676,0,0.840569019317627,dual_text,SimonPhoenix96/crypto-website
NEG_01676,0,0,0,1976,2,0.0108691035,0,0.840569019317627,dual_text,slaviquee/monolith
NEG_01680,0,0,0,1980,2,0.011652912,0,0.840569019317627,dual_text,smart-bsy/web3_crypto-smart-contract
NEG_01681,0,0,0,1981,2,0.00057932094,0,0.840569019317627,dual_text,smartbugs/smartbugs-curated
NEG_01683,0,0,0,1983,2,0.00046045842,0,0.840569019317627,dual_text,smartbugs/smartbugs
NEG_01692,0,0,0,1992,2,0.0016216951,0,0.840569019317627,dual_text,SofianeHamlaoui/Cryto-Minning-Simulator
NEG_01697,0,0,0,1997,2,0.0010711261,0,0.840569019317627,dual_text,solidityj/solidity-antlr4
NEG_01706,0,0,0,2006,2,0.0012328229,0,0.840569019317627,dual_text,sparrowwallet/sparrow
NEG_01718,0,0,0,2018,2,0.03161793,0,0.840569019317627,dual_text,stacks-archive/blockstack-browser
NEG_01723,0,0,0,2023,2,0.0058485745,0,0.840569019317627,dual_text,stellarnodeN/Q3_25_NFT_Staking
NEG_01726,0,0,0,2026,2,0.0011416249,0,0.840569019317627,dual_text,Stephen-Kimoi/NFT-collection
NEG_01727,0,0,0,2027,2,0.001404443,0,0.840569019317627,dual_text,stevenbooke/decentralized-crowdfunding
NEG_01735,0,0,0,2035,2,0.0009189222,0,0.840569019317627,dual_text,Sudhanmanoharan/MarketPlace-BlockChain
NEG_01738,0,0,0,2038,2,0.0038630646,0,0.840569019317627,dual_text,summa-tx/coins
NEG_01747,0,0,0,2047,2,0.0010640743,0,0.840569019317627,dual_text,supercoolx/NFT-Contract-Utilities
NEG_01749,0,0,0,2049,2,0.007403431,0,0.840569019317627,dual_text,superfluid-org/protocol-monorepo
NEG_01755,0,0,0,2055,2,0.0010037085,0,0.840569019317627,dual_text,swapkit/SwapKit
NEG_01773,0,0,0,2073,2,0.061906457,0,0.840569019317627,dual_text,talonlab/hdwallet-desktop
NEG_01776,0,0,0,2076,2,0.0083732875,0,0.840569019317627,dual_text,tanish35/Blockchain-Tracker
NEG_01781,0,0,0,2081,2,0.001454693,0,0.840569019317627,dual_text,taoteh1221/Open_Crypto_Tracker
NEG_01807,0,0,0,2107,2,0.0014831948,0,0.840569019317627,dual_text,theblockstalk/inter-crypto
NEG_01809,0,0,0,2109,2,0.006393738,0,0.840569019317627,dual_text,thedarkhorse934/ai-blockchain-explainer
NEG_01816,0,0,0,2116,2,0.0030671076,0,0.840569019317627,dual_text,thomas21-jquerry/Casino
NEG_01825,0,0,0,2125,2,0.003824467,0,0.840569019317627,dual_text,tmdi123/amazing-cat-
NEG_01830,0,0,0,2130,2,0.0025159756,0,0.840569019317627,dual_text,tonkeeper/ton-console
NEG_01837,0,0,0,2137,2,0.013622795,0,0.840569019317627,dual_text,TP-Lab/key-generator
NEG_01838,0,0,0,2138,2,0.0006649215,0,0.840569019317627,dual_text,TP-Lab/Mobile-SDK
NEG_01848,0,0,0,2148,2,0.0035497148,0,0.840569019317627,dual_text,Trum3it/bsc-web3-connector
NEG_01852,0,0,0,2152,2,0.002527631,0,0.840569019317627,dual_text,Tsatsch/Web3DevLearn
NEG_01869,0,0,0,2169,2,0.020582994,0,0.840569019317627,dual_text,uhsr/CryptoLedgerParser
NEG_01876,0,0,0,2176,2,0.016179562,0,0.840569019317627,dual_text,uola9210-cmd/BTC-or-ETH
NEG_01883,0,0,0,2183,2,0.0026383584,0,0.840569019317627,dual_text,v3xlabs/open-lavatory
NEG_01893,0,0,0,2193,2,0.23737024,0,0.840569019317627,dual_text,Vedant7789/defi_wallet_score
NEG_01900,0,0,0,2200,2,0.0007064379,0,0.840569019317627,dual_text,vgrichina/web4
NEG_01902,0,0,0,2202,2,0.0005318979,0,0.840569019317627,dual_text,viaprotocol/format-crypto
NEG_01906,0,0,0,2206,2,0.0035110263,0,0.840569019317627,dual_text,vigneshbalu96/Inherited-ERC-20-contract
NEG_01913,0,0,0,2213,2,0.002728023,0,0.840569019317627,dual_text,vipul-69-ax/CryptoFlip
NEG_01915,0,0,0,2215,2,0.0007909762,0,0.840569019317627,dual_text,vishnoitanuj/Blockchain-Cryptocurrency
NEG_01923,0,0,0,2223,2,0.0007679281,0,0.840569019317627,dual_text,vitwit/Multisig-Wallet-ERC20
NEG_01925,0,0,0,2225,2,0.0020725422,0,0.840569019317627,dual_text,Vivojay/De-Fi-Infidelity-Coders
NEG_01926,0,0,0,2226,2,0.02022663,0,0.840569019317627,dual_text,vjbhandari61/web3-authentication
NEG_01929,0,0,0,2229,2,0.0008002834,0,0.840569019317627,dual_text,vm542/bitcoin-wallet-bot
NEG_01931,0,0,0,2231,2,0.0032578863,0,0.840569019317627,dual_text,vmieres/BlockChain-Python
NEG_01933,0,0,0,2233,2,0.013066905,0,0.840569019317627,dual_text,vrakesh2907/MicroLend
NEG_01940,0,0,0,2240,2,0.0041417135,0,0.840569019317627,dual_text,Wallet3/Wallet3
NEG_01942,0,0,0,2242,2,0.0004760546,0,0.840569019317627,dual_text,walleth/walleth
NEG_01956,0,0,0,2256,2,0.0008260238,0,0.840569019317627,dual_text,WeaverFi/weaverfi
NEG_01968,0,0,0,2268,2,0.0030606673,0,0.840569019317627,dual_text,weichen466/CryptoCrowd
NEG_01972,0,0,0,2272,2,0.0025712824,0,0.840569019317627,dual_text,wevm/awesome-wagmi
NEG_01978,0,0,0,2278,2,0.001854305,0,0.840569019317627,dual_text,WizardOfAus/WizardsEthereumWorkshop
NEG_01998,0,0,0,2298,2,0.006872446,0,0.840569019317627,dual_text,XRPLF/xrpl.js
NEG_02019,0,0,0,2319,2,0.0016628323,0,0.840569019317627,dual_text,yigittopm/lkd-web3-blockchain
NEG_02020,0,0,0,2320,2,0.0042472337,0,0.840569019317627,dual_text,YiJie-Zhu/Crypto-Identity
NEG_02021,0,0,0,2321,2,0.004865702,0,0.840569019317627,dual_text,yippee-ki-yay/CryptoJingles
NEG_02031,0,0,0,2331,2,0.045314472,0,0.840569019317627,dual_text,yurkenchik/Crypto-Ethereum-TTE-blockchain
NEG_02035,0,0,0,2335,2,0.00990343,0,0.840569019317627,dual_text,zakcroft/shared-wallet-blockchain-solidity
NEG_02036,0,0,0,2336,2,0.005192412,0,0.840569019317627,dual_text,zama-ai/blockchain-wallet-exporter
NEG_02039,0,0,0,2339,2,0.0010993498,0,0.840569019317627,dual_text,zeriontech/defi-sdk
NEG_02040,0,0,0,2340,2,0.0006758264,0,0.840569019317627,dual_text,zeta-chain/node
NEG_02044,0,0,0,2344,2,0.013865206,0,0.840569019317627,dual_text,zillet/zillet
NEG_02048,0,0,0,2348,2,0.001573871,0,0.840569019317627,dual_text,zman0225/bitcoinclass
F3_web3_platform_app,1,1,0,7,3,0.37955767,1,0.03865650296211243,dual_text,arliawhite/rentverse
F3_web3_platform_app,1,1,0,10,3,0.04153898,1,0.03865650296211243,dual_text,clixlogix/blockchain-dev
F3_web3_platform_app,1,1,0,21,3,0.4750437,1,0.03865650296211243,dual_text,knightsdex/knightsbridge-dex
F3_web3_platform_app,1,1,0,26,3,0.36976153,1,0.03865650296211243,dual_text,MentarisHub121/TokenPresaleApp
F3_web3_platform_app,1,1,0,28,3,0.011587026,0,0.03865650296211243,dual_text,mirzamudassir/blocknovas-nyx-public
F3_web3_platform_app,1,1,0,35,3,0.0011785211,0,0.03865650296211243,dual_text,SuperDev313/Trading_Platform_Ultrax
F3_web3_platform_app,1,1,0,36,3,0.066045545,1,0.03865650296211243,dual_text,ta3pks/Decentralized-Social
F3_web3_platform_app,1,1,0,41,3,0.011587026,0,0.03865650296211243,dual_text,xorostar/blocknovas-llc-currency-converter-task
F3_web3_platform_app,1,0,1,136,3,0.37955767,1,0.03865650296211243,dual_text,arliawhitec/rentverse
F3_web3_platform_app,1,0,1,137,3,0.04153898,1,0.03865650296211243,dual_text,studio-hu/blockchain-dev
F3_web3_platform_app,1,0,1,138,3,0.51773906,1,0.03865650296211243,dual_text,knightsdexj/knightsbridge-dex
F3_web3_platform_app,1,0,1,139,3,0.37391692,1,0.03865650296211243,dual_text,protocol-app/TokenPresaleApp
F3_web3_platform_app,1,0,1,140,3,0.011587026,0,0.03865650296211243,dual_text,mirzamudassi/blocknovas-nyx-public
F3_web3_platform_app,1,0,1,141,3,0.0011785211,0,0.03865650296211243,dual_text,SuperDev31/Trading_Platform_Ultrax
F3_web3_platform_app,1,0,1,142,3,0.066045545,1,0.03865650296211243,dual_text,ta3pks2/Decentralized-Social
F3_web3_platform_app,1,0,1,143,3,0.011587026,0,0.03865650296211243,dual_text,xorostar2/blocknovas-llc-currency-converter-task
F3_web3_platform_app,1,0,1,144,3,0.37955767,1,0.03865650296211243,dual_text,arliawhite2/rentverse
F3_web3_platform_app,1,0,1,145,3,0.04153898,1,0.03865650296211243,dual_text,app-proto/blockchain-dev
F3_web3_platform_app,1,0,1,146,3,0.5619101,1,0.03865650296211243,dual_text,knightsdexk/knightsbridge-dex
F3_web3_platform_app,1,0,1,147,3,0.36976153,1,0.03865650296211243,dual_text,chain-studio/TokenPresaleApp
F3_web3_platform_app,1,0,1,148,3,0.033727843,0,0.03865650296211243,dual_text,mirzamudassira/blocknovas-nyx-public
F3_web3_platform_app,1,0,1,149,3,0.0011785211,0,0.03865650296211243,dual_text,SuperDev3132/Trading_Platform_Ultrax
F3_web3_platform_app,1,0,1,150,3,0.066045545,1,0.03865650296211243,dual_text,ta3pk/Decentralized-Social
F3_web3_platform_app,1,0,1,151,3,0.011587026,0,0.03865650296211243,dual_text,xorostar3/blocknovas-llc-currency-converter-task
F3_web3_platform_app,1,0,1,152,3,0.4205461,1,0.03865650296211243,dual_text,arliawhitew/rentverse
F3_web3_platform_app,1,0,1,153,3,0.04153898,1,0.03865650296211243,dual_text,chain-stu/blockchain-dev
F3_web3_platform_app,1,0,1,154,3,0.57830423,1,0.03865650296211243,dual_text,knightsdex2/knightsbridge-dex
F3_web3_platform_app,1,0,1,155,3,0.36976153,1,0.03865650296211243,dual_text,labs-protocol/TokenPresaleApp
F3_web3_platform_app,1,0,1,156,3,0.00976145,0,0.03865650296211243,dual_text,mirzamudassir2/blocknovas-nyx-public
F3_web3_platform_app,1,0,1,157,3,0.0011785211,0,0.03865650296211243,dual_text,SuperDev313d/Trading_Platform_Ultrax
F3_web3_platform_app,1,0,1,158,3,0.066045545,1,0.03865650296211243,dual_text,ta3pk2/Decentralized-Social
F3_web3_platform_app,1,0,1,159,3,0.033727843,0,0.03865650296211243,dual_text,xorostar32/blocknovas-llc-currency-converter-task
F3_web3_platform_app,1,0,1,160,3,0.37955767,1,0.03865650296211243,dual_text,arliawhite3/rentverse
F3_web3_platform_app,1,0,1,161,3,0.04153898,1,0.03865650296211243,dual_text,labs-stud/blockchain-dev
F3_web3_platform_app,1,0,1,162,3,0.60343826,1,0.03865650296211243,dual_text,knightsdexl/knightsbridge-dex
F3_web3_platform_app,1,0,1,163,3,0.36976153,1,0.03865650296211243,dual_text,chain-studio2/TokenPresaleApp
F3_web3_platform_app,1,0,1,164,3,0.0047244527,0,0.03865650296211243,dual_text,mirzamudassirj/blocknovas-nyx-public
F3_web3_platform_app,1,0,1,165,3,0.0011785211,0,0.03865650296211243,dual_text,SuperDev3133/Trading_Platform_Ultrax
F3_web3_platform_app,1,0,1,166,3,0.066045545,1,0.03865650296211243,dual_text,ta3pks3/Decentralized-Social
F3_web3_platform_app,1,0,1,167,3,0.011587026,0,0.03865650296211243,dual_text,xorosta/blocknovas-llc-currency-converter-task
F3_web3_platform_app,1,0,1,168,3,0.37955767,1,0.03865650296211243,dual_text,arliawhite4/rentverse
F3_web3_platform_app,1,0,1,169,3,0.04153898,1,0.03865650296211243,dual_text,protocol-/blockchain-dev
F3_web3_platform_app,1,0,1,170,3,0.51773906,1,0.03865650296211243,dual_text,knightsdexf/knightsbridge-dex
F3_web3_platform_app,1,0,1,171,3,0.36976153,1,0.03865650296211243,dual_text,verse-studio/TokenPresaleApp
F3_web3_platform_app,1,0,1,172,3,0.011587026,0,0.03865650296211243,dual_text,mirzamudassiri/blocknovas-nyx-public
F3_web3_platform_app,1,0,1,173,3,0.0011785211,0,0.03865650296211243,dual_text,SuperDev312/Trading_Platform_Ultrax
F3_web3_platform_app,1,0,1,174,3,0.066045545,1,0.03865650296211243,dual_text,ta3pks4/Decentralized-Social
F3_web3_platform_app,1,0,1,175,3,0.033727843,0,0.03865650296211243,dual_text,xorosta2/blocknovas-llc-currency-converter-task
F3_web3_platform_app,1,0,1,176,3,0.4205461,1,0.03865650296211243,dual_text,arliawhit/rentverse
F3_web3_platform_app,1,0,1,177,3,0.04153898,1,0.03865650296211243,dual_text,protocol-2/blockchain-dev
F3_web3_platform_app,1,0,1,178,3,0.5619101,1,0.03865650296211243,dual_text,knightsdex3/knightsbridge-dex
F3_web3_platform_app,1,0,1,179,3,0.36976153,1,0.03865650296211243,dual_text,studio-labs/TokenPresaleApp
F3_web3_platform_app,1,0,1,180,3,0.011587026,0,0.03865650296211243,dual_text,mirzamudassir3/blocknovas-nyx-public
F3_web3_platform_app,1,0,1,181,3,0.0011785211,0,0.03865650296211243,dual_text,SuperDev313k/Trading_Platform_Ultrax
F3_web3_platform_app,1,0,1,182,3,0.066045545,1,0.03865650296211243,dual_text,ta3pksm/Decentralized-Social
F3_web3_platform_app,1,0,1,183,3,0.011587026,0,0.03865650296211243,dual_text,xorosta3/blocknovas-llc-currency-converter-task
F3_web3_platform_app,1,0,1,184,3,0.4205461,1,0.03865650296211243,dual_text,arliawhite5/rentverse
F3_web3_platform_app,1,0,1,185,3,0.04153898,1,0.03865650296211243,dual_text,protocol-3/blockchain-dev
F3_web3_platform_app,1,0,1,186,3,0.4750437,1,0.03865650296211243,dual_text,knightsdex4/knightsbridge-dex
F3_web3_platform_app,1,0,1,187,3,0.36976153,1,0.03865650296211243,dual_text,app-studio/TokenPresaleApp
NEG_00000,0,0,0,300,3,0.003195029,0,0.03865650296211243,dual_text,007SKRN/crypto-portfolio-tracker
NEG_00003,0,0,0,303,3,0.0068984786,0,0.03865650296211243,dual_text,0wl3xSec/web3-cryptozombies
NEG_00005,0,0,0,305,3,0.0026208428,0,0.03865650296211243,dual_text,0x4543/zeta-crypto
NEG_00007,0,0,0,307,3,0.0013733121,0,0.03865650296211243,dual_text,0xbitcoin/0xbitcoin-token
NEG_00010,0,0,0,310,3,0.0020758891,0,0.03865650296211243,dual_text,0xdevrel/Conditional-NFTs
NEG_00012,0,0,0,312,3,0.00053886446,0,0.03865650296211243,dual_text,0xfps/python-solidity-blockchain-smart-contract-course
NEG_00024,0,0,0,324,3,0.0033576936,0,0.03865650296211243,dual_text,0xmdrakib/JesseHillClimb
NEG_00027,0,0,0,327,3,0.00058065954,0,0.03865650296211243,dual_text,0xpranay/WildCoins-NFT
NEG_00033,0,0,0,333,3,0.0004666748,0,0.03865650296211243,dual_text,1-5Pool/RansomwareEschrowService
NEG_00041,0,0,0,341,3,0.0031116416,0,0.03865650296211243,dual_text,23Konradbase/altseason-ethereum
NEG_00042,0,0,0,342,3,0.00034718655,0,0.03865650296211243,dual_text,2qx/awesome-bitcoin-cash
NEG_00047,0,0,0,347,3,0.00049855275,0,0.03865650296211243,dual_text,914alexwillett/StochRSI-Crypto-Trading-Algorithm
NEG_00052,0,0,0,352,3,0.0011592032,0,0.03865650296211243,dual_text,aankor/wnft
NEG_00055,0,0,0,355,3,0.016011003,0,0.03865650296211243,dual_text,aaronajis92/smart-contract-cryptorian
NEG_00060,0,0,0,360,3,0.0002153632,0,0.03865650296211243,dual_text,abdullahpichoo/SimpleStorage-using-Brownie
NEG_00066,0,0,0,366,3,0.0007861344,0,0.03865650296211243,dual_text,ac12644/ICO-Smart-Contract
NEG_00068,0,0,0,368,3,0.0012374388,0,0.03865650296211243,dual_text,AchyuthMohan/Blockchain-Cryptogram
NEG_00074,0,0,0,374,3,0.0020029969,0,0.03865650296211243,dual_text,Adamant-im/adamant-im
NEG_00077,0,0,0,377,3,0.0011817439,0,0.03865650296211243,dual_text,adeshshukla/MyCryptoFolio
NEG_00080,0,0,0,380,3,0.0008774106,0,0.03865650296211243,dual_text,Aditya-alchemist/GFGKIIT-CRYPTOMA-HyperThon
NEG_00082,0,0,0,382,3,0.00023358085,0,0.03865650296211243,dual_text,AdrianaMiha/Krypto
NEG_00085,0,0,0,385,3,0.0016729549,0,0.03865650296211243,dual_text,adrianhajdin/project_web3_battle_game
NEG_00088,0,0,0,388,3,0.000967426,0,0.03865650296211243,dual_text,Adrijan-Petek/gas-fee-optimizer
NEG_00092,0,0,0,392,3,0.0008984105,0,0.03865650296211243,dual_text,adw0rd/solidity-create2-web3-example
NEG_00094,0,0,0,394,3,0.0007149268,0,0.03865650296211243,dual_text,aelew/cryptotracker
NEG_00096,0,0,0,396,3,0.0016771395,0,0.03865650296211243,dual_text,aeternity/aeternity
NEG_00097,0,0,0,397,3,0.007434813,0,0.03865650296211243,dual_text,afacchi0/rpc-inspector
NEG_00102,0,0,0,402,3,0.00072887965,0,0.03865650296211243,dual_text,aha-moment-group/braavos
NEG_00104,0,0,0,404,3,0.0006076811,0,0.03865650296211243,dual_text,ahester57/private-chain
NEG_00105,0,0,0,405,3,0.0005243469,0,0.03865650296211243,dual_text,ahmadbrainworks/fiddi
NEG_00106,0,0,0,406,3,0.00053599634,0,0.03865650296211243,dual_text,ahmedali8/hardhat-js-starterkit
NEG_00110,0,0,0,410,3,0.0011523295,0,0.03865650296211243,dual_text,ahmetzturk/epic-nfts
NEG_00117,0,0,0,417,3,0.00039744755,0,0.03865650296211243,dual_text,aitos-io/BoAT-X-Framework
NEG_00125,0,0,0,425,3,0.00023426558,0,0.03865650296211243,dual_text,akiselyoff/defi
NEG_00126,0,0,0,426,3,0.0005376829,0,0.03865650296211243,dual_text,Akshat-cs/hardhat-defi-aave-v2
NEG_00129,0,0,0,429,3,0.00037077168,0,0.03865650296211243,dual_text,alanpelayoo/FatedEth
NEG_00131,0,0,0,431,3,0.0011845316,0,0.03865650296211243,dual_text,AlejandroGV96/web3-test
NEG_00132,0,0,0,432,3,0.0009251354,0,0.03865650296211243,dual_text,alejoacosta74/ethereum-erc20token-vault
NEG_00136,0,0,0,436,3,0.0010663677,0,0.03865650296211243,dual_text,alesanro/ethereum-smart-contracts
NEG_00137,0,0,0,437,3,0.00021680765,0,0.03865650296211243,dual_text,alexandrupele/web3
NEG_00138,0,0,0,438,3,0.00063244184,0,0.03865650296211243,dual_text,alexbensimon/pakt
NEG_00139,0,0,0,439,3,0.0003939162,0,0.03865650296211243,dual_text,alexbiet/smartwallet
NEG_00140,0,0,0,440,3,0.0010176887,0,0.03865650296211243,dual_text,AlexCheema/Tanuki
NEG_00142,0,0,0,442,3,0.005939844,0,0.03865650296211243,dual_text,alexia795/Gnosis-wallet-pro
NEG_00144,0,0,0,444,3,0.0024702286,0,0.03865650296211243,dual_text,alexx855/axie-tools
NEG_00156,0,0,0,456,3,0.0012737378,0,0.03865650296211243,dual_text,almonit/almonit-plugin
NEG_00158,0,0,0,458,3,0.000516974,0,0.03865650296211243,dual_text,alpaca-finance/bsc-alpaca-contract
NEG_00164,0,0,0,464,3,0.00048761748,0,0.03865650296211243,dual_text,amazingandyyy/leptin
NEG_00165,0,0,0,465,3,0.00036759448,0,0.03865650296211243,dual_text,amazingandyyy/solidity-contracts
NEG_00167,0,0,0,467,3,0.0021863482,0,0.03865650296211243,dual_text,amnegan/BlockChain-CryptoCurrencies
NEG_00171,0,0,0,471,3,0.0017988741,0,0.03865650296211243,dual_text,An4Dev/Solana-Bitcoin-NFT-Dex-Defi-P2EGame-SmartContract-Web3-Projects
NEG_00178,0,0,0,478,3,0.0012671425,0,0.03865650296211243,dual_text,andrewinsoul/CadenaCourse-CryptoBank-UI
NEG_00183,0,0,0,483,3,0.0021781642,0,0.03865650296211243,dual_text,AnnaNX1/create-NFT
NEG_00193,0,0,0,493,3,0.0012715916,0,0.03865650296211243,dual_text,anwar-776/gocryp8
NEG_00195,0,0,0,495,3,0.0014985515,0,0.03865650296211243,dual_text,aonemd/stakehouse
NEG_00204,0,0,0,504,3,0.0060017323,0,0.03865650296211243,dual_text,apoorvm230/web3-vuln-scanner
NEG_00209,0,0,0,509,3,0.00042310034,0,0.03865650296211243,dual_text,Aranyani01/Alpha-defi-adapter
NEG_00213,0,0,0,513,3,0.0006179526,0,0.03865650296211243,dual_text,armors/armors-solidity
NEG_00215,0,0,0,515,3,0.0006992289,0,0.03865650296211243,dual_text,ArnaudBand/nftMarketplace
NEG_00224,0,0,0,524,3,0.0007323592,0,0.03865650296211243,dual_text,ArthurAhiyarov/Hardhat-Betting-Smart-Contract-Bsc
NEG_00227,0,0,0,527,3,0.0014787279,0,0.03865650296211243,dual_text,Aryan0770/Blockchain-Major-CryptoBox
NEG_00228,0,0,0,528,3,0.00031532356,0,0.03865650296211243,dual_text,AS-1312/Crypto-Steps
NEG_00232,0,0,0,532,3,0.00036623326,0,0.03865650296211243,dual_text,Ashland-jp/Web3-Projects
NEG_00235,0,0,0,535,3,0.00023514747,0,0.03865650296211243,dual_text,asilveira1969/bitcoincashblockchain
NEG_00238,0,0,0,538,3,0.00029267304,0,0.03865650296211243,dual_text,atitkh/WebXR---NFT-Viewer
NEG_00242,0,0,0,542,3,0.008582539,0,0.03865650296211243,dual_text,aurowallet/auro-wallet-browser-extension
NEG_00248,0,0,0,548,3,0.004428399,0,0.03865650296211243,dual_text,axldarealest/crypto-tracker
NEG_00249,0,0,0,549,3,0.0005898927,0,0.03865650296211243,dual_text,axone-protocol/contracts
NEG_00258,0,0,0,558,3,0.0017744739,0,0.03865650296211243,dual_text,baby636/causes.cash
NEG_00260,0,0,0,560,3,0.0028435127,0,0.03865650296211243,dual_text,balajipachai/smart-contract-for-fun
NEG_00267,0,0,0,567,3,0.00047829814,0,0.03865650296211243,dual_text,banjtheman/polygon_nft_workshop
NEG_00280,0,0,0,580,3,0.0060846494,0,0.03865650296211243,dual_text,belimad/NftHorizon
NEG_00282,0,0,0,582,3,0.00028270143,0,0.03865650296211243,dual_text,benjaminbang987/crypto
NEG_00290,0,0,0,590,3,0.0003143999,0,0.03865650296211243,dual_text,bhemen/usdc
NEG_00291,0,0,0,591,3,0.00038233548,0,0.03865650296211243,dual_text,BibliothecaDAO/realms-contracts
NEG_00294,0,0,0,594,3,0.0003323605,0,0.03865650296211243,dual_text,bigbomio/digital-contracts
NEG_00296,0,0,0,596,3,0.0017700882,0,0.03865650296211243,dual_text,bilinearlabs/beacon-contract-indexer
NEG_00302,0,0,0,602,3,0.0012207004,0,0.03865650296211243,dual_text,Bitcoin-II/BitcoinII-Core
NEG_00314,0,0,0,614,3,0.004000183,0,0.03865650296211243,dual_text,Block-Beats-Estonia/BITCOIN-NFT
NEG_00318,0,0,0,618,3,0.00072607776,0,0.03865650296211243,dual_text,blockchain-etl/blockchain-etl-streaming
NEG_00319,0,0,0,619,3,0.00048761748,0,0.03865650296211243,dual_text,blockchain-etl/public-datasets
NEG_00323,0,0,0,623,3,0.0015796686,0,0.03865650296211243,dual_text,blockchain/My-Wallet-V3
NEG_00325,0,0,0,625,3,0.00033443034,0,0.03865650296211243,dual_text,blockstarter/ico-contracts
NEG_00328,0,0,0,628,3,0.001841537,0,0.03865650296211243,dual_text,BlueWallet/BlueWallet
NEG_00333,0,0,0,633,3,0.00043216898,0,0.03865650296211243,dual_text,bonedaddy/cryptovendingmachine
NEG_00336,0,0,0,636,3,0.00039766153,0,0.03865650296211243,dual_text,BradMoonUESTC/FireWallProject
NEG_00348,0,0,0,648,3,0.0011457758,0,0.03865650296211243,dual_text,BTCwalletGen/BTCwalletGen
NEG_00349,0,0,0,649,3,0.0018049421,0,0.03865650296211243,dual_text,btq-ag/QRiNG
NEG_00355,0,0,0,655,3,0.00046573975,0,0.03865650296211243,dual_text,bwire-official/Gastronaut-bot
NEG_00359,0,0,0,659,3,0.002964239,0,0.03865650296211243,dual_text,C0A21130/web3-demo-app
NEG_00362,0,0,0,662,3,0.0008191984,0,0.03865650296211243,dual_text,cake-tech/cake_wallet
NEG_00364,0,0,0,664,3,0.0008232657,0,0.03865650296211243,dual_text,camerodev/Finaomics-Solidity-Web3-React
NEG_00375,0,0,0,675,3,0.0004950874,0,0.03865650296211243,dual_text,celer-network/layer2-finance-contracts
NEG_00377,0,0,0,677,3,0.0013777799,0,0.03865650296211243,dual_text,ChainAgnostic/CAIPs
NEG_00388,0,0,0,688,3,0.00036044308,0,0.03865650296211243,dual_text,chatch/hashed-timelock-contract-ethereum
NEG_00390,0,0,0,690,3,0.000688526,0,0.03865650296211243,dual_text,chawresh/Multi-Currency-Rich-Address-Finder-v1.0
NEG_00404,0,0,0,704,3,0.0013611413,0,0.03865650296211243,dual_text,CIpherEE/TECHCRUSHERC-20
NEG_00409,0,0,0,709,3,0.0007706603,0,0.03865650296211243,dual_text,cliffhall/in-app-pro-shop
NEG_00410,0,0,0,710,3,0.0008319815,0,0.03865650296211243,dual_text,cloudframeworks-blockchain/user-guide-fabric-smart-contract
NEG_00419,0,0,0,719,3,0.0017628033,0,0.03865650296211243,dual_text,codeesura/Arbitrage-uniswap-sushiswap
NEG_00421,0,0,0,721,3,0.004288723,0,0.03865650296211243,dual_text,CodeMachine0121/EthereumWallet_local_API
NEG_00424,0,0,0,724,3,0.0017076145,0,0.03865650296211243,dual_text,codewithmide/FlowPrice-Oracle
NEG_00434,0,0,0,734,3,0.0014725345,0,0.03865650296211243,dual_text,ColonySatoshi/BTCME.WEB3
NEG_00440,0,0,0,740,3,0.0017076145,0,0.03865650296211243,dual_text,ConsenSysDiligence/0x-review
NEG_00446,0,0,0,746,3,0.0041334596,0,0.03865650296211243,dual_text,coral-xyz/backpack
NEG_00447,0,0,0,747,3,0.0015503346,0,0.03865650296211243,dual_text,cordovaem/solana-nft
NEG_00448,0,0,0,748,3,0.00035373744,0,0.03865650296211243,dual_text,cosmostation/cosmostation-android
NEG_00458,0,0,0,758,3,0.0017660729,0,0.03865650296211243,dual_text,crestalnetwork/intentkit
NEG_00461,0,0,0,761,3,0.00047255025,0,0.03865650296211243,dual_text,crossclaim/btcrelay-sol
NEG_00467,0,0,0,767,3,0.0005936171,0,0.03865650296211243,dual_text,Crypto0390/nft-airdrops
NEG_00477,0,0,0,777,3,0.00036623326,0,0.03865650296211243,dual_text,cryptoleadxyz/demo-infura-web3py
NEG_00503,0,0,0,803,3,0.00028404174,0,0.03865650296211243,dual_text,DanielCM2001/SendCrypto-Blockchain-App-web3
NEG_00516,0,0,0,816,3,0.00032375453,0,0.03865650296211243,dual_text,dappros/nfmt
NEG_00523,0,0,0,823,3,0.00048597346,0,0.03865650296211243,dual_text,darrylyeo/blockhead
NEG_00525,0,0,0,825,3,0.00057767646,0,0.03865650296211243,dual_text,Daudxu/eth-wallet-modal
NEG_00531,0,0,0,831,3,0.00027218525,0,0.03865650296211243,dual_text,DE-labtory/zulu
NEG_00533,0,0,0,833,3,0.0063782614,0,0.03865650296211243,dual_text,DealAiFind/DealAiFind-Ai-DEX-FrontRun-JS-V4
NEG_00536,0,0,0,836,3,0.00049231725,0,0.03865650296211243,dual_text,Decurity/semgrep-smart-contracts
NEG_00541,0,0,0,841,3,0.00021411423,0,0.03865650296211243,dual_text,Defi-Pool-Share/DefiPoolShare.LendingContract
NEG_00542,0,0,0,842,3,0.00034818923,0,0.03865650296211243,dual_text,DeFiCh/defiscan.live
NEG_00545,0,0,0,845,3,0.00023800058,0,0.03865650296211243,dual_text,DeFiNecromancer/Basic-Name-Storage
NEG_00547,0,0,0,847,3,0.0012953256,0,0.03865650296211243,dual_text,DEFIProtocol/Web3
NEG_00549,0,0,0,849,3,0.0022166332,0,0.03865650296211243,dual_text,delvtech/agent0
NEG_00553,0,0,0,853,3,0.00027593708,0,0.03865650296211243,dual_text,DenisZS/cckat
NEG_00558,0,0,0,858,3,0.00081543205,0,0.03865650296211243,dual_text,DePayFi/web3-wallets
NEG_00571,0,0,0,871,3,0.008651004,0,0.03865650296211243,dual_text,devridge0/aave-core
NEG_00573,0,0,0,873,3,0.0003209209,0,0.03865650296211243,dual_text,dex-guru/assets
NEG_00578,0,0,0,878,3,0.0024722775,0,0.03865650296211243,dual_text,dherranzf/CryptoBank
NEG_00594,0,0,0,894,3,0.00024581695,0,0.03865650296211243,dual_text,dkrsgood/ETH_Wallet
NEG_00597,0,0,0,897,3,0.0041590454,0,0.03865650296211243,dual_text,dogecoin/dogecoin
NEG_00603,0,0,0,903,3,0.0006528856,0,0.03865650296211243,dual_text,dorianbayart/DexPairs
NEG_00605,0,0,0,905,3,0.019786606,0,0.03865650296211243,dual_text,Dpost-George/foundry-web3-wallet-security-Advanced
NEG_00615,0,0,0,915,3,0.0007282974,0,0.03865650296211243,dual_text,duytacong24895/smart-contract-lesson-1
NEG_00621,0,0,0,921,3,0.004722489,0,0.03865650296211243,dual_text,EdgeApp/edge-react-gui
NEG_00622,0,0,0,922,3,0.0003011522,0,0.03865650296211243,dual_text,edubrunaldi/generic-wallet
NEG_00624,0,0,0,924,3,0.004000183,0,0.03865650296211243,dual_text,edwintyx/Blockchain-Cryptocurrency-Project
NEG_00626,0,0,0,926,3,0.0009286923,0,0.03865650296211243,dual_text,eka0789/nft-marketplace
NEG_00634,0,0,0,934,3,0.00076787797,0,0.03865650296211243,dual_text,Elytro-eth/ETHShanghai2022
NEG_00636,0,0,0,936,3,0.00023631082,0,0.03865650296211243,dual_text,emerald-dao/float
NEG_00638,0,0,0,938,3,0.0004956411,0,0.03865650296211243,dual_text,emiliosheinz/vue-js-crypto-wallet
NEG_00644,0,0,0,944,3,0.0006778541,0,0.03865650296211243,dual_text,Emmanuel-Samuel/Alchemy-projects
NEG_00649,0,0,0,949,3,0.00048750476,0,0.03865650296211243,dual_text,enricobottazzi/Zeko
NEG_00661,0,0,0,961,3,0.0008470248,0,0.03865650296211243,dual_text,Erfaniaa/crypto-portfolio-optimizer
NEG_00664,0,0,0,964,3,0.0006024015,0,0.03865650296211243,dual_text,esolidar/web3
NEG_00665,0,0,0,965,3,0.00039818787,0,0.03865650296211243,dual_text,estevaopbs/bitcoin-rs
NEG_00666,0,0,0,966,3,0.0005266756,0,0.03865650296211243,dual_text,ethaccount/vue-dapp
NEG_00668,0,0,0,968,3,0.0014271261,0,0.03865650296211243,dual_text,ethereum-boilerplate/ethereum-prediction-market-boilerplate
NEG_00672,0,0,0,972,3,0.00029394426,0,0.03865650296211243,dual_text,ethers-io/ethers.js
NEG_00673,0,0,0,973,3,0.0012757629,0,0.03865650296211243,dual_text,ethersphere/swap-swear-and-swindle
NEG_00676,0,0,0,976,3,0.033777088,0,0.03865650296211243,dual_text,euphonious-raisinnutcookie575/ethwizc
NEG_00682,0,0,0,982,3,0.0015859946,0,0.03865650296211243,dual_text,evm-tooling/viem-go
NEG_00688,0,0,0,988,3,0.0036603177,0,0.03865650296211243,dual_text,ExodusMovement/bitcoind-zmq
NEG_00691,0,0,0,991,3,0.001104264,0,0.03865650296211243,dual_text,explorills/expl-nodes-dashboard
NEG_00695,0,0,0,995,3,0.00094258005,0,0.03865650296211243,dual_text,Fabomarche/ethereum-viewer
NEG_00711,0,0,0,1011,3,0.17632985,1,0.03865650296211243,dual_text,Fida-Kainth/Block-Chain-A-Decentralized-Cryptocurrency-Wallet-System-with-Automated-Zakat-Deduction
NEG_00714,0,0,0,1014,3,0.00036869367,0,0.03865650296211243,dual_text,filips123/BlogChain
NEG_00716,0,0,0,1016,3,0.0012693306,0,0.03865650296211243,dual_text,FinHubRotman/eth-blockchain-data
NEG_00718,0,0,0,1018,3,0.0011823587,0,0.03865650296211243,dual_text,Flame-eth/Multiparty-Solidity-Wallet-
NEG_00723,0,0,0,1023,3,0.0019450699,0,0.03865650296211243,dual_text,fomoweth/flashloan-aggregator
NEG_00724,0,0,0,1024,3,0.00023358085,0,0.03865650296211243,dual_text,ForcingVaporizer/Blockchain-Dapp-Crypto
NEG_00737,0,0,0,1037,3,0.007734602,0,0.03865650296211243,dual_text,Freya-Lark/Chainlink-2024-17hours-Web3-tutorial
NEG_00754,0,0,0,1054,3,0.0004398402,0,0.03865650296211243,dual_text,geovgy/smart-wallet
NEG_00762,0,0,0,1062,3,0.0010388785,0,0.03865650296211243,dual_text,giogam/Gopher-Wallet
NEG_00770,0,0,0,1070,3,0.00081274647,0,0.03865650296211243,dual_text,gnidan/abi-to-sol
NEG_00778,0,0,0,1078,3,0.00028832702,0,0.03865650296211243,dual_text,govi-dao/cvi-contracts
NEG_00793,0,0,0,1093,3,0.0023317824,0,0.03865650296211243,dual_text,gweidart/evm-flashswap-arb
NEG_00796,0,0,0,1096,3,0.017629964,0,0.03865650296211243,dual_text,Gzeu/hero-forge-monorepo
NEG_00798,0,0,0,1098,3,0.007152884,0,0.03865650296211243,dual_text,Hackathons-w-Rapto/RugRader
NEG_00799,0,0,0,1099,3,0.0020690125,0,0.03865650296211243,dual_text,hacksdark/cybersecurity_hack
NEG_00803,0,0,0,1103,3,0.0023872934,0,0.03865650296211243,dual_text,Haehnchen/uniswap-arbitrage-flash-swap
NEG_00810,0,0,0,1110,3,0.0005860799,0,0.03865650296211243,dual_text,Hardchat/Web3.py-Transaction
NEG_00811,0,0,0,1111,3,0.0019920082,0,0.03865650296211243,dual_text,harishummam/CryptoKet-NFT-Marketplace
NEG_00813,0,0,0,1113,3,0.00061463716,0,0.03865650296211243,dual_text,HariVP03/nft-kart
NEG_00816,0,0,0,1116,3,0.020660793,0,0.03865650296211243,dual_text,harshiit1/ethereumChecker
NEG_00820,0,0,0,1120,3,0.0009384258,0,0.03865650296211243,dual_text,hashemabad/MultiSigWallet
NEG_00839,0,0,0,1139,3,0.00031451083,0,0.03865650296211243,dual_text,hiromaily/go-crypto-wallet
NEG_00841,0,0,0,1141,3,0.0009504017,0,0.03865650296211243,dual_text,hobbleabbas/Bitcoin-RPC-API
NEG_00842,0,0,0,1142,3,0.0012327073,0,0.03865650296211243,dual_text,HODLorg/HODLbot
NEG_00843,0,0,0,1143,3,0.00547663,0,0.03865650296211243,dual_text,holder-bot/wallet-testnet
NEG_00844,0,0,0,1144,3,0.00021671217,0,0.03865650296211243,dual_text,holyblock/blockchain-piaic-q4-solution
NEG_00846,0,0,0,1146,3,0.0009765439,0,0.03865650296211243,dual_text,HopefulHeart2020/Finaomics-Solidity-Web3-React
NEG_00847,0,0,0,1147,3,0.0007631232,0,0.03865650296211243,dual_text,hoprnet/hopr-ethereum
NEG_00858,0,0,0,1158,3,0.0008724577,0,0.03865650296211243,dual_text,hululuzhu/solidity-t5
NEG_00864,0,0,0,1164,3,0.0011326688,0,0.03865650296211243,dual_text,Hyperledger-TWGC/GM-interoperability
NEG_00867,0,0,0,1167,3,0.0008332394,0,0.03865650296211243,dual_text,Iamdungx/denigma-cracker
NEG_00893,0,0,0,1193,3,0.00087377714,0,0.03865650296211243,dual_text,input-output-hk/mantis-wallet
NEG_00898,0,0,0,1198,3,0.00033195392,0,0.03865650296211243,dual_text,ismailbangee/smart-contracts
NEG_00899,0,0,0,1199,3,0.0018350938,0,0.03865650296211243,dual_text,itaikeren/Crypto-Fighters
NEG_00901,0,0,0,1201,3,0.00034002875,0,0.03865650296211243,dual_text,ithunter0428/solidity2terrachian_rust
NEG_00903,0,0,0,1203,3,0.00067334,0,0.03865650296211243,dual_text,itstargetconfirmed/flash-loan-sample
NEG_00905,0,0,0,1205,3,0.0014299701,0,0.03865650296211243,dual_text,ivanzhelyazkov/ethereum-wallet-manager
NEG_00909,0,0,0,1209,3,0.0002571648,0,0.03865650296211243,dual_text,J12ATA/my-wave-portal
NEG_00910,0,0,0,1210,3,0.0009880479,0,0.03865650296211243,dual_text,jaayperez/btc-wallet
NEG_00915,0,0,0,1215,3,0.1346633,1,0.03865650296211243,dual_text,Jackhuang166/evm-dex-swap-staking-liquidity
NEG_00916,0,0,0,1216,3,0.0006997025,0,0.03865650296211243,dual_text,JACKORARO12/BlockChainVoting
NEG_00917,0,0,0,1217,3,0.000898446,0,0.03865650296211243,dual_text,JackyVerse/SmartContractSolidityEth
NEG_00918,0,0,0,1218,3,0.0009890452,0,0.03865650296211243,dual_text,jacobdmn/iWallet
NEG_00936,0,0,0,1236,3,0.003093913,0,0.03865650296211243,dual_text,jarrodwatts/nft-drop-with-smart-wallet
NEG_00942,0,0,0,1242,3,0.0002571648,0,0.03865650296211243,dual_text,jawedzaid/jawed
NEG_00944,0,0,0,1244,3,0.00053158036,0,0.03865650296211243,dual_text,jdogresorg/freewallet-mobile
NEG_00946,0,0,0,1246,3,0.0061793937,0,0.03865650296211243,dual_text,jeanne-cortes725n/ethere8
NEG_00962,0,0,0,1262,3,0.00079512695,0,0.03865650296211243,dual_text,jjtiger/Blockchain_Business_Crypto_-DevPack
NEG_00966,0,0,0,1266,3,0.00044656027,0,0.03865650296211243,dual_text,john-lawniczak/Smart-Contract-Resources
NEG_00973,0,0,0,1273,3,0.0005258346,0,0.03865650296211243,dual_text,jon4hz/ethconvert
NEG_00983,0,0,0,1283,3,0.00048683627,0,0.03865650296211243,dual_text,jseanchuang/web3py_example
NEG_00989,0,0,0,1289,3,0.0005370012,0,0.03865650296211243,dual_text,JulyIghor/QtBitcoinTrader
NEG_00999,0,0,0,1299,3,0.0030230857,0,0.03865650296211243,dual_text,kansel-dev/solana-nft-sniper
NEG_01010,0,0,0,1310,3,0.00047271425,0,0.03865650296211243,dual_text,kaymen99/Dex-aggregator
NEG_01022,0,0,0,1322,3,0.00030101155,0,0.03865650296211243,dual_text,kenpoon94/ethdenver-bootcamp-2022
NEG_01023,0,0,0,1323,3,0.00048459935,0,0.03865650296211243,dual_text,kerala-blockchain-academy/ethereum-developer-program
NEG_01026,0,0,0,1326,3,0.00081786077,0,0.03865650296211243,dual_text,keshav-poojary/NFT-on-Ethereum
NEG_01030,0,0,0,1330,3,0.00066746876,0,0.03865650296211243,dual_text,KevzPeter/EduBlocks
NEG_01040,0,0,0,1340,3,0.00028878424,0,0.03865650296211243,dual_text,Kingscliq/nuking-nfts
NEG_01043,0,0,0,1343,3,0.00086831354,0,0.03865650296211243,dual_text,KittenYang/SafeSnap
NEG_01044,0,0,0,1344,3,0.00039472047,0,0.03865650296211243,dual_text,kittyshiba/contracts
NEG_01046,0,0,0,1346,3,0.00038756555,0,0.03865650296211243,dual_text,klever-io/klever-go
NEG_01049,0,0,0,1349,3,0.0010321081,0,0.03865650296211243,dual_text,kochavalabs/xchng-solidity
NEG_01050,0,0,0,1350,3,0.0010475672,0,0.03865650296211243,dual_text,koh-gt/ferrite-wallet
NEG_01052,0,0,0,1352,3,0.00021278141,0,0.03865650296211243,dual_text,konradcodes/Web-3.0-Blockchain-App
NEG_01067,0,0,0,1367,3,0.0035014746,0,0.03865650296211243,dual_text,kuroroLuciferPhantom/cryptopredict
NEG_01074,0,0,0,1374,3,0.001961824,0,0.03865650296211243,dual_text,LanceHez/Blockchain_Army_Knife-wallet-cracker-with-multichian
NEG_01075,0,0,0,1375,3,0.00048728872,0,0.03865650296211243,dual_text,lapismyt/ston-fi.py
NEG_01079,0,0,0,1379,3,0.0008930818,0,0.03865650296211243,dual_text,Laszlo23/deficrown
NEG_01080,0,0,0,1380,3,0.0061793937,0,0.03865650296211243,dual_text,latoya4xfishn/spankcb
NEG_01091,0,0,0,1391,3,0.0012299792,0,0.03865650296211243,dual_text,leeshuzheng/destroyer
NEG_01094,0,0,0,1394,3,0.00080243184,0,0.03865650296211243,dual_text,Lemonio1Official/privateKey
NEG_01096,0,0,0,1396,3,0.0004204734,0,0.03865650296211243,dual_text,lephleg/cryptocerts-contracts
NEG_01101,0,0,0,1401,3,0.0016951995,0,0.03865650296211243,dual_text,Lilypad-Tech/lilypad
NEG_01102,0,0,0,1402,3,0.0007554953,0,0.03865650296211243,dual_text,LinuxKunaL/gigalate-crypto-wallet
NEG_01103,0,0,0,1403,3,0.0031130707,0,0.03865650296211243,dual_text,lionello/secp256k1-js
NEG_01105,0,0,0,1405,3,0.0006679349,0,0.03865650296211243,dual_text,ljubisnikolic0/NFT-Ethereum-Game
NEG_01106,0,0,0,1406,3,0.0031181877,0,0.03865650296211243,dual_text,lmacken/binance-chain-python
NEG_01108,0,0,0,1408,3,0.00033388362,0,0.03865650296211243,dual_text,lnardon/BlockChainExchange
NEG_01125,0,0,0,1425,3,0.00046942846,0,0.03865650296211243,dual_text,lynx-xdg/block
NEG_01132,0,0,0,1432,3,0.00080390705,0,0.03865650296211243,dual_text,MaelRibes/Crypto-Kids
NEG_01137,0,0,0,1437,3,0.00061445584,0,0.03865650296211243,dual_text,ManaanAnsari/MultiSigWallet-Solidity-Foundry
NEG_01157,0,0,0,1457,3,0.00049355533,0,0.03865650296211243,dual_text,masa-finance/arcomia-contracts
NEG_01159,0,0,0,1459,3,0.0013415585,0,0.03865650296211243,dual_text,mascarenhaswanja/Winter-2020-Introduction-To-Smart-Contracts
NEG_01160,0,0,0,1460,3,0.00032589442,0,0.03865650296211243,dual_text,MassDotMoney/nested-core-lego
NEG_01163,0,0,0,1463,3,0.0004355089,0,0.03865650296211243,dual_text,matheusroleal/solidity-cookbook
NEG_01165,0,0,0,1465,3,0.0018523803,0,0.03865650296211243,dual_text,maticnetwork/pos-commit-poc
NEG_01173,0,0,0,1473,3,0.0007671133,0,0.03865650296211243,dual_text,mayurimulay789/cryptocurrency_landingpage
NEG_01176,0,0,0,1476,3,0.00034578633,0,0.03865650296211243,dual_text,mdsalman729/ethBucket
NEG_01177,0,0,0,1477,3,0.00033265975,0,0.03865650296211243,dual_text,Medicyp/NFT_Marketplace_using_Ethereum_Smart_Contracts
NEG_01179,0,0,0,1479,3,0.0004194215,0,0.03865650296211243,dual_text,mehtaAnsh/BlockChainVoting
NEG_01187,0,0,0,1487,3,0.0008930818,0,0.03865650296211243,dual_text,Merou1/Blockchain_Edh_cryptoCoin
NEG_01189,0,0,0,1489,3,0.0007963539,0,0.03865650296211243,dual_text,merynoseth/moje-wlasne-sui
NEG_01192,0,0,0,1492,3,0.0010121723,0,0.03865650296211243,dual_text,metafy-social/web3-smart-contracts
NEG_01198,0,0,0,1498,3,0.0018346765,0,0.03865650296211243,dual_text,mhxw/crypto-sdk
NEG_01204,0,0,0,1504,3,0.0014621643,0,0.03865650296211243,dual_text,microgift/my-web3-projects
NEG_01210,0,0,0,1510,3,0.002243818,0,0.03865650296211243,dual_text,mili12321/misterCrypto
NEG_01211,0,0,0,1511,3,0.0033316794,0,0.03865650296211243,dual_text,militarandroid/cybersecurity_hack
NEG_01216,0,0,0,1516,3,0.0008078819,0,0.03865650296211243,dual_text,MitchPierias/advanced-eos-examples
NEG_01222,0,0,0,1522,3,0.0009526409,0,0.03865650296211243,dual_text,modagavr/pancake-wizard
NEG_01226,0,0,0,1526,3,0.0010130106,0,0.03865650296211243,dual_text,mohitchandel/treasury-contract
NEG_01229,0,0,0,1529,3,0.00043414457,0,0.03865650296211243,dual_text,mokshyaprotocol/aptos-nft-random-mint
NEG_01244,0,0,0,1544,3,0.06505055,1,0.03865650296211243,dual_text,mrfomoweb3/nft-wallet-tracker
NEG_01245,0,0,0,1545,3,0.0016712076,0,0.03865650296211243,dual_text,MrinalSingh04/solidity-production-contracts
NEG_01261,0,0,0,1561,3,0.0005847692,0,0.03865650296211243,dual_text,multiversx/mx-sdk-dapp-sc-explorer
NEG_01271,0,0,0,1571,3,0.0026849983,0,0.03865650296211243,dual_text,mycelium-com/wallet-android
NEG_01283,0,0,0,1583,3,0.00080390705,0,0.03865650296211243,dual_text,nashidahmed/registry-core
NEG_01289,0,0,0,1589,3,0.00064613525,0,0.03865650296211243,dual_text,NCRadtke00/Web3CryptoExchange
NEG_01290,0,0,0,1590,3,0.0004767803,0,0.03865650296211243,dual_text,ndsvw/Ethereum-Web3-SmartContract-HelloWorld
NEG_01292,0,0,0,1592,3,0.0012970571,0,0.03865650296211243,dual_text,nedasma/solidity-vuln-tests
NEG_01298,0,0,0,1598,3,0.000868395,0,0.03865650296211243,dual_text,net2devcrypto/Soroban-NextJS-Vote-dApp-with-Freighter
NEG_01299,0,0,0,1599,3,0.0003833402,0,0.03865650296211243,dual_text,NetSepio/evmcontracts
NEG_01301,0,0,0,1601,3,0.06952754,1,0.03865650296211243,dual_text,Neurproject/NeurProjects
NEG_01303,0,0,0,1603,3,0.00037213572,0,0.03865650296211243,dual_text,Nexis-Network/nexis-network
NEG_01313,0,0,0,1613,3,0.000890931,0,0.03865650296211243,dual_text,nicolasdelira/Projeto-de-cria-a-de-carteiras-bitcoin-na-testnet
NEG_01317,0,0,0,1617,3,0.0006161877,0,0.03865650296211243,dual_text,nikunjtilva/cryptocoin-test-faucet-frontend
NEG_01323,0,0,0,1623,3,0.031901196,0,0.03865650296211243,dual_text,nirholas/lyra-web3-playground
NEG_01328,0,0,0,1628,3,0.0015616444,0,0.03865650296211243,dual_text,Niweera/opensear
NEG_01334,0,0,0,1634,3,0.0004891313,0,0.03865650296211243,dual_text,NodeFactoryIo/solidity-node-docker-starter
NEG_01336,0,0,0,1636,3,0.00094122277,0,0.03865650296211243,dual_text,noman-land/relike
NEG_01340,0,0,0,1640,3,0.001614063,0,0.03865650296211243,dual_text,Novus-Tech-LLC/Casino-Games
NEG_01342,0,0,0,1642,3,0.00043901583,0,0.03865650296211243,dual_text,nshmadhani/zkNFT
NEG_01344,0,0,0,1644,3,0.0007120964,0,0.03865650296211243,dual_text,null-none/django-eth-fields
NEG_01355,0,0,0,1655,3,0.00044218096,0,0.03865650296211243,dual_text,ogDAO/Optino
NEG_01361,0,0,0,1661,3,0.0010187032,0,0.03865650296211243,dual_text,okx/go-wallet-sdk
NEG_01364,0,0,0,1664,3,0.0002571648,0,0.03865650296211243,dual_text,olegerr/currency
NEG_01370,0,0,0,1670,3,0.0016921954,0,0.03865650296211243,dual_text,omsaraykar/crypto-wallet
NEG_01378,0,0,0,1678,3,0.00080390705,0,0.03865650296211243,dual_text,oparex/crypto_trader
NEG_01379,0,0,0,1679,3,0.0017335477,0,0.03865650296211243,dual_text,opencodeiiita/CryptoWallet
NEG_01380,0,0,0,1680,3,0.0010831547,0,0.03865650296211243,dual_text,opencodeiiita/Learning-Smart-Contracts
NEG_01393,0,0,0,1693,3,0.0007838013,0,0.03865650296211243,dual_text,oritwoen/ubichain
NEG_01412,0,0,0,1712,3,0.0005147534,0,0.03865650296211243,dual_text,parsaaba/FukiPay
NEG_01414,0,0,0,1714,3,0.00033899414,0,0.03865650296211243,dual_text,pat3icki/ExzoCoin-2-0
NEG_01417,0,0,0,1717,3,0.0014963597,0,0.03865650296211243,dual_text,paulgconlon/blockchain-solidity-multi-sig-wallet
NEG_01419,0,0,0,1719,3,0.00034006604,0,0.03865650296211243,dual_text,paulmillr/noble-curves
NEG_01446,0,0,0,1746,3,0.007816148,0,0.03865650296211243,dual_text,pmontaguevans/ethereum-angular6-cryptogap
NEG_01447,0,0,0,1747,3,0.00060689193,0,0.03865650296211243,dual_text,Pobepto/walle
NEG_01448,0,0,0,1748,3,0.0015377093,0,0.03865650296211243,dual_text,pointbiz/bitaddress.org
NEG_01460,0,0,0,1760,3,0.00087913114,0,0.03865650296211243,dual_text,prashantsingh55/ERC20-Tokens
NEG_01463,0,0,0,1763,3,0.0007274824,0,0.03865650296211243,dual_text,pratikshappai/cryptos
NEG_01469,0,0,0,1769,3,0.0004085059,0,0.03865650296211243,dual_text,ProgrammingPirates/Free_NFT_Drawing
NEG_01471,0,0,0,1771,3,0.001829522,0,0.03865650296211243,dual_text,ProjectOpenSea/nft-tutorial
NEG_01481,0,0,0,1781,3,0.001973621,0,0.03865650296211243,dual_text,pysznybimber/BASE-crypto-chain-killer
NEG_01490,0,0,0,1790,3,0.0009836404,0,0.03865650296211243,dual_text,QuanTumfuryxl/ethereum-arbitrage-suite-1
NEG_01493,0,0,0,1793,3,0.00087214855,0,0.03865650296211243,dual_text,Quillhash/QuillAudit_smart_contract_audit_Reports
NEG_01501,0,0,0,1801,3,0.0004573957,0,0.03865650296211243,dual_text,rafaelfgx/Blockchain
NEG_01503,0,0,0,1803,3,0.0006183765,0,0.03865650296211243,dual_text,raft-fi/contracts
NEG_01505,0,0,0,1805,3,0.0006100284,0,0.03865650296211243,dual_text,Raiden1411/zabi
NEG_01507,0,0,0,1807,3,0.0019119222,0,0.03865650296211243,dual_text,rainbow-me/rainbowkit
NEG_01510,0,0,0,1810,3,0.00044615712,0,0.03865650296211243,dual_text,Rajeshwarkanawat/CryptoWallet
NEG_01512,0,0,0,1812,3,0.007902527,0,0.03865650296211243,dual_text,Rami8612/liquidity-orchestrator
NEG_01524,0,0,0,1824,3,0.00041260512,0,0.03865650296211243,dual_text,rbubyr777/Ethereum
NEG_01532,0,0,0,1832,3,0.0008015786,0,0.03865650296211243,dual_text,RektifyAI/attack-playbook
NEG_01543,0,0,0,1843,3,0.000903538,0,0.03865650296211243,dual_text,rgab1508/cryptoTSEC
NEG_01547,0,0,0,1847,3,0.0004006594,0,0.03865650296211243,dual_text,RigoBlock/v3-contracts
NEG_01548,0,0,0,1848,3,0.00039673553,0,0.03865650296211243,dual_text,risc0/risc0-ethereum
NEG_01550,0,0,0,1850,3,0.005058887,0,0.03865650296211243,dual_text,ritikhzb/blockchain_SmartContracts
NEG_01551,0,0,0,1851,3,0.00080390705,0,0.03865650296211243,dual_text,ritwik-1994/Blockchain
NEG_01552,0,0,0,1852,3,0.0030436288,0,0.03865650296211243,dual_text,riyagoel192/Define-Blockchain-Python-
NEG_01553,0,0,0,1853,3,0.0012523744,0,0.03865650296211243,dual_text,rk98991439/Cryptocurrency-Wallet
NEG_01559,0,0,0,1859,3,0.001652107,0,0.03865650296211243,dual_text,Robin2164/nft1
NEG_01561,0,0,0,1861,3,0.0010621541,0,0.03865650296211243,dual_text,rocksanen/crypto_smart_contracts
NEG_01562,0,0,0,1862,3,0.0005314159,0,0.03865650296211243,dual_text,RocktimRajkumar/CrowdFunding-Ethereum
NEG_01565,0,0,0,1865,3,0.0007426642,0,0.03865650296211243,dual_text,rohanranjan25061996/Wallet
NEG_01566,0,0,0,1866,3,0.041019615,1,0.03865650296211243,dual_text,Rohit04052004/aave-credit-scoring-analysis
NEG_01571,0,0,0,1871,3,0.0025406603,0,0.03865650296211243,dual_text,RoseBayConsulting/Titan
NEG_01574,0,0,0,1874,3,0.0003165084,0,0.03865650296211243,dual_text,rpardela/SmartContractAPIGenerator
NEG_01580,0,0,0,1880,3,0.0028206513,0,0.03865650296211243,dual_text,rusty-web3-developer/Solana-Bitcoin-NFT-Dex-Defi-P2EGame-SmartContract-Web3-Projects
NEG_01586,0,0,0,1886,3,0.00040078795,0,0.03865650296211243,dual_text,Ryu204/crypto_rocket
NEG_01592,0,0,0,1892,3,0.0014682958,0,0.03865650296211243,dual_text,saddle-finance/saddle-frontend
NEG_01607,0,0,0,1907,3,0.0002711559,0,0.03865650296211243,dual_text,sanyamdogra/crypto-wall-et
NEG_01608,0,0,0,1908,3,0.0005971612,0,0.03865650296211243,dual_text,SarathAdhi/Online_Poll_Creator_Blockchain
NEG_01609,0,0,0,1909,3,0.0006986081,0,0.03865650296211243,dual_text,satansdeer/ethereum-token-tutorial
NEG_01613,0,0,0,1913,3,0.004474319,0,0.03865650296211243,dual_text,sava2109/Cryptography_project_PKI_smart_contract
NEG_01619,0,0,0,1919,3,0.0065191262,0,0.03865650296211243,dual_text,scholtz/wallet
NEG_01625,0,0,0,1925,3,0.00080390705,0,0.03865650296211243,dual_text,SebastienLeger02/CryptoZombies
NEG_01627,0,0,0,1927,3,0.00040700857,0,0.03865650296211243,dual_text,sebitokazu/wave-and-token-ranking-dApp
NEG_01640,0,0,0,1940,3,0.0007376672,0,0.03865650296211243,dual_text,shaikat010/Gamefi-Chess-Dapp
NEG_01642,0,0,0,1942,3,0.0008944575,0,0.03865650296211243,dual_text,Shakedash-dev/ReverseBlockChainShell
NEG_01652,0,0,0,1952,3,0.0010552709,0,0.03865650296211243,dual_text,ShivankK26/Solidity-Smart-Contracts
NEG_01657,0,0,0,1957,3,0.0038828568,0,0.03865650296211243,dual_text,shriya-upadhyay/fight-on-chain
NEG_01658,0,0,0,1958,3,0.0004678689,0,0.03865650296211243,dual_text,shubhamguptaiitd/bitcoin
NEG_01662,0,0,0,1962,3,0.00085658306,0,0.03865650296211243,dual_text,sidebetxyz/crypto-chess
NEG_01666,0,0,0,1966,3,0.00048658482,0,0.03865650296211243,dual_text,simplito/elliptic-php
NEG_01667,0,0,0,1967,3,0.00048080157,0,0.03865650296211243,dual_text,SimSimButDifferent/hardhat-defi-fcc
NEG_01668,0,0,0,1968,3,0.0015102035,0,0.03865650296211243,dual_text,sincerely91/simple-defi
NEG_01669,0,0,0,1969,3,0.00021680765,0,0.03865650296211243,dual_text,sirlopu/defi-stake-yield-brownie
NEG_01670,0,0,0,1970,3,0.0014649482,0,0.03865650296211243,dual_text,SkSamreen3/Organ-Matching-Transplantation-Blockchain-
NEG_01689,0,0,0,1989,3,0.0002571648,0,0.03865650296211243,dual_text,snannamu/E-Voting-System-Based-on-Ethereum-Blockchain-
NEG_01690,0,0,0,1990,3,0.00042198278,0,0.03865650296211243,dual_text,sntsabode/daisweb3.ts
NEG_01703,0,0,0,2003,3,0.002273598,0,0.03865650296211243,dual_text,SoshiCrmProject/btcyield-platform
NEG_01708,0,0,0,2008,3,0.002379648,0,0.03865650296211243,dual_text,spesmilo/electrum
NEG_01716,0,0,0,2016,3,0.00093385956,0,0.03865650296211243,dual_text,sripwoud/ethernaut
NEG_01719,0,0,0,2019,3,0.00030188265,0,0.03865650296211243,dual_text,Stacktical/stacktical-dsla-developer-toolkit
NEG_01720,0,0,0,2020,3,0.0008347307,0,0.03865650296211243,dual_text,stater-co/nft-lending-contracts
NEG_01737,0,0,0,2037,3,0.0005591612,0,0.03865650296211243,dual_text,sumit03guha/smart-contracts-development-boilerplate
NEG_01744,0,0,0,2044,3,0.0005679828,0,0.03865650296211243,dual_text,sunshineioxzc/nft-sales-tracking-bot
NEG_01756,0,0,0,2056,3,0.00040215557,0,0.03865650296211243,dual_text,swaponline/MultiCurrencyWallet
NEG_01761,0,0,0,2061,3,0.0008962867,0,0.03865650296211243,dual_text,Swizec/blockchain-redux
NEG_01764,0,0,0,2064,3,0.0069416286,0,0.03865650296211243,dual_text,sxnuru/FentaCode
NEG_01767,0,0,0,2067,3,0.0034281977,0,0.03865650296211243,dual_text,Synthetixio/SIPs
NEG_01778,0,0,0,2078,3,0.00037575312,0,0.03865650296211243,dual_text,tanujajoshi1/solidityContracts
NEG_01779,0,0,0,2079,3,0.00063494005,0,0.03865650296211243,dual_text,TanujJha/OpenD-NFT-Marketplace
NEG_01784,0,0,0,2084,3,0.0030436288,0,0.03865650296211243,dual_text,TasmeTime/yt-react-next-ui-crypto-nft
NEG_01786,0,0,0,2086,3,0.011968883,0,0.03865650296211243,dual_text,tayyabappoly/bitcoin-wallet-that-uses-Neutrino
NEG_01791,0,0,0,2091,3,0.0016893309,0,0.03865650296211243,dual_text,teefeh-07/DefiDungeons
NEG_01803,0,0,0,2103,3,0.0057057287,0,0.03865650296211243,dual_text,The-Poolz/LockDealNFT.Builders
NEG_01811,0,0,0,2111,3,0.0008080162,0,0.03865650296211243,dual_text,TheODDYSEY/Vending-Machine-Smart-Contract
NEG_01812,0,0,0,2112,3,0.00040908362,0,0.03865650296211243,dual_text,theshefer/NFT-lazy-minting
NEG_01815,0,0,0,2115,3,0.0024888678,0,0.03865650296211243,dual_text,thoangln/Blockchain-SmartContract
NEG_01817,0,0,0,2117,3,0.00092741504,0,0.03865650296211243,dual_text,threshold-network/tbtc-v2
NEG_01824,0,0,0,2124,3,0.00033449187,0,0.03865650296211243,dual_text,TJ-2004/dechai
NEG_01828,0,0,0,2128,3,0.0087068975,0,0.03865650296211243,dual_text,tomerweller/exp-tempo-clones
NEG_01833,0,0,0,2133,3,0.0015976592,0,0.03865650296211243,dual_text,Topten1004/DoubleDice-Platform
NEG_01840,0,0,0,2140,3,0.0021207125,0,0.03865650296211243,dual_text,tradingstrategy-ai/trade-executor
NEG_01854,0,0,0,2154,3,0.0513886,1,0.03865650296211243,dual_text,TShanku/linked-chain
NEG_01856,0,0,0,2156,3,0.00065250084,0,0.03865650296211243,dual_text,tunnckoCore/bitcoin-connect
NEG_01857,0,0,0,2157,3,0.00036253562,0,0.03865650296211243,dual_text,turbo-eth/template-bank-app
NEG_01859,0,0,0,2159,3,0.0021863482,0,0.03865650296211243,dual_text,TW2541/Solidity_Web3_Practice_Python
NEG_01870,0,0,0,2170,3,0.008560047,0,0.03865650296211243,dual_text,uhsr/CryptoSecurityToolkit
NEG_01872,0,0,0,2172,3,0.0058320537,0,0.03865650296211243,dual_text,uhsr/NftMetadataIndexerTechNext
NEG_01879,0,0,0,2179,3,0.0030346005,0,0.03865650296211243,dual_text,UssCalSst41/Xyn-SeedWatcher-Crypto-Balance-Checker-Searcher-MultiCoin
NEG_01889,0,0,0,2189,3,0.0023230398,0,0.03865650296211243,dual_text,vdsalexandre/CryptoZombies
NEG_01892,0,0,0,2192,3,0.00021680765,0,0.03865650296211243,dual_text,ved-et9/Blockchain_web3
NEG_01897,0,0,0,2197,3,0.00065160537,0,0.03865650296211243,dual_text,VeloraDEX/sdk
NEG_01910,0,0,0,2210,3,0.0049945675,0,0.03865650296211243,dual_text,vilicvane/megnat
NEG_01911,0,0,0,2211,3,0.00047471377,0,0.03865650296211243,dual_text,vinnyhoward/rn-crypto-wallet
NEG_01912,0,0,0,2212,3,0.0012089015,0,0.03865650296211243,dual_text,viperadnan-git/blockdoc
NEG_01916,0,0,0,2216,3,0.0020793027,0,0.03865650296211243,dual_text,VishviThrimavithana/crypto-arbitrage-bot
NEG_01920,0,0,0,2220,3,0.00034100882,0,0.03865650296211243,dual_text,VitalR/NFTLazyMinting
NEG_01921,0,0,0,2221,3,0.00041411218,0,0.03865650296211243,dual_text,VitalR/Uniswap
NEG_01928,0,0,0,2228,3,0.00028878424,0,0.03865650296211243,dual_text,vjgaur/NFT-Ethereum-Polygon-Marketplace
NEG_01930,0,0,0,2230,3,0.0021484687,0,0.03865650296211243,dual_text,vmeazevedo/myCrypto_MercadoBitcoin
NEG_01943,0,0,0,2243,3,0.0019753736,0,0.03865650296211243,dual_text,Walletika/walletika-contracts
NEG_01950,0,0,0,2250,3,0.00038233548,0,0.03865650296211243,dual_text,wardu/Crypto-Resources
NEG_01953,0,0,0,2253,3,0.0033723884,0,0.03865650296211243,dual_text,wcoelho/BitcoinMinerPrototype
NEG_01959,0,0,0,2259,3,0.0003165084,0,0.03865650296211243,dual_text,web3brasil/web3brasil
NEG_01962,0,0,0,2262,3,0.004903879,0,0.03865650296211243,dual_text,web3gamesofficial/web3games-contract-solidity
NEG_01963,0,0,0,2263,3,0.00033714995,0,0.03865650296211243,dual_text,web3inventor/web3-wallet-brute-force-cracking
NEG_01970,0,0,0,2270,3,0.00042624766,0,0.03865650296211243,dual_text,wencio/python_solidity_Web3_examples
NEG_01971,0,0,0,2271,3,0.17439997,1,0.03865650296211243,dual_text,westhoronhp15/HOW-TO-MINING-BTC-2025
NEG_01979,0,0,0,2279,3,0.0014831178,0,0.03865650296211243,dual_text,wizardsardine/liana
NEG_01980,0,0,0,2280,3,0.0018467552,0,0.03865650296211243,dual_text,wpdas/kibi-greeting-contract
NEG_01981,0,0,0,2281,3,0.0002153632,0,0.03865650296211243,dual_text,wsdt/WavectToken
NEG_01985,0,0,0,2285,3,0.0030264505,0,0.03865650296211243,dual_text,xabzxbt/brass-hands
NEG_01988,0,0,0,2288,3,0.00518428,0,0.03865650296211243,dual_text,xaviersins/CryptoMesh
NEG_01992,0,0,0,2292,3,0.0033910805,0,0.03865650296211243,dual_text,xeoneux/generation-blockchain-crypto-tracker
NEG_02003,0,0,0,2303,3,0.00037666247,0,0.03865650296211243,dual_text,y-chan/handmade_blockchain
NEG_02006,0,0,0,2306,3,0.00044644278,0,0.03865650296211243,dual_text,yann1ckv/Marketplace_dapp
NEG_02012,0,0,0,2312,3,0.0007078733,0,0.03865650296211243,dual_text,YassineMharrek/Phenicia-Metaverse
NEG_02022,0,0,0,2322,3,0.00035186333,0,0.03865650296211243,dual_text,yogdaan/blockchain-certification
NEG_02025,0,0,0,2325,3,0.0007686038,0,0.03865650296211243,dual_text,YosephKS/moralis-opensea-plugins
NEG_02028,0,0,0,2328,3,0.00040970315,0,0.03865650296211243,dual_text,ysongh/blockchain-on-restaurant-client
NEG_02032,0,0,0,2332,3,0.0002658341,0,0.03865650296211243,dual_text,yuzushioh/EthereumKit
NEG_02038,0,0,0,2338,3,0.00062476826,0,0.03865650296211243,dual_text,zeriontech/defi-sdk-js
NEG_02050,0,0,0,2350,3,0.00043603586,0,0.03865650296211243,dual_text,ZuInnoTe/spark-hadoopcryptoledger-ds
NEG_02051,0,0,0,2351,3,0.015045958,0,0.03865650296211243,dual_text,Zynora06JaA7/Arb-Script
F1_pumpfun_clone,1,1,0,0,4,0.8127024,1,0.17223642766475677,dual_text,2723799947qq2022/solana-pumpfun-bot
F1_pumpfun_clone,1,1,0,1,4,0.8285447,1,0.17223642766475677,dual_text,2kwkkk/solana-pumpfun-bot
F1_pumpfun_clone,1,1,0,2,4,0.8127024,1,0.17223642766475677,dual_text,790659193qqch/solana-pumpfun-bot
F1_pumpfun_clone,1,1,0,3,4,0.8127024,1,0.17223642766475677,dual_text,7arlystar/solana-pumpfun-bot
F1_pumpfun_clone,1,1,0,4,4,0.8127024,1,0.17223642766475677,dual_text,918715c83/solana-pumpfun-bot
F1_pumpfun_clone,1,1,0,6,4,0.81001204,1,0.17223642766475677,dual_text,AmirhBeigi7zch6f/solana-pumpfun-bot
F1_pumpfun_clone,1,1,0,8,4,0.8267633,1,0.17223642766475677,dual_text,asmaamohamed0264/solana-pumpfun-bot
F1_pumpfun_clone,1,1,0,9,4,0.8285447,1,0.17223642766475677,dual_text,bog-us/solana-pumpfun-bot
F1_pumpfun_clone,1,1,0,12,4,0.8127024,1,0.17223642766475677,dual_text,edparker89/solana-pumpfun-bot
F1_pumpfun_clone,1,1,0,16,4,0.82303643,1,0.17223642766475677,dual_text,ii4272/solana-pumpfun-bot
F1_pumpfun_clone,1,1,0,17,4,0.8068039,1,0.17223642766475677,dual_text,ijtye/solana-pumpfun-bot
F1_pumpfun_clone,1,1,0,18,4,0.8054535,1,0.17223642766475677,dual_text,iwanjunaids/solana-pumpfun-bot
F1_pumpfun_clone,1,1,0,19,4,0.8127024,1,0.17223642766475677,dual_text,janmalece/solana-pumpfun-bot
F1_pumpfun_clone,1,1,0,20,4,0.8127024,1,0.17223642766475677,dual_text,kay2x4/solana-pumpfun-bot
F1_pumpfun_clone,1,1,0,22,4,0.8127024,1,0.17223642766475677,dual_text,lan666as2dfur/solana-pumpfun-bot
F1_pumpfun_clone,1,1,0,23,4,0.81993663,1,0.17223642766475677,dual_text,loveccat/solana-pumpfun-bot
F1_pumpfun_clone,1,1,0,24,4,0.8127024,1,0.17223642766475677,dual_text,lukgria/solana-pumpfun-bot
F1_pumpfun_clone,1,1,0,25,4,0.81001204,1,0.17223642766475677,dual_text,mdemetrial26rvk9w/solana-pumpfun-bot
F1_pumpfun_clone,1,1,0,31,4,0.82740295,1,0.17223642766475677,dual_text,oumengwas/solana-pumpfun-bot
F1_pumpfun_clone,1,1,0,32,4,0.8127024,1,0.17223642766475677,dual_text,Rain-Rave5/solana-pumpfun-bot
F1_pumpfun_clone,1,1,0,38,4,0.8068039,1,0.17223642766475677,dual_text,wc64561673347375/solana-pumpfun-bot
F1_pumpfun_clone,1,1,0,39,4,0.8285447,1,0.17223642766475677,dual_text,wj6942/solana-pumpfun-bot
F1_pumpfun_clone,1,1,0,40,4,0.8068039,1,0.17223642766475677,dual_text,xnaotutu77765/solana-pumpfun-bot
F1_pumpfun_clone,1,1,0,42,4,0.8127024,1,0.17223642766475677,dual_text,yvagSirKt/solana-pumpfun-bot
F1_pumpfun_clone,1,0,1,45,4,0.80240667,1,0.17223642766475677,dual_text,2723799947qq2022t/solana-pumpfun-bot
F1_pumpfun_clone,1,0,1,46,4,0.82757187,1,0.17223642766475677,dual_text,2kwkk/solana-pumpfun-bot
F1_pumpfun_clone,1,0,1,47,4,0.8116603,1,0.17223642766475677,dual_text,790659193qqch2/solana-pumpfun-bot
F1_pumpfun_clone,1,0,1,48,4,0.8127024,1,0.17223642766475677,dual_text,7arlysta/solana-pumpfun-bot
F1_pumpfun_clone,1,0,1,49,4,0.8116603,1,0.17223642766475677,dual_text,918715c8/solana-pumpfun-bot
F1_pumpfun_clone,1,0,1,50,4,0.815835,1,0.17223642766475677,dual_text,AmirhBeigi7zch6ff/solana-pumpfun-bot
F1_pumpfun_clone,1,0,1,51,4,0.8248074,1,0.17223642766475677,dual_text,asmaamohamed0264a/solana-pumpfun-bot
F1_pumpfun_clone,1,0,1,52,4,0.81993663,1,0.17223642766475677,dual_text,bogus/solana-pumpfun-bot
F1_pumpfun_clone,1,0,1,53,4,0.8127024,1,0.17223642766475677,dual_text,edparker89t/solana-pumpfun-bot
F1_pumpfun_clone,1,0,1,54,4,0.8121485,1,0.17223642766475677,dual_text,ii427/solana-pumpfun-bot
F1_pumpfun_clone,1,0,1,55,4,0.7973713,1,0.17223642766475677,dual_text,ijty/solana-pumpfun-bot
F1_pumpfun_clone,1,0,1,56,4,0.8054535,1,0.17223642766475677,dual_text,iwanjunaid/solana-pumpfun-bot
F1_pumpfun_clone,1,0,1,57,4,0.8013322,1,0.17223642766475677,dual_text,janmalece2/solana-pumpfun-bot
F1_pumpfun_clone,1,0,1,58,4,0.8116603,1,0.17223642766475677,dual_text,kay2x42/solana-pumpfun-bot
F1_pumpfun_clone,1,0,1,59,4,0.8127024,1,0.17223642766475677,dual_text,lan666as2dfu/solana-pumpfun-bot
F1_pumpfun_clone,1,0,1,60,4,0.8189258,1,0.17223642766475677,dual_text,loveccat2/solana-pumpfun-bot
F1_pumpfun_clone,1,0,1,61,4,0.8116603,1,0.17223642766475677,dual_text,lukgrial/solana-pumpfun-bot
F1_pumpfun_clone,1,0,1,62,4,0.8089585,1,0.17223642766475677,dual_text,mdemetrial26rvk9wz/solana-pumpfun-bot
F1_pumpfun_clone,1,0,1,63,4,0.8264251,1,0.17223642766475677,dual_text,oumengwas2/solana-pumpfun-bot
F1_pumpfun_clone,1,0,1,64,4,0.8127024,1,0.17223642766475677,dual_text,RainRave5/solana-pumpfun-bot
F1_pumpfun_clone,1,0,1,65,4,0.7973713,1,0.17223642766475677,dual_text,wc645616733473752/solana-pumpfun-bot
F1_pumpfun_clone,1,0,1,66,4,0.8256233,1,0.17223642766475677,dual_text,wj69422/solana-pumpfun-bot
F1_pumpfun_clone,1,0,1,67,4,0.80359995,1,0.17223642766475677,dual_text,xnaotutu777652/solana-pumpfun-bot
F1_pumpfun_clone,1,0,1,68,4,0.8127024,1,0.17223642766475677,dual_text,yvagSirKt6/solana-pumpfun-bot
F1_pumpfun_clone,1,0,1,69,4,0.8106242,1,0.17223642766475677,dual_text,2723799947qq202/solana-pumpfun-bot
F1_pumpfun_clone,1,0,1,70,4,0.8189258,1,0.17223642766475677,dual_text,2kwkkk2/solana-pumpfun-bot
F1_pumpfun_clone,1,0,1,71,4,0.8127024,1,0.17223642766475677,dual_text,790659193qqch3/solana-pumpfun-bot
F1_pumpfun_clone,1,0,1,72,4,0.80348766,1,0.17223642766475677,dual_text,7arlystart/solana-pumpfun-bot
F1_pumpfun_clone,1,0,1,73,4,0.8116603,1,0.17223642766475677,dual_text,918715c832/solana-pumpfun-bot
F1_pumpfun_clone,1,0,1,74,4,0.81001204,1,0.17223642766475677,dual_text,AmirhBeigi7zch6f2/solana-pumpfun-bot
F1_pumpfun_clone,1,0,1,75,4,0.8267633,1,0.17223642766475677,dual_text,asmaamohamed026/solana-pumpfun-bot
F1_pumpfun_clone,1,0,1,76,4,0.8285447,1,0.17223642766475677,dual_text,bogusyc/solana-pumpfun-bot
F1_pumpfun_clone,1,0,1,77,4,0.8095732,1,0.17223642766475677,dual_text,edparker8/solana-pumpfun-bot
F1_pumpfun_clone,1,0,1,78,4,0.82303643,1,0.17223642766475677,dual_text,ii4273/solana-pumpfun-bot
F1_pumpfun_clone,1,0,1,79,4,0.8068039,1,0.17223642766475677,dual_text,ijtye2/solana-pumpfun-bot
F1_pumpfun_clone,1,0,1,80,4,0.7926342,1,0.17223642766475677,dual_text,iwanjunaidst/solana-pumpfun-bot
NEG_00004,0,0,0,304,4,0.07478761,0,0.17223642766475677,dual_text,0x-Crisbanks/panda-Web3-smart-contract-auditor-
NEG_00009,0,0,0,309,4,0.0021457155,0,0.17223642766475677,dual_text,0xDeadList/0xDeadList
NEG_00011,0,0,0,311,4,0.0008706465,0,0.17223642766475677,dual_text,0xefrain/Bsc-bootcamp
NEG_00016,0,0,0,316,4,0.007449631,0,0.17223642766475677,dual_text,0xhappydev/evm-explorer-uniswap
NEG_00017,0,0,0,317,4,0.002305565,0,0.17223642766475677,dual_text,0xinevitable/bento
NEG_00019,0,0,0,319,4,0.001022981,0,0.17223642766475677,dual_text,0xJonaseb11/Meta-suite
NEG_00022,0,0,0,322,4,0.0014454371,0,0.17223642766475677,dual_text,0xLabs-Org/DeHarvest
NEG_00028,0,0,0,328,4,0.000647609,0,0.17223642766475677,dual_text,0xRajkumar/damn-vulnerable-defi-solutions
NEG_00035,0,0,0,335,4,0.0015746941,0,0.17223642766475677,dual_text,10gic/vanitygen-plusplus
NEG_00036,0,0,0,336,4,0.0009875096,0,0.17223642766475677,dual_text,1200wd/bitcoinlib
NEG_00038,0,0,0,338,4,0.0038943917,0,0.17223642766475677,dual_text,1Crazymoney/ethNearMarketplace
NEG_00046,0,0,0,346,4,0.0015898728,0,0.17223642766475677,dual_text,6sl3pt/ethereum-data-analytics
NEG_00050,0,0,0,350,4,0.0033989244,0,0.17223642766475677,dual_text,a3igner/dixie-coin
NEG_00057,0,0,0,357,4,0.001379444,0,0.17223642766475677,dual_text,aave/governance-crosschain-bridges
NEG_00061,0,0,0,361,4,0.007378967,0,0.17223642766475677,dual_text,abdurrazzak5621/neonops-ai
NEG_00062,0,0,0,362,4,0.00458148,0,0.17223642766475677,dual_text,abhi-rawal/aave_credit_scoring
NEG_00075,0,0,0,375,4,0.0017923333,0,0.17223642766475677,dual_text,adameth2900/ETH
NEG_00079,0,0,0,379,4,0.0021123549,0,0.17223642766475677,dual_text,adilsachwani/web3ForSmartContracts
NEG_00089,0,0,0,389,4,0.11606261,0,0.17223642766475677,dual_text,Adrijan-Petek/onchain-nft-art
NEG_00090,0,0,0,390,4,0.008844704,0,0.17223642766475677,dual_text,Adrijan-Petek/portfolio-tracker-pnl
NEG_00093,0,0,0,393,4,0.0012536359,0,0.17223642766475677,dual_text,adwait2001/Mint-NFT
NEG_00108,0,0,0,408,4,0.042703453,0,0.17223642766475677,dual_text,ahmedali8/solspeakai
NEG_00114,0,0,0,414,4,0.0016758067,0,0.17223642766475677,dual_text,AidosKuneen/aidos-wallet-v1
NEG_00116,0,0,0,416,4,0.006719494,0,0.17223642766475677,dual_text,aiLeonardo/cryptotips
NEG_00119,0,0,0,419,4,0.001207291,0,0.17223642766475677,dual_text,Ajitabh-Kalia/Ethereum-Wallet
NEG_00127,0,0,0,427,4,0.0031706325,0,0.17223642766475677,dual_text,akshit0201/Web3-Ethereum
NEG_00133,0,0,0,433,4,0.0016476371,0,0.17223642766475677,dual_text,alejoacosta74/ethereum-farming-example
NEG_00145,0,0,0,445,4,0.0010978418,0,0.17223642766475677,dual_text,alfonsrv/crypto-tracker
NEG_00149,0,0,0,449,4,0.0017869428,0,0.17223642766475677,dual_text,aliezzahn/crypto-price-correlation-matrix
NEG_00153,0,0,0,453,4,0.00091442594,0,0.17223642766475677,dual_text,alisidaniel/Defi
NEG_00154,0,0,0,454,4,0.020722948,0,0.17223642766475677,dual_text,alissonfernandes/bitcoin-wallet
NEG_00157,0,0,0,457,4,0.013513022,0,0.17223642766475677,dual_text,aloshai/aequi-monorepo
NEG_00159,0,0,0,459,4,0.0010178563,0,0.17223642766475677,dual_text,alpdevcode/ethereum-multisig-wallet
NEG_00169,0,0,0,469,4,0.0025492834,0,0.17223642766475677,dual_text,Amr-9/HexHunter
NEG_00172,0,0,0,472,4,0.0018704721,0,0.17223642766475677,dual_text,AnalytixAudit/Solidity
NEG_00176,0,0,0,476,4,0.00090315077,0,0.17223642766475677,dual_text,andreitoma8/legendary-owls-smart-contract
NEG_00180,0,0,0,480,4,0.0007764628,0,0.17223642766475677,dual_text,angelcatanzariti1/web3_py_example
NEG_00190,0,0,0,490,4,0.0008719761,0,0.17223642766475677,dual_text,antoniopgs/tangible
NEG_00191,0,0,0,491,4,0.0091155665,0,0.17223642766475677,dual_text,anudeeep4/Decentralized-Identity-Project
NEG_00217,0,0,0,517,4,0.0033333753,0,0.17223642766475677,dual_text,Arowolokehinde/STX-TIP
NEG_00223,0,0,0,523,4,0.0012024317,0,0.17223642766475677,dual_text,arthur0725/CryptoZombie
NEG_00234,0,0,0,534,4,0.001190431,0,0.17223642766475677,dual_text,AshutoshShekharProjects/Blockchain-Solidity
NEG_00245,0,0,0,545,4,0.0014538212,0,0.17223642766475677,dual_text,AuxillaryLord/Smart-Contracts
NEG_00255,0,0,0,555,4,0.002505486,0,0.17223642766475677,dual_text,azerpas/prescurity-blockchain
NEG_00257,0,0,0,557,4,0.00080269756,0,0.17223642766475677,dual_text,Baat-Maan/defiBasic
NEG_00263,0,0,0,563,4,0.038895965,0,0.17223642766475677,dual_text,balancer/scaffold-balancer-v3
NEG_00264,0,0,0,564,4,0.0006356109,0,0.17223642766475677,dual_text,balive053/blockchainFromScratch
NEG_00268,0,0,0,568,4,0.00075798173,0,0.17223642766475677,dual_text,bansaltushar014/Chapter-Solidity
NEG_00278,0,0,0,578,4,0.008616627,0,0.17223642766475677,dual_text,beeman/solana-mobile-seeker-genesis-holders
NEG_00284,0,0,0,584,4,0.0024038923,0,0.17223642766475677,dual_text,benzemeze1-art/nft-rarity-tracker-2
NEG_00301,0,0,0,601,4,0.005100871,0,0.17223642766475677,dual_text,bitcoin-flasher/flasher-smart-contracts
NEG_00304,0,0,0,604,4,0.00079660997,0,0.17223642766475677,dual_text,bitcoinaverage/api-integration-examples
NEG_00313,0,0,0,613,4,0.0011097832,0,0.17223642766475677,dual_text,blakewood84/react-metamask-medium
NEG_00320,0,0,0,620,4,0.0015636941,0,0.17223642766475677,dual_text,Blockchain-for-Developers/sp18-midterm-pt2
NEG_00335,0,0,0,635,4,0.0018076719,0,0.17223642766475677,dual_text,Bottom-Labs/wallet-core
NEG_00338,0,0,0,638,4,0.0007181666,0,0.17223642766475677,dual_text,BraianVaylet/buildspace-epic-nfts-ui
NEG_00340,0,0,0,640,4,0.0018278317,0,0.17223642766475677,dual_text,brendanjryan/crypto-keystore-rs
NEG_00347,0,0,0,647,4,0.0034941218,0,0.17223642766475677,dual_text,btcsuite/btcwallet
NEG_00356,0,0,0,656,4,0.057281792,0,0.17223642766475677,dual_text,Bytez3/MEDiscordBuySell
NEG_00357,0,0,0,657,4,0.0031383634,0,0.17223642766475677,dual_text,bzthelmaeddins54/headlee
NEG_00369,0,0,0,669,4,0.0017964767,0,0.17223642766475677,dual_text,carlosgauci/crypto-track
NEG_00372,0,0,0,672,4,0.0012755588,0,0.17223642766475677,dual_text,catze-labs/jury-dao-web
NEG_00373,0,0,0,673,4,0.00091220427,0,0.17223642766475677,dual_text,cawfree/web3-react-native
NEG_00386,0,0,0,686,4,0.0031666127,0,0.17223642766475677,dual_text,charlo1492charlo14928/NFT-Yield-Farming
NEG_00389,0,0,0,689,4,0.0032929638,0,0.17223642766475677,dual_text,chauhan-varun/Account-abstraction
NEG_00395,0,0,0,695,4,0.001617308,0,0.17223642766475677,dual_text,Chirag21/CryptoZombies-solidity-v0.8.16
NEG_00396,0,0,0,696,4,0.0010853357,0,0.17223642766475677,dual_text,chjj/mako
NEG_00399,0,0,0,699,4,0.050038025,0,0.17223642766475677,dual_text,ChocoChichia/bitcoin-wallet
NEG_00407,0,0,0,707,4,0.0009541925,0,0.17223642766475677,dual_text,CJpaekil/nft-marketplace-ERC721
NEG_00412,0,0,0,712,4,0.00069437036,0,0.17223642766475677,dual_text,ClusterH/Memories-NFT
NEG_00417,0,0,0,717,4,0.0025345953,0,0.17223642766475677,dual_text,Code-Decoders/specter-defi-near
NEG_00431,0,0,0,731,4,0.0010551579,0,0.17223642766475677,dual_text,CoinSpace/CoinSpace
NEG_00443,0,0,0,743,4,0.0041215504,0,0.17223642766475677,dual_text,Consensys/defi-score
NEG_00444,0,0,0,744,4,0.004399373,0,0.17223642766475677,dual_text,Consensys/eth-lightwallet
NEG_00449,0,0,0,749,4,0.0017635192,0,0.17223642766475677,dual_text,coti-io/coti-ethers
NEG_00454,0,0,0,754,4,0.002449395,0,0.17223642766475677,dual_text,Cr0mb/Crypto-Sweeper
NEG_00456,0,0,0,756,4,0.004343413,0,0.17223642766475677,dual_text,craftBrainLLC/ethereum-indexer
NEG_00460,0,0,0,760,4,0.0040118913,0,0.17223642766475677,dual_text,critfinds/Web3CRIT-Scanner
NEG_00470,0,0,0,770,4,0.0024709383,0,0.17223642766475677,dual_text,CryptoApex23/mnemonic-balance-checker
NEG_00473,0,0,0,773,4,0.0023919323,0,0.17223642766475677,dual_text,cryptodance/cryptodance-backend
NEG_00475,0,0,0,775,4,0.00096062233,0,0.17223642766475677,dual_text,CryptoFist/MemeMarketplace-contract
NEG_00476,0,0,0,776,4,0.016002126,0,0.17223642766475677,dual_text,cryptoforge318/NFT-Marketplace
NEG_00487,0,0,0,787,4,0.0019469878,0,0.17223642766475677,dual_text,curvefi/curve-contract
NEG_00489,0,0,0,789,4,0.0074066063,0,0.17223642766475677,dual_text,cyforge/Orbis-Wallet
NEG_00491,0,0,0,791,4,0.0014942196,0,0.17223642766475677,dual_text,cypherpunk-symposium/web3-starter-rs
NEG_00496,0,0,0,796,4,0.0024905212,0,0.17223642766475677,dual_text,d3or/eth-vanity-gen
NEG_00498,0,0,0,798,4,0.0039923084,0,0.17223642766475677,dual_text,Dakii03/crypto-project-v2
NEG_00499,0,0,0,799,4,0.003297554,0,0.17223642766475677,dual_text,dalloglio/nft-pokemon
NEG_00501,0,0,0,801,4,0.0014320995,0,0.17223642766475677,dual_text,Daltonic/dappFundsX
NEG_00504,0,0,0,804,4,0.001274509,0,0.17223642766475677,dual_text,DanielDimitrov5/NFT-Marketplace-FE
NEG_00511,0,0,0,811,4,0.00090415555,0,0.17223642766475677,dual_text,dapperlabs/dapper-contracts
NEG_00512,0,0,0,812,4,0.0013616015,0,0.17223642766475677,dual_text,DappFactory/CryptoTrivia
NEG_00515,0,0,0,815,4,0.0008381239,0,0.17223642766475677,dual_text,DappioLab/navigator
NEG_00517,0,0,0,817,4,0.0034555509,0,0.17223642766475677,dual_text,dappteacher/smart-contract-audit-portfolio
NEG_00521,0,0,0,821,4,0.0037048406,0,0.17223642766475677,dual_text,Darkbladecr/cryptoWallet
NEG_00537,0,0,0,837,4,0.002409972,0,0.17223642766475677,dual_text,Deed3Labs/Protocol-DApp
NEG_00539,0,0,0,839,4,0.002206764,0,0.17223642766475677,dual_text,Deeppanchal2108/metaflex-nft-lab
NEG_00546,0,0,0,846,4,0.0013705166,0,0.17223642766475677,dual_text,defiprime/defiprime1
NEG_00559,0,0,0,859,4,0.0012339642,0,0.17223642766475677,dual_text,DePayFi/widgets
NEG_00568,0,0,0,868,4,0.002021396,0,0.17223642766475677,dual_text,develrocket/NFT-Smart-Contract
NEG_00569,0,0,0,869,4,0.0068765576,0,0.17223642766475677,dual_text,DevJihwan/SmartContractSample_RentCar
NEG_00574,0,0,0,874,4,0.0035986993,0,0.17223642766475677,dual_text,dgrmunch/docuten-blockchain-proof-dapp
NEG_00580,0,0,0,880,4,0.00067089056,0,0.17223642766475677,dual_text,dhiraj0911/defi-uniswap
NEG_00587,0,0,0,887,4,0.3463934,1,0.17223642766475677,dual_text,Dineshv0311/Web3.0-CryptoTransfer
NEG_00595,0,0,0,895,4,0.0037384683,0,0.17223642766475677,dual_text,dmakarov-dev/Ethereum-Solidity-token
NEG_00604,0,0,0,904,4,0.08646433,0,0.17223642766475677,dual_text,dozerokz/polymarket_monitor
NEG_00606,0,0,0,906,4,0.0025850504,0,0.17223642766475677,dual_text,drips-network/app
NEG_00616,0,0,0,916,4,0.001823827,0,0.17223642766475677,dual_text,dvinubius/tiny-multisig-typescript
NEG_00625,0,0,0,925,4,0.0017327969,0,0.17223642766475677,dual_text,EjaraApp/trustdart
NEG_00633,0,0,0,933,4,0.0017788673,0,0.17223642766475677,dual_text,elxor/jetum-wallet
NEG_00635,0,0,0,935,4,0.0015626998,0,0.17223642766475677,dual_text,EmanHerawy/web3Drive
NEG_00652,0,0,0,952,4,0.001416638,0,0.17223642766475677,dual_text,EnridoZanoge/Layer-1
NEG_00653,0,0,0,953,4,0.002952627,0,0.17223642766475677,dual_text,enzymefinance/protocol
NEG_00655,0,0,0,955,4,0.07615425,0,0.17223642766475677,dual_text,epacrypt25/Web3BlockchainVooting
NEG_00656,0,0,0,956,4,0.10568229,0,0.17223642766475677,dual_text,EpicVillage/Ore-Blue-Miner
NEG_00657,0,0,0,957,4,0.000807967,0,0.17223642766475677,dual_text,eprbell/dali-rp2
NEG_00658,0,0,0,958,4,0.00090942887,0,0.17223642766475677,dual_text,eprbell/rp2
NEG_00662,0,0,0,962,4,0.0027857265,0,0.17223642766475677,dual_text,ernestognw/ethereum_signature
NEG_00667,0,0,0,967,4,0.0009719002,0,0.17223642766475677,dual_text,EtherAuthority/Portfolio
NEG_00671,0,0,0,971,4,0.00628462,0,0.17223642766475677,dual_text,Ethernal-Tech/bridge-web-test-suite
NEG_00675,0,0,0,975,4,0.0032344656,0,0.17223642766475677,dual_text,ETsCalrskj/Kypt-MultiSig-Wallet-Transactions-Tron-Ethereum
NEG_00684,0,0,0,984,4,0.0012644503,0,0.17223642766475677,dual_text,exactly/liquidation-bot
NEG_00685,0,0,0,985,4,0.0012250539,0,0.17223642766475677,dual_text,exactly/protocol
NEG_00689,0,0,0,989,4,0.00070992816,0,0.17223642766475677,dual_text,Expandergraph/crypto-crawler
NEG_00690,0,0,0,990,4,0.01494187,0,0.17223642766475677,dual_text,ExpertVagabond/mango-v4
NEG_00696,0,0,0,996,4,0.0012022526,0,0.17223642766475677,dual_text,FACINGS/collection-manager
NEG_00697,0,0,0,997,4,0.02482802,0,0.17223642766475677,dual_text,fadedreams/wallet_go_blockchain_concepts
NEG_00703,0,0,0,1003,4,0.0019385057,0,0.17223642766475677,dual_text,Farber98/MultiSigWallet
NEG_00708,0,0,0,1008,4,0.0014143526,0,0.17223642766475677,dual_text,feeeei/vanity-generator
NEG_00713,0,0,0,1013,4,0.003070069,0,0.17223642766475677,dual_text,FIFA0313/sui-mcp-server-wallet-management
NEG_00717,0,0,0,1017,4,0.0010428564,0,0.17223642766475677,dual_text,FIT-DNU/Blockchain-Technology
NEG_00726,0,0,0,1026,4,0.0025881443,0,0.17223642766475677,dual_text,formysister/crosschain-mixer-solidity
NEG_00728,0,0,0,1028,4,0.1428038,0,0.17223642766475677,dual_text,foxxcn/Arkham_API_test
NEG_00731,0,0,0,1031,4,0.002425528,0,0.17223642766475677,dual_text,frankiefab100/Blockchain-Development-Resources
NEG_00732,0,0,0,1032,4,0.00095550297,0,0.17223642766475677,dual_text,frankiefab100/Web3.0-Roadmap
NEG_00734,0,0,0,1034,4,0.0013929397,0,0.17223642766475677,dual_text,FrederikBolding/chainlist
NEG_00735,0,0,0,1035,4,0.0015909132,0,0.17223642766475677,dual_text,freight-trust/deployments-solidity
NEG_00738,0,0,0,1038,4,0.00087295333,0,0.17223642766475677,dual_text,FriendlyUser/solidity-smart-contracts
NEG_00739,0,0,0,1039,4,0.0029367218,0,0.17223642766475677,dual_text,FujiwaraChoki/CoinWizard
NEG_00740,0,0,0,1040,4,0.005207038,0,0.17223642766475677,dual_text,fullstack-development/blockchain-wiki-en
NEG_00750,0,0,0,1050,4,0.0075978404,0,0.17223642766475677,dual_text,gear5labs/chenpilot
NEG_00753,0,0,0,1053,4,0.0007454441,0,0.17223642766475677,dual_text,Generic35/Ethereum-Wallet-Dai-Token-Clone
NEG_00758,0,0,0,1058,4,0.026268056,0,0.17223642766475677,dual_text,gfsxyz/lamina
NEG_00760,0,0,0,1060,4,0.00090181053,0,0.17223642766475677,dual_text,GHODA-crypto/shatranj
NEG_00761,0,0,0,1061,4,0.0047853966,0,0.17223642766475677,dual_text,ghulamrabbanimedium-dotcom/VerseBet-dapp
NEG_00768,0,0,0,1068,4,0.0069502494,0,0.17223642766475677,dual_text,gmh5225/awesome-crypto-wallet-address
NEG_00773,0,0,0,1073,4,0.001894915,0,0.17223642766475677,dual_text,GobyWallet/openapi
NEG_00783,0,0,0,1083,4,0.001402079,0,0.17223642766475677,dual_text,GridexProtocol/core
NEG_00784,0,0,0,1084,4,0.0018058325,0,0.17223642766475677,dual_text,gridgentoo/graph-node
NEG_00789,0,0,0,1089,4,0.005019828,0,0.17223642766475677,dual_text,GuiTeK/bip39-splitter
NEG_00790,0,0,0,1090,4,0.000975976,0,0.17223642766475677,dual_text,guoshijiang/blockchain-wallet-sdk
NEG_00801,0,0,0,1101,4,0.00080548506,0,0.17223642766475677,dual_text,HadhemiBM/SmartContract_NFT-Marketplace
NEG_00814,0,0,0,1114,4,0.0008418883,0,0.17223642766475677,dual_text,HarryR/shwop
NEG_00822,0,0,0,1122,4,0.0009712555,0,0.17223642766475677,dual_text,HashLips/nft_collection_minter
NEG_00823,0,0,0,1123,4,0.002290841,0,0.17223642766475677,dual_text,HassanA632/blockchain-wallet-risk-analyser
NEG_00825,0,0,0,1125,4,0.001791009,0,0.17223642766475677,dual_text,haxpor/contractdiff
NEG_00826,0,0,0,1126,4,0.0029418445,0,0.17223642766475677,dual_text,haxpor/inoutflow
NEG_00827,0,0,0,1127,4,0.0117159495,0,0.17223642766475677,dual_text,hclivess/qtrader
NEG_00828,0,0,0,1128,4,0.0022268242,0,0.17223642766475677,dual_text,hdwaIIet-io/python-hdwallet
NEG_00830,0,0,0,1130,4,0.0026722206,0,0.17223642766475677,dual_text,henesaud/bitcoin-cryptography
NEG_00833,0,0,0,1133,4,0.0019806016,0,0.17223642766475677,dual_text,hiero-ledger/hiero-consensus-node
NEG_00837,0,0,0,1137,4,0.0013798868,0,0.17223642766475677,dual_text,HimanshuGupta-p1/ETHIFY
NEG_00848,0,0,0,1148,4,0.0011834083,0,0.17223642766475677,dual_text,horizontalsystems/bitcoin-kit-android
NEG_00850,0,0,0,1150,4,0.001011394,0,0.17223642766475677,dual_text,horizontalsystems/ethereum-kit-android
NEG_00851,0,0,0,1151,4,0.000997522,0,0.17223642766475677,dual_text,horizontalsystems/unstoppable-wallet-android
NEG_00852,0,0,0,1152,4,0.0010231512,0,0.17223642766475677,dual_text,horizontalsystems/unstoppable-wallet-ios
NEG_00853,0,0,0,1153,4,0.0011566877,0,0.17223642766475677,dual_text,hoseadevops/edec-nft-market
NEG_00866,0,0,0,1166,4,0.008927245,0,0.17223642766475677,dual_text,hzblab/NFT-Minting-dApp
NEG_00868,0,0,0,1168,4,0.00091894186,0,0.17223642766475677,dual_text,iamnotstatic/multichain-crypto-wallet
NEG_00872,0,0,0,1172,4,0.0047596907,0,0.17223642766475677,dual_text,IBM/loyalty-points-evm-fabric
NEG_00875,0,0,0,1175,4,0.0024526292,0,0.17223642766475677,dual_text,IcarusCan/CryptoSimsNFT
NEG_00876,0,0,0,1176,4,0.00085542287,0,0.17223642766475677,dual_text,icebert04/Defi-Dashboard
NEG_00882,0,0,0,1182,4,0.042934895,0,0.17223642766475677,dual_text,illia-fz/defi-python-nft-staking-rewards-v2
NEG_00884,0,0,0,1184,4,0.0025217193,0,0.17223642766475677,dual_text,ilyarolf/AiogramShopBot
NEG_00885,0,0,0,1185,4,0.00175486,0,0.17223642766475677,dual_text,imanmousaei/coinexpy
NEG_00890,0,0,0,1190,4,0.0033935,0,0.17223642766475677,dual_text,Infinite-Null/Wallet-Master
NEG_00894,0,0,0,1194,4,0.001445163,0,0.17223642766475677,dual_text,instant-coffee/cryptoZombies
NEG_00895,0,0,0,1195,4,0.015482221,0,0.17223642766475677,dual_text,invis2912/TokenTrail
NEG_00902,0,0,0,1202,4,0.0011965391,0,0.17223642766475677,dual_text,itsSauravK/Election-Voting-Blockchain
NEG_00908,0,0,0,1208,4,0.0050564394,0,0.17223642766475677,dual_text,Iwai88961997/Electrum-Fake-Balance
NEG_00911,0,0,0,1211,4,0.0006906323,0,0.17223642766475677,dual_text,jaayperez/coin
NEG_00912,0,0,0,1212,4,0.0014314272,0,0.17223642766475677,dual_text,jackey1510/MyNFT
NEG_00919,0,0,0,1219,4,0.0008682635,0,0.17223642766475677,dual_text,JacobZavita/nfts-react
NEG_00920,0,0,0,1220,4,0.00095618184,0,0.17223642766475677,dual_text,jagadeeshgatla/simple-cryptocurrency-wallet
NEG_00924,0,0,0,1224,4,0.0011068222,0,0.17223642766475677,dual_text,jamaltheatlantean/DeFi-Staking
NEG_00927,0,0,0,1227,4,0.00083169027,0,0.17223642766475677,dual_text,JamesANZ/learn-solidity-with-examples
NEG_00933,0,0,0,1233,4,0.39052564,1,0.17223642766475677,dual_text,Jared351/Blockchain-crypto-currencies
NEG_00934,0,0,0,1234,4,0.0012794842,0,0.17223642766475677,dual_text,jarrettyew/web3.0
NEG_00935,0,0,0,1235,4,0.0010361795,0,0.17223642766475677,dual_text,jarrodwatts/evmkit
NEG_00945,0,0,0,1245,4,0.0010169486,0,0.17223642766475677,dual_text,jdogresorg/freewallet
NEG_00947,0,0,0,1247,4,0.0006553312,0,0.17223642766475677,dual_text,jeet-patel313/NFTStaking
NEG_00953,0,0,0,1253,4,0.0022586295,0,0.17223642766475677,dual_text,jenil04/auction
NEG_00958,0,0,0,1258,4,0.0018304583,0,0.17223642766475677,dual_text,jitendragangwar123/Crowd-Sale-ICO-Dapp
NEG_00959,0,0,0,1259,4,0.00062037027,0,0.17223642766475677,dual_text,jitendragangwar123/Crypto-Zombies-Game
NEG_00961,0,0,0,1261,4,0.001628583,0,0.17223642766475677,dual_text,jjanczur/SolidityDrive
NEG_00967,0,0,0,1267,4,0.0008529376,0,0.17223642766475677,dual_text,johnnyshankman/xtznftswap-contracts
NEG_00969,0,0,0,1269,4,0.002668548,0,0.17223642766475677,dual_text,jokeradms/Electrum-ADA
NEG_00970,0,0,0,1270,4,0.0011061197,0,0.17223642766475677,dual_text,jolly-roger-eth/ethereum-indexer
NEG_00971,0,0,0,1271,4,0.0016007159,0,0.17223642766475677,dual_text,Jolsho/eth_wallet
NEG_00977,0,0,0,1277,4,0.30182126,1,0.17223642766475677,dual_text,joshH94/NFT-Marketplace-Solidity-Hardhat-NexJS-Web3js-Tailwind
NEG_00980,0,0,0,1280,4,0.0008364083,0,0.17223642766475677,dual_text,jp-co-decoo-shirato/solidity-cryptozombies
NEG_00991,0,0,0,1291,4,0.005771785,0,0.17223642766475677,dual_text,jun1sen1/solidityone1
NEG_00992,0,0,0,1292,4,0.0007817579,0,0.17223642766475677,dual_text,Juniorduc44/brownie_fund_me
NEG_00996,0,0,0,1296,4,0.0015578542,0,0.17223642766475677,dual_text,k1-c/ethereum-wallet-manager
NEG_01002,0,0,0,1302,4,0.014485672,0,0.17223642766475677,dual_text,karmaizmyb1tch/Crypto-Wallet
NEG_01003,0,0,0,1303,4,0.007474292,0,0.17223642766475677,dual_text,kartik78946/Bank-Wallet-SmartContract
NEG_01008,0,0,0,1308,4,0.00076459796,0,0.17223642766475677,dual_text,kausikds/ethereum-onChain-wallet
NEG_01011,0,0,0,1311,4,0.0032191454,0,0.17223642766475677,dual_text,kaymen99/uniswap-sushiswap-arbitrage
NEG_01015,0,0,0,1315,4,0.0012738566,0,0.17223642766475677,dual_text,keewenaw/Ethereum-Wallet-Cracker
NEG_01019,0,0,0,1319,4,0.003295624,0,0.17223642766475677,dual_text,Kelvyne/starknet-storage-proof-solidity
NEG_01024,0,0,0,1324,4,0.00092887547,0,0.17223642766475677,dual_text,kerala-blockchain-academy/SmartKYC
NEG_01031,0,0,0,1331,4,0.03157769,0,0.17223642766475677,dual_text,Keya-Moradi/Cryptopunk
NEG_01032,0,0,0,1332,4,0.0036490075,0,0.17223642766475677,dual_text,keyhunters/Biggest-Lost-Bitcoin-Wallets-List
NEG_01035,0,0,0,1335,4,0.0012770905,0,0.17223642766475677,dual_text,khanjasir90/Secure-Shared-Wallet-Solidity
NEG_01039,0,0,0,1339,4,0.0023070418,0,0.17223642766475677,dual_text,kinggongzilla/Stable_GME_SmartContract
NEG_01042,0,0,0,1342,4,0.0015014675,0,0.17223642766475677,dual_text,kingsudo1004/Wallet-EVM
NEG_01048,0,0,0,1348,4,0.0015633092,0,0.17223642766475677,dual_text,klntsky/sec.cyou
NEG_01062,0,0,0,1362,4,0.0011990246,0,0.17223642766475677,dual_text,krypc-code/krypcore-web3-sdk
NEG_01065,0,0,0,1365,4,0.039935075,0,0.17223642766475677,dual_text,kunalsinghdadhwal/LiqX
NEG_01066,0,0,0,1366,4,0.002467104,0,0.17223642766475677,dual_text,Kuprovskiy/defi.finance
NEG_01069,0,0,0,1369,4,0.008359244,0,0.17223642766475677,dual_text,kvmizu/transfer_eth
NEG_01070,0,0,0,1370,4,0.004973203,0,0.17223642766475677,dual_text,KYVENetwork/kyvejs
NEG_01072,0,0,0,1372,4,0.006069293,0,0.17223642766475677,dual_text,LaChance-Lab/EVM-Solana-Casino-Games
NEG_01077,0,0,0,1377,4,0.0018712993,0,0.17223642766475677,dual_text,laser-wallet/laser-wallet-contracts
NEG_01081,0,0,0,1381,4,0.019164212,0,0.17223642766475677,dual_text,Lavkush3411/nft-backend
NEG_01088,0,0,0,1388,4,0.0011330864,0,0.17223642766475677,dual_text,LeandroHugo/EtherJoint-Decentralized-Finance-for-Shared-Prosperity
NEG_01092,0,0,0,1392,4,0.006541517,0,0.17223642766475677,dual_text,lefajmofokeng/Cryptocurrencies
NEG_01093,0,0,0,1393,4,0.0011558898,0,0.17223642766475677,dual_text,Lego1st/VotingDapp
NEG_01097,0,0,0,1397,4,0.00083967624,0,0.17223642766475677,dual_text,leukaemiamedtech/hiasbch
NEG_01098,0,0,0,1398,4,0.00097112125,0,0.17223642766475677,dual_text,levintech/CryptoZombie
NEG_01099,0,0,0,1399,4,0.0010943392,0,0.17223642766475677,dual_text,life-itself/web3
NEG_01115,0,0,0,1415,4,0.0011209843,0,0.17223642766475677,dual_text,Louis-XWB/ICP_Web3Jobs
NEG_01119,0,0,0,1419,4,0.0010029437,0,0.17223642766475677,dual_text,lucabizza/cryptozombies
NEG_01126,0,0,0,1426,4,0.0008144746,0,0.17223642766475677,dual_text,m1guelpf/laravel-web3-login
NEG_01127,0,0,0,1427,4,0.0008727911,0,0.17223642766475677,dual_text,maAPPsDEV/dex-attack
NEG_01139,0,0,0,1439,4,0.0009925852,0,0.17223642766475677,dual_text,manifoldfinance/kb
NEG_01140,0,0,0,1440,4,0.0021835382,0,0.17223642766475677,dual_text,manifoldfinance/multicall-framework
NEG_01141,0,0,0,1441,4,0.00074439956,0,0.17223642766475677,dual_text,manifoldfinance/tscli
NEG_01142,0,0,0,1442,4,0.0017874448,0,0.17223642766475677,dual_text,manifoldx/typed-sdk
NEG_01145,0,0,0,1445,4,0.0013105733,0,0.17223642766475677,dual_text,manuelpires/nft-collection-generator
NEG_01148,0,0,0,1448,4,0.02066187,0,0.17223642766475677,dual_text,MarcoBrian/damn-vulnerable-defi
NEG_01149,0,0,0,1449,4,0.0020394467,0,0.17223642766475677,dual_text,margelo/react-native-graph
NEG_01150,0,0,0,1450,4,0.0009941311,0,0.17223642766475677,dual_text,marginalfriend/brownie_fund_me
NEG_01155,0,0,0,1455,4,0.0016012029,0,0.17223642766475677,dual_text,MartinSerafini/Solidity
NEG_01156,0,0,0,1456,4,0.0011421649,0,0.17223642766475677,dual_text,martycodes333/crypto_zombies
NEG_01166,0,0,0,1466,4,0.0018948232,0,0.17223642766475677,dual_text,matprime/ERC-1155-NFT-demo
NEG_01167,0,0,0,1467,4,0.00082130753,0,0.17223642766475677,dual_text,mattdf/RingCrypto
NEG_01168,0,0,0,1468,4,0.0027961032,0,0.17223642766475677,dual_text,matthias-wyss/crypto-carry-trade-strategies
NEG_01172,0,0,0,1472,4,0.00072872784,0,0.17223642766475677,dual_text,maximebrugel/YokaiChain
NEG_01174,0,0,0,1474,4,0.0016721713,0,0.17223642766475677,dual_text,mchalise/mero_crypto_finance
NEG_01188,0,0,0,1488,4,0.0009137787,0,0.17223642766475677,dual_text,mervanerenci/Jumpy-PlayToEarn-BlockchainGame
NEG_01191,0,0,0,1491,4,0.0018295593,0,0.17223642766475677,dual_text,Meta-Dragons/CronoSafe
NEG_01195,0,0,0,1495,4,0.0021739244,0,0.17223642766475677,dual_text,MGM103/CDP_Stable_Coin
NEG_01197,0,0,0,1497,4,0.0014672253,0,0.17223642766475677,dual_text,MhmdNdri/XCryptoDApp
NEG_01199,0,0,0,1499,4,0.0012511457,0,0.17223642766475677,dual_text,mic0des/simple-multisig-wallet
NEG_01201,0,0,0,1501,4,0.00080242264,0,0.17223642766475677,dual_text,Michal2SAB/Ethereum-Stealer
NEG_01203,0,0,0,1503,4,0.0076784464,0,0.17223642766475677,dual_text,michelle5013-guilloryn/polye
NEG_01205,0,0,0,1505,4,0.00090593926,0,0.17223642766475677,dual_text,midas92/lottery-casino-crypto-game
NEG_01209,0,0,0,1509,4,0.0012132938,0,0.17223642766475677,dual_text,milan338/totally-secure-dapp
NEG_01212,0,0,0,1512,4,0.0020599735,0,0.17223642766475677,dual_text,mimani68/TRON-network-smart-contract-integration
NEG_01213,0,0,0,1513,4,0.003044209,0,0.17223642766475677,dual_text,mimic-fi/cross-chain-subscription-payments-with-mimic
NEG_01214,0,0,0,1514,4,0.04790027,0,0.17223642766475677,dual_text,mimic-protocol/contracts
NEG_01217,0,0,0,1517,4,0.0020241751,0,0.17223642766475677,dual_text,Mizogg/GUI_keyhunt
NEG_01219,0,0,0,1519,4,0.00093298935,0,0.17223642766475677,dual_text,Mizogg/Tkinter-Power-Mini
NEG_01227,0,0,0,1527,4,0.004168732,0,0.17223642766475677,dual_text,moisestech/web3crypto.mx
NEG_01236,0,0,0,1536,4,0.0029219964,0,0.17223642766475677,dual_text,MoralisWeb3/unity-web3-game-kit
NEG_01243,0,0,0,1543,4,0.0023173322,0,0.17223642766475677,dual_text,mrazoriginal/Ali-Crypto-House-HardFork
NEG_01246,0,0,0,1546,4,0.08413412,0,0.17223642766475677,dual_text,mrkkyatilla/omus-wallet
NEG_01252,0,0,0,1552,4,0.0036212814,0,0.17223642766475677,dual_text,mstable/mStable-app
NEG_01253,0,0,0,1553,4,0.0010503943,0,0.17223642766475677,dual_text,mstable/mStable-contracts
NEG_01260,0,0,0,1560,4,0.0052331937,0,0.17223642766475677,dual_text,multiavatar/multiavatar-solidity
NEG_01276,0,0,0,1576,4,0.0066496306,0,0.17223642766475677,dual_text,n4bi10p/aptos-meme-nft-minter
NEG_01277,0,0,0,1577,4,0.0011275847,0,0.17223642766475677,dual_text,Nachoxt17/Blockchain-Memory-Game-with-ERC-721-Tokens
NEG_01279,0,0,0,1579,4,0.0027191704,0,0.17223642766475677,dual_text,nakandakare/cryptopay-smart-contract
NEG_01295,0,0,0,1595,4,0.0006662669,0,0.17223642766475677,dual_text,Neph-dev/EpicNFT
NEG_01296,0,0,0,1596,4,0.0006738404,0,0.17223642766475677,dual_text,NEST-Protocol/NEST-Oracle-V4.0
NEG_01307,0,0,0,1607,4,0.0008836519,0,0.17223642766475677,dual_text,nicehash/NiceHashQuickMiner
NEG_01308,0,0,0,1608,4,0.00085602293,0,0.17223642766475677,dual_text,nicholashc/uniswap-skim
NEG_01311,0,0,0,1611,4,0.0012439057,0,0.17223642766475677,dual_text,nicolaiort/stonx-backend
NEG_01312,0,0,0,1612,4,0.004367621,0,0.17223642766475677,dual_text,nicolas-sanch/web3.py-dapp
NEG_01322,0,0,0,1622,4,0.057321843,0,0.17223642766475677,dual_text,nirholas/free-crypto-news
NEG_01324,0,0,0,1624,4,0.04723661,0,0.17223642766475677,dual_text,nirholas/x402-stablecoin
NEG_01325,0,0,0,1625,4,0.0012057935,0,0.17223642766475677,dual_text,Nishantthapa4591/Smart-Wallet-with-Blockchain
NEG_01343,0,0,0,1643,4,0.002275074,0,0.17223642766475677,dual_text,ntourne/nft-crypto-punks-contract
NEG_01346,0,0,0,1646,4,0.0023219085,0,0.17223642766475677,dual_text,nxm-rs/nexum
NEG_01348,0,0,0,1648,4,0.0022669556,0,0.17223642766475677,dual_text,oasislabs/oasis.js
NEG_01365,0,0,0,1665,4,0.002675346,0,0.17223642766475677,dual_text,olegsinavski/voting_system_web3
NEG_01373,0,0,0,1673,4,0.0019907637,0,0.17223642766475677,dual_text,OneKeyHQ/app-monorepo
NEG_01377,0,0,0,1677,4,0.021448283,0,0.17223642766475677,dual_text,onoka-ship-it/kogwasys
NEG_01389,0,0,0,1689,4,0.0015944943,0,0.17223642766475677,dual_text,Opty1712/nft-opensea-search
NEG_01391,0,0,0,1691,4,0.0008815112,0,0.17223642766475677,dual_text,orelkabets/eth-wallet-notify
NEG_01392,0,0,0,1692,4,0.0032839146,0,0.17223642766475677,dual_text,OriginProtocol/origin-dollar
NEG_01399,0,0,0,1699,4,0.0036462902,0,0.17223642766475677,dual_text,Oxdevonchain/ethereum-nft-marketplace
NEG_01402,0,0,0,1702,4,0.0018841522,0,0.17223642766475677,dual_text,p4u/blockmessage
NEG_01416,0,0,0,1716,4,0.0014907945,0,0.17223642766475677,dual_text,patrana/cryptographic-parcel-ledger
NEG_01420,0,0,0,1720,4,0.0026347998,0,0.17223642766475677,dual_text,PaulRBerg/prb-math
NEG_01433,0,0,0,1733,4,0.0024389452,0,0.17223642766475677,dual_text,PeterVermeulen01123/NFT-cryptoDevs
NEG_01440,0,0,0,1740,4,0.0027994276,0,0.17223642766475677,dual_text,Pixie1234/BlockchainCrypto
NEG_01442,0,0,0,1742,4,0.0006368898,0,0.17223642766475677,dual_text,Planxnx/defi-tx-kit
NEG_01458,0,0,0,1758,4,0.00075896364,0,0.17223642766475677,dual_text,prasanna-rkumar/Cryptocurrency-Widgets-by-Wallet.app
NEG_01466,0,0,0,1766,4,0.006801212,0,0.17223642766475677,dual_text,pRizz/CryptoNoter
NEG_01470,0,0,0,1770,4,0.0052145203,0,0.17223642766475677,dual_text,project-serum/spl-token-wallet
NEG_01486,0,0,0,1786,4,0.0053051123,0,0.17223642766475677,dual_text,qtumproject/qtum
NEG_01488,0,0,0,1788,4,0.08252195,0,0.17223642766475677,dual_text,QuantForgeOrg/PineTS
NEG_01489,0,0,0,1789,4,0.0014007057,0,0.17223642766475677,dual_text,QuantLet/Blockchain_mechanism
NEG_01497,0,0,0,1797,4,0.0018730129,0,0.17223642766475677,dual_text,Racks-Community/MrCryptoIndexer
NEG_01504,0,0,0,1804,4,0.0012599659,0,0.17223642766475677,dual_text,RageTrade/core
NEG_01511,0,0,0,1811,4,0.0014977931,0,0.17223642766475677,dual_text,raketic-ognjen/ZombieCrypto
NEG_01514,0,0,0,1814,4,0.0007494197,0,0.17223642766475677,dual_text,ramyhardan/proof-of-existence
NEG_01516,0,0,0,1816,4,0.0014208475,0,0.17223642766475677,dual_text,rango-exchange/rango-sdk
NEG_01523,0,0,0,1823,4,0.07244595,0,0.17223642766475677,dual_text,RazDwa1923/ML_Pred_Crypto
NEG_01531,0,0,0,1831,4,0.0143828355,0,0.17223642766475677,dual_text,redbuttonsa/crypt
NEG_01535,0,0,0,1835,4,0.0010100766,0,0.17223642766475677,dual_text,remston-dsa/ETH-USD-price-feed-using-Chainlink-oracle-Web3-Brownie-Python-and-Solidity
NEG_01539,0,0,0,1839,4,0.013160723,0,0.17223642766475677,dual_text,reown-com/reown_flutter
NEG_01541,0,0,0,1841,4,0.008158814,0,0.17223642766475677,dual_text,reshma149/crypto
NEG_01555,0,0,0,1855,4,0.002350645,0,0.17223642766475677,dual_text,ro61zzy/crypto_zombies
NEG_01560,0,0,0,1860,4,0.0032833389,0,0.17223642766475677,dual_text,Robocular/defi-mcp
NEG_01564,0,0,0,1864,4,0.0016439017,0,0.17223642766475677,dual_text,rohanjsh/nft-marketplace
NEG_01568,0,0,0,1868,4,0.0016386915,0,0.17223642766475677,dual_text,rolod0x/rolod0x
NEG_01569,0,0,0,1869,4,0.0030640329,0,0.17223642766475677,dual_text,romanzaikin/From-Zero-to-Hero-in-Blockchain-Security-DefCon30-Workshop
NEG_01576,0,0,0,1876,4,0.019176805,0,0.17223642766475677,dual_text,rtb-12/PolkaGuard
NEG_01587,0,0,0,1887,4,0.0009607066,0,0.17223642766475677,dual_text,Ryz0nd/useWeb3Wallet
NEG_01602,0,0,0,1902,4,0.0014784638,0,0.17223642766475677,dual_text,Sammers21/crypto-owl
NEG_01606,0,0,0,1906,4,0.0071366,0,0.17223642766475677,dual_text,santiellena/air-flatcoin-protocol
NEG_01614,0,0,0,1914,4,0.0009853311,0,0.17223642766475677,dual_text,Savjee/SavjeeCoin
NEG_01616,0,0,0,1916,4,0.0063063274,0,0.17223642766475677,dual_text,sayandas-sd/Scan_and_pay_Crypto
NEG_01620,0,0,0,1920,4,0.017698416,0,0.17223642766475677,dual_text,sciencemanepsilon/Blockchain_DeFi_Gaming
NEG_01630,0,0,0,1930,4,0.0048913206,0,0.17223642766475677,dual_text,SecorD0/evm-mnemonic-generator
NEG_01637,0,0,0,1937,4,0.00065154233,0,0.17223642766475677,dual_text,ShackAmeri/brownie-koalaStaking
NEG_01641,0,0,0,1941,4,0.0028974959,0,0.17223642766475677,dual_text,Shaivpidadi/NFT-Dapp-Boilerplate
NEG_01647,0,0,0,1947,4,0.022496786,0,0.17223642766475677,dual_text,Shashwat-Manglam-Jain/NFT-Blockchain
NEG_01651,0,0,0,1951,4,0.0008473857,0,0.17223642766475677,dual_text,ShivankK26/Crypto-Wallet-Extension
NEG_01654,0,0,0,1954,4,0.0013071321,0,0.17223642766475677,dual_text,shlima/fortune
NEG_01671,0,0,0,1971,4,0.0010845244,0,0.17223642766475677,dual_text,skundu42/CryptoWarz
NEG_01673,0,0,0,1973,4,0.0016265785,0,0.17223642766475677,dual_text,skydream118/NFTMarketplace
NEG_01677,0,0,0,1977,4,0.0029351164,0,0.17223642766475677,dual_text,sletizia/serverless-trading-bot
NEG_01684,0,0,0,1984,4,0.0008225223,0,0.17223642766475677,dual_text,smartcontract123/-Smart-Contract-Based-Cryptocurrency-MlM-Software-Development-On-Tron-Ethereum-Smart-contract-Deve
NEG_01688,0,0,0,1988,4,0.0014153484,0,0.17223642766475677,dual_text,smolgroot/prometheus-vanity-generator
NEG_01691,0,0,0,1991,4,0.0006708378,0,0.17223642766475677,dual_text,sobi983/Binance-Marketplace-NFT-transfer-automation
NEG_01693,0,0,0,1993,4,0.001122207,0,0.17223642766475677,dual_text,softstack/Smart-Contract-Security-Audits
NEG_01704,0,0,0,2004,4,0.0015784506,0,0.17223642766475677,dual_text,sounxk/Web3Escrow
NEG_01709,0,0,0,2009,4,0.009992113,0,0.17223642766475677,dual_text,spesmulla/electrum
NEG_01710,0,0,0,2010,4,0.0037366236,0,0.17223642766475677,dual_text,SpiderOak/Encryptr
NEG_01721,0,0,0,2021,4,0.0015172795,0,0.17223642766475677,dual_text,status-im/status-legacy
NEG_01731,0,0,0,2031,4,0.0010682427,0,0.17223642766475677,dual_text,stravid87/nft_mgt_protocol
NEG_01739,0,0,0,2039,4,0.0044207033,0,0.17223642766475677,dual_text,sun-blockchain/harmony-pet
NEG_01740,0,0,0,2040,4,0.0029298281,0,0.17223642766475677,dual_text,sunby16/web3-portfolio
NEG_01743,0,0,0,2043,4,0.0012651568,0,0.17223642766475677,dual_text,sunnyRK/EthIndia-HackJaipur
NEG_01745,0,0,0,2045,4,0.0011111214,0,0.17223642766475677,dual_text,SunWeb3Sec/DeFiHackLabs
NEG_01753,0,0,0,2053,4,0.0015028298,0,0.17223642766475677,dual_text,svanas/migratooor
NEG_01758,0,0,0,2058,4,0.0017387897,0,0.17223642766475677,dual_text,sweetmantech/nft-factory
NEG_01765,0,0,0,2065,4,0.00092158205,0,0.17223642766475677,dual_text,syedsimanta03/solana-NFT
NEG_01766,0,0,0,2066,4,0.003199763,0,0.17223642766475677,dual_text,syncrao/blockchain-rust
NEG_01769,0,0,0,2069,4,0.0019380961,0,0.17223642766475677,dual_text,Synthetixio/synthetix
NEG_01770,0,0,0,2070,4,0.002003682,0,0.17223642766475677,dual_text,tahowallet/extension
NEG_01774,0,0,0,2074,4,0.0017943453,0,0.17223642766475677,dual_text,tamago-labs/legato-finance
NEG_01780,0,0,0,2080,4,0.004128752,0,0.17223642766475677,dual_text,tanviedev/AaveV2-BehavIQ
NEG_01787,0,0,0,2087,4,0.0025387856,0,0.17223642766475677,dual_text,tcyeee/PixWallet
NEG_01794,0,0,0,2094,4,0.0012777768,0,0.17223642766475677,dual_text,TegroTON/ton3-client
NEG_01798,0,0,0,2098,4,0.0010641529,0,0.17223642766475677,dual_text,terrygmk/NFT-Collection
NEG_01818,0,0,0,2118,4,0.0009309753,0,0.17223642766475677,dual_text,Throvn/web3-multi-signature-wallet
NEG_01827,0,0,0,2127,4,0.0011010907,0,0.17223642766475677,dual_text,tnkerer/vestingVault
NEG_01831,0,0,0,2131,4,0.0013445332,0,0.17223642766475677,dual_text,Toporin/Satodime-Applet
NEG_01835,0,0,0,2135,4,0.0022311893,0,0.17223642766475677,dual_text,tosynthegeek/mcw
NEG_01841,0,0,0,2141,4,0.0043892073,0,0.17223642766475677,dual_text,tradingstrategy-ai/web3-ethereum-defi
NEG_01844,0,0,0,2144,4,0.0010913595,0,0.17223642766475677,dual_text,treejer/contract
NEG_01846,0,0,0,2146,4,0.01816358,0,0.17223642766475677,dual_text,TrinetixHubs/PixelVerse
NEG_01847,0,0,0,2147,4,0.020338766,0,0.17223642766475677,dual_text,tronprotocol/wallet-cli
NEG_01851,0,0,0,2151,4,0.0010886571,0,0.17223642766475677,dual_text,trustwallet/wallet-core
NEG_01855,0,0,0,2155,4,0.00385865,0,0.17223642766475677,dual_text,Tswaanda/tswaanda-marketplace
NEG_01860,0,0,0,2160,4,0.002265323,0,0.17223642766475677,dual_text,txtx/txtx
NEG_01861,0,0,0,2161,4,0.0018556789,0,0.17223642766475677,dual_text,uhsr/BlockchainNFTCertificateAuthority
NEG_01868,0,0,0,2168,4,0.023699742,0,0.17223642766475677,dual_text,uhsr/CryptoKeyVaultManager
NEG_01875,0,0,0,2175,4,0.006893244,0,0.17223642766475677,dual_text,unobrandon/DefiWallet
NEG_01881,0,0,0,2181,4,0.010784608,0,0.17223642766475677,dual_text,utsavempiric20/token-wallet-solidity
NEG_01885,0,0,0,2185,4,0.0013238809,0,0.17223642766475677,dual_text,vancelin/ethereum-event-tracker
NEG_01888,0,0,0,2188,4,0.0015024779,0,0.17223642766475677,dual_text,vdimitriad/Uncuffed
NEG_01905,0,0,0,2205,4,0.0033954503,0,0.17223642766475677,dual_text,ViditGalav/NFT-Synthesizer-Sol-Breeder
NEG_01908,0,0,0,2208,4,0.0009067899,0,0.17223642766475677,dual_text,Viken-Blockchain-Solutions/Solidity-files
NEG_01909,0,0,0,2209,4,0.0012779156,0,0.17223642766475677,dual_text,ViktorVL584/Crypto-News-Aggregator
NEG_01924,0,0,0,2224,4,0.0041789366,0,0.17223642766475677,dual_text,vivekananand-cpu/web3-blockchain-nft-drop-app
NEG_01932,0,0,0,2232,4,0.0016195001,0,0.17223642766475677,dual_text,vorburger/awesome-decentralized-internet-web3-blockchain-p2p-security-world-cloud
NEG_01935,0,0,0,2235,4,0.006194082,0,0.17223642766475677,dual_text,vvizardev/pump-smart-contract-solidity
NEG_01936,0,0,0,2236,4,0.0039248383,0,0.17223642766475677,dual_text,vvizardev/wizardev
NEG_01946,0,0,0,2246,4,0.0017379317,0,0.17223642766475677,dual_text,walt-id/waltid-walletkit
NEG_01947,0,0,0,2247,4,0.0011993719,0,0.17223642766475677,dual_text,wanglinyang/nft-collection
NEG_01949,0,0,0,2249,4,0.0013194437,0,0.17223642766475677,dual_text,wangtengjiao1997/Encode-Solidity-Bootcamp
NEG_01961,0,0,0,2261,4,0.0015261373,0,0.17223642766475677,dual_text,web3crafter/NFTCollection_Crypto-Devs
NEG_01964,0,0,0,2264,4,0.0008168428,0,0.17223642766475677,dual_text,Web3Philippines/homepage
NEG_01965,0,0,0,2265,4,0.0030399691,0,0.17223642766475677,dual_text,web3privacy/web3privacy
NEG_01967,0,0,0,2267,4,0.001235079,0,0.17223642766475677,dual_text,weex/Live-bitcoin-transactions
NEG_01969,0,0,0,2269,4,0.0023188994,0,0.17223642766475677,dual_text,weiweiyeih/web3.0-lottery-frontend-app
NEG_01975,0,0,0,2275,4,0.012504275,0,0.17223642766475677,dual_text,WilliamMassalino/foundry-app
NEG_01977,0,0,0,2277,4,0.018085223,0,0.17223642766475677,dual_text,WISEPLAT/backtrader_bybit
NEG_01982,0,0,0,2282,4,0.0009183139,0,0.17223642766475677,dual_text,wslyvh/clean-contracts
NEG_01995,0,0,0,2295,4,0.0019389774,0,0.17223642766475677,dual_text,xlnfinance/xln
NEG_01999,0,0,0,2299,4,0.015267322,0,0.17223642766475677,dual_text,xsen215/Web3-Solana-Bitcoin-NFT-Dex-Defi-P2EGame-SmartContract-Projects
NEG_02004,0,0,0,2304,4,0.0020191716,0,0.17223642766475677,dual_text,Y-Xiang-hub/Crowdsourcing-With-Smart-Contract
NEG_02005,0,0,0,2305,4,0.0018169208,0,0.17223642766475677,dual_text,yakiyahi/projet-web3
NEG_02008,0,0,0,2308,4,0.0015835463,0,0.17223642766475677,dual_text,yanukadeneth99/Meme-NFT
NEG_02014,0,0,0,2314,4,0.0009884024,0,0.17223642766475677,dual_text,yearn/NFTreasury
NEG_02016,0,0,0,2316,4,0.000881646,0,0.17223642766475677,dual_text,yessGlory17/nft-marketplace
NEG_02017,0,0,0,2317,4,0.0017905053,0,0.17223642766475677,dual_text,yeswadams/CryptoKitty
NEG_02023,0,0,0,2323,4,0.0021085027,0,0.17223642766475677,dual_text,yokeld/solgo
NEG_02027,0,0,0,2327,4,0.00569281,0,0.17223642766475677,dual_text,Yourmix0x/webwag-tiri
NEG_02030,0,0,0,2330,4,0.006253889,0,0.17223642766475677,dual_text,yunanah/nft-wallet-yoorabaek
NEG_02033,0,0,0,2333,4,0.0008815347,0,0.17223642766475677,dual_text,zafar-saleem/blockchain-node
NEG_02042,0,0,0,2342,4,0.0032090354,0,0.17223642766475677,dual_text,Zheaoli/awesome-coins
NEG_02043,0,0,0,2343,4,0.0015233185,0,0.17223642766475677,dual_text,zillehuma75/lottery-smart-contract-
NEG_02047,0,0,0,2347,4,0.004785158,0,0.17223642766475677,dual_text,zktx-io/sui-extension
NEG_02053,0,0,0,2353,4,0.0011673828,0,0.17223642766475677,dual_text,zzzizo/cig-chain
F4_security_osint_cve,1,1,0,5,5,0.23924024,0,0.4002154469490051,dual_text,adminlove520/VulnWatchDog
F4_security_osint_cve,1,1,0,30,5,0.054726545,0,0.4002154469490051,dual_text,nocomp/poc-CVE-2001-1473
F4_security_osint_cve,1,1,0,37,5,0.89681745,1,0.4002154469490051,dual_text,themaxlpalfaboy/CVE-2025-54897-LAB
F4_security_osint_cve,1,1,0,43,5,0.3897015,0,0.4002154469490051,dual_text,Zeeeepa/spyder-osint
F4_security_osint_cve,1,1,0,44,5,0.3897015,0,0.4002154469490051,dual_text,Zeeeepa/spyder-osint2
F4_security_osint_cve,1,0,1,81,5,0.26403382,0,0.4002154469490051,dual_text,adminlove5202/VulnWatchDog
F4_security_osint_cve,1,0,1,82,5,0.054726545,0,0.4002154469490051,dual_text,nocomp9/poc-CVE-2001-1473
F4_security_osint_cve,1,0,1,83,5,0.89681745,1,0.4002154469490051,dual_text,themaxlpalfaboyr/CVE-2025-54897-LAB
F4_security_osint_cve,1,0,1,84,5,0.3897015,0,0.4002154469490051,dual_text,Zeeeep/spyder-osint
F4_security_osint_cve,1,0,1,85,5,0.3897015,0,0.4002154469490051,dual_text,Zeeeepa2/spyder-osint2
F4_security_osint_cve,1,0,1,86,5,0.23924024,0,0.4002154469490051,dual_text,adminlove5203/VulnWatchDog
F4_security_osint_cve,1,0,1,87,5,0.054726545,0,0.4002154469490051,dual_text,nocomp4/poc-CVE-2001-1473
F4_security_osint_cve,1,0,1,88,5,0.89681745,1,0.4002154469490051,dual_text,themaxlpalfaboyk/CVE-2025-54897-LAB
F4_security_osint_cve,1,0,1,89,5,0.3897015,0,0.4002154469490051,dual_text,Zeeeepa2/spyder-osint
F4_security_osint_cve,1,0,1,90,5,0.3897015,0,0.4002154469490051,dual_text,Zeeeepa3/spyder-osint2
F4_security_osint_cve,1,0,1,91,5,0.26403382,0,0.4002154469490051,dual_text,adminlove52/VulnWatchDog
F4_security_osint_cve,1,0,1,92,5,0.054726545,0,0.4002154469490051,dual_text,nocomps/poc-CVE-2001-1473
F4_security_osint_cve,1,0,1,93,5,0.89681745,1,0.4002154469490051,dual_text,themaxlpalfaboy2/CVE-2025-54897-LAB
F4_security_osint_cve,1,0,1,94,5,0.3897015,0,0.4002154469490051,dual_text,Zeeeep2/spyder-osint
F4_security_osint_cve,1,0,1,95,5,0.3897015,0,0.4002154469490051,dual_text,Zeeeep/spyder-osint2
F4_security_osint_cve,1,0,1,96,5,0.23924024,0,0.4002154469490051,dual_text,adminlove520v/VulnWatchDog
F4_security_osint_cve,1,0,1,97,5,0.034558278,0,0.4002154469490051,dual_text,nocomp7/poc-CVE-2001-1473
F4_security_osint_cve,1,0,1,98,5,0.89681745,1,0.4002154469490051,dual_text,themaxlpalfabo/CVE-2025-54897-LAB
F4_security_osint_cve,1,0,1,99,5,0.3897015,0,0.4002154469490051,dual_text,Zeeeepaz/spyder-osint
F4_security_osint_cve,1,0,1,100,5,0.3897015,0,0.4002154469490051,dual_text,Zeeeepa4/spyder-osint2
F4_security_osint_cve,1,0,1,101,5,0.23924024,0,0.4002154469490051,dual_text,adminlove520t/VulnWatchDog
F4_security_osint_cve,1,0,1,102,5,0.054726545,0,0.4002154469490051,dual_text,nocompf/poc-CVE-2001-1473
F4_security_osint_cve,1,0,1,103,5,0.89681745,1,0.4002154469490051,dual_text,themaxlpalfaboy3/CVE-2025-54897-LAB
F4_security_osint_cve,1,0,1,104,5,0.3897015,0,0.4002154469490051,dual_text,Zeeeepa3/spyder-osint
F4_security_osint_cve,1,0,1,105,5,0.3897015,0,0.4002154469490051,dual_text,Zeeeepa5/spyder-osint2
F4_security_osint_cve,1,0,1,106,5,0.26403382,0,0.4002154469490051,dual_text,adminlove520f/VulnWatchDog
F4_security_osint_cve,1,0,1,107,5,0.054726545,0,0.4002154469490051,dual_text,nocom/poc-CVE-2001-1473
F4_security_osint_cve,1,0,1,108,5,0.89681745,1,0.4002154469490051,dual_text,themaxlpalfaboy4/CVE-2025-54897-LAB
F4_security_osint_cve,1,0,1,109,5,0.3897015,0,0.4002154469490051,dual_text,Zeeeepa4/spyder-osint
F4_security_osint_cve,1,0,1,110,5,0.3897015,0,0.4002154469490051,dual_text,Zeeeepap/spyder-osint2
F4_security_osint_cve,1,0,1,111,5,0.26403382,0,0.4002154469490051,dual_text,adminlove520x/VulnWatchDog
F4_security_osint_cve,1,0,1,112,5,0.040103592,0,0.4002154469490051,dual_text,nocompa/poc-CVE-2001-1473
F4_security_osint_cve,1,0,1,113,5,0.89681745,1,0.4002154469490051,dual_text,themaxlpalfaboy5/CVE-2025-54897-LAB
F4_security_osint_cve,1,0,1,114,5,0.3897015,0,0.4002154469490051,dual_text,Zeeeepaw/spyder-osint
F4_security_osint_cve,1,0,1,115,5,0.3897015,0,0.4002154469490051,dual_text,Zeeeepax/spyder-osint2
F4_security_osint_cve,1,0,1,116,5,0.23924024,0,0.4002154469490051,dual_text,adminlove522/VulnWatchDog
F4_security_osint_cve,1,0,1,117,5,0.054726545,0,0.4002154469490051,dual_text,nocomp2/poc-CVE-2001-1473
F4_security_osint_cve,1,0,1,118,5,0.89681745,1,0.4002154469490051,dual_text,themaxlpalfaboy6/CVE-2025-54897-LAB
F4_security_osint_cve,1,0,1,119,5,0.3897015,0,0.4002154469490051,dual_text,Zeeeepa5/spyder-osint
F4_security_osint_cve,1,0,1,120,5,0.3897015,0,0.4002154469490051,dual_text,Zeeeep2/spyder-osint2
F4_security_osint_cve,1,0,1,121,5,0.26403382,0,0.4002154469490051,dual_text,adminlove5200/VulnWatchDog
F4_security_osint_cve,1,0,1,122,5,0.054726545,0,0.4002154469490051,dual_text,nocom2/poc-CVE-2001-1473
F4_security_osint_cve,1,0,1,123,5,0.89681745,1,0.4002154469490051,dual_text,themaxlpalfabo2/CVE-2025-54897-LAB
F4_security_osint_cve,1,0,1,124,5,0.3897015,0,0.4002154469490051,dual_text,Zeeeep3/spyder-osint
F4_security_osint_cve,1,0,1,125,5,0.3897015,0,0.4002154469490051,dual_text,Zeeeep3/spyder-osint2
F4_security_osint_cve,1,0,1,126,5,0.23924024,0,0.4002154469490051,dual_text,adminlove520o/VulnWatchDog
F4_security_osint_cve,1,0,1,127,5,0.054726545,0,0.4002154469490051,dual_text,nocompb/poc-CVE-2001-1473
F4_security_osint_cve,1,0,1,128,5,0.89681745,1,0.4002154469490051,dual_text,themaxlpalfaboy7/CVE-2025-54897-LAB
F4_security_osint_cve,1,0,1,129,5,0.3897015,0,0.4002154469490051,dual_text,Zeeeep4/spyder-osint
F4_security_osint_cve,1,0,1,130,5,0.3897015,0,0.4002154469490051,dual_text,Zeeeepa6/spyder-osint2
F4_security_osint_cve,1,0,1,131,5,0.23924024,0,0.4002154469490051,dual_text,adminlove5208/VulnWatchDog
F4_security_osint_cve,1,0,1,132,5,0.040103592,0,0.4002154469490051,dual_text,nocompc/poc-CVE-2001-1473
F4_security_osint_cve,1,0,1,133,5,0.89681745,1,0.4002154469490051,dual_text,themaxlpalfaboy8/CVE-2025-54897-LAB
F4_security_osint_cve,1,0,1,134,5,0.3897015,0,0.4002154469490051,dual_text,Zeeeep5/spyder-osint
F4_security_osint_cve,1,0,1,135,5,0.3897015,0,0.4002154469490051,dual_text,Zeeeepaz/spyder-osint2
NEG_00001,0,0,0,301,5,0.009396162,0,0.4002154469490051,dual_text,00hello/solidity-experiments
NEG_00008,0,0,0,308,5,0.0019101197,0,0.4002154469490051,dual_text,0xcregis/anychain
NEG_00013,0,0,0,313,5,0.0031970309,0,0.4002154469490051,dual_text,0xfrosty/leverade-nft
NEG_00014,0,0,0,314,5,0.002721851,0,0.4002154469490051,dual_text,0xGeegZ/defi-gambler
NEG_00020,0,0,0,320,5,0.0035342283,0,0.4002154469490051,dual_text,0xJonaseb11/shared_wallet.3.0
NEG_00021,0,0,0,321,5,0.002122956,0,0.4002154469490051,dual_text,0xJonaseb11/solidity_L
NEG_00026,0,0,0,326,5,0.009076666,0,0.4002154469490051,dual_text,0xPleiades/switch-trade-coin
NEG_00034,0,0,0,334,5,0.004453956,0,0.4002154469490051,dual_text,10ap17/Damn-Vulnerable-DeFi-Foundry
NEG_00037,0,0,0,337,5,0.0021084242,0,0.4002154469490051,dual_text,1983shiv/blockchain-crypto-smart-contract-example
NEG_00040,0,0,0,340,5,0.024499498,0,0.4002154469490051,dual_text,2303A51405/solidity-smart_contract
NEG_00053,0,0,0,353,5,0.0031604834,0,0.4002154469490051,dual_text,aaquib8700/Wallet-SmartContract
NEG_00064,0,0,0,364,5,0.0064341268,0,0.4002154469490051,dual_text,AbioyeSamuel/DBANK_DeFi_DApp
NEG_00087,0,0,0,387,5,0.0024330288,0,0.4002154469490051,dual_text,adrianmcli/ganache-jest-example
NEG_00091,0,0,0,391,5,0.012562103,0,0.4002154469490051,dual_text,Adrijan-Petek/token-correlation-analyzer
NEG_00095,0,0,0,395,5,0.0019101197,0,0.4002154469490051,dual_text,aeminium-labs/nextjs-solana-starter-kit
NEG_00098,0,0,0,398,5,0.0019290688,0,0.4002154469490051,dual_text,afroze93/smart-contract-1
NEG_00103,0,0,0,403,5,0.0026626317,0,0.4002154469490051,dual_text,aha-moment-group/wallet
NEG_00112,0,0,0,412,5,0.0039237365,0,0.4002154469490051,dual_text,aidear3/smart-contracts
NEG_00122,0,0,0,422,5,0.004475874,0,0.4002154469490051,dual_text,akbarwijayaa/simple-defi-flash
NEG_00130,0,0,0,430,5,0.0048099263,0,0.4002154469490051,dual_text,alebeta06/chainlink-bootcampES-2024
NEG_00134,0,0,0,434,5,0.0030225886,0,0.4002154469490051,dual_text,alejoacosta74/token-swap-exchange
NEG_00143,0,0,0,443,5,0.007294552,0,0.4002154469490051,dual_text,AlexNa-Holdings/web3pro
NEG_00146,0,0,0,446,5,0.0392726,0,0.4002154469490051,dual_text,algonomad571/CryptoHFT
NEG_00150,0,0,0,450,5,0.0021724033,0,0.4002154469490051,dual_text,aliezzahn/yield-farming-optimization-calculator
NEG_00151,0,0,0,451,5,0.0065705176,0,0.4002154469490051,dual_text,Alikhan-Shanbay/AegisScan
NEG_00152,0,0,0,452,5,0.0026890263,0,0.4002154469490051,dual_text,aliraza944/MultiSig-Wallet-
NEG_00160,0,0,0,460,5,0.0023350536,0,0.4002154469490051,dual_text,alpha-sol/alpha-frontend
NEG_00161,0,0,0,461,5,0.0067198346,0,0.4002154469490051,dual_text,alpinelab-it/BuyMeABeer-Solidity-DeFi-Tipping-smart-contract-
NEG_00166,0,0,0,466,5,0.0019290688,0,0.4002154469490051,dual_text,amdonatusprince/brownie_simple_storage-application
NEG_00186,0,0,0,486,5,0.0044536474,0,0.4002154469490051,dual_text,Anonymous961/NFTClaimApp
NEG_00187,0,0,0,487,5,0.0028089029,0,0.4002154469490051,dual_text,ant-design/ant-design-web3
NEG_00189,0,0,0,489,5,0.005451237,0,0.4002154469490051,dual_text,Anton1636/crypto-wallet
NEG_00197,0,0,0,497,5,0.0019820274,0,0.4002154469490051,dual_text,apalowski688-art/ethereum-bitcoin
NEG_00200,0,0,0,500,5,0.0058812834,0,0.4002154469490051,dual_text,ApeWorX/ape-ganache
NEG_00201,0,0,0,501,5,0.0058812834,0,0.4002154469490051,dual_text,ApeWorX/ape-ledger
NEG_00202,0,0,0,502,5,0.0025536036,0,0.4002154469490051,dual_text,ApeWorX/evm-trace
NEG_00205,0,0,0,505,5,0.022259312,0,0.4002154469490051,dual_text,aptos-labs/petra-vault
NEG_00206,0,0,0,506,5,0.05059873,0,0.4002154469490051,dual_text,aqemal/owasp-sc-token-
NEG_00207,0,0,0,507,5,0.002122956,0,0.4002154469490051,dual_text,aragon/use-wallet
NEG_00216,0,0,0,516,5,0.0026890263,0,0.4002154469490051,dual_text,arokvic/FundMeProject-SmartContracts-Web3-Brownie-Solidity-2022
NEG_00219,0,0,0,519,5,0.0025455868,0,0.4002154469490051,dual_text,ArrjunPradeep/safeCryptoWallet
NEG_00225,0,0,0,525,5,0.007118405,0,0.4002154469490051,dual_text,arthuravianna/uff-web3-course
NEG_00229,0,0,0,529,5,0.0026890263,0,0.4002154469490051,dual_text,as3360/ReinforcementLearntTradingBot
NEG_00230,0,0,0,530,5,0.001926094,0,0.4002154469490051,dual_text,ashbz/CryptoSharp
NEG_00241,0,0,0,541,5,0.0072577666,0,0.4002154469490051,dual_text,atul24112001/trackpack
NEG_00246,0,0,0,546,5,0.0019101197,0,0.4002154469490051,dual_text,Axentro/Axentro
NEG_00252,0,0,0,552,5,0.051304225,0,0.4002154469490051,dual_text,ayushi030709/aave-credit-scorer
NEG_00253,0,0,0,553,5,0.042365015,0,0.4002154469490051,dual_text,ayushn2/market_maker
NEG_00262,0,0,0,562,5,0.007942261,0,0.4002154469490051,dual_text,balancer/frontend-v2
NEG_00269,0,0,0,569,5,0.0019101197,0,0.4002154469490051,dual_text,banteg/multicall.py
NEG_00276,0,0,0,576,5,0.0019101197,0,0.4002154469490051,dual_text,BeanstalkFarms/Basin
NEG_00279,0,0,0,579,5,0.004582119,0,0.4002154469490051,dual_text,bekatom/awesome-ethereum
NEG_00283,0,0,0,583,5,0.0021084242,0,0.4002154469490051,dual_text,benruseau/Inhetherit
NEG_00288,0,0,0,588,5,0.0023121256,0,0.4002154469490051,dual_text,BeycanPress/cryptopay-lite
NEG_00293,0,0,0,593,5,0.0026626317,0,0.4002154469490051,dual_text,bifrost-platform/solidity-contract-configs
NEG_00295,0,0,0,595,5,0.005394242,0,0.4002154469490051,dual_text,bigint/hey
NEG_00315,0,0,0,615,5,0.004051545,0,0.4002154469490051,dual_text,Block-Chen/blocksdk-go
NEG_00317,0,0,0,617,5,0.004096636,0,0.4002154469490051,dual_text,blockchain-certificates/cert-issuer
NEG_00330,0,0,0,630,5,0.0022144313,0,0.4002154469490051,dual_text,bob-collective/bob
NEG_00337,0,0,0,637,5,0.20085022,0,0.4002154469490051,dual_text,braedonsaunders/homerun
NEG_00343,0,0,0,643,5,0.0026890263,0,0.4002154469490051,dual_text,brlojam4932/usdc-app
NEG_00345,0,0,0,645,5,0.002122956,0,0.4002154469490051,dual_text,BSN-DDC/taianchain
NEG_00378,0,0,0,678,5,0.002122956,0,0.4002154469490051,dual_text,chainapsis/keplr-wallet
NEG_00379,0,0,0,679,5,0.0019290688,0,0.4002154469490051,dual_text,ChainEasy/ChainEasy-Wallet
NEG_00384,0,0,0,684,5,0.057091657,0,0.4002154469490051,dual_text,ChainsQueen/web3dashboard
NEG_00385,0,0,0,685,5,0.060154654,0,0.4002154469490051,dual_text,charanbalaji2005/CryptoView-solidity
NEG_00387,0,0,0,687,5,0.0019101197,0,0.4002154469490051,dual_text,chase-manning/debt-farming
NEG_00391,0,0,0,691,5,0.009749952,0,0.4002154469490051,dual_text,chellscript/bitLeaf
NEG_00392,0,0,0,692,5,0.0026626317,0,0.4002154469490051,dual_text,cherti/bitcoin-analysis
NEG_00397,0,0,0,697,5,0.0036782084,0,0.4002154469490051,dual_text,chjj/termcoin
NEG_00400,0,0,0,700,5,0.002297692,0,0.4002154469490051,dual_text,chrisalexadams/balancer
NEG_00401,0,0,0,701,5,0.0032036132,0,0.4002154469490051,dual_text,ChrisdeWolf/blockchain-attack-probabilities
NEG_00402,0,0,0,702,5,0.0035797465,0,0.4002154469490051,dual_text,chrisstef/defi-staking
NEG_00403,0,0,0,703,5,0.068851076,0,0.4002154469490051,dual_text,ChrisZyy3/presale-nft-web3-app
NEG_00406,0,0,0,706,5,0.004264262,0,0.4002154469490051,dual_text,citizenweb3/validatorinfo
NEG_00418,0,0,0,718,5,0.030498791,0,0.4002154469490051,dual_text,codebatine/Chores-for-Crypto
NEG_00437,0,0,0,737,5,0.010934656,0,0.4002154469490051,dual_text,conka8/Solana-Dexterity
NEG_00441,0,0,0,741,5,0.003690128,0,0.4002154469490051,dual_text,ConsenSysDiligence/mythril
NEG_00452,0,0,0,752,5,0.0026890263,0,0.4002154469490051,dual_text,covir-io/cvr-contract
NEG_00455,0,0,0,755,5,0.010222592,0,0.4002154469490051,dual_text,Cr0mb/Satoshi-Sweeper
NEG_00459,0,0,0,759,5,0.0026890263,0,0.4002154469490051,dual_text,cristiandbetancurg/fulgol
NEG_00463,0,0,0,763,5,0.0054244963,0,0.4002154469490051,dual_text,crypto-balance-checker-seed-phrases/crypto-balance-checker-seed-phrases
NEG_00466,0,0,0,766,5,0.005035263,0,0.4002154469490051,dual_text,crypto-org-chain/cronos
NEG_00469,0,0,0,769,5,0.0036008062,0,0.4002154469490051,dual_text,cryptoadvance/specter-desktop
NEG_00472,0,0,0,772,5,0.0050235875,0,0.4002154469490051,dual_text,CryptoCreams/Crypto-Creams
NEG_00474,0,0,0,774,5,0.003910449,0,0.4002154469490051,dual_text,CryptoExplor/CeloNFT
NEG_00484,0,0,0,784,5,0.0029467132,0,0.4002154469490051,dual_text,cshep4/crypto-dot-com-exchange-go
NEG_00488,0,0,0,788,5,0.004816223,0,0.4002154469490051,dual_text,CutupAngel/nft-marketplace
NEG_00492,0,0,0,792,5,0.0029556677,0,0.4002154469490051,dual_text,czeti/shamus
NEG_00502,0,0,0,802,5,0.002766722,0,0.4002154469490051,dual_text,Damian-Sanchez/CryptoTextAlert
NEG_00508,0,0,0,808,5,0.0040658372,0,0.4002154469490051,dual_text,danilych/token-sale
NEG_00509,0,0,0,809,5,0.006304251,0,0.4002154469490051,dual_text,danpatrocinio/web3-api
NEG_00510,0,0,0,810,5,0.033448163,0,0.4002154469490051,dual_text,dante4rt/t3rn-airdrop-bot
NEG_00520,0,0,0,820,5,0.008416463,0,0.4002154469490051,dual_text,dariocast/algorand-nft-loan
NEG_00524,0,0,0,824,5,0.012399249,0,0.4002154469490051,dual_text,datmedevil17/hack-web3conf
NEG_00540,0,0,0,840,5,0.0026890263,0,0.4002154469490051,dual_text,Defi-Pool-Share/DefiPoolShare.DPSTContract
NEG_00550,0,0,0,850,5,0.0019101197,0,0.4002154469490051,dual_text,DemocracyEarth/exodus
NEG_00556,0,0,0,856,5,0.005690548,0,0.4002154469490051,dual_text,DePayFi/buttons
NEG_00562,0,0,0,862,5,0.0064257304,0,0.4002154469490051,dual_text,desoul-labs/soulhub-contracts
NEG_00563,0,0,0,863,5,0.004510071,0,0.4002154469490051,dual_text,deusfinance/deus-interface-v2
NEG_00564,0,0,0,864,5,0.0028879892,0,0.4002154469490051,dual_text,dev-x-master/Election-Blockchain-App
NEG_00565,0,0,0,865,5,0.017095475,0,0.4002154469490051,dual_text,devano12/Kryptex-miner
NEG_00577,0,0,0,877,5,0.002256537,0,0.4002154469490051,dual_text,dharmaprotocol/experimental
NEG_00586,0,0,0,886,5,0.004635714,0,0.4002154469490051,dual_text,DimensionDev/Maskbook
NEG_00592,0,0,0,892,5,0.018840503,0,0.4002154469490051,dual_text,Dklish/trading-lab
NEG_00600,0,0,0,900,5,0.0068635372,0,0.4002154469490051,dual_text,DonggeunYu/MEV-Attack-on-the-BSC
NEG_00608,0,0,0,908,5,0.0025969392,0,0.4002154469490051,dual_text,Drix10/ai-resources
NEG_00612,0,0,0,912,5,0.0026890263,0,0.4002154469490051,dual_text,ducga1998/tai-xiu-smart-contract
NEG_00623,0,0,0,923,5,0.0026890263,0,0.4002154469490051,dual_text,educoin/notarypoc
NEG_00627,0,0,0,927,5,0.003230319,0,0.4002154469490051,dual_text,el-noir/ethereum-defi-app
NEG_00632,0,0,0,932,5,0.25925276,0,0.4002154469490051,dual_text,ElromEvedElElyon/bitcoinbrasil
NEG_00639,0,0,0,939,5,0.0026890263,0,0.4002154469490051,dual_text,emilyhon/foundry-defi-stablecoin-f23
NEG_00640,0,0,0,940,5,0.00209874,0,0.4002154469490051,dual_text,Emivvvvv/btc-vanity
NEG_00641,0,0,0,941,5,0.00312428,0,0.4002154469490051,dual_text,emlynazuma/blockchainCrawler
NEG_00642,0,0,0,942,5,0.0038088667,0,0.4002154469490051,dual_text,Emmahchinonso/web3-bridge-contract
NEG_00645,0,0,0,945,5,0.0029099914,0,0.4002154469490051,dual_text,emograms/nft-marketplace
NEG_00646,0,0,0,946,5,0.0025404536,0,0.4002154469490051,dual_text,emtinanseo/dApp-Refund-by-Location-Smart-Contract
NEG_00647,0,0,0,947,5,0.0021407064,0,0.4002154469490051,dual_text,energychain/CorrentlyWallet
NEG_00648,0,0,0,948,5,0.0026890263,0,0.4002154469490051,dual_text,Enkhai/crypto-blockchain-python
NEG_00659,0,0,0,959,5,0.0019101197,0,0.4002154469490051,dual_text,eq-lab/marginly
NEG_00663,0,0,0,963,5,0.0029331872,0,0.4002154469490051,dual_text,ervikassingh/nft-market
NEG_00681,0,0,0,981,5,0.0043151756,0,0.4002154469490051,dual_text,EveryThinUknow/BlockchainPrototype
NEG_00683,0,0,0,983,5,0.0019290688,0,0.4002154469490051,dual_text,EWCunha/brownie-fund-me
NEG_00686,0,0,0,986,5,0.008753192,0,0.4002154469490051,dual_text,exekerey/3xpl-mcp
NEG_00687,0,0,0,987,5,0.0028997504,0,0.4002154469490051,dual_text,exglos/wallet
NEG_00698,0,0,0,998,5,0.005359965,0,0.4002154469490051,dual_text,fadliferdian28/MyCryptoToken
NEG_00699,0,0,0,999,5,0.0027952802,0,0.4002154469490051,dual_text,fairrustana/Sports-Betting-Sportsbook
NEG_00702,0,0,0,1002,5,0.002481663,0,0.4002154469490051,dual_text,Faouzijedidi1/NFT-Game
NEG_00709,0,0,0,1009,5,0.0053244242,0,0.4002154469490051,dual_text,felipeserrano05/one-sol-protocol
NEG_00719,0,0,0,1019,5,0.0026890263,0,0.4002154469490051,dual_text,flannerychristopher/web3_py_simple_storage
NEG_00725,0,0,0,1025,5,0.0067690746,0,0.4002154469490051,dual_text,Formyselfonly/smart-contract-quickstart
NEG_00729,0,0,0,1029,5,0.0035450999,0,0.4002154469490051,dual_text,frangio/hardhat-exposed
NEG_00742,0,0,0,1042,5,0.004865261,0,0.4002154469490051,dual_text,fvictorio/ganache-explorer-poc
NEG_00747,0,0,0,1047,5,0.0047291997,0,0.4002154469490051,dual_text,gasparllamazares/Bitcoin-Virus
NEG_00748,0,0,0,1048,5,0.03745944,0,0.4002154469490051,dual_text,gauryvg98/Bitcoin-Indexer
NEG_00749,0,0,0,1049,5,0.0026890263,0,0.4002154469490051,dual_text,gbto/web3-everything
NEG_00751,0,0,0,1051,5,0.0028247475,0,0.4002154469490051,dual_text,Gearbox-protocol/gearbox-protocol-description
NEG_00763,0,0,0,1063,5,0.0050235875,0,0.4002154469490051,dual_text,gitthekid/Ethereum-Flashloan-DEX-Arbitrage-Contracts
NEG_00766,0,0,0,1066,5,0.0026890263,0,0.4002154469490051,dual_text,glitchnsec/cryptozombies-solutions
NEG_00769,0,0,0,1069,5,0.006273139,0,0.4002154469490051,dual_text,gmtech-xyz/safe-cex
NEG_00775,0,0,0,1075,5,0.0032746738,0,0.4002154469490051,dual_text,Gola-k/jsm_nft_marketplace
NEG_00776,0,0,0,1076,5,0.0036117844,0,0.4002154469490051,dual_text,GoodDollar/GoodDAPP
NEG_00779,0,0,0,1079,5,0.0031170421,0,0.4002154469490051,dual_text,gprateek93/Sikka--A-Simple-Bitcoin-Implementation
NEG_00791,0,0,0,1091,5,0.031963106,0,0.4002154469490051,dual_text,Gupta-4699/crypto_gallery
NEG_00794,0,0,0,1094,5,0.0019290688,0,0.4002154469490051,dual_text,gyro-defi/gyro-v1-contracts
NEG_00795,0,0,0,1095,5,0.007181334,0,0.4002154469490051,dual_text,gysr-io/core
NEG_00797,0,0,0,1097,5,0.0026890263,0,0.4002154469490051,dual_text,ha-bhai-noob-hoon/Solidity-task
NEG_00800,0,0,0,1100,5,0.008214769,0,0.4002154469490051,dual_text,HackUnderway/BlockChain
NEG_00804,0,0,0,1104,5,0.003319101,0,0.4002154469490051,dual_text,haf-decent/bArb
NEG_00805,0,0,0,1105,5,0.0026890263,0,0.4002154469490051,dual_text,HalfSuperNate/BalanceOfBatchDataToString
NEG_00815,0,0,0,1115,5,0.002087717,0,0.4002154469490051,dual_text,harsh6768/web3-basics
NEG_00821,0,0,0,1121,5,0.0029253433,0,0.4002154469490051,dual_text,HashLips/hashlips_nft_contract
NEG_00831,0,0,0,1131,5,0.0028436696,0,0.4002154469490051,dual_text,hexoul/aws-lambda-eth-proxy
NEG_00835,0,0,0,1135,5,0.0047859917,0,0.4002154469490051,dual_text,HilliamT/foundry-web3-monorepo
NEG_00840,0,0,0,1140,5,0.0026890263,0,0.4002154469490051,dual_text,hiwadrashad/Crypto-Currency
NEG_00854,0,0,0,1154,5,0.0028055883,0,0.4002154469490051,dual_text,hovig/web3-fabric-voting-dapp
NEG_00856,0,0,0,1156,5,0.0024330288,0,0.4002154469490051,dual_text,HugoBrunet13/NFT-Marketplace-Auction
NEG_00860,0,0,0,1160,5,0.0026890263,0,0.4002154469490051,dual_text,hundredwz/BlockchainInfo
NEG_00863,0,0,0,1163,5,0.0019101197,0,0.4002154469490051,dual_text,hyp3r5pace/crowdfunding-platform-avalanche
NEG_00870,0,0,0,1170,5,0.002297692,0,0.4002154469490051,dual_text,ianmah/cryptostory
NEG_00871,0,0,0,1171,5,0.008233683,0,0.4002154469490051,dual_text,IaroslavTitov/OnchainVestingService
NEG_00877,0,0,0,1177,5,0.0052059293,0,0.4002154469490051,dual_text,idimetrix/next-jobs
NEG_00878,0,0,0,1178,5,0.0056730835,0,0.4002154469490051,dual_text,idrabenia/SublimeLinter-contrib-solhint
NEG_00880,0,0,0,1180,5,0.0021084242,0,0.4002154469490051,dual_text,igorlourenco/nft-marketplace-smart-contract
NEG_00883,0,0,0,1183,5,0.043974005,0,0.4002154469490051,dual_text,illia-fz/defi-ts-wallet-connect-v23
NEG_00891,0,0,0,1191,5,0.0026890263,0,0.4002154469490051,dual_text,inghong06/Solidity_Whitelist
NEG_00896,0,0,0,1196,5,0.012162583,0,0.4002154469490051,dual_text,iotaledger-archive/legacy-wallet-use-trinity-wallet-instead
NEG_00897,0,0,0,1197,5,0.0036578684,0,0.4002154469490051,dual_text,Isaacdelly/Plutus
NEG_00913,0,0,0,1213,5,0.0033944903,0,0.4002154469490051,dual_text,JackG-eth/CryptoZombieEthSC
NEG_00928,0,0,0,1228,5,0.019182498,0,0.4002154469490051,dual_text,jammy928/CoinExchange_CryptoExchange_Java
NEG_00929,0,0,0,1229,5,0.0019210879,0,0.4002154469490051,dual_text,janfilips/blockchain-poker
NEG_00951,0,0,0,1251,5,0.002297692,0,0.4002154469490051,dual_text,Jeiwan/zuniswapv2
NEG_00954,0,0,0,1254,5,0.0029590689,0,0.4002154469490051,dual_text,JennEYoon/DeFi-ml
NEG_00955,0,0,0,1255,5,0.0029421733,0,0.4002154469490051,dual_text,jevinjivani2507/casino-web3
NEG_00956,0,0,0,1256,5,0.003961442,0,0.4002154469490051,dual_text,jgyy/solarjun
NEG_00957,0,0,0,1257,5,0.0052042725,0,0.4002154469490051,dual_text,jianminggit/NFT_BOT
NEG_00960,0,0,0,1260,5,0.00418033,0,0.4002154469490051,dual_text,JJ-Top/Despliegue-en-Ganache-de-SmartContract
NEG_00972,0,0,0,1272,5,0.0024638297,0,0.4002154469490051,dual_text,Jon-Becker/heimdall-rs
NEG_00975,0,0,0,1275,5,0.0029543345,0,0.4002154469490051,dual_text,joseoscarcc/TaqueriaCryptoChain
NEG_00981,0,0,0,1281,5,0.009851414,0,0.4002154469490051,dual_text,jpromamen/sat-stacker-quiz
NEG_00995,0,0,0,1295,5,0.0066743097,0,0.4002154469490051,dual_text,jwinterm/cryptonoteRPCwalletGUI
NEG_01012,0,0,0,1312,5,0.00482889,0,0.4002154469490051,dual_text,Kazopl/mpc-agent-wallet
NEG_01014,0,0,0,1314,5,0.002297692,0,0.4002154469490051,dual_text,keep-network/tbtc-website
NEG_01016,0,0,0,1316,5,0.0073861615,0,0.4002154469490051,dual_text,KehindeA533/CryptoDev_NFTCollection_Frontend
NEG_01017,0,0,0,1317,5,0.005922007,0,0.4002154469490051,dual_text,kelvincup/base-commit
NEG_01020,0,0,0,1320,5,0.0047483426,0,0.4002154469490051,dual_text,KenatSF/NFT-Marketplace
NEG_01021,0,0,0,1321,5,0.004295762,0,0.4002154469490051,dual_text,keng42/xwallet
NEG_01025,0,0,0,1325,5,0.0029284884,0,0.4002154469490051,dual_text,KernelFailure/blockchain
NEG_01028,0,0,0,1328,5,0.0019290688,0,0.4002154469490051,dual_text,Kevaljagani/NFT-Market
NEG_01038,0,0,0,1338,5,0.0019290688,0,0.4002154469490051,dual_text,Kimxons/generate-btc-keys
NEG_01045,0,0,0,1345,5,0.004826915,0,0.4002154469490051,dual_text,klaim-dev/solana-programs
NEG_01051,0,0,0,1351,5,0.00209874,0,0.4002154469490051,dual_text,kokomoji/CryptoCoinPaperWallet
NEG_01056,0,0,0,1356,5,0.0019101197,0,0.4002154469490051,dual_text,Kr1ptal/ethers-kt
NEG_01059,0,0,0,1359,5,0.023109175,0,0.4002154469490051,dual_text,KrishGitVerse/speedrun-multisig-msu
NEG_01060,0,0,0,1360,5,0.0648531,0,0.4002154469490051,dual_text,krrish-sehgal/nwc-playground
NEG_01064,0,0,0,1364,5,0.0026890263,0,0.4002154469490051,dual_text,Kula529/-nft-collectible-frontend
NEG_01071,0,0,0,1371,5,0.0022195776,0,0.4002154469490051,dual_text,l3lackcurtains/solo-coin-cryptocurrency
NEG_01076,0,0,0,1376,5,0.002988393,0,0.4002154469490051,dual_text,laramiedunlap/blockchain-wallets
NEG_01082,0,0,0,1382,5,0.06361783,0,0.4002154469490051,dual_text,lawlietu0/EnigmaCracker
NEG_01086,0,0,0,1386,5,0.012329461,0,0.4002154469490051,dual_text,lbryio/lbry-desktop
NEG_01095,0,0,0,1395,5,0.0024771257,0,0.4002154469490051,dual_text,Lemury1/wallet_stealer
NEG_01104,0,0,0,1404,5,0.0025112343,0,0.4002154469490051,dual_text,liquality/wallet
NEG_01109,0,0,0,1409,5,0.0026890263,0,0.4002154469490051,dual_text,LoboVH/NFT-contract-NEAR-PROTOCOL
NEG_01122,0,0,0,1422,5,0.008060615,0,0.4002154469490051,dual_text,Lucifer666XD/ZenDesk
NEG_01123,0,0,0,1423,5,0.0026890263,0,0.4002154469490051,dual_text,LuckyPigeon/Smart-Contract-Playground
NEG_01129,0,0,0,1429,5,0.007265832,0,0.4002154469490051,dual_text,maazgora/Multi-Sig-Wallet-using-Solidity
NEG_01130,0,0,0,1430,5,0.02646481,0,0.4002154469490051,dual_text,machenxi/Dodging-Turtis-NFT-game-Polygon
NEG_01135,0,0,0,1435,5,0.007319757,0,0.4002154469490051,dual_text,maikon9824-lab/giftcard-dapp-arc-
NEG_01136,0,0,0,1436,5,0.0026890263,0,0.4002154469490051,dual_text,mainnetblockchain/sendEtherThroughSmartContract
NEG_01143,0,0,0,1443,5,0.0019290688,0,0.4002154469490051,dual_text,Manuel-yang/BlockChainSelfLearning
NEG_01147,0,0,0,1447,5,0.0024010856,0,0.4002154469490051,dual_text,maprob/nft-mint-site
NEG_01152,0,0,0,1452,5,0.0026890263,0,0.4002154469490051,dual_text,markjinhua/SmartContract
NEG_01153,0,0,0,1453,5,0.0029388308,0,0.4002154469490051,dual_text,Markkop/markkop-defi
NEG_01154,0,0,0,1454,5,0.0026626317,0,0.4002154469490051,dual_text,MartinoTruppini/LegalTech-SmartContract.it
NEG_01158,0,0,0,1458,5,0.003383484,0,0.4002154469490051,dual_text,masaun/governorAlpha-with-proof-of-voting-NFT
NEG_01162,0,0,0,1462,5,0.0019101197,0,0.4002154469490051,dual_text,mateolafalce/MonthlySubscriptionSolana
NEG_01171,0,0,0,1471,5,0.08456153,0,0.4002154469490051,dual_text,MauriceBoendermaker/kraken_forge_hackathon_2025
NEG_01180,0,0,0,1480,5,0.0034299446,0,0.4002154469490051,dual_text,Melchizedek4ever/Time-Lock-Wallet
NEG_01183,0,0,0,1483,5,0.004655079,0,0.4002154469490051,dual_text,MeoMunDep/Fintopio
NEG_01184,0,0,0,1484,5,0.0024909368,0,0.4002154469490051,dual_text,MeoMunDep/OG-Labs
NEG_01186,0,0,0,1486,5,0.01115527,0,0.4002154469490051,dual_text,merofinance/webapp
NEG_01194,0,0,0,1494,5,0.00209874,0,0.4002154469490051,dual_text,mg98/arbitrary-data-on-blockchains
NEG_01207,0,0,0,1507,5,0.0032024027,0,0.4002154469490051,dual_text,mikke555/eth-wallets-generator
NEG_01215,0,0,0,1515,5,0.0025637068,0,0.4002154469490051,dual_text,mirrorworld-universe/mirrorworld-sdk-js
NEG_01218,0,0,0,1518,5,0.0041601416,0,0.4002154469490051,dual_text,Mizogg/Mizogg-Tools
NEG_01224,0,0,0,1524,5,0.0043851337,0,0.4002154469490051,dual_text,MohaiminulEraj/Indicium
NEG_01238,0,0,0,1538,5,0.011380577,0,0.4002154469490051,dual_text,moseuh/blockchain-nft
NEG_01241,0,0,0,1541,5,0.006235267,0,0.4002154469490051,dual_text,Mr-Malik-Aryan/LendVault
NEG_01248,0,0,0,1548,5,0.0026890263,0,0.4002154469490051,dual_text,mrozdolski/ink-flipper
NEG_01250,0,0,0,1550,5,0.0023552678,0,0.4002154469490051,dual_text,mrsmookie/btcrecover
NEG_01254,0,0,0,1554,5,0.006112089,0,0.4002154469490051,dual_text,mtechee/libax
NEG_01256,0,0,0,1556,5,0.0040872623,0,0.4002154469490051,dual_text,mucolon/gemini-interface
NEG_01257,0,0,0,1557,5,0.008147428,0,0.4002154469490051,dual_text,muhammadshiraz/dex-frontend-react
NEG_01264,0,0,0,1564,5,0.0026890263,0,0.4002154469490051,dual_text,MuscleBunny/NFT_MarketPlace
NEG_01266,0,0,0,1566,5,0.010067669,0,0.4002154469490051,dual_text,muzikoud/cryptoZombies_smart_contract
NEG_01267,0,0,0,1567,5,0.0049150046,0,0.4002154469490051,dual_text,Muziris-Labs/fusion-smart-contracts
NEG_01275,0,0,0,1575,5,0.0051011276,0,0.4002154469490051,dual_text,Mystique85/Hub-Portal-Chat
NEG_01282,0,0,0,1582,5,0.024499498,0,0.4002154469490051,dual_text,NancenFrelly/crypto_wallet
NEG_01291,0,0,0,1591,5,0.017480575,0,0.4002154469490051,dual_text,NecroNexus/Blocklog
NEG_01294,0,0,0,1594,5,0.0029388308,0,0.4002154469490051,dual_text,neoguias/tutorial-wallet-multifirma
NEG_01297,0,0,0,1597,5,0.0058219987,0,0.4002154469490051,dual_text,NesterZz/NFT-Wallet
NEG_01300,0,0,0,1600,5,0.0037343164,0,0.4002154469490051,dual_text,Neufund/ledger-wallet-provider
NEG_01306,0,0,0,1606,5,0.0026890263,0,0.4002154469490051,dual_text,nguyenj27/CSC299
NEG_01321,0,0,0,1621,5,0.010094636,0,0.4002154469490051,dual_text,nirholas/bnbchain-mcp
NEG_01327,0,0,0,1627,5,0.0031706658,0,0.4002154469490051,dual_text,Nitin2489/simple-wallet-solidity
NEG_01332,0,0,0,1632,5,0.003073619,0,0.4002154469490051,dual_text,Noahendriks/CryptoTokens
NEG_01337,0,0,0,1637,5,0.006041414,0,0.4002154469490051,dual_text,NoNameNo1F/Blockchain-Applied_BitcoinScripts
NEG_01349,0,0,0,1649,5,0.013841918,0,0.4002154469490051,dual_text,Obalfour/CryptoPokes
NEG_01354,0,0,0,1654,5,0.0026890263,0,0.4002154469490051,dual_text,ofojichigozie/multisig-smart-contract
NEG_01363,0,0,0,1663,5,0.0019290688,0,0.4002154469490051,dual_text,Olanetsoft/buymeacoffee-be
NEG_01367,0,0,0,1667,5,0.00278104,0,0.4002154469490051,dual_text,Om-Mishra7/KRMU-OS-Expo_2023
NEG_01369,0,0,0,1669,5,0.0026890263,0,0.4002154469490051,dual_text,OmarChefrad/HourZero
NEG_01371,0,0,0,1671,5,0.0083721,0,0.4002154469490051,dual_text,OnChainMee/evm-base-pumfun-smart-contract-v1
NEG_01372,0,0,0,1672,5,0.0025986542,0,0.4002154469490051,dual_text,onee-io/crypto-zombies
NEG_01382,0,0,0,1682,5,0.002135144,0,0.4002154469490051,dual_text,openocean-finance/Security-Audit-Report
NEG_01388,0,0,0,1688,5,0.002420254,0,0.4002154469490051,dual_text,Opty-Fi/defi-adapters
NEG_01390,0,0,0,1690,5,0.003747387,0,0.4002154469490051,dual_text,opynfinance/squeeth-monorepo
NEG_01396,0,0,0,1696,5,0.005452798,0,0.4002154469490051,dual_text,oumaoumag/smart-wallet-skeleton
NEG_01397,0,0,0,1697,5,0.00377314,0,0.4002154469490051,dual_text,Outlier1217/stellar-ai-escrow-commerce-hackathon
NEG_01398,0,0,0,1698,5,0.0033206977,0,0.4002154469490051,dual_text,Overtorment/cli-cold-wallet
NEG_01400,0,0,0,1700,5,0.0026890263,0,0.4002154469490051,dual_text,oxofonime/Celo
NEG_01408,0,0,0,1708,5,0.0022363928,0,0.4002154469490051,dual_text,paniaguaadrian/nft-marketplace
NEG_01409,0,0,0,1709,5,0.0067677926,0,0.4002154469490051,dual_text,pantunes/xtcryptosignals
NEG_01410,0,0,0,1710,5,0.003690128,0,0.4002154469490051,dual_text,paradigmxyz/solar
NEG_01411,0,0,0,1711,5,0.0058219987,0,0.4002154469490051,dual_text,Parkhomets/crypto_solidity
NEG_01413,0,0,0,1713,5,0.0023121256,0,0.4002154469490051,dual_text,parv3213/Multi-Signature-Wallet
NEG_01415,0,0,0,1715,5,0.016310051,0,0.4002154469490051,dual_text,patilom342/poc-stake
NEG_01426,0,0,0,1726,5,0.0019290688,0,0.4002154469490051,dual_text,pcaversaccio/solidity-games
NEG_01430,0,0,0,1730,5,0.0020803637,0,0.4002154469490051,dual_text,PepperWatch/rust
NEG_01434,0,0,0,1734,5,0.0019290688,0,0.4002154469490051,dual_text,Petrosdevri/Solidity-Token-Contract
NEG_01437,0,0,0,1737,5,0.002988393,0,0.4002154469490051,dual_text,PiDAOLab/Pi-NFT-CryptoDragonKing
NEG_01438,0,0,0,1738,5,0.009294237,0,0.4002154469490051,dual_text,PigCharid/ethereum-codeAnalysis
NEG_01439,0,0,0,1739,5,0.016487796,0,0.4002154469490051,dual_text,piske-level/multi-chain-payment-gateway
NEG_01443,0,0,0,1743,5,0.0019101197,0,0.4002154469490051,dual_text,Planxnx/ethereum-wallet-generator
NEG_01445,0,0,0,1745,5,0.0021316276,0,0.4002154469490051,dual_text,pmaji/crypto-whale-watching-app
NEG_01451,0,0,0,1751,5,0.003904193,0,0.4002154469490051,dual_text,Polygon-Academy/basicnfts
NEG_01462,0,0,0,1762,5,0.0042385976,0,0.4002154469490051,dual_text,prathameshbelurkar/Blockchains
NEG_01478,0,0,0,1778,5,0.0021107893,0,0.4002154469490051,dual_text,pulkitpal/defi-protocol-sdk
NEG_01479,0,0,0,1779,5,0.0032544273,0,0.4002154469490051,dual_text,pvedha/HackIT_IX_Server
NEG_01482,0,0,0,1782,5,0.0036748548,0,0.4002154469490051,dual_text,pythoninthegrasses/nft_meetup
NEG_01484,0,0,0,1784,5,0.0025404536,0,0.4002154469490051,dual_text,qlyde/peek
NEG_01485,0,0,0,1785,5,0.0021440121,0,0.4002154469490051,dual_text,qshuai/blockchain-wallet
NEG_01495,0,0,0,1795,5,0.0019290688,0,0.4002154469490051,dual_text,ra0321/CryptoZombies
NEG_01496,0,0,0,1796,5,0.0035137166,0,0.4002154469490051,dual_text,RabbyHub/Rabby
NEG_01499,0,0,0,1799,5,0.0028400875,0,0.4002154469490051,dual_text,RafaBlockDev/Lending-Pool
NEG_01500,0,0,0,1800,5,0.03773493,0,0.4002154469490051,dual_text,rafaelfariasbsb/polymarket
NEG_01508,0,0,0,1808,5,0.007892366,0,0.4002154469490051,dual_text,RainbowMiner/RainbowMiner
NEG_01513,0,0,0,1813,5,0.0104722185,0,0.4002154469490051,dual_text,Ramprakash852/Proofify-Smart-Contract
NEG_01515,0,0,0,1815,5,0.0026626317,0,0.4002154469490051,dual_text,ranchimall/blockchainbonds
NEG_01520,0,0,0,1820,5,0.0045488426,0,0.4002154469490051,dual_text,rawalraj022/One-Universal-Identity
NEG_01522,0,0,0,1822,5,0.0034299446,0,0.4002154469490051,dual_text,raytsangGitHub/Cryptocurrency
NEG_01527,0,0,0,1827,5,0.0030478379,0,0.4002154469490051,dual_text,RDCH106/pycoinmon
NEG_01528,0,0,0,1828,5,0.0019101197,0,0.4002154469490051,dual_text,re-nft/_v2_.sdk
NEG_01529,0,0,0,1829,5,0.0036289697,0,0.4002154469490051,dual_text,reaperdragon/kittos-nft-marketplace
NEG_01533,0,0,0,1833,5,0.007792671,0,0.4002154469490051,dual_text,RelapsedCode/qa-assuring-ethereum-tspvak
NEG_01534,0,0,0,1834,5,0.004391517,0,0.4002154469490051,dual_text,relyt29/Bubki-For-Ukraine-Contracts
NEG_01570,0,0,0,1870,5,0.0019290688,0,0.4002154469490051,dual_text,ronylucca/nft-dungeons-slayers
NEG_01577,0,0,0,1877,5,0.00209874,0,0.4002154469490051,dual_text,ruppysuppy/Crypto-Crowdfund
NEG_01579,0,0,0,1879,5,0.0321385,0,0.4002154469490051,dual_text,rustjesty/bubblemaps-bypass-tool-rust
NEG_01584,0,0,0,1884,5,0.0026890263,0,0.4002154469490051,dual_text,RyanHaraki/ethereumjs
NEG_01585,0,0,0,1885,5,0.0025986542,0,0.4002154469490051,dual_text,RyanKoech/Crypto_Fund
NEG_01589,0,0,0,1889,5,0.0048170253,0,0.4002154469490051,dual_text,s-damian/hardhat-nft-ticketing
NEG_01590,0,0,0,1890,5,0.013861139,0,0.4002154469490051,dual_text,s4larie/walletool
NEG_01595,0,0,0,1895,5,0.006946564,0,0.4002154469490051,dual_text,sahilrohera10/Fusion_Wallet
NEG_01597,0,0,0,1897,5,0.0041952278,0,0.4002154469490051,dual_text,saikun0293/gige-web3
NEG_01598,0,0,0,1898,5,0.0019290688,0,0.4002154469490051,dual_text,salmanbao/tic-tac-toe
NEG_01603,0,0,0,1903,5,0.0038852703,0,0.4002154469490051,dual_text,Samuellyworld/Tippers
NEG_01631,0,0,0,1931,5,0.002122956,0,0.4002154469490051,dual_text,secp256k2/secp256k2
NEG_01632,0,0,0,1932,5,0.0032831405,0,0.4002154469490051,dual_text,seekerpig/nftSmartContract
NEG_01633,0,0,0,1933,5,0.009328521,0,0.4002154469490051,dual_text,sefaosm/Stake-X
NEG_01634,0,0,0,1934,5,0.0060626287,0,0.4002154469490051,dual_text,SergioCifuentes/mpl-core-staking-frontend
NEG_01636,0,0,0,1936,5,0.0058219987,0,0.4002154469490051,dual_text,sevdakeskin/Solidity-CryptoZombies
NEG_01638,0,0,0,1938,5,0.031645283,0,0.4002154469490051,dual_text,ShadowGuardAI/crypto-hdwallet-analyzer
NEG_01643,0,0,0,1943,5,0.0034480088,0,0.4002154469490051,dual_text,shanefontaine/ethfinex-python
NEG_01648,0,0,0,1948,5,0.004477753,0,0.4002154469490051,dual_text,shawakash/payBox
NEG_01661,0,0,0,1961,5,0.0026890263,0,0.4002154469490051,dual_text,siddot/Wallet
NEG_01663,0,0,0,1963,5,0.002135144,0,0.4002154469490051,dual_text,SilentCicero/MultiSignatureWallet
NEG_01672,0,0,0,1972,5,0.013587109,0,0.4002154469490051,dual_text,Sky4Master/JS-DEX-TrackBot-Sky4Master
NEG_01675,0,0,0,1975,5,0.0037857778,0,0.4002154469490051,dual_text,skysor/digital-assets
NEG_01678,0,0,0,1978,5,0.002297692,0,0.4002154469490051,dual_text,Slidebits/ethereum-smart-contracts
NEG_01682,0,0,0,1982,5,0.002122956,0,0.4002154469490051,dual_text,smartbugs/smartbugs-wild
NEG_01685,0,0,0,1985,5,0.003183694,0,0.4002154469490051,dual_text,smartcontractkit/chainlink-ruby
NEG_01687,0,0,0,1987,5,0.0042115087,0,0.4002154469490051,dual_text,SmolDapp/smoldapp
NEG_01695,0,0,0,1995,5,0.008479745,0,0.4002154469490051,dual_text,solguru310/solana-wallet-tracking-bot
NEG_01698,0,0,0,1998,5,0.0026635854,0,0.4002154469490051,dual_text,solidstate-network/solidstate-solidity
NEG_01700,0,0,0,2000,5,0.00209874,0,0.4002154469490051,dual_text,solomoncools/nft-minter-bep721
NEG_01702,0,0,0,2002,5,0.0037205932,0,0.4002154469490051,dual_text,SonOfMosiah/maxx-finance-subgraph
NEG_01705,0,0,0,2005,5,0.0019101197,0,0.4002154469490051,dual_text,spareleg/bitcoin-ticker
NEG_01707,0,0,0,2007,5,0.004049664,0,0.4002154469490051,dual_text,Spectral-Finance/scraped-sol-files
NEG_01712,0,0,0,2012,5,0.0064476165,0,0.4002154469490051,dual_text,Springbock99/hd-wallet
NEG_01714,0,0,0,2014,5,0.002490444,0,0.4002154469490051,dual_text,SqueezerIO/squeezer
NEG_01715,0,0,0,2015,5,0.0047215745,0,0.4002154469490051,dual_text,sr2echa/DMD
NEG_01722,0,0,0,2022,5,0.0026626317,0,0.4002154469490051,dual_text,stefannovasky/cryptocurrency-smart-contract
NEG_01725,0,0,0,2025,5,0.0037507196,0,0.4002154469490051,dual_text,StephanAkkerman/crypto-ohlcv
NEG_01730,0,0,0,2030,5,0.0026890263,0,0.4002154469490051,dual_text,StratosGrig/BlockchainProjects
NEG_01733,0,0,0,2033,5,0.07311321,0,0.4002154469490051,dual_text,suarja/memoria-eterna-nft
NEG_01734,0,0,0,2034,5,0.004510071,0,0.4002154469490051,dual_text,subsixx/Pinsurance
NEG_01742,0,0,0,2042,5,0.004585879,0,0.4002154469490051,dual_text,sunjiangjun/supernode
NEG_01748,0,0,0,2048,5,0.002844213,0,0.4002154469490051,dual_text,superDev427/BlockChain-Tra
NEG_01750,0,0,0,2050,5,0.0026890263,0,0.4002154469490051,dual_text,SuperRich/soliditywallet
NEG_01751,0,0,0,2051,5,0.006684658,0,0.4002154469490051,dual_text,supragya/CryptographyResearch
NEG_01752,0,0,0,2052,5,0.0018198158,0,0.4002154469490051,dual_text,suribartek9/btc-eth
NEG_01754,0,0,0,2054,5,0.0019101197,0,0.4002154469490051,dual_text,Swap76/Supply-Chain-Using-Blockchain
NEG_01757,0,0,0,2057,5,0.002988393,0,0.4002154469490051,dual_text,swarupyeole11/BlockchainCryptography
NEG_01759,0,0,0,2059,5,0.0026890263,0,0.4002154469490051,dual_text,sweetmantech/NFT-Polygon-Minting
NEG_01762,0,0,0,2062,5,0.0043170196,0,0.4002154469490051,dual_text,swrno/adopt-pet
NEG_01768,0,0,0,2068,5,0.005011155,0,0.4002154469490051,dual_text,Synthetixio/synthetix-js
NEG_01772,0,0,0,2072,5,0.009851414,0,0.4002154469490051,dual_text,TaliaKaza/CryptoSentinel
NEG_01785,0,0,0,2085,5,0.002297692,0,0.4002154469490051,dual_text,taylorjdawson/eth-chains
NEG_01790,0,0,0,2090,5,0.002122956,0,0.4002154469490051,dual_text,TechRate/Smart-Contract-Audits
NEG_01792,0,0,0,2092,5,0.02208455,0,0.4002154469490051,dual_text,tega-tahir/ArtBridge
NEG_01795,0,0,0,2095,5,0.0031702032,0,0.4002154469490051,dual_text,TeleportDAO/teleswap-contracts-evm
NEG_01796,0,0,0,2096,5,0.006385516,0,0.4002154469490051,dual_text,ten-protocol/go-ten
NEG_01800,0,0,0,2100,5,0.00610838,0,0.4002154469490051,dual_text,Teyik0/solidity-order-book
NEG_01802,0,0,0,2102,5,0.0041241916,0,0.4002154469490051,dual_text,ThalesBMC/crypto-wallet
NEG_01805,0,0,0,2105,5,0.0038932003,0,0.4002154469490051,dual_text,theblockbrain/ai-safeguard
NEG_01806,0,0,0,2106,5,0.0019101197,0,0.4002154469490051,dual_text,theblockchainchief/web3-hub
NEG_01810,0,0,0,2110,5,0.0026890263,0,0.4002154469490051,dual_text,thenua3bhai/backend-nft-marketplace-ethereum
NEG_01819,0,0,0,2119,5,0.004237022,0,0.4002154469490051,dual_text,timxor/payment-api
NEG_01821,0,0,0,2121,5,0.009323009,0,0.4002154469490051,dual_text,tinovyatkin/pass-js
NEG_01823,0,0,0,2123,5,0.0026890263,0,0.4002154469490051,dual_text,tiwarisakshi28/Multisignature-wallet
NEG_01826,0,0,0,2126,5,0.0028997504,0,0.4002154469490051,dual_text,tmiess/CryptoBase
NEG_01829,0,0,0,2129,5,0.0023337966,0,0.4002154469490051,dual_text,tomteman/attendr
NEG_01832,0,0,0,2132,5,0.013765463,0,0.4002154469490051,dual_text,topsecretagent007/smart-contract-web3-projects
NEG_01834,0,0,0,2134,5,0.004852287,0,0.4002154469490051,dual_text,Topten1004/NFT-Marketplace-ERC1155
NEG_01836,0,0,0,2136,5,0.0019101197,0,0.4002154469490051,dual_text,toto-1010/nft-smart-contracts-basic1
NEG_01842,0,0,0,2142,5,0.004206754,0,0.4002154469490051,dual_text,TradMod/awesome-audits-checklists
NEG_01845,0,0,0,2145,5,0.0030423487,0,0.4002154469490051,dual_text,TrentPierce/Ethereum-Address-Collider
NEG_01850,0,0,0,2150,5,0.0023121256,0,0.4002154469490051,dual_text,trustwallet/trust-wallet-ios
NEG_01862,0,0,0,2162,5,0.0042297314,0,0.4002154469490051,dual_text,uhsr/BlockchainNFTRegistryPlatformX
NEG_01863,0,0,0,2163,5,0.0050666956,0,0.4002154469490051,dual_text,uhsr/BlockchainNftRegistrySolutionsX
NEG_01866,0,0,0,2166,5,0.0050666956,0,0.4002154469490051,dual_text,uhsr/BlockchainNFTVaultManagerPlatformUltra
NEG_01877,0,0,0,2177,5,0.0037507196,0,0.4002154469490051,dual_text,uport-project/uport-connect
NEG_01878,0,0,0,2178,5,0.0031877493,0,0.4002154469490051,dual_text,UraniumCorporation/solana-payout-action
NEG_01880,0,0,0,2180,5,0.008656208,0,0.4002154469490051,dual_text,utsavempiric20/multi-signature-wallet-factory-solidity
NEG_01886,0,0,0,2186,5,0.0027647007,0,0.4002154469490051,dual_text,vanchoy/nft-collection
NEG_01890,0,0,0,2190,5,0.0023325447,0,0.4002154469490051,dual_text,vdutts7/ai-generated-nfts
NEG_01891,0,0,0,2191,5,0.0026635854,0,0.4002154469490051,dual_text,vechain/web3-gear
NEG_01894,0,0,0,2194,5,0.048753224,0,0.4002154469490051,dual_text,VedikaaSankhe/ds_VedikaSankhe
NEG_01895,0,0,0,2195,5,0.009841763,0,0.4002154469490051,dual_text,Velocity-BPA/n8n-nodes-aztec
NEG_01896,0,0,0,2196,5,0.008658786,0,0.4002154469490051,dual_text,Velocity-BPA/n8n-nodes-pendle
NEG_01898,0,0,0,2198,5,0.011201594,0,0.4002154469490051,dual_text,vergecurrency/verge
NEG_01899,0,0,0,2199,5,0.004880674,0,0.4002154469490051,dual_text,VersoriumX/web3
NEG_01901,0,0,0,2201,5,0.0038851076,0,0.4002154469490051,dual_text,vhidvz/crypto-aio
NEG_01904,0,0,0,2204,5,0.0019820274,0,0.4002154469490051,dual_text,victorykop/Buildspace-Wave-Portal-Backend
NEG_01907,0,0,0,2207,5,0.0021009983,0,0.4002154469490051,dual_text,Vikash-8090-Yadav/Learn-Earn-in-WEB3
NEG_01919,0,0,0,2219,5,0.0026890263,0,0.4002154469490051,dual_text,vitalkamuntu/Crypto-wallet
NEG_01934,0,0,0,2234,5,0.0028838767,0,0.4002154469490051,dual_text,VulnPlanet/l3x
NEG_01937,0,0,0,2237,5,0.0023350536,0,0.4002154469490051,dual_text,vykuntaharsha/cryptocurrency-and-smart-contract
NEG_01938,0,0,0,2238,5,0.0034335842,0,0.4002154469490051,dual_text,wallet-agent/wallet-agent
NEG_01939,0,0,0,2239,5,0.010385648,0,0.4002154469490051,dual_text,Wallet3/Wallet3-Desktop
NEG_01945,0,0,0,2245,5,0.0027928795,0,0.4002154469490051,dual_text,WalletWasabi/WalletWasabi
NEG_01948,0,0,0,2248,5,0.0029752604,0,0.4002154469490051,dual_text,wangshijun/ethereum-lottery-dapp
NEG_01951,0,0,0,2251,5,0.002122956,0,0.4002154469490051,dual_text,warmkey-finance/bitcoin-cryptocurrency-tutorial
NEG_01952,0,0,0,2252,5,0.009434275,0,0.4002154469490051,dual_text,wasiiff/blokk-lens
NEG_01955,0,0,0,2255,5,0.0040872623,0,0.4002154469490051,dual_text,WeaverFi/cookietrack-api
NEG_01957,0,0,0,2257,5,0.0019101197,0,0.4002154469490051,dual_text,Web3-Club/Blockchain-Developer-roadmap_Chinese
NEG_01958,0,0,0,2258,5,0.0027465508,0,0.4002154469490051,dual_text,Web3Auth/Auth
NEG_01966,0,0,0,2266,5,0.0025536036,0,0.4002154469490051,dual_text,web3p/web3.php
NEG_01973,0,0,0,2273,5,0.004049664,0,0.4002154469490051,dual_text,whoaryu/cryptozombies
NEG_01984,0,0,0,2284,5,0.0033032778,0,0.4002154469490051,dual_text,WTFAcademy/WTF-CTF
NEG_01987,0,0,0,2287,5,0.0019290688,0,0.4002154469490051,dual_text,Xalt8/Vyper
NEG_02001,0,0,0,2301,5,0.0481295,0,0.4002154469490051,dual_text,XXXGutierrezXXX/defi-staking-smart-contract-solana
NEG_02007,0,0,0,2307,5,0.0029348987,0,0.4002154469490051,dual_text,yannvr/lendx
NEG_02010,0,0,0,2310,5,0.0026890263,0,0.4002154469490051,dual_text,YarovoyVladimir09/rust-solana-NftLoanPlatform
NEG_02011,0,0,0,2311,5,0.0029467132,0,0.4002154469490051,dual_text,Yassin-MT/EETP
NEG_02026,0,0,0,2326,5,0.0022938345,0,0.4002154469490051,dual_text,YosephKS/truffle-opensea-nft
NEG_02029,0,0,0,2329,5,0.0023202964,0,0.4002154469490051,dual_text,yuichiroaoki/typescript-hardhat
NEG_02041,0,0,0,2341,5,0.0030393666,0,0.4002154469490051,dual_text,ZetiAi/defi
NEG_02052,0,0,0,2352,5,0.0019828754,0,0.4002154469490051,dual_text,zypher-game/bevy-web3
