family_id,label,is_real_positive,is_generated_positive,row_index,outer_fold,y_proba,y_pred,threshold,model,repo_full_name
F2_crypto_trading_bot,1,1,0,11,1,0.0962982552344952,0,0.6620674913,LinearSVC+CalibratedClassifierCV+Optuna,dev-protocol/polymarket-copytrading-bot-sport
F2_crypto_trading_bot,1,1,0,14,1,0.0011765018125538742,0,0.6620674913,LinearSVC+CalibratedClassifierCV+Optuna,FaceOFWood/SniperBot-Solana-PumpSwap
F2_crypto_trading_bot,1,1,0,15,1,0.7303234863136133,1,0.6620674913,LinearSVC+CalibratedClassifierCV+Optuna,harshith-vaddiparthy/quant-bot
F2_crypto_trading_bot,1,1,0,29,1,0.0017109127422310735,0,0.6620674913,LinearSVC+CalibratedClassifierCV+Optuna,Morning-Star213/Solana-pumpfun-bot
F2_crypto_trading_bot,1,0,1,188,1,0.06459065505064675,0,0.6620674913,LinearSVC+CalibratedClassifierCV+Optuna,labs-market/polymarket-copytrading-bot-sport
F2_crypto_trading_bot,1,0,1,189,1,0.0007034289260285047,0,0.6620674913,LinearSVC+CalibratedClassifierCV+Optuna,FaceOFWoo/SniperBot-Solana-PumpSwap
F2_crypto_trading_bot,1,0,1,190,1,0.7550798201331558,1,0.6620674913,LinearSVC+CalibratedClassifierCV+Optuna,harshithvaddiparthyy/quant-bot
F2_crypto_trading_bot,1,0,1,191,1,0.0021829592236992986,0,0.6620674913,LinearSVC+CalibratedClassifierCV+Optuna,MorningStar213ry/Solana-pumpfun-bot
F2_crypto_trading_bot,1,0,1,192,1,0.05310994833834165,0,0.6620674913,LinearSVC+CalibratedClassifierCV+Optuna,dex-copy/polymarket-copytrading-bot-sport
F2_crypto_trading_bot,1,0,1,193,1,0.0013708279049011608,0,0.6620674913,LinearSVC+CalibratedClassifierCV+Optuna,FaceOFWoodv/SniperBot-Solana-PumpSwap
F2_crypto_trading_bot,1,0,1,194,1,0.6905904418221138,1,0.6620674913,LinearSVC+CalibratedClassifierCV+Optuna,harshithvaddiparthy4/quant-bot
F2_crypto_trading_bot,1,0,1,195,1,0.0018772081881903173,0,0.6620674913,LinearSVC+CalibratedClassifierCV+Optuna,MorningStar213/Solana-pumpfun-bot
F2_crypto_trading_bot,1,0,1,196,1,0.07736678694601394,0,0.6620674913,LinearSVC+CalibratedClassifierCV+Optuna,dex-bot/polymarket-copytrading-bot-sport
F2_crypto_trading_bot,1,0,1,197,1,0.0018852291024971986,0,0.6620674913,LinearSVC+CalibratedClassifierCV+Optuna,FaceOFWood2/SniperBot-Solana-PumpSwap
F2_crypto_trading_bot,1,0,1,198,1,0.7403295527579171,1,0.6620674913,LinearSVC+CalibratedClassifierCV+Optuna,harshithvaddiparthy42/quant-bot
F2_crypto_trading_bot,1,0,1,199,1,0.001109484257866486,0,0.6620674913,LinearSVC+CalibratedClassifierCV+Optuna,MorningStar2132/Solana-pumpfun-bot
F2_crypto_trading_bot,1,0,1,200,1,0.10640346165060477,0,0.6620674913,LinearSVC+CalibratedClassifierCV+Optuna,dex-trade/polymarket-copytrading-bot-sport
F2_crypto_trading_bot,1,0,1,201,1,0.0009800059116864012,0,0.6620674913,LinearSVC+CalibratedClassifierCV+Optuna,FaceOFWoodk/SniperBot-Solana-PumpSwap
F2_crypto_trading_bot,1,0,1,202,1,0.8244226598125701,1,0.6620674913,LinearSVC+CalibratedClassifierCV+Optuna,harshithvaddiparthyu/quant-bot
F2_crypto_trading_bot,1,0,1,203,1,0.0025633049744334985,0,0.6620674913,LinearSVC+CalibratedClassifierCV+Optuna,MorningStar2133/Solana-pumpfun-bot
F2_crypto_trading_bot,1,0,1,204,1,0.12586979479127616,0,0.6620674913,LinearSVC+CalibratedClassifierCV+Optuna,bot-trade/polymarket-copytrading-bot-sport
F2_crypto_trading_bot,1,0,1,205,1,0.0013678907280398882,0,0.6620674913,LinearSVC+CalibratedClassifierCV+Optuna,FaceOFWood3/SniperBot-Solana-PumpSwap
F2_crypto_trading_bot,1,0,1,206,1,0.7146366616796541,1,0.6620674913,LinearSVC+CalibratedClassifierCV+Optuna,harshithvaddiparthy/quant-bot
F2_crypto_trading_bot,1,0,1,207,1,0.0011510788515828676,0,0.6620674913,LinearSVC+CalibratedClassifierCV+Optuna,MorningStar213o3/Solana-pumpfun-bot
F2_crypto_trading_bot,1,0,1,208,1,0.11988354216544972,0,0.6620674913,LinearSVC+CalibratedClassifierCV+Optuna,dex-signal/polymarket-copytrading-bot-sport
F2_crypto_trading_bot,1,0,1,209,1,0.0007138390921841279,0,0.6620674913,LinearSVC+CalibratedClassifierCV+Optuna,FaceOFWood4/SniperBot-Solana-PumpSwap
F2_crypto_trading_bot,1,0,1,210,1,0.7923494986577709,1,0.6620674913,LinearSVC+CalibratedClassifierCV+Optuna,harshithvaddiparthyy2/quant-bot
F2_crypto_trading_bot,1,0,1,211,1,0.0015882188681651073,0,0.6620674913,LinearSVC+CalibratedClassifierCV+Optuna,MorningStar213gg/Solana-pumpfun-bot
F2_crypto_trading_bot,1,0,1,212,1,0.07837231310012609,0,0.6620674913,LinearSVC+CalibratedClassifierCV+Optuna,signal-labs/polymarket-copytrading-bot-sport
F2_crypto_trading_bot,1,0,1,213,1,0.0009787750350506784,0,0.6620674913,LinearSVC+CalibratedClassifierCV+Optuna,FaceOFWoo2/SniperBot-Solana-PumpSwap
F2_crypto_trading_bot,1,0,1,214,1,0.7748330366857937,1,0.6620674913,LinearSVC+CalibratedClassifierCV+Optuna,harshithvaddiparthy2/quant-bot
F2_crypto_trading_bot,1,0,1,215,1,0.0019170137813972823,0,0.6620674913,LinearSVC+CalibratedClassifierCV+Optuna,MorningStar2132q/Solana-pumpfun-bot
F2_crypto_trading_bot,1,0,1,216,1,0.11031534662488847,0,0.6620674913,LinearSVC+CalibratedClassifierCV+Optuna,copy-trade/polymarket-copytrading-bot-sport
F2_crypto_trading_bot,1,0,1,217,1,0.0013798877534123637,0,0.6620674913,LinearSVC+CalibratedClassifierCV+Optuna,FaceOFWood5/SniperBot-Solana-PumpSwap
F2_crypto_trading_bot,1,0,1,218,1,0.7064190814074555,1,0.6620674913,LinearSVC+CalibratedClassifierCV+Optuna,harshithvaddiparthy3/quant-bot
F2_crypto_trading_bot,1,0,1,219,1,0.0013654816916280437,0,0.6620674913,LinearSVC+CalibratedClassifierCV+Optuna,MorningStar213q/Solana-pumpfun-bot
F2_crypto_trading_bot,1,0,1,220,1,0.18167180013225004,0,0.6620674913,LinearSVC+CalibratedClassifierCV+Optuna,signal-marke/polymarket-copytrading-bot-sport
F2_crypto_trading_bot,1,0,1,221,1,0.0006605603559023998,0,0.6620674913,LinearSVC+CalibratedClassifierCV+Optuna,FaceOFWoo3/SniperBot-Solana-PumpSwap
F2_crypto_trading_bot,1,0,1,222,1,0.7243177705497027,1,0.6620674913,LinearSVC+CalibratedClassifierCV+Optuna,harshithvaddiparthy32/quant-bot
F2_crypto_trading_bot,1,0,1,223,1,0.0012570595875660594,0,0.6620674913,LinearSVC+CalibratedClassifierCV+Optuna,MorningStar213j/Solana-pumpfun-bot
F2_crypto_trading_bot,1,0,1,224,1,0.09172964778204247,0,0.6620674913,LinearSVC+CalibratedClassifierCV+Optuna,bot-market/polymarket-copytrading-bot-sport
F2_crypto_trading_bot,1,0,1,225,1,0.0006731856396866849,0,0.6620674913,LinearSVC+CalibratedClassifierCV+Optuna,FaceOFWoodh/SniperBot-Solana-PumpSwap
F2_crypto_trading_bot,1,0,1,226,1,0.7820762198802281,1,0.6620674913,LinearSVC+CalibratedClassifierCV+Optuna,harshithvaddiparthyv/quant-bot
F2_crypto_trading_bot,1,0,1,227,1,0.0028557508286936252,0,0.6620674913,LinearSVC+CalibratedClassifierCV+Optuna,MorningStar213h/Solana-pumpfun-bot
F2_crypto_trading_bot,1,0,1,228,1,0.11652552989175002,0,0.6620674913,LinearSVC+CalibratedClassifierCV+Optuna,dex-copy2/polymarket-copytrading-bot-sport
F2_crypto_trading_bot,1,0,1,229,1,0.0010918571044675066,0,0.6620674913,LinearSVC+CalibratedClassifierCV+Optuna,FaceOFWood6/SniperBot-Solana-PumpSwap
F2_crypto_trading_bot,1,0,1,230,1,0.8002052360066444,1,0.6620674913,LinearSVC+CalibratedClassifierCV+Optuna,harshithvaddiparthyo/quant-bot
F2_crypto_trading_bot,1,0,1,231,1,0.0010775737746405378,0,0.6620674913,LinearSVC+CalibratedClassifierCV+Optuna,MorningStar2131/Solana-pumpfun-bot
F2_crypto_trading_bot,1,0,1,232,1,0.11641434721243969,0,0.6620674913,LinearSVC+CalibratedClassifierCV+Optuna,bot-market2/polymarket-copytrading-bot-sport
F2_crypto_trading_bot,1,0,1,233,1,0.0007210658150684153,0,0.6620674913,LinearSVC+CalibratedClassifierCV+Optuna,FaceOFWood7/SniperBot-Solana-PumpSwap
F2_crypto_trading_bot,1,0,1,234,1,0.7569241283110234,1,0.6620674913,LinearSVC+CalibratedClassifierCV+Optuna,harshithvaddiparthyt/quant-bot
F2_crypto_trading_bot,1,0,1,235,1,0.001253854445800662,0,0.6620674913,LinearSVC+CalibratedClassifierCV+Optuna,MorningStar213mf/Solana-pumpfun-bot
F2_crypto_trading_bot,1,0,1,236,1,0.14359081360222692,0,0.6620674913,LinearSVC+CalibratedClassifierCV+Optuna,copy-signal/polymarket-copytrading-bot-sport
F2_crypto_trading_bot,1,0,1,237,1,0.0014739065877923674,0,0.6620674913,LinearSVC+CalibratedClassifierCV+Optuna,FaceOFWood8/SniperBot-Solana-PumpSwap
F2_crypto_trading_bot,1,0,1,238,1,0.7184181807752149,1,0.6620674913,LinearSVC+CalibratedClassifierCV+Optuna,harshithvaddiparthy5/quant-bot
F2_crypto_trading_bot,1,0,1,239,1,0.003162127324661186,0,0.6620674913,LinearSVC+CalibratedClassifierCV+Optuna,MorningStar21397/Solana-pumpfun-bot
F2_crypto_trading_bot,1,0,1,240,1,0.12666396936833133,0,0.6620674913,LinearSVC+CalibratedClassifierCV+Optuna,bot-market3/polymarket-copytrading-bot-sport
F2_crypto_trading_bot,1,0,1,241,1,0.0015085297327153814,0,0.6620674913,LinearSVC+CalibratedClassifierCV+Optuna,FaceOFWood9/SniperBot-Solana-PumpSwap
F2_crypto_trading_bot,1,0,1,242,1,0.6986931595134472,1,0.6620674913,LinearSVC+CalibratedClassifierCV+Optuna,harshithvaddiparthyp/quant-bot
F2_crypto_trading_bot,1,0,1,243,1,0.0023672623781809455,0,0.6620674913,LinearSVC+CalibratedClassifierCV+Optuna,MorningStar2134v/Solana-pumpfun-bot
NEG_00023,0,0,0,323,1,0.00034582396990383535,0,0.6620674913,LinearSVC+CalibratedClassifierCV+Optuna,0xMaka/w3py
NEG_00025,0,0,0,325,1,0.0017211300320467522,0,0.6620674913,LinearSVC+CalibratedClassifierCV+Optuna,0xMesinTempur/Flappyster
NEG_00029,0,0,0,329,1,3.4651107412225325e-05,0,0.6620674913,LinearSVC+CalibratedClassifierCV+Optuna,0xRobWatson/Allowance-dApp
NEG_00030,0,0,0,330,1,0.0009045642395689667,0,0.6620674913,LinearSVC+CalibratedClassifierCV+Optuna,0xTaoDev/Wallet-Trades-Tracker
NEG_00032,0,0,0,332,1,0.008151501783251783,0,0.6620674913,LinearSVC+CalibratedClassifierCV+Optuna,0xwagmi/bitcoin_wallet
NEG_00039,0,0,0,339,1,0.00015981988014877074,0,0.6620674913,LinearSVC+CalibratedClassifierCV+Optuna,1poolfinance/1Pool-Strategy
NEG_00044,0,0,0,344,1,8.034745495141334e-05,0,0.6620674913,LinearSVC+CalibratedClassifierCV+Optuna,3Dpass/wallet
NEG_00045,0,0,0,345,1,0.003873793009554059,0,0.6620674913,LinearSVC+CalibratedClassifierCV+Optuna,5ajaki/safe-mcp-server
NEG_00049,0,0,0,349,1,9.648136589308951e-05,0,0.6620674913,LinearSVC+CalibratedClassifierCV+Optuna,a1fred/cryptoportfolio
NEG_00056,0,0,0,356,1,4.4474614910470336e-05,0,0.6620674913,LinearSVC+CalibratedClassifierCV+Optuna,aave/aave-v3-core
NEG_00059,0,0,0,359,1,0.007831228435842223,0,0.6620674913,LinearSVC+CalibratedClassifierCV+Optuna,abba-platforms/NADD
NEG_00063,0,0,0,363,1,0.0011471642071625486,0,0.6620674913,LinearSVC+CalibratedClassifierCV+Optuna,AbhinavOC24/sPay
NEG_00065,0,0,0,365,1,0.001684481220494068,0,0.6620674913,LinearSVC+CalibratedClassifierCV+Optuna,AbushakerJamil/Hardhat-Test
NEG_00067,0,0,0,367,1,0.00021752791546468357,0,0.6620674913,LinearSVC+CalibratedClassifierCV+Optuna,acebusters/acebusters-frontend
NEG_00069,0,0,0,369,1,0.0010398927823095613,0,0.6620674913,LinearSVC+CalibratedClassifierCV+Optuna,AchyuthMohan/cryptogram-nmit-block-chain-
NEG_00070,0,0,0,370,1,0.0008508893240800963,0,0.6620674913,LinearSVC+CalibratedClassifierCV+Optuna,ACINQ/phoenix
NEG_00073,0,0,0,373,1,0.0004172115713504024,0,0.6620674913,LinearSVC+CalibratedClassifierCV+Optuna,Adamant-im/adamant-api-jsclient
NEG_00076,0,0,0,376,1,0.0003412325070571254,0,0.6620674913,LinearSVC+CalibratedClassifierCV+Optuna,adamocallaghan/membrane-finance-v2
NEG_00078,0,0,0,378,1,0.0017571937766230094,0,0.6620674913,LinearSVC+CalibratedClassifierCV+Optuna,adhithim09/Dsurv---Crypto_Token
NEG_00099,0,0,0,399,1,0.03589878585972923,0,0.6620674913,LinearSVC+CalibratedClassifierCV+Optuna,Afrozllm/Web3-Wallet-Connect
NEG_00100,0,0,0,400,1,0.010163209138139537,0,0.6620674913,LinearSVC+CalibratedClassifierCV+Optuna,agencyenterprise/serpro-web3-hackathon
NEG_00109,0,0,0,409,1,0.00022160652980590014,0,0.6620674913,LinearSVC+CalibratedClassifierCV+Optuna,ahmetozlu/defi_yield_farming
NEG_00111,0,0,0,411,1,5.7529370741942304e-05,0,0.6620674913,LinearSVC+CalibratedClassifierCV+Optuna,AICoin-io/AICoin
NEG_00115,0,0,0,415,1,0.007856191844761261,0,0.6620674913,LinearSVC+CalibratedClassifierCV+Optuna,AiKay96/Bitcoin-Wallet
NEG_00120,0,0,0,420,1,0.00013048011451976792,0,0.6620674913,LinearSVC+CalibratedClassifierCV+Optuna,ajsizzle/bitcoin-ticker
NEG_00121,0,0,0,421,1,0.0005634768050002283,0,0.6620674913,LinearSVC+CalibratedClassifierCV+Optuna,akashmehrotra29/my-wave-portal
NEG_00123,0,0,0,423,1,0.00013949648399573715,0,0.6620674913,LinearSVC+CalibratedClassifierCV+Optuna,akhileshthite/dtube
NEG_00124,0,0,0,424,1,0.004710489967705211,0,0.6620674913,LinearSVC+CalibratedClassifierCV+Optuna,akinncar/ar-nft
NEG_00128,0,0,0,428,1,0.010288828082108212,0,0.6620674913,LinearSVC+CalibratedClassifierCV+Optuna,AkshitTiwarii/carbonx
NEG_00135,0,0,0,435,1,0.00020356868726161993,0,0.6620674913,LinearSVC+CalibratedClassifierCV+Optuna,AleRapchan/nft-token-factory
NEG_00162,0,0,0,462,1,0.0020292307133508835,0,0.6620674913,LinearSVC+CalibratedClassifierCV+Optuna,alto-io/contractor
NEG_00163,0,0,0,463,1,0.0005243064813254901,0,0.6620674913,LinearSVC+CalibratedClassifierCV+Optuna,amandladev/erc721-nftMint-smartContract
NEG_00168,0,0,0,468,1,0.005008937602480367,0,0.6620674913,LinearSVC+CalibratedClassifierCV+Optuna,amonrak/rustychain
NEG_00173,0,0,0,473,1,0.05807063696292955,0,0.6620674913,LinearSVC+CalibratedClassifierCV+Optuna,ancutadaniel/ethereum_hardhat_nft_marketplace
NEG_00175,0,0,0,475,1,0.0006485720049915283,0,0.6620674913,LinearSVC+CalibratedClassifierCV+Optuna,AndreiD/qv_voting
NEG_00185,0,0,0,485,1,0.0002632823269058433,0,0.6620674913,LinearSVC+CalibratedClassifierCV+Optuna,anoff/cryptobooks
NEG_00188,0,0,0,488,1,0.0019617864667831127,0,0.6620674913,LinearSVC+CalibratedClassifierCV+Optuna,AntoineBastide47/Blockchain
NEG_00194,0,0,0,494,1,1.6943587181700496e-05,0,0.6620674913,LinearSVC+CalibratedClassifierCV+Optuna,anza-xyz/wallet-adapter
NEG_00196,0,0,0,496,1,0.003497866647298483,0,0.6620674913,LinearSVC+CalibratedClassifierCV+Optuna,apache/incubator-resilientdb-ResLens
NEG_00203,0,0,0,503,1,3.924518697165271e-05,0,0.6620674913,LinearSVC+CalibratedClassifierCV+Optuna,apoorvlathey/Crypto-Car-Battle
NEG_00210,0,0,0,510,1,0.00936270056719543,0,0.6620674913,LinearSVC+CalibratedClassifierCV+Optuna,ardriveapp/turbo-app
NEG_00211,0,0,0,511,1,0.003296150995656846,0,0.6620674913,LinearSVC+CalibratedClassifierCV+Optuna,aridder/pengekrukka
NEG_00212,0,0,0,512,1,0.0008677408258518202,0,0.6620674913,LinearSVC+CalibratedClassifierCV+Optuna,Arifin036/defi-staking-dapp
NEG_00218,0,0,0,518,1,4.292711128220128e-05,0,0.6620674913,LinearSVC+CalibratedClassifierCV+Optuna,arpesh28/solidity-wallet-contract-collections
NEG_00220,0,0,0,520,1,0.0003928533010187198,0,0.6620674913,LinearSVC+CalibratedClassifierCV+Optuna,ArshS1/sengh-nft
NEG_00231,0,0,0,531,1,0.0032633284477921252,0,0.6620674913,LinearSVC+CalibratedClassifierCV+Optuna,ashelkovnykov/offline-wallet-generator
NEG_00233,0,0,0,533,1,0.0031617525903307915,0,0.6620674913,LinearSVC+CalibratedClassifierCV+Optuna,ashok-p/module-19-Cryptowallets
NEG_00237,0,0,0,537,1,0.010215083004501234,0,0.6620674913,LinearSVC+CalibratedClassifierCV+Optuna,AssetifyLabsTeams/Assetifily
NEG_00239,0,0,0,539,1,0.0002296614281826321,0,0.6620674913,LinearSVC+CalibratedClassifierCV+Optuna,atlaschain/contracts
NEG_00247,0,0,0,547,1,0.013980734699430897,0,0.6620674913,LinearSVC+CalibratedClassifierCV+Optuna,axiomchronicles/blockchain_simulation
NEG_00251,0,0,0,551,1,0.0002502904467510373,0,0.6620674913,LinearSVC+CalibratedClassifierCV+Optuna,Aytaditya/NFT_Staking_app
NEG_00254,0,0,0,554,1,0.00013283333560058173,0,0.6620674913,LinearSVC+CalibratedClassifierCV+Optuna,azerpas/Crypto2discord
NEG_00256,0,0,0,556,1,0.0022564697210073668,0,0.6620674913,LinearSVC+CalibratedClassifierCV+Optuna,B3Pay/B3Wallet
NEG_00266,0,0,0,566,1,0.00023392021333644203,0,0.6620674913,LinearSVC+CalibratedClassifierCV+Optuna,banjtheman/highwind
NEG_00270,0,0,0,570,1,0.0014346586313846272,0,0.6620674913,LinearSVC+CalibratedClassifierCV+Optuna,BasinLogix/BLX_chain
NEG_00275,0,0,0,575,1,4.954910528649063e-05,0,0.6620674913,LinearSVC+CalibratedClassifierCV+Optuna,bcoin-org/bcoin
NEG_00281,0,0,0,581,1,6.385508539036535e-06,0,0.6620674913,LinearSVC+CalibratedClassifierCV+Optuna,BendDAO/bend-lending-protocol
NEG_00289,0,0,0,589,1,0.0017490564084266167,0,0.6620674913,LinearSVC+CalibratedClassifierCV+Optuna,bhau7233/MSig-
NEG_00297,0,0,0,597,1,0.003954519032777712,0,0.6620674913,LinearSVC+CalibratedClassifierCV+Optuna,bilix-software/eth-new-contracts
NEG_00298,0,0,0,598,1,0.04906767894849231,0,0.6620674913,LinearSVC+CalibratedClassifierCV+Optuna,Bill171991/SATFLOW-
NEG_00299,0,0,0,599,1,0.000235168215554018,0,0.6620674913,LinearSVC+CalibratedClassifierCV+Optuna,BirthdayResearch/defichain-wallet
NEG_00300,0,0,0,600,1,0.016103523897326683,0,0.6620674913,LinearSVC+CalibratedClassifierCV+Optuna,birukG09/DeFiVerse-Bank-Simulator-
NEG_00303,0,0,0,603,1,0.0013074046774417642,0,0.6620674913,LinearSVC+CalibratedClassifierCV+Optuna,bitcoin-wallet/bitcoin-wallet
NEG_00305,0,0,0,605,1,0.03118287923441712,0,0.6620674913,LinearSVC+CalibratedClassifierCV+Optuna,bitpay/bitpay-app
NEG_00306,0,0,0,606,1,1.0252433675739338e-05,0,0.6620674913,LinearSVC+CalibratedClassifierCV+Optuna,bitpay/wallet
NEG_00307,0,0,0,607,1,0.0004666240591790853,0,0.6620674913,LinearSVC+CalibratedClassifierCV+Optuna,BitPortal/bitportal-client
NEG_00316,0,0,0,616,1,6.522605164443038e-05,0,0.6620674913,LinearSVC+CalibratedClassifierCV+Optuna,block-foundation/solidity-digital-twin
NEG_00321,0,0,0,621,1,0.0015246588832960924,0,0.6620674913,LinearSVC+CalibratedClassifierCV+Optuna,blockchaingate/eXchangily-web
NEG_00322,0,0,0,622,1,0.0004899960873000455,0,0.6620674913,LinearSVC+CalibratedClassifierCV+Optuna,blockchain/blockchain-wallet-v4-frontend
NEG_00324,0,0,0,624,1,0.00041578975804505057,0,0.6620674913,LinearSVC+CalibratedClassifierCV+Optuna,blockonomics/prestashop-plugin
NEG_00331,0,0,0,631,1,0.00043563270214073795,0,0.6620674913,LinearSVC+CalibratedClassifierCV+Optuna,bokkypoobah/Nix
NEG_00342,0,0,0,642,1,0.002035692835855448,0,0.6620674913,LinearSVC+CalibratedClassifierCV+Optuna,brilliant927/nft-mint-polygon
NEG_00344,0,0,0,644,1,0.06024723523455292,0,0.6620674913,LinearSVC+CalibratedClassifierCV+Optuna,Brunomike/cryptopunk-clone-web3
NEG_00350,0,0,0,650,1,0.001877570856381748,0,0.6620674913,LinearSVC+CalibratedClassifierCV+Optuna,buihuudong19/E-Wallet-Blockchain-sourcecode
NEG_00351,0,0,0,651,1,0.019859939934366435,0,0.6620674913,LinearSVC+CalibratedClassifierCV+Optuna,Busulis/OPNet-Vesting
NEG_00352,0,0,0,652,1,0.020509743329715058,0,0.6620674913,LinearSVC+CalibratedClassifierCV+Optuna,ButterDevelop/AutoBlumSmartContract
NEG_00353,0,0,0,653,1,0.0004125937722582398,0,0.6620674913,LinearSVC+CalibratedClassifierCV+Optuna,buybackoff/SolidityAuction
NEG_00354,0,0,0,654,1,0.00027858018737281356,0,0.6620674913,LinearSVC+CalibratedClassifierCV+Optuna,Bwest981/BitcoinSig
NEG_00361,0,0,0,661,1,0.002774132735267148,0,0.6620674913,LinearSVC+CalibratedClassifierCV+Optuna,CaiqueRibeiro/decentralized-stripe
NEG_00366,0,0,0,666,1,0.0002442585637753554,0,0.6620674913,LinearSVC+CalibratedClassifierCV+Optuna,capsulesocial/capsule-near
NEG_00367,0,0,0,667,1,0.00035301524999984047,0,0.6620674913,LinearSVC+CalibratedClassifierCV+Optuna,captain-woof/meta-nft
NEG_00368,0,0,0,668,1,0.6663335783523178,1,0.6620674913,LinearSVC+CalibratedClassifierCV+Optuna,cardano-foundation/cardano-wallet
NEG_00374,0,0,0,674,1,0.0027783037701172714,0,0.6620674913,LinearSVC+CalibratedClassifierCV+Optuna,cdc-Hitesh/cdc-Hitesh.github.io
NEG_00381,0,0,0,681,1,0.001270839872382235,0,0.6620674913,LinearSVC+CalibratedClassifierCV+Optuna,ChainInsighter/Web3-Casino-Crash-Game
NEG_00382,0,0,0,682,1,0.001078388549992311,0,0.6620674913,LinearSVC+CalibratedClassifierCV+Optuna,chainjet/platform
NEG_00383,0,0,0,683,1,0.0001546752981117327,0,0.6620674913,LinearSVC+CalibratedClassifierCV+Optuna,ChainShot/AAVEDaiEscrow
NEG_00393,0,0,0,693,1,0.028032585549877087,0,0.6620674913,LinearSVC+CalibratedClassifierCV+Optuna,cherylwilson314/web3py_crypto
NEG_00394,0,0,0,694,1,5.617102253097195e-06,0,0.6620674913,LinearSVC+CalibratedClassifierCV+Optuna,Chia-Network/chia-blockchain
NEG_00411,0,0,0,711,1,7.320165270099669e-05,0,0.6620674913,LinearSVC+CalibratedClassifierCV+Optuna,cluck135/First-Deployed-Token
NEG_00414,0,0,0,714,1,0.03184278456692346,0,0.6620674913,LinearSVC+CalibratedClassifierCV+Optuna,cmdruid/tapscript
NEG_00416,0,0,0,716,1,0.01369439265427574,0,0.6620674913,LinearSVC+CalibratedClassifierCV+Optuna,Cocodrilette/DeFi-Staking-SolidityContracts
NEG_00420,0,0,0,720,1,0.002547429106895142,0,0.6620674913,LinearSVC+CalibratedClassifierCV+Optuna,codegenius2/solana-verify-eddsa
NEG_00422,0,0,0,722,1,0.008367188769181792,0,0.6620674913,LinearSVC+CalibratedClassifierCV+Optuna,coderasha/NFT-Marketplace--EThereum-Polygon
NEG_00427,0,0,0,727,1,0.0013276680426764981,0,0.6620674913,LinearSVC+CalibratedClassifierCV+Optuna,codymj/GeminiCryptoTrader
NEG_00429,0,0,0,729,1,0.0005706401351043191,0,0.6620674913,LinearSVC+CalibratedClassifierCV+Optuna,coinbase/chainstorage
NEG_00432,0,0,0,732,1,0.02696010526478852,0,0.6620674913,LinearSVC+CalibratedClassifierCV+Optuna,Coldcard/firmware
NEG_00433,0,0,0,733,1,0.0006601741198813764,0,0.6620674913,LinearSVC+CalibratedClassifierCV+Optuna,colonelxy/CryptoZombies
NEG_00438,0,0,0,738,1,0.004653050159468368,0,0.6620674913,LinearSVC+CalibratedClassifierCV+Optuna,consenlabs/imkey-manager
NEG_00450,0,0,0,750,1,0.017808061132165643,0,0.6620674913,LinearSVC+CalibratedClassifierCV+Optuna,coti-io/coti-sdk-python
NEG_00453,0,0,0,753,1,0.0005910856719730985,0,0.6620674913,LinearSVC+CalibratedClassifierCV+Optuna,CPix18/CryptoCopyRights
NEG_00464,0,0,0,764,1,0.01138528828396633,0,0.6620674913,LinearSVC+CalibratedClassifierCV+Optuna,crypto-cooker/Web3-Project-Overview
NEG_00471,0,0,0,771,1,5.34047585563294e-06,0,0.6620674913,LinearSVC+CalibratedClassifierCV+Optuna,cryptococks-xyz/cryptococks-contract
NEG_00478,0,0,0,778,1,1.1137150485176892e-05,0,0.6620674913,LinearSVC+CalibratedClassifierCV+Optuna,cryptomkt/cryptomkt-python
NEG_00479,0,0,0,779,1,0.00024790069690026965,0,0.6620674913,LinearSVC+CalibratedClassifierCV+Optuna,cryptopayserver00/cryptopayserver
NEG_00480,0,0,0,780,1,5.757310975600602e-06,0,0.6620674913,LinearSVC+CalibratedClassifierCV+Optuna,cryptopunksnotdead/awesome-cryptopunks-bubble
NEG_00483,0,0,0,783,1,0.0019274381933585029,0,0.6620674913,LinearSVC+CalibratedClassifierCV+Optuna,CryptoSnowPrince/CryptoGame_Backend
NEG_00485,0,0,0,785,1,0.012199741993326458,0,0.6620674913,LinearSVC+CalibratedClassifierCV+Optuna,csimbana/suiguard
NEG_00494,0,0,0,794,1,0.0019386530722380751,0,0.6620674913,LinearSVC+CalibratedClassifierCV+Optuna,d-invisible/DocuManage-web3--Aptos
NEG_00507,0,0,0,807,1,0.00013214227477562188,0,0.6620674913,LinearSVC+CalibratedClassifierCV+Optuna,danilych/token-factory-web-app
NEG_00514,0,0,0,814,1,0.0014206355899823787,0,0.6620674913,LinearSVC+CalibratedClassifierCV+Optuna,dapphub/ds-math
NEG_00519,0,0,0,819,1,0.0010279559166606275,0,0.6620674913,LinearSVC+CalibratedClassifierCV+Optuna,dappuniversity/Runner-blockchain-game-
NEG_00529,0,0,0,829,1,0.0017155603151580746,0,0.6620674913,LinearSVC+CalibratedClassifierCV+Optuna,davidmeng630/defi
NEG_00530,0,0,0,830,1,0.002274417104013112,0,0.6620674913,LinearSVC+CalibratedClassifierCV+Optuna,dbarobin/awesome-mirror
NEG_00532,0,0,0,832,1,0.0001885545576513032,0,0.6620674913,LinearSVC+CalibratedClassifierCV+Optuna,deadarchitects/test-low-gas-solidity
NEG_00534,0,0,0,834,1,0.00035248554575881166,0,0.6620674913,LinearSVC+CalibratedClassifierCV+Optuna,decentralized-identity/element
NEG_00538,0,0,0,838,1,0.0011346787139096379,0,0.6620674913,LinearSVC+CalibratedClassifierCV+Optuna,deepbluelake/web3-lab
NEG_00543,0,0,0,843,1,0.0006462173620066601,0,0.6620674913,LinearSVC+CalibratedClassifierCV+Optuna,DeFiDesk/DeFiDesk.github.io
NEG_00544,0,0,0,844,1,0.004260398360223775,0,0.6620674913,LinearSVC+CalibratedClassifierCV+Optuna,defilab/defi-blockchain-dumper
NEG_00548,0,0,0,848,1,0.00037781299170649854,0,0.6620674913,LinearSVC+CalibratedClassifierCV+Optuna,DeFireX/defirex-protocol-v3
NEG_00554,0,0,0,854,1,0.0008567704903414014,0,0.6620674913,LinearSVC+CalibratedClassifierCV+Optuna,dennohpeter/MultiDexArbBot
NEG_00555,0,0,0,855,1,0.0017177866030615742,0,0.6620674913,LinearSVC+CalibratedClassifierCV+Optuna,denzopas/myWallet
NEG_00561,0,0,0,861,1,0.0003208759008503745,0,0.6620674913,LinearSVC+CalibratedClassifierCV+Optuna,desktop-examples/crypto-analysis
NEG_00567,0,0,0,867,1,0.004207427559802911,0,0.6620674913,LinearSVC+CalibratedClassifierCV+Optuna,developeruche/hybrid
NEG_00570,0,0,0,870,1,0.002175652592418784,0,0.6620674913,LinearSVC+CalibratedClassifierCV+Optuna,DevMarc16/appkit-connect
NEG_00572,0,0,0,872,1,0.1677339146221003,0,0.6620674913,LinearSVC+CalibratedClassifierCV+Optuna,DevStudioX/Phoenix-Clipper-Malware-Private
NEG_00576,0,0,0,876,1,0.0016206582245942164,0,0.6620674913,LinearSVC+CalibratedClassifierCV+Optuna,dharmaprotocol/dharma.js
NEG_00581,0,0,0,881,1,0.000646804318059446,0,0.6620674913,LinearSVC+CalibratedClassifierCV+Optuna,diadata-org/diadata
NEG_00582,0,0,0,882,1,0.0005223168956744882,0,0.6620674913,LinearSVC+CalibratedClassifierCV+Optuna,didil/stone-dapp
NEG_00583,0,0,0,883,1,0.0006417102576524561,0,0.6620674913,LinearSVC+CalibratedClassifierCV+Optuna,diego-tobalina/PancakeSwapBot
NEG_00584,0,0,0,884,1,0.0008891079657158729,0,0.6620674913,LinearSVC+CalibratedClassifierCV+Optuna,Dilkashpeshimam18/defi-contracts
NEG_00593,0,0,0,893,1,0.00029035003127216946,0,0.6620674913,LinearSVC+CalibratedClassifierCV+Optuna,dkpeakbil/bitcoinwalletwatcher
NEG_00596,0,0,0,896,1,0.026058237545197916,0,0.6620674913,LinearSVC+CalibratedClassifierCV+Optuna,dmitriiprusakov/definition-hack-nft-versus
NEG_00602,0,0,0,902,1,0.00026292825092822866,0,0.6620674913,LinearSVC+CalibratedClassifierCV+Optuna,Dopular/CLI-Searching-and-Tracing-EVMTransactions
NEG_00607,0,0,0,907,1,0.026528925053949257,0,0.6620674913,LinearSVC+CalibratedClassifierCV+Optuna,drisst12/safe-smart-account
NEG_00611,0,0,0,911,1,0.05597037365570065,0,0.6620674913,LinearSVC+CalibratedClassifierCV+Optuna,DTVMStack/DTVM
NEG_00613,0,0,0,913,1,0.004940890155792145,0,0.6620674913,LinearSVC+CalibratedClassifierCV+Optuna,DudeOfCode/web3.pyandSolidityTodolist
NEG_00614,0,0,0,914,1,0.0015457791862827708,0,0.6620674913,LinearSVC+CalibratedClassifierCV+Optuna,duneanalytics/evm.codes
NEG_00630,0,0,0,930,1,0.0016778886081511397,0,0.6620674913,LinearSVC+CalibratedClassifierCV+Optuna,elkoutwest/bitcoin_browser
NEG_00637,0,0,0,937,1,0.0004981692819586951,0,0.6620674913,LinearSVC+CalibratedClassifierCV+Optuna,emeraldpay/dshackle
NEG_00650,0,0,0,950,1,0.002234172811501666,0,0.6620674913,LinearSVC+CalibratedClassifierCV+Optuna,enricozanardo/bitcoin-sentiment-analys-on-tweets-
NEG_00654,0,0,0,954,1,0.000578693122946762,0,0.6620674913,LinearSVC+CalibratedClassifierCV+Optuna,eonian-core/farm
NEG_00670,0,0,0,970,1,0.14403380411884764,0,0.6620674913,LinearSVC+CalibratedClassifierCV+Optuna,EthereumCommonwealth/multi-geth
NEG_00680,0,0,0,980,1,0.00012523702064223054,0,0.6620674913,LinearSVC+CalibratedClassifierCV+Optuna,everx-labs/evernode-se
NEG_00692,0,0,0,992,1,5.625471643821054e-05,0,0.6620674913,LinearSVC+CalibratedClassifierCV+Optuna,f-z/decentralized-option-trading-platform
NEG_00693,0,0,0,993,1,8.222459245894312e-05,0,0.6620674913,LinearSVC+CalibratedClassifierCV+Optuna,fabianorodrigo/defiamm
NEG_00704,0,0,0,1004,1,0.0001556580696324223,0,0.6620674913,LinearSVC+CalibratedClassifierCV+Optuna,farisamirmudin/cryptotransfer
NEG_00705,0,0,0,1005,1,0.001700362602136429,0,0.6620674913,LinearSVC+CalibratedClassifierCV+Optuna,faysalbadaoui/RegisterDeviceSolanaProgram
NEG_00712,0,0,0,1012,1,0.0023007088914846277,0,0.6620674913,LinearSVC+CalibratedClassifierCV+Optuna,FIFA0313/blockchain-wallet-adapter-designe
NEG_00715,0,0,0,1015,1,0.007675809451913349,0,0.6620674913,LinearSVC+CalibratedClassifierCV+Optuna,FilOzone/synapse-sdk
NEG_00736,0,0,0,1036,1,0.0038009913365283712,0,0.6620674913,LinearSVC+CalibratedClassifierCV+Optuna,Frenzoid/DAPP_Bank
NEG_00741,0,0,0,1041,1,0.03815716658104252,0,0.6620674913,LinearSVC+CalibratedClassifierCV+Optuna,fundgao/xiuxian
NEG_00744,0,0,0,1044,1,8.308993980143936e-05,0,0.6620674913,LinearSVC+CalibratedClassifierCV+Optuna,gabidi/bismuth-js-crypto
NEG_00745,0,0,0,1045,1,8.276866725370136e-06,0,0.6620674913,LinearSVC+CalibratedClassifierCV+Optuna,gakonst/ethers-rs
NEG_00746,0,0,0,1046,1,0.00014542530367133347,0,0.6620674913,LinearSVC+CalibratedClassifierCV+Optuna,GameChangerFinance/gamechanger.wallet
NEG_00752,0,0,0,1052,1,0.001692745480798683,0,0.6620674913,LinearSVC+CalibratedClassifierCV+Optuna,gemwalletcom/gem-android
NEG_00759,0,0,0,1059,1,9.130211592556441e-05,0,0.6620674913,LinearSVC+CalibratedClassifierCV+Optuna,ggviana/splitter
NEG_00765,0,0,0,1065,1,0.005133681784690958,0,0.6620674913,LinearSVC+CalibratedClassifierCV+Optuna,GlitchicaL/project-arcadia
NEG_00777,0,0,0,1077,1,0.00157722050518512,0,0.6620674913,LinearSVC+CalibratedClassifierCV+Optuna,GoogleEnginer/defi-yield-calculator
NEG_00780,0,0,0,1080,1,0.0004476683688748597,0,0.6620674913,LinearSVC+CalibratedClassifierCV+Optuna,grandsmarquis/ethereumdevio-dex-tutorial
NEG_00781,0,0,0,1081,1,0.19872636906782246,0,0.6620674913,LinearSVC+CalibratedClassifierCV+Optuna,GRANTsol/PanteraProtocol
NEG_00782,0,0,0,1082,1,0.002722835877869897,0,0.6620674913,LinearSVC+CalibratedClassifierCV+Optuna,greekfetacheese/zeus
NEG_00809,0,0,0,1109,1,0.0005262849215975342,0,0.6620674913,LinearSVC+CalibratedClassifierCV+Optuna,HappyGroupHub/Ethereum-Wallet-Tracker
NEG_00812,0,0,0,1112,1,0.00155338239574799,0,0.6620674913,LinearSVC+CalibratedClassifierCV+Optuna,haritsmedina/web3.0_krypto
NEG_00819,0,0,0,1119,1,2.1330715932327054e-05,0,0.6620674913,LinearSVC+CalibratedClassifierCV+Optuna,hashbx/token-distribution
NEG_00824,0,0,0,1124,1,0.00045126933618173595,0,0.6620674913,LinearSVC+CalibratedClassifierCV+Optuna,HawkTahir1/ZENC
NEG_00829,0,0,0,1129,1,0.005569704291241283,0,0.6620674913,LinearSVC+CalibratedClassifierCV+Optuna,HectorNBL/eth_solseum_gen_hnbl
NEG_00849,0,0,0,1149,1,5.974475190590909e-05,0,0.6620674913,LinearSVC+CalibratedClassifierCV+Optuna,horizontalsystems/bitcoin-kit-ios
NEG_00859,0,0,0,1159,1,2.9961128144473333e-07,0,0.6620674913,LinearSVC+CalibratedClassifierCV+Optuna,hummingbot/hummingbot
NEG_00861,0,0,0,1161,1,0.06826414451390773,0,0.6620674913,LinearSVC+CalibratedClassifierCV+Optuna,Huy-2k11/Native-Parser
NEG_00862,0,0,0,1162,1,0.0007534874661999162,0,0.6620674913,LinearSVC+CalibratedClassifierCV+Optuna,huynhtuandat05december/Crypto-Zombie
NEG_00865,0,0,0,1165,1,0.13199424810407287,0,0.6620674913,LinearSVC+CalibratedClassifierCV+Optuna,HyperPlay-Gaming/hyperplay-desktop-client
NEG_00869,0,0,0,1169,1,0.004239465879435613,0,0.6620674913,LinearSVC+CalibratedClassifierCV+Optuna,Iamtheusername112/Crypto
NEG_00879,0,0,0,1179,1,0.0005303686961530694,0,0.6620674913,LinearSVC+CalibratedClassifierCV+Optuna,IgorAugust0/blockchain-security-labs
NEG_00886,0,0,0,1186,1,0.00019113493618722762,0,0.6620674913,LinearSVC+CalibratedClassifierCV+Optuna,imcrazysteven/Initial-Coin-Offering-Smart-Contract
NEG_00889,0,0,0,1189,1,0.0031115459600922035,0,0.6620674913,LinearSVC+CalibratedClassifierCV+Optuna,Infineon/secora-blockchain-walletconnect
NEG_00900,0,0,0,1200,1,4.536033624297217e-05,0,0.6620674913,LinearSVC+CalibratedClassifierCV+Optuna,Itheum/sdk-mx-data-nft
NEG_00906,0,0,0,1206,1,8.685205036311579e-05,0,0.6620674913,LinearSVC+CalibratedClassifierCV+Optuna,ivopetiz/crypto-exchange-cli
NEG_00914,0,0,0,1214,1,0.00040321289542679994,0,0.6620674913,LinearSVC+CalibratedClassifierCV+Optuna,Jackhuang166/chess-smart-contract
NEG_00926,0,0,0,1226,1,6.133599745513159e-05,0,0.6620674913,LinearSVC+CalibratedClassifierCV+Optuna,JamesANZ/crypto-timelocked-backup
NEG_00930,0,0,0,1230,1,0.01340933112728681,0,0.6620674913,LinearSVC+CalibratedClassifierCV+Optuna,janghona/go-ethereum-Jochain
NEG_00937,0,0,0,1237,1,0.0006044951495177876,0,0.6620674913,LinearSVC+CalibratedClassifierCV+Optuna,JasminDreasond/Dohpw
NEG_00939,0,0,0,1239,1,0.00017372008871693585,0,0.6620674913,LinearSVC+CalibratedClassifierCV+Optuna,JasonnLim/Blockchain-MedicalRecords
NEG_00940,0,0,0,1240,1,0.00221781286463747,0,0.6620674913,LinearSVC+CalibratedClassifierCV+Optuna,JavaCardOS/BitcoinWallet
NEG_00949,0,0,0,1249,1,0.0007061064600596751,0,0.6620674913,LinearSVC+CalibratedClassifierCV+Optuna,jeffprestes/rust-smart-contract-example-connection
NEG_00950,0,0,0,1250,1,0.00023266134012477717,0,0.6620674913,LinearSVC+CalibratedClassifierCV+Optuna,jeftarmascarenhas/smart-contract-training
NEG_00952,0,0,0,1252,1,0.00017694319293099742,0,0.6620674913,LinearSVC+CalibratedClassifierCV+Optuna,jeloooooo/solidity-cryptozombies
NEG_00963,0,0,0,1263,1,0.0003617214228071282,0,0.6620674913,LinearSVC+CalibratedClassifierCV+Optuna,jlandyr/web3solidity
NEG_00974,0,0,0,1274,1,0.0002257199186799035,0,0.6620674913,LinearSVC+CalibratedClassifierCV+Optuna,jonluxson/very-basic-form-of-cryptocurrency
NEG_00979,0,0,0,1279,1,0.0008869554308715404,0,0.6620674913,LinearSVC+CalibratedClassifierCV+Optuna,jovijovi/ether-goblin
NEG_00982,0,0,0,1282,1,0.008952539611283727,0,0.6620674913,LinearSVC+CalibratedClassifierCV+Optuna,jptsantossilva/BEC
NEG_00987,0,0,0,1287,1,0.002535738964660792,0,0.6620674913,LinearSVC+CalibratedClassifierCV+Optuna,JulieGibbs/NFT1155_Contract_Test_Assignment
NEG_00988,0,0,0,1288,1,0.001541842845320894,0,0.6620674913,LinearSVC+CalibratedClassifierCV+Optuna,juliocamposmachado/my_eth_app.github.io
NEG_00990,0,0,0,1290,1,0.000183557965121772,0,0.6620674913,LinearSVC+CalibratedClassifierCV+Optuna,JumpCrypto/crypto-reading-list
NEG_00993,0,0,0,1293,1,0.001938499062206461,0,0.6620674913,LinearSVC+CalibratedClassifierCV+Optuna,JunoNode/juno
NEG_00998,0,0,0,1298,1,6.449274459526104e-05,0,0.6620674913,LinearSVC+CalibratedClassifierCV+Optuna,Kalashin1/GTA-token-smart-contract
NEG_01001,0,0,0,1301,1,0.0008831542812387051,0,0.6620674913,LinearSVC+CalibratedClassifierCV+Optuna,Karhal/web3-connect
NEG_01005,0,0,0,1305,1,7.532440474495626e-05,0,0.6620674913,LinearSVC+CalibratedClassifierCV+Optuna,kartikver15gr8/WEB3-For-All
NEG_01009,0,0,0,1309,1,0.0008216888194794324,0,0.6620674913,LinearSVC+CalibratedClassifierCV+Optuna,kaymen99/aave-flashloan-arbitrage
NEG_01018,0,0,0,1318,1,0.0020560209139416467,0,0.6620674913,LinearSVC+CalibratedClassifierCV+Optuna,kelvincup/base-learn
NEG_01033,0,0,0,1333,1,0.008966030853677535,0,0.6620674913,LinearSVC+CalibratedClassifierCV+Optuna,khadar1020/bitcoin_wallet
NEG_01036,0,0,0,1336,1,0.0026108883611375908,0,0.6620674913,LinearSVC+CalibratedClassifierCV+Optuna,kheopskit/kheopskit
NEG_01037,0,0,0,1337,1,0.0007770682362186709,0,0.6620674913,LinearSVC+CalibratedClassifierCV+Optuna,Kimonic99/Heneftee
NEG_01053,0,0,0,1353,1,0.0019694191966203784,0,0.6620674913,LinearSVC+CalibratedClassifierCV+Optuna,konradisco/bitcoin-ethereum
NEG_01055,0,0,0,1355,1,0.28937917545114233,0,0.6620674913,LinearSVC+CalibratedClassifierCV+Optuna,KOSASIH/nexus-finance-core
NEG_01057,0,0,0,1357,1,0.00011486750427999124,0,0.6620674913,LinearSVC+CalibratedClassifierCV+Optuna,kradkov14/presale-contract
NEG_01058,0,0,0,1358,1,0.013260597719598796,0,0.6620674913,LinearSVC+CalibratedClassifierCV+Optuna,kreskohq/kresko-protocol
NEG_01073,0,0,0,1373,1,0.0022238342691562156,0,0.6620674913,LinearSVC+CalibratedClassifierCV+Optuna,lacrypta/lottery-front
NEG_01078,0,0,0,1378,1,0.0014642660173713772,0,0.6620674913,LinearSVC+CalibratedClassifierCV+Optuna,lastbattle/ordinal_inscription.netcore
NEG_01083,0,0,0,1383,1,0.008901502284795589,0,0.6620674913,LinearSVC+CalibratedClassifierCV+Optuna,lawofambak-research/decentralized-speculations-market
NEG_01085,0,0,0,1385,1,0.00531510422896105,0,0.6620674913,LinearSVC+CalibratedClassifierCV+Optuna,lbryio/lbry-android
NEG_01087,0,0,0,1387,1,0.0014933117450302979,0,0.6620674913,LinearSVC+CalibratedClassifierCV+Optuna,lbryio/torba
NEG_01089,0,0,0,1389,1,6.558625931945562e-05,0,0.6620674913,LinearSVC+CalibratedClassifierCV+Optuna,LearnWeb3DAO/14-Days-of-Solidity
NEG_01107,0,0,0,1407,1,0.042916078738200386,0,0.6620674913,LinearSVC+CalibratedClassifierCV+Optuna,LN-Zap/zap-desktop
NEG_01110,0,0,0,1410,1,0.005231672244995582,0,0.6620674913,LinearSVC+CalibratedClassifierCV+Optuna,LocalCryptos/LocalCryptosWalletBackupExplorer
NEG_01114,0,0,0,1414,1,7.829379880076289e-05,0,0.6620674913,LinearSVC+CalibratedClassifierCV+Optuna,lordbasilaiassistant-sudo/thryx-launchpad
NEG_01116,0,0,0,1416,1,9.413708057109307e-06,0,0.6620674913,LinearSVC+CalibratedClassifierCV+Optuna,lssleo/crypto-unlimited
NEG_01124,0,0,0,1424,1,0.004766451005965085,0,0.6620674913,LinearSVC+CalibratedClassifierCV+Optuna,luzhenqian/web3-examples
NEG_01128,0,0,0,1428,1,0.00035908674064236276,0,0.6620674913,LinearSVC+CalibratedClassifierCV+Optuna,maAPPsDEV/rock-paper-scissors
NEG_01133,0,0,0,1433,1,0.0011988638566612095,0,0.6620674913,LinearSVC+CalibratedClassifierCV+Optuna,Magicred-1/hackin-dau
NEG_01138,0,0,0,1438,1,0.040349557077810294,0,0.6620674913,LinearSVC+CalibratedClassifierCV+Optuna,manifest-network/manifest-app
NEG_01144,0,0,0,1444,1,3.302092421988678e-05,0,0.6620674913,LinearSVC+CalibratedClassifierCV+Optuna,manuelinfosec/flash-arb-bot
NEG_01161,0,0,0,1461,1,0.0003195017742988608,0,0.6620674913,LinearSVC+CalibratedClassifierCV+Optuna,mastrmind-dev/DeFi-App---A-Cryptocurrency-Bank
NEG_01164,0,0,0,1464,1,0.012892102068434599,0,0.6620674913,LinearSVC+CalibratedClassifierCV+Optuna,Mathieu2301/TradingView-API
NEG_01169,0,0,0,1469,1,0.0006961724244216111,0,0.6620674913,LinearSVC+CalibratedClassifierCV+Optuna,Mattjhagen/P3-Lending
NEG_01170,0,0,0,1470,1,0.0012777447118020302,0,0.6620674913,LinearSVC+CalibratedClassifierCV+Optuna,mattycoles/Python_Blockchain
NEG_01182,0,0,0,1482,1,0.00041761890747914714,0,0.6620674913,LinearSVC+CalibratedClassifierCV+Optuna,memoriaXII/create-web3-turbo
NEG_01208,0,0,0,1508,1,0.0005177468307718423,0,0.6620674913,LinearSVC+CalibratedClassifierCV+Optuna,mikker/svgnft
NEG_01220,0,0,0,1520,1,0.008527117527798854,0,0.6620674913,LinearSVC+CalibratedClassifierCV+Optuna,mja2001/SolCipher-iExec
NEG_01225,0,0,0,1525,1,0.003837590896498069,0,0.6620674913,LinearSVC+CalibratedClassifierCV+Optuna,mohammedmuzammil38/Crypto-Art
NEG_01228,0,0,0,1528,1,0.00043918513928348723,0,0.6620674913,LinearSVC+CalibratedClassifierCV+Optuna,Mojo96666/hack-crypto-wallets
NEG_01230,0,0,0,1530,1,0.029138278977746474,0,0.6620674913,LinearSVC+CalibratedClassifierCV+Optuna,mollybeach/livestakes
NEG_01231,0,0,0,1531,1,0.010295367146574396,0,0.6620674913,LinearSVC+CalibratedClassifierCV+Optuna,monjuik/go-octopi
NEG_01247,0,0,0,1547,1,0.0007718966899539914,0,0.6620674913,LinearSVC+CalibratedClassifierCV+Optuna,mrmendoza-dev/cryptotracker
NEG_01268,0,0,0,1568,1,0.0009855756090705067,0,0.6620674913,LinearSVC+CalibratedClassifierCV+Optuna,mwakidenis/BlockChain-Mastery
NEG_01270,0,0,0,1570,1,0.0005226737731760577,0,0.6620674913,LinearSVC+CalibratedClassifierCV+Optuna,my-number/solidity-wallet
NEG_01278,0,0,0,1578,1,0.00010316022788401306,0,0.6620674913,LinearSVC+CalibratedClassifierCV+Optuna,NaimaGhulamMuhammad/nftMarketplace-smartcontracts
NEG_01286,0,0,0,1586,1,0.0003400499709330137,0,0.6620674913,LinearSVC+CalibratedClassifierCV+Optuna,nayrosk/evm-indexer
NEG_01288,0,0,0,1588,1,0.0005421909518450021,0,0.6620674913,LinearSVC+CalibratedClassifierCV+Optuna,nbulian/CryptoZombies
NEG_01293,0,0,0,1593,1,0.038037836729360563,0,0.6620674913,LinearSVC+CalibratedClassifierCV+Optuna,NenadBolovic/Cryptography_project_PKI_smart_contract
NEG_01302,0,0,0,1602,1,0.005172791211281172,0,0.6620674913,LinearSVC+CalibratedClassifierCV+Optuna,Nexacore-Org/NexaFx-web
NEG_01304,0,0,0,1604,1,6.205991003793372e-05,0,0.6620674913,LinearSVC+CalibratedClassifierCV+Optuna,nftfy/nftfy-v1-periphery
NEG_01305,0,0,0,1605,1,0.0006884946964451913,0,0.6620674913,LinearSVC+CalibratedClassifierCV+Optuna,ngmisl/etherml
NEG_01309,0,0,0,1609,1,0.0034624374794861735,0,0.6620674913,LinearSVC+CalibratedClassifierCV+Optuna,nicholasmgoldstein/Persona256
NEG_01310,0,0,0,1610,1,0.00045223048386823137,0,0.6620674913,LinearSVC+CalibratedClassifierCV+Optuna,nico-phil/blockchain
NEG_01314,0,0,0,1614,1,0.00011540107879745537,0,0.6620674913,LinearSVC+CalibratedClassifierCV+Optuna,nicolaslazzos/cryptozombies
NEG_01315,0,0,0,1615,1,0.0003122608264311966,0,0.6620674913,LinearSVC+CalibratedClassifierCV+Optuna,NikhilSehgal123/coinbase-execution-algorithm
NEG_01316,0,0,0,1616,1,0.006634718759306705,0,0.6620674913,LinearSVC+CalibratedClassifierCV+Optuna,nikitakent/solidity-simple-wallet
NEG_01319,0,0,0,1619,1,2.6718728275912514e-05,0,0.6620674913,LinearSVC+CalibratedClassifierCV+Optuna,Nipol/ERC721yul
NEG_01320,0,0,0,1620,1,0.0009226858488708085,0,0.6620674913,LinearSVC+CalibratedClassifierCV+Optuna,nirhoIas/Top-5-Cryptocurrency-APIs-for-Developers
NEG_01326,0,0,0,1626,1,0.0051639786497170315,0,0.6620674913,LinearSVC+CalibratedClassifierCV+Optuna,Nishu0/anime_nft_marketplace
NEG_01329,0,0,0,1629,1,0.0019867983107074694,0,0.6620674913,LinearSVC+CalibratedClassifierCV+Optuna,nixen2802/Blockchain-Python
NEG_01330,0,0,0,1630,1,0.0004154917548580184,0,0.6620674913,LinearSVC+CalibratedClassifierCV+Optuna,njublockchain/web3research-etl
NEG_01333,0,0,0,1633,1,0.026191014843539296,0,0.6620674913,LinearSVC+CalibratedClassifierCV+Optuna,Noahflx/ghost-wallets
NEG_01339,0,0,0,1639,1,0.014138029444948352,0,0.6620674913,LinearSVC+CalibratedClassifierCV+Optuna,notbank-com/notbank-node
NEG_01341,0,0,0,1641,1,0.005253350289953139,0,0.6620674913,LinearSVC+CalibratedClassifierCV+Optuna,nrgapple/crypto-canvas-fe
NEG_01351,0,0,0,1651,1,0.0008386873688364503,0,0.6620674913,LinearSVC+CalibratedClassifierCV+Optuna,OffcierCia/DeFi-Developer-Road-Map
NEG_01352,0,0,0,1652,1,0.0036729521214069194,0,0.6620674913,LinearSVC+CalibratedClassifierCV+Optuna,OffcierCia/tips-solidity-code-auditors
NEG_01353,0,0,0,1653,1,9.825829182046762e-06,0,0.6620674913,LinearSVC+CalibratedClassifierCV+Optuna,OffcierCia/ultimate-defi-research-base
NEG_01356,0,0,0,1656,1,0.00017524469142219081,0,0.6620674913,LinearSVC+CalibratedClassifierCV+Optuna,oguzhnatly/Cryptocurrency-Trade-FrontEnd-HTML-Page
NEG_01359,0,0,0,1659,1,0.00014083033653311026,0,0.6620674913,LinearSVC+CalibratedClassifierCV+Optuna,okcashpro/okcash
NEG_01360,0,0,0,1660,1,0.001069734882781265,0,0.6620674913,LinearSVC+CalibratedClassifierCV+Optuna,OkeA-dev/StablePay
NEG_01368,0,0,0,1668,1,0.0032901209944091263,0,0.6620674913,LinearSVC+CalibratedClassifierCV+Optuna,omarakhmedov-web/metridex-showcase
NEG_01374,0,0,0,1674,1,0.00158692133398698,0,0.6620674913,LinearSVC+CalibratedClassifierCV+Optuna,OneMug-Coffee/onemug-link-in-bio
NEG_01376,0,0,0,1676,1,0.00023361817652151244,0,0.6620674913,LinearSVC+CalibratedClassifierCV+Optuna,ong/awesome-decentralized-finance
NEG_01383,0,0,0,1683,1,2.03884596683074e-05,0,0.6620674913,LinearSVC+CalibratedClassifierCV+Optuna,OpenTradingNetworkFoundation/otn-token
NEG_01384,0,0,0,1684,1,0.15615557199925648,0,0.6620674913,LinearSVC+CalibratedClassifierCV+Optuna,Operaconga14/llama_flux
NEG_01386,0,0,0,1686,1,0.00014844688618829253,0,0.6620674913,LinearSVC+CalibratedClassifierCV+Optuna,OpiumProtocol/erc721o
NEG_01387,0,0,0,1687,1,0.0001880102579848071,0,0.6620674913,LinearSVC+CalibratedClassifierCV+Optuna,OptimalLukasDev/Bitcoin-Wallet-finder
NEG_01395,0,0,0,1695,1,0.001161427604304287,0,0.6620674913,LinearSVC+CalibratedClassifierCV+Optuna,osmanballi/Clock_app_that_tracks_Bitcoin_and_Ethereum
NEG_01403,0,0,0,1703,1,0.00034202826168515155,0,0.6620674913,LinearSVC+CalibratedClassifierCV+Optuna,pablopoggiog/polygon-name-service
NEG_01404,0,0,0,1704,1,0.0011254682474964976,0,0.6620674913,LinearSVC+CalibratedClassifierCV+Optuna,pablwoAraujo/bitcoin-wallets
NEG_01405,0,0,0,1705,1,0.010699841192388648,0,0.6620674913,LinearSVC+CalibratedClassifierCV+Optuna,Pallavii-dev/Crypto-Transfer-web3
NEG_01406,0,0,0,1706,1,0.0012632053450636162,0,0.6620674913,LinearSVC+CalibratedClassifierCV+Optuna,panaverse/defi-dapps-solidity-smart-contracts
NEG_01407,0,0,0,1707,1,0.04205869766567936,0,0.6620674913,LinearSVC+CalibratedClassifierCV+Optuna,pancudaniel7/solidity-nft-auction
NEG_01418,0,0,0,1718,1,6.069744200277617e-05,0,0.6620674913,LinearSVC+CalibratedClassifierCV+Optuna,PaulLaux/eth-hot-wallet
NEG_01421,0,0,0,1721,1,0.0016035199452265917,0,0.6620674913,LinearSVC+CalibratedClassifierCV+Optuna,pawanpaudel93/damn-vulnerable-defi
NEG_01422,0,0,0,1722,1,4.002735404656328e-05,0,0.6620674913,LinearSVC+CalibratedClassifierCV+Optuna,pawurb/Locker
NEG_01423,0,0,0,1723,1,0.00972918610708408,0,0.6620674913,LinearSVC+CalibratedClassifierCV+Optuna,PaymagicXYZ/lensmo-fe
NEG_01424,0,0,0,1724,1,0.018524905252837134,0,0.6620674913,LinearSVC+CalibratedClassifierCV+Optuna,pbouget/AlyraSolidityVoting
NEG_01431,0,0,0,1731,1,0.001099160444720613,0,0.6620674913,LinearSVC+CalibratedClassifierCV+Optuna,persistenceOne/persistenceWallet
NEG_01432,0,0,0,1732,1,0.0006287550023612059,0,0.6620674913,LinearSVC+CalibratedClassifierCV+Optuna,peter571/crypto-stats
NEG_01435,0,0,0,1735,1,0.00023115977055118965,0,0.6620674913,LinearSVC+CalibratedClassifierCV+Optuna,Phildo/ethbrute
NEG_01436,0,0,0,1736,1,0.10084026460691668,0,0.6620674913,LinearSVC+CalibratedClassifierCV+Optuna,PhilipAtEmcogma/CryptoKittiesNFTDapp
NEG_01444,0,0,0,1744,1,0.000617280223485504,0,0.6620674913,LinearSVC+CalibratedClassifierCV+Optuna,Plycedes/rps-web3
NEG_01454,0,0,0,1754,1,0.0019342764405763345,0,0.6620674913,LinearSVC+CalibratedClassifierCV+Optuna,pragmaxim-com/bitcoin-explorer
NEG_01456,0,0,0,1756,1,0.0011765827092123885,0,0.6620674913,LinearSVC+CalibratedClassifierCV+Optuna,pramaths/simplewallet
NEG_01457,0,0,0,1757,1,0.0023389323487611816,0,0.6620674913,LinearSVC+CalibratedClassifierCV+Optuna,pranah/pranah
NEG_01461,0,0,0,1761,1,0.0013272060203116639,0,0.6620674913,LinearSVC+CalibratedClassifierCV+Optuna,prateek096/OnlinePolling_Blockchain
NEG_01467,0,0,0,1767,1,0.005652383202714976,0,0.6620674913,LinearSVC+CalibratedClassifierCV+Optuna,problo/DeFireX-Contracts-V2
NEG_01472,0,0,0,1772,1,0.002628198113805841,0,0.6620674913,LinearSVC+CalibratedClassifierCV+Optuna,prokey-io/prokey-webcore
NEG_01474,0,0,0,1774,1,0.338375270393482,0,0.6620674913,LinearSVC+CalibratedClassifierCV+Optuna,Promish984/IC-Pad
NEG_01475,0,0,0,1775,1,9.126978234953139e-05,0,0.6620674913,LinearSVC+CalibratedClassifierCV+Optuna,protofire/autoglyphs
NEG_01476,0,0,0,1776,1,0.0006655772877346117,0,0.6620674913,LinearSVC+CalibratedClassifierCV+Optuna,provinzio/CoinTaxman
NEG_01480,0,0,0,1780,1,0.00030414687931176276,0,0.6620674913,LinearSVC+CalibratedClassifierCV+Optuna,Pymmdrza/Rich-Address-Wallet
NEG_01483,0,0,0,1783,1,0.0008310002495225788,0,0.6620674913,LinearSVC+CalibratedClassifierCV+Optuna,qianq-jims/SmartBitcoin
NEG_01492,0,0,0,1792,1,6.631954614033004e-05,0,0.6620674913,LinearSVC+CalibratedClassifierCV+Optuna,quilime/evm-nft-contract-boilerplate
NEG_01498,0,0,0,1798,1,0.0010887218357301064,0,0.6620674913,LinearSVC+CalibratedClassifierCV+Optuna,radixdlt/radix-dapp-toolkit
NEG_01502,0,0,0,1802,1,0.020290797259119916,0,0.6620674913,LinearSVC+CalibratedClassifierCV+Optuna,rafafortes/nft-ticket-system-ethereum
NEG_01521,0,0,0,1821,1,0.001175084512638682,0,0.6620674913,LinearSVC+CalibratedClassifierCV+Optuna,raymondfam/defi-nft-marketplace-mumbai
NEG_01526,0,0,0,1826,1,0.00034496783208783365,0,0.6620674913,LinearSVC+CalibratedClassifierCV+Optuna,rchak007/NFTArtMuseum
NEG_01536,0,0,0,1836,1,0.0003215596130271203,0,0.6620674913,LinearSVC+CalibratedClassifierCV+Optuna,remston-dsa/remston-dsa-NFT-token-rendered-on-OpenSea-testnet-using-Brownie-IPFS-Web3-and-ERC721-standard
NEG_01540,0,0,0,1840,1,0.024317656540705765,0,0.6620674913,LinearSVC+CalibratedClassifierCV+Optuna,repirate/asset-recovery-tool
NEG_01544,0,0,0,1844,1,0.00017374739068863674,0,0.6620674913,LinearSVC+CalibratedClassifierCV+Optuna,richard-ramos/solidity-diagram-gen
NEG_01549,0,0,0,1849,1,0.19175834457326255,0,0.6620674913,LinearSVC+CalibratedClassifierCV+Optuna,riteesh-ram/DeFi-Group-Insurance
NEG_01556,0,0,0,1856,1,4.9921269290749414e-05,0,0.6620674913,LinearSVC+CalibratedClassifierCV+Optuna,robertcalvert/vscode-crypto-ticker
NEG_01557,0,0,0,1857,1,0.001347070813021386,0,0.6620674913,LinearSVC+CalibratedClassifierCV+Optuna,robhato/FFXIV-NFT-Smart-Contract
NEG_01558,0,0,0,1858,1,0.0010626739656835842,0,0.6620674913,LinearSVC+CalibratedClassifierCV+Optuna,robin-rrt/crypto-cares
NEG_01567,0,0,0,1867,1,0.14065684585081661,0,0.6620674913,LinearSVC+CalibratedClassifierCV+Optuna,Rohitw3code/web3-solidity-python
NEG_01572,0,0,0,1872,1,0.001435586736339082,0,0.6620674913,LinearSVC+CalibratedClassifierCV+Optuna,roxxy-lanre/Conduit
NEG_01578,0,0,0,1878,1,9.691889476144183e-05,0,0.6620674913,LinearSVC+CalibratedClassifierCV+Optuna,ruqqq/blockchainparser
NEG_01581,0,0,0,1881,1,0.0008716256912329221,0,0.6620674913,LinearSVC+CalibratedClassifierCV+Optuna,rustyneuron01/NFT-Launchpad-Alkanes
NEG_01582,0,0,0,1882,1,0.00012447326132181263,0,0.6620674913,LinearSVC+CalibratedClassifierCV+Optuna,rwth-acis/las2peer-registry-contracts
NEG_01588,0,0,0,1888,1,0.0027692491920258563,0,0.6620674913,LinearSVC+CalibratedClassifierCV+Optuna,S-Amine/go-uni
NEG_01593,0,0,0,1893,1,0.000656457111758638,0,0.6620674913,LinearSVC+CalibratedClassifierCV+Optuna,safe-fndn/safe-smart-account
NEG_01596,0,0,0,1896,1,0.004714729806879567,0,0.6620674913,LinearSVC+CalibratedClassifierCV+Optuna,Sahiru2007/Blockchain-based-healthcare-data-system-with-disease-prediction
NEG_01599,0,0,0,1899,1,0.003381101471337599,0,0.6620674913,LinearSVC+CalibratedClassifierCV+Optuna,Samarth208P/validator0x
NEG_01611,0,0,0,1911,1,0.005590232915294563,0,0.6620674913,LinearSVC+CalibratedClassifierCV+Optuna,SATO-Technologies/Hordes-Wallet
NEG_01612,0,0,0,1912,1,0.0005168605190168841,0,0.6620674913,LinearSVC+CalibratedClassifierCV+Optuna,SatoshiPortal/bullbitcoin-mobile
NEG_01615,0,0,0,1915,1,2.3651880901001894e-05,0,0.6620674913,LinearSVC+CalibratedClassifierCV+Optuna,saxenism/cryptoZombiesNFT
NEG_01617,0,0,0,1917,1,2.9808647601103296e-06,0,0.6620674913,LinearSVC+CalibratedClassifierCV+Optuna,SBIP-Migration/aave-migrator
NEG_01618,0,0,0,1918,1,5.597311686945243e-06,0,0.6620674913,LinearSVC+CalibratedClassifierCV+Optuna,scaffold-eth/eth-components
NEG_01621,0,0,0,1921,1,0.00020294407193428949,0,0.6620674913,LinearSVC+CalibratedClassifierCV+Optuna,ScopeLift/endaoment
NEG_01635,0,0,0,1935,1,9.427020940918224e-06,0,0.6620674913,LinearSVC+CalibratedClassifierCV+Optuna,setheum/setheum
NEG_01639,0,0,0,1939,1,0.0378510984221265,0,0.6620674913,LinearSVC+CalibratedClassifierCV+Optuna,Shahroz-Hussain-Dev/Wallet
NEG_01645,0,0,0,1945,1,0.10234589100295581,0,0.6620674913,LinearSVC+CalibratedClassifierCV+Optuna,shapeshift/web
NEG_01655,0,0,0,1955,1,0.0011625767239713699,0,0.6620674913,LinearSVC+CalibratedClassifierCV+Optuna,ShredSecurity/protocol-deployment-checklist
NEG_01656,0,0,0,1956,1,0.0004596863423312313,0,0.6620674913,LinearSVC+CalibratedClassifierCV+Optuna,ShrikantaMazumder/crypto-zombie
NEG_01660,0,0,0,1960,1,0.0018207988837403851,0,0.6620674913,LinearSVC+CalibratedClassifierCV+Optuna,SiddharthaBhattacharjee/Python_Script_To_Access_Deployed_Smartcontract
NEG_01674,0,0,0,1974,1,0.002843448459003924,0,0.6620674913,LinearSVC+CalibratedClassifierCV+Optuna,SkyPierIO/skypier-vpn
NEG_01679,0,0,0,1979,1,0.00023367759049344,0,0.6620674913,LinearSVC+CalibratedClassifierCV+Optuna,smart-account-starter/smart-account-starter
NEG_01686,0,0,0,1986,1,0.0005559260354278107,0,0.6620674913,LinearSVC+CalibratedClassifierCV+Optuna,smartcontractkit/defi-minimal
NEG_01694,0,0,0,1994,1,5.001169051561864e-05,0,0.6620674913,LinearSVC+CalibratedClassifierCV+Optuna,solangegueiros/dapp-register
NEG_01696,0,0,0,1996,1,0.002539491981973065,0,0.6620674913,LinearSVC+CalibratedClassifierCV+Optuna,solidityDev05/defi-by-example
NEG_01699,0,0,0,1999,1,0.0010650685640464352,0,0.6620674913,LinearSVC+CalibratedClassifierCV+Optuna,Solomon-0xGuardian/solana_guessing_game
NEG_01701,0,0,0,2001,1,5.4246978512805494e-05,0,0.6620674913,LinearSVC+CalibratedClassifierCV+Optuna,somesh-banerjee/Hospital-Records-Blockchain
NEG_01711,0,0,0,2011,1,9.637332651105877e-05,0,0.6620674913,LinearSVC+CalibratedClassifierCV+Optuna,spotlightgroup/DonateDapp
NEG_01713,0,0,0,2013,1,0.00025223970054170545,0,0.6620674913,LinearSVC+CalibratedClassifierCV+Optuna,springmacedonio-sys/Somnia-DeFi-Wallet
NEG_01717,0,0,0,2017,1,0.007655434401751283,0,0.6620674913,LinearSVC+CalibratedClassifierCV+Optuna,SSSami22/Crypto
NEG_01724,0,0,0,2024,1,0.009676609353132713,0,0.6620674913,LinearSVC+CalibratedClassifierCV+Optuna,stellar/stellar-ledger-data-indexer
NEG_01728,0,0,0,2028,1,0.00016397021968986053,0,0.6620674913,LinearSVC+CalibratedClassifierCV+Optuna,StevenMolina22/cryptocoin
NEG_01729,0,0,0,2029,1,0.00011758465930158599,0,0.6620674913,LinearSVC+CalibratedClassifierCV+Optuna,Stor-Network/stor-blockchain
NEG_01732,0,0,0,2032,1,0.0033608237933148623,0,0.6620674913,LinearSVC+CalibratedClassifierCV+Optuna,Strykr-Prism/realtime-crypto-price-api
NEG_01736,0,0,0,2036,1,0.007093378680539591,0,0.6620674913,LinearSVC+CalibratedClassifierCV+Optuna,Sukoed/nft-minting-engine
NEG_01741,0,0,0,2041,1,0.00749204661963182,0,0.6620674913,LinearSVC+CalibratedClassifierCV+Optuna,Sunilshah-7/web3-blockchain-curve
NEG_01746,0,0,0,2046,1,1.7087475790679324e-05,0,0.6620674913,LinearSVC+CalibratedClassifierCV+Optuna,SunWeb3Sec/DeFiVulnLabs
NEG_01760,0,0,0,2060,1,0.00926413896339789,0,0.6620674913,LinearSVC+CalibratedClassifierCV+Optuna,SwezyDev/MultiExodus
NEG_01763,0,0,0,2063,1,0.0019584192101910138,0,0.6620674913,LinearSVC+CalibratedClassifierCV+Optuna,SXNGE4444/magic-crypto-app
NEG_01771,0,0,0,2071,1,6.386504423594741e-05,0,0.6620674913,LinearSVC+CalibratedClassifierCV+Optuna,Talent-Index/StableCoin-Project
NEG_01775,0,0,0,2075,1,2.324378774367518e-05,0,0.6620674913,LinearSVC+CalibratedClassifierCV+Optuna,tamjid0x01/awesome-smartcontract-hacking
NEG_01777,0,0,0,2077,1,0.0001967228385971292,0,0.6620674913,LinearSVC+CalibratedClassifierCV+Optuna,tankbottoms/tiles-on-chain
NEG_01782,0,0,0,2082,1,0.0002293031020496408,0,0.6620674913,LinearSVC+CalibratedClassifierCV+Optuna,taoteh1221/Slideshow_Crypto_Ticker
NEG_01783,0,0,0,2083,1,0.0013917233649624735,0,0.6620674913,LinearSVC+CalibratedClassifierCV+Optuna,tarun-upadhyay/the-matrix-labs-assignment
NEG_01788,0,0,0,2088,1,0.00022066088703788674,0,0.6620674913,LinearSVC+CalibratedClassifierCV+Optuna,teal-finance/rainbow
NEG_01789,0,0,0,2089,1,0.009801444893304553,0,0.6620674913,LinearSVC+CalibratedClassifierCV+Optuna,teamssUTXO/bitcoin_mcp
NEG_01793,0,0,0,2093,1,5.765696940326481e-05,0,0.6620674913,LinearSVC+CalibratedClassifierCV+Optuna,TegroTON/DEX-TON-contracts
NEG_01797,0,0,0,2097,1,0.019375991279350076,0,0.6620674913,LinearSVC+CalibratedClassifierCV+Optuna,Tenosia/Wallet-Multi-SDK
NEG_01799,0,0,0,2099,1,0.0027047978764240823,0,0.6620674913,LinearSVC+CalibratedClassifierCV+Optuna,tesla809/erc-20-tutorial
NEG_01801,0,0,0,2101,1,0.0018041070010397918,0,0.6620674913,LinearSVC+CalibratedClassifierCV+Optuna,Tezsure/plenty-wallet
NEG_01804,0,0,0,2104,1,0.0036819807319234898,0,0.6620674913,LinearSVC+CalibratedClassifierCV+Optuna,the-sauravkumar/icp_token_wallet
NEG_01808,0,0,0,2108,1,0.0008486844632384452,0,0.6620674913,LinearSVC+CalibratedClassifierCV+Optuna,TheDancingBananas/dancing-bananas-front-end
NEG_01813,0,0,0,2113,1,3.745508364936756e-05,0,0.6620674913,LinearSVC+CalibratedClassifierCV+Optuna,thirdweb-dev/thirdweb-cli
NEG_01814,0,0,0,2114,1,6.496799997409714e-05,0,0.6620674913,LinearSVC+CalibratedClassifierCV+Optuna,thisiskeanyvy/blocktracker
NEG_01820,0,0,0,2120,1,2.618410456982429e-05,0,0.6620674913,LinearSVC+CalibratedClassifierCV+Optuna,timyiu478/cryptocurrencies-blockchain-technologies-stanford
NEG_01822,0,0,0,2122,1,0.9999999999999821,1,0.6620674913,LinearSVC+CalibratedClassifierCV+Optuna,tintinweb/smart-contract-sanctuary-arbitrum
NEG_01839,0,0,0,2139,1,9.495060331137666e-05,0,0.6620674913,LinearSVC+CalibratedClassifierCV+Optuna,tr1sm0s1n/go-dapp-example
NEG_01843,0,0,0,2143,1,0.0018949907788637366,0,0.6620674913,LinearSVC+CalibratedClassifierCV+Optuna,Trapesys/pandoras-box
NEG_01849,0,0,0,2149,1,0.00017696652832370938,0,0.6620674913,LinearSVC+CalibratedClassifierCV+Optuna,trustless-fund/trustless-fund
NEG_01853,0,0,0,2153,1,0.0008997724906439026,0,0.6620674913,LinearSVC+CalibratedClassifierCV+Optuna,tsauvajon/cryptoblobs
NEG_01858,0,0,0,2158,1,0.002062876632920922,0,0.6620674913,LinearSVC+CalibratedClassifierCV+Optuna,turtlemarket/contract
NEG_01864,0,0,0,2164,1,0.0016953437865898002,0,0.6620674913,LinearSVC+CalibratedClassifierCV+Optuna,uhsr/BlockchainNftRegistryStudioPro
NEG_01865,0,0,0,2165,1,0.0020706184376856787,0,0.6620674913,LinearSVC+CalibratedClassifierCV+Optuna,uhsr/BlockchainNFTVaultManagerCorePro
NEG_01867,0,0,0,2167,1,0.0007490515221059022,0,0.6620674913,LinearSVC+CalibratedClassifierCV+Optuna,uhsr/BlockchainNFTVaultManagerPlatformX
NEG_01871,0,0,0,2171,1,0.0017556559984176735,0,0.6620674913,LinearSVC+CalibratedClassifierCV+Optuna,uhsr/CryptoShieldFramework
NEG_01873,0,0,0,2173,1,0.0009123974960820931,0,0.6620674913,LinearSVC+CalibratedClassifierCV+Optuna,UMAprotocol/docs
NEG_01874,0,0,0,2174,1,0.0008327570045771774,0,0.6620674913,LinearSVC+CalibratedClassifierCV+Optuna,UMAprotocol/protocol
NEG_01882,0,0,0,2182,1,0.003652325425431742,0,0.6620674913,LinearSVC+CalibratedClassifierCV+Optuna,uwu-labs/waifusion-site
NEG_01884,0,0,0,2184,1,0.00017264127061005204,0,0.6620674913,LinearSVC+CalibratedClassifierCV+Optuna,valamicorp/top100token-ape-bot
NEG_01887,0,0,0,2187,1,0.0009154749587142194,0,0.6620674913,LinearSVC+CalibratedClassifierCV+Optuna,VaultLayer/vaultlayer-sdk
NEG_01903,0,0,0,2203,1,0.011384208268322803,0,0.6620674913,LinearSVC+CalibratedClassifierCV+Optuna,viaweb3/cryptocast-desktop
NEG_01914,0,0,0,2214,1,0.0826288140501899,0,0.6620674913,LinearSVC+CalibratedClassifierCV+Optuna,vishal-kr007/walletSmartContract
NEG_01917,0,0,0,2217,1,3.950364620863897e-05,0,0.6620674913,LinearSVC+CalibratedClassifierCV+Optuna,Vitali-workspace/Crypto-Testnet-Faucet
NEG_01918,0,0,0,2218,1,0.003351584443257735,0,0.6620674913,LinearSVC+CalibratedClassifierCV+Optuna,Vitalik-Hakim/antimony
NEG_01922,0,0,0,2222,1,4.957528047167623e-05,0,0.6620674913,LinearSVC+CalibratedClassifierCV+Optuna,vittominacori/solidity-starter-kit
NEG_01927,0,0,0,2227,1,0.0010327565520669082,0,0.6620674913,LinearSVC+CalibratedClassifierCV+Optuna,vjgaur/bitcoin-wallet
NEG_01941,0,0,0,2241,1,0.0004540605040898008,0,0.6620674913,LinearSVC+CalibratedClassifierCV+Optuna,WalletConnect/walletconnect-monorepo
NEG_01944,0,0,0,2244,1,0.011634671977431538,0,0.6620674913,LinearSVC+CalibratedClassifierCV+Optuna,WalletsTool/WalletsTool
NEG_01954,0,0,0,2254,1,0.003571779714653734,0,0.6620674913,LinearSVC+CalibratedClassifierCV+Optuna,WeaverFi/api
NEG_01960,0,0,0,2260,1,0.011906541224819302,0,0.6620674913,LinearSVC+CalibratedClassifierCV+Optuna,web3builder7/Diversehq
NEG_01974,0,0,0,2274,1,0.008526636518327692,0,0.6620674913,LinearSVC+CalibratedClassifierCV+Optuna,wilhelmagren/ethereum-dev
NEG_01976,0,0,0,2276,1,0.0003972110499801122,0,0.6620674913,LinearSVC+CalibratedClassifierCV+Optuna,wilmacedo/wallet-discover-server
NEG_01983,0,0,0,2283,1,0.0006002879924859721,0,0.6620674913,LinearSVC+CalibratedClassifierCV+Optuna,wslyvh/useWeb3
NEG_01986,0,0,0,2286,1,0.0014055659830776383,0,0.6620674913,LinearSVC+CalibratedClassifierCV+Optuna,xaini-x/cross-chain-Bridge
NEG_01989,0,0,0,2289,1,0.0008151408225729701,0,0.6620674913,LinearSVC+CalibratedClassifierCV+Optuna,xavierzho/dex-sdk
NEG_01990,0,0,0,2290,1,0.00032514738433684286,0,0.6620674913,LinearSVC+CalibratedClassifierCV+Optuna,xBacked-DAO/algorand-wallet-select
NEG_01991,0,0,0,2291,1,0.0005718789647540272,0,0.6620674913,LinearSVC+CalibratedClassifierCV+Optuna,xcncncnddddd/fundme_lesson
NEG_01993,0,0,0,2293,1,0.000711500198124654,0,0.6620674913,LinearSVC+CalibratedClassifierCV+Optuna,xerion12/Dapp-algorand
NEG_01994,0,0,0,2294,1,0.00023201849870524907,0,0.6620674913,LinearSVC+CalibratedClassifierCV+Optuna,xfolio-dao/xfolio-react-chrome
NEG_01996,0,0,0,2296,1,0.004726129425495556,0,0.6620674913,LinearSVC+CalibratedClassifierCV+Optuna,xPOURY4/crypto-toolkit
NEG_01997,0,0,0,2297,1,0.0020305038769299105,0,0.6620674913,LinearSVC+CalibratedClassifierCV+Optuna,xqyet/BlockchainAddressSpoofer
NEG_02000,0,0,0,2300,1,0.006971810119169276,0,0.6620674913,LinearSVC+CalibratedClassifierCV+Optuna,xueqianLu/txpress
NEG_02002,0,0,0,2302,1,0.03174511939350618,0,0.6620674913,LinearSVC+CalibratedClassifierCV+Optuna,xyzerobtc/BitcoinPizzaNFT
NEG_02009,0,0,0,2309,1,0.0016458007387758656,0,0.6620674913,LinearSVC+CalibratedClassifierCV+Optuna,yao-tx/CryptoZombies
NEG_02013,0,0,0,2313,1,0.0007168194179523148,0,0.6620674913,LinearSVC+CalibratedClassifierCV+Optuna,yatharth1444/Token-Wallet-on-ICP-Blockchain
NEG_02015,0,0,0,2315,1,4.974871802298646e-05,0,0.6620674913,LinearSVC+CalibratedClassifierCV+Optuna,yeasy/blockchain_guide
NEG_02018,0,0,0,2318,1,0.00027426509287773793,0,0.6620674913,LinearSVC+CalibratedClassifierCV+Optuna,YieldHabitat/YieldHabitat_
NEG_02024,0,0,0,2324,1,0.0014942576542116626,0,0.6620674913,LinearSVC+CalibratedClassifierCV+Optuna,YordanPavlov/BlockchainRoulette
NEG_02034,0,0,0,2334,1,0.007323030615696073,0,0.6620674913,LinearSVC+CalibratedClassifierCV+Optuna,Zaid-maker/web3-nft-game
NEG_02037,0,0,0,2337,1,0.004867223973030334,0,0.6620674913,LinearSVC+CalibratedClassifierCV+Optuna,zenhuzaini/node-js-blockchain-bitcoin
NEG_02045,0,0,0,2345,1,0.0003742905271171347,0,0.6620674913,LinearSVC+CalibratedClassifierCV+Optuna,zircuit-labs/web3-telegram-mini-app
NEG_02046,0,0,0,2346,1,0.12107500888264766,0,0.6620674913,LinearSVC+CalibratedClassifierCV+Optuna,ZIYUT/nft-wallet-frontend
NEG_02049,0,0,0,2349,1,0.00023082199875089793,0,0.6620674913,LinearSVC+CalibratedClassifierCV+Optuna,Zodomo/OrdinalDucks
F5_ai_media_demo,1,1,0,13,2,0.2222222222222222,0,0.7699604743,LinearSVC+CalibratedClassifierCV+Optuna,eferos93/test4
F5_ai_media_demo,1,1,0,27,2,0.7947263234878825,1,0.7699604743,LinearSVC+CalibratedClassifierCV+Optuna,Metaldadisbad/HacxGPT
F5_ai_media_demo,1,1,0,33,2,0.030303030303030304,0,0.7699604743,LinearSVC+CalibratedClassifierCV+Optuna,rizvejoarder/SoraMax
F5_ai_media_demo,1,1,0,34,2,0.0898876404494382,0,0.7699604743,LinearSVC+CalibratedClassifierCV+Optuna,shivas1432/sora2-watermark-remover
F5_ai_media_demo,1,0,1,244,2,0.6443694848831552,0,0.7699604743,LinearSVC+CalibratedClassifierCV+Optuna,eferos93/takehome-test4
F5_ai_media_demo,1,0,1,245,2,0.7935361155634078,1,0.7699604743,LinearSVC+CalibratedClassifierCV+Optuna,Metaldadisba/HacxGPT
F5_ai_media_demo,1,0,1,246,2,0.030303030303030304,0,0.7699604743,LinearSVC+CalibratedClassifierCV+Optuna,rizvejoarder9/SoraMax
F5_ai_media_demo,1,0,1,247,2,0.0898876404494382,0,0.7699604743,LinearSVC+CalibratedClassifierCV+Optuna,shivas1432p/sora2-watermark-remover
F5_ai_media_demo,1,0,1,248,2,0.4137439013163951,0,0.7699604743,LinearSVC+CalibratedClassifierCV+Optuna,eferos932/takehome-test4
F5_ai_media_demo,1,0,1,249,2,0.8069900886802296,1,0.7699604743,LinearSVC+CalibratedClassifierCV+Optuna,Metaldadisbad2/HacxGPT
F5_ai_media_demo,1,0,1,250,2,0.030303030303030304,0,0.7699604743,LinearSVC+CalibratedClassifierCV+Optuna,rizvejoarder4/SoraMax
F5_ai_media_demo,1,0,1,251,2,0.13333333333333333,0,0.7699604743,LinearSVC+CalibratedClassifierCV+Optuna,shivas14322/sora2-watermark-remover
F5_ai_media_demo,1,0,1,252,2,0.4137439013163951,0,0.7699604743,LinearSVC+CalibratedClassifierCV+Optuna,eferos9/takehome-test4
F5_ai_media_demo,1,0,1,253,2,0.7937141378848023,1,0.7699604743,LinearSVC+CalibratedClassifierCV+Optuna,Metaldadisba2/HacxGPT
F5_ai_media_demo,1,0,1,254,2,0.05602850368661597,0,0.7699604743,LinearSVC+CalibratedClassifierCV+Optuna,rizvejoardern/SoraMax
F5_ai_media_demo,1,0,1,255,2,0.0898876404494382,0,0.7699604743,LinearSVC+CalibratedClassifierCV+Optuna,shivas143/sora2-watermark-remover
F5_ai_media_demo,1,0,1,256,2,0.2222222222222222,0,0.7699604743,LinearSVC+CalibratedClassifierCV+Optuna,eferos932/test4
F5_ai_media_demo,1,0,1,257,2,0.8035914241079501,1,0.7699604743,LinearSVC+CalibratedClassifierCV+Optuna,Metaldadisbad3/HacxGPT
F5_ai_media_demo,1,0,1,258,2,0.030303030303030304,0,0.7699604743,LinearSVC+CalibratedClassifierCV+Optuna,rizvejoarder2/SoraMax
F5_ai_media_demo,1,0,1,259,2,0.0898876404494382,0,0.7699604743,LinearSVC+CalibratedClassifierCV+Optuna,shivas1433/sora2-watermark-remover
F5_ai_media_demo,1,0,1,260,2,0.4137439013163951,0,0.7699604743,LinearSVC+CalibratedClassifierCV+Optuna,eferos92/takehome-test4
F5_ai_media_demo,1,0,1,261,2,0.7939362026545841,1,0.7699604743,LinearSVC+CalibratedClassifierCV+Optuna,Metaldadisbadd/HacxGPT
F5_ai_media_demo,1,0,1,262,2,0.030303030303030304,0,0.7699604743,LinearSVC+CalibratedClassifierCV+Optuna,rizvejoarder22/SoraMax
F5_ai_media_demo,1,0,1,263,2,0.13333333333333333,0,0.7699604743,LinearSVC+CalibratedClassifierCV+Optuna,shivas1432o/sora2-watermark-remover
F5_ai_media_demo,1,0,1,264,2,0.4137439013163951,0,0.7699604743,LinearSVC+CalibratedClassifierCV+Optuna,eferos94/takehome-test4
F5_ai_media_demo,1,0,1,265,2,0.8055867247819853,1,0.7699604743,LinearSVC+CalibratedClassifierCV+Optuna,Metaldadisbad4/HacxGPT
F5_ai_media_demo,1,0,1,266,2,0.0898876404494382,0,0.7699604743,LinearSVC+CalibratedClassifierCV+Optuna,rizvejoarder3/SoraMax
F5_ai_media_demo,1,0,1,267,2,0.13333333333333333,0,0.7699604743,LinearSVC+CalibratedClassifierCV+Optuna,shivas14323/sora2-watermark-remover
F5_ai_media_demo,1,0,1,268,2,0.4137439013163951,0,0.7699604743,LinearSVC+CalibratedClassifierCV+Optuna,eferos95/takehome-test4
F5_ai_media_demo,1,0,1,269,2,0.8041241809187455,1,0.7699604743,LinearSVC+CalibratedClassifierCV+Optuna,Metaldadisba3/HacxGPT
F5_ai_media_demo,1,0,1,270,2,0.0,0,0.7699604743,LinearSVC+CalibratedClassifierCV+Optuna,rizvejoarder6/SoraMax
F5_ai_media_demo,1,0,1,271,2,0.0898876404494382,0,0.7699604743,LinearSVC+CalibratedClassifierCV+Optuna,shivas1434/sora2-watermark-remover
F5_ai_media_demo,1,0,1,272,2,0.4137439013163951,0,0.7699604743,LinearSVC+CalibratedClassifierCV+Optuna,eferos93d/test4
F5_ai_media_demo,1,0,1,273,2,0.7903849770753539,1,0.7699604743,LinearSVC+CalibratedClassifierCV+Optuna,Metaldadisbad5/HacxGPT
F5_ai_media_demo,1,0,1,274,2,0.0,0,0.7699604743,LinearSVC+CalibratedClassifierCV+Optuna,rizvejoarde/SoraMax
F5_ai_media_demo,1,0,1,275,2,0.13333333333333333,0,0.7699604743,LinearSVC+CalibratedClassifierCV+Optuna,shivas14324/sora2-watermark-remover
F5_ai_media_demo,1,0,1,276,2,0.6443694848831552,0,0.7699604743,LinearSVC+CalibratedClassifierCV+Optuna,eferos935/takehome-test4
F5_ai_media_demo,1,0,1,277,2,0.7865774941253255,1,0.7699604743,LinearSVC+CalibratedClassifierCV+Optuna,Metaldadisbadt/HacxGPT
F5_ai_media_demo,1,0,1,278,2,0.0898876404494382,0,0.7699604743,LinearSVC+CalibratedClassifierCV+Optuna,rizvejoarder5/SoraMax
F5_ai_media_demo,1,0,1,279,2,0.13333333333333333,0,0.7699604743,LinearSVC+CalibratedClassifierCV+Optuna,shivas1435/sora2-watermark-remover
F5_ai_media_demo,1,0,1,280,2,0.27001309221319963,0,0.7699604743,LinearSVC+CalibratedClassifierCV+Optuna,eferos93a/test4
F5_ai_media_demo,1,0,1,281,2,0.7963554881531939,1,0.7699604743,LinearSVC+CalibratedClassifierCV+Optuna,Metaldadisbad6/HacxGPT
F5_ai_media_demo,1,0,1,282,2,0.0,0,0.7699604743,LinearSVC+CalibratedClassifierCV+Optuna,rizvejoarderr/SoraMax
F5_ai_media_demo,1,0,1,283,2,0.0898876404494382,0,0.7699604743,LinearSVC+CalibratedClassifierCV+Optuna,shivas1432s/sora2-watermark-remover
F5_ai_media_demo,1,0,1,284,2,0.3377951159044597,0,0.7699604743,LinearSVC+CalibratedClassifierCV+Optuna,eferos93e/test4
F5_ai_media_demo,1,0,1,285,2,0.8045159283635299,1,0.7699604743,LinearSVC+CalibratedClassifierCV+Optuna,Metaldadisbadg/HacxGPT
F5_ai_media_demo,1,0,1,286,2,0.0,0,0.7699604743,LinearSVC+CalibratedClassifierCV+Optuna,rizvejoardern2/SoraMax
F5_ai_media_demo,1,0,1,287,2,0.13333333333333333,0,0.7699604743,LinearSVC+CalibratedClassifierCV+Optuna,shivas14321/sora2-watermark-remover
F5_ai_media_demo,1,0,1,288,2,0.4137439013163951,0,0.7699604743,LinearSVC+CalibratedClassifierCV+Optuna,eferos93z/takehome-test4
F5_ai_media_demo,1,0,1,289,2,0.9542964859866268,1,0.7699604743,LinearSVC+CalibratedClassifierCV+Optuna,Metaldadisbad62/HacxGPT
F5_ai_media_demo,1,0,1,290,2,0.0,0,0.7699604743,LinearSVC+CalibratedClassifierCV+Optuna,rizvejoarderv/SoraMax
F5_ai_media_demo,1,0,1,291,2,0.0898876404494382,0,0.7699604743,LinearSVC+CalibratedClassifierCV+Optuna,shivas14327/sora2-watermark-remover
F5_ai_media_demo,1,0,1,292,2,0.4137439013163951,0,0.7699604743,LinearSVC+CalibratedClassifierCV+Optuna,eferos93p/takehome-test4
F5_ai_media_demo,1,0,1,293,2,0.8036906978981201,1,0.7699604743,LinearSVC+CalibratedClassifierCV+Optuna,Metaldadisbadx/HacxGPT
F5_ai_media_demo,1,0,1,294,2,0.030303030303030304,0,0.7699604743,LinearSVC+CalibratedClassifierCV+Optuna,rizvejoarde2/SoraMax
F5_ai_media_demo,1,0,1,295,2,0.2222222222222222,0,0.7699604743,LinearSVC+CalibratedClassifierCV+Optuna,shivas14325/sora2-watermark-remover
F5_ai_media_demo,1,0,1,296,2,0.2222222222222222,0,0.7699604743,LinearSVC+CalibratedClassifierCV+Optuna,eferos93r/test4
F5_ai_media_demo,1,0,1,297,2,0.8048918852859427,1,0.7699604743,LinearSVC+CalibratedClassifierCV+Optuna,Metaldadisbad7/HacxGPT
F5_ai_media_demo,1,0,1,298,2,0.030303030303030304,0,0.7699604743,LinearSVC+CalibratedClassifierCV+Optuna,rizvejoarder7/SoraMax
F5_ai_media_demo,1,0,1,299,2,0.0898876404494382,0,0.7699604743,LinearSVC+CalibratedClassifierCV+Optuna,shivas1432a/sora2-watermark-remover
NEG_00002,0,0,0,302,2,0.0,0,0.7699604743,LinearSVC+CalibratedClassifierCV+Optuna,0ryX/Blockchain-Miner
NEG_00006,0,0,0,306,2,0.0,0,0.7699604743,LinearSVC+CalibratedClassifierCV+Optuna,0xalberto/solana-crash-game
NEG_00015,0,0,0,315,2,0.0,0,0.7699604743,LinearSVC+CalibratedClassifierCV+Optuna,0xGval/evm-mcp-tools
NEG_00018,0,0,0,318,2,0.0,0,0.7699604743,LinearSVC+CalibratedClassifierCV+Optuna,0xisk/awesome-solidity-security
NEG_00031,0,0,0,331,2,0.0,0,0.7699604743,LinearSVC+CalibratedClassifierCV+Optuna,0xTijan/coin-flip
NEG_00043,0,0,0,343,2,0.0,0,0.7699604743,LinearSVC+CalibratedClassifierCV+Optuna,339-Labs/wallet-platform-mpc-go
NEG_00048,0,0,0,348,2,0.0,0,0.7699604743,LinearSVC+CalibratedClassifierCV+Optuna,94929/rock-paper-scissors
NEG_00051,0,0,0,351,2,0.0,0,0.7699604743,LinearSVC+CalibratedClassifierCV+Optuna,a6b8/ascii-to-svg-generator-for-ruby
NEG_00054,0,0,0,354,2,0.0,0,0.7699604743,LinearSVC+CalibratedClassifierCV+Optuna,aarambh-darshan/mini-blockchain
NEG_00058,0,0,0,358,2,0.0,0,0.7699604743,LinearSVC+CalibratedClassifierCV+Optuna,aawp-ai/aawp
NEG_00071,0,0,0,371,2,0.0,0,0.7699604743,LinearSVC+CalibratedClassifierCV+Optuna,ada173/solidity-template
NEG_00072,0,0,0,372,2,0.0,0,0.7699604743,LinearSVC+CalibratedClassifierCV+Optuna,adam-art/SOLANA-PROJECT-v1.0
NEG_00081,0,0,0,381,2,0.1344541766380587,0,0.7699604743,LinearSVC+CalibratedClassifierCV+Optuna,adityajkate/crypto-risk
NEG_00083,0,0,0,383,2,0.0,0,0.7699604743,LinearSVC+CalibratedClassifierCV+Optuna,adrianhajdin/project_crowdfunding
NEG_00084,0,0,0,384,2,0.0,0,0.7699604743,LinearSVC+CalibratedClassifierCV+Optuna,adrianhajdin/project_web3.0
NEG_00086,0,0,0,386,2,0.0,0,0.7699604743,LinearSVC+CalibratedClassifierCV+Optuna,adrianmcli/eth95
NEG_00101,0,0,0,401,2,0.0,0,0.7699604743,LinearSVC+CalibratedClassifierCV+Optuna,aggel008/defi-signal
NEG_00107,0,0,0,407,2,0.0,0,0.7699604743,LinearSVC+CalibratedClassifierCV+Optuna,ahmedali8/hardhat-ts-template
NEG_00113,0,0,0,413,2,0.0,0,0.7699604743,LinearSVC+CalibratedClassifierCV+Optuna,aidevrelagent/nama-repo-lowercase-dengan-dash-v2
NEG_00118,0,0,0,418,2,0.0,0,0.7699604743,LinearSVC+CalibratedClassifierCV+Optuna,ajaysaini-sgvu/cryptocurrency-api
NEG_00141,0,0,0,441,2,0.0,0,0.7699604743,LinearSVC+CalibratedClassifierCV+Optuna,alexharrod/cryptozombies
NEG_00147,0,0,0,447,2,0.0,0,0.7699604743,LinearSVC+CalibratedClassifierCV+Optuna,alice-si/contracts
NEG_00148,0,0,0,448,2,0.0898876404494382,0,0.7699604743,LinearSVC+CalibratedClassifierCV+Optuna,aliezzahn/crypto-chart
NEG_00155,0,0,0,455,2,0.0898876404494382,0,0.7699604743,LinearSVC+CalibratedClassifierCV+Optuna,AllanOtieno254/SmartContractVendingMachine
NEG_00170,0,0,0,470,2,0.0,0,0.7699604743,LinearSVC+CalibratedClassifierCV+Optuna,amurto/cryptoludo
NEG_00174,0,0,0,474,2,0.0,0,0.7699604743,LinearSVC+CalibratedClassifierCV+Optuna,andrarwes/BlockChainApp
NEG_00177,0,0,0,477,2,0.0,0,0.7699604743,LinearSVC+CalibratedClassifierCV+Optuna,andrejrakic/Pied-Piper-DeFi-App-Subspace-Demo-
NEG_00179,0,0,0,479,2,0.0,0,0.7699604743,LinearSVC+CalibratedClassifierCV+Optuna,andycapaldo/hello-blockchain
NEG_00181,0,0,0,481,2,0.0,0,0.7699604743,LinearSVC+CalibratedClassifierCV+Optuna,Aniket-Engg/sol-profiler-vscode
NEG_00182,0,0,0,482,2,0.0,0,0.7699604743,LinearSVC+CalibratedClassifierCV+Optuna,ankitaryan404/nft-marketplace
NEG_00184,0,0,0,484,2,0.0,0,0.7699604743,LinearSVC+CalibratedClassifierCV+Optuna,annasudol/multi-signature-wallet
NEG_00192,0,0,0,492,2,0.0,0,0.7699604743,LinearSVC+CalibratedClassifierCV+Optuna,Anugo1/Attest-Nft
NEG_00198,0,0,0,498,2,0.0,0,0.7699604743,LinearSVC+CalibratedClassifierCV+Optuna,apeboard/pools
NEG_00199,0,0,0,499,2,0.0,0,0.7699604743,LinearSVC+CalibratedClassifierCV+Optuna,Aperture-Finance/Aperture-Lens
NEG_00208,0,0,0,508,2,0.0,0,0.7699604743,LinearSVC+CalibratedClassifierCV+Optuna,aranair/pine
NEG_00214,0,0,0,514,2,0.0,0,0.7699604743,LinearSVC+CalibratedClassifierCV+Optuna,armorwallet/armor-crypto-mcp
NEG_00221,0,0,0,521,2,0.0,0,0.7699604743,LinearSVC+CalibratedClassifierCV+Optuna,artem-bayandin/blockchain-samples
NEG_00222,0,0,0,522,2,0.0,0,0.7699604743,LinearSVC+CalibratedClassifierCV+Optuna,arthur-reedy460y/web3cha
NEG_00226,0,0,0,526,2,0.0,0,0.7699604743,LinearSVC+CalibratedClassifierCV+Optuna,artimonist/artimonist-cli
NEG_00236,0,0,0,536,2,0.0,0,0.7699604743,LinearSVC+CalibratedClassifierCV+Optuna,ASPPIBRA-DAO/DIGITAL_WORLD_REAL_ESTATE_MARKET
NEG_00240,0,0,0,540,2,0.0,0,0.7699604743,LinearSVC+CalibratedClassifierCV+Optuna,attestate/kiwistand
NEG_00243,0,0,0,543,2,0.0,0,0.7699604743,LinearSVC+CalibratedClassifierCV+Optuna,austintgriffith/burner-wallet
NEG_00244,0,0,0,544,2,0.0,0,0.7699604743,LinearSVC+CalibratedClassifierCV+Optuna,Autosaida/DeFiHackAnalysis
NEG_00250,0,0,0,550,2,0.0,0,0.7699604743,LinearSVC+CalibratedClassifierCV+Optuna,AymaanPathan/ClauseAI
NEG_00259,0,0,0,559,2,0.0,0,0.7699604743,LinearSVC+CalibratedClassifierCV+Optuna,BadakalaYashwanth/Web-3Cryptocurrency-Wallet-Generator-Blockchain
NEG_00261,0,0,0,561,2,0.0,0,0.7699604743,LinearSVC+CalibratedClassifierCV+Optuna,balancer/balancer-v2-monorepo
NEG_00265,0,0,0,565,2,0.0,0,0.7699604743,LinearSVC+CalibratedClassifierCV+Optuna,Bananapus/nana-fee-project-deployer
NEG_00271,0,0,0,571,2,0.0,0,0.7699604743,LinearSVC+CalibratedClassifierCV+Optuna,batteringram-dev/Web3
NEG_00272,0,0,0,572,2,0.0,0,0.7699604743,LinearSVC+CalibratedClassifierCV+Optuna,bavix/laravel-wallet
NEG_00273,0,0,0,573,2,0.0,0,0.7699604743,LinearSVC+CalibratedClassifierCV+Optuna,bc1plainview/opnet-builder
NEG_00274,0,0,0,574,2,0.0,0,0.7699604743,LinearSVC+CalibratedClassifierCV+Optuna,bchainexpt/Blockchain-wallet-andorid-app
NEG_00277,0,0,0,577,2,0.0,0,0.7699604743,LinearSVC+CalibratedClassifierCV+Optuna,BeanstalkFarms/Beanstalk
NEG_00285,0,0,0,585,2,0.0,0,0.7699604743,LinearSVC+CalibratedClassifierCV+Optuna,BertrandConxy/Lottery
NEG_00286,0,0,0,586,2,0.030303030303030304,0,0.7699604743,LinearSVC+CalibratedClassifierCV+Optuna,BeTechnologyCo/zkevm-boilerplate
NEG_00287,0,0,0,587,2,0.0,0,0.7699604743,LinearSVC+CalibratedClassifierCV+Optuna,bevry-archive/emailtowallet
NEG_00292,0,0,0,592,2,0.0,0,0.7699604743,LinearSVC+CalibratedClassifierCV+Optuna,BibliothecaDAO/realms-react
NEG_00308,0,0,0,608,2,0.0,0,0.7699604743,LinearSVC+CalibratedClassifierCV+Optuna,bitquery/explorer
NEG_00309,0,0,0,609,2,0.0,0,0.7699604743,LinearSVC+CalibratedClassifierCV+Optuna,bjboss007/flask-web3-solidity
NEG_00310,0,0,0,610,2,0.0,0,0.7699604743,LinearSVC+CalibratedClassifierCV+Optuna,bkrem/react-nft-gallery
NEG_00311,0,0,0,611,2,0.0,0,0.7699604743,LinearSVC+CalibratedClassifierCV+Optuna,blackalbino01/epic-nfts-ui
NEG_00312,0,0,0,612,2,0.0,0,0.7699604743,LinearSVC+CalibratedClassifierCV+Optuna,BlackPeter13/LightningTipBot
NEG_00326,0,0,0,626,2,0.0,0,0.7699604743,LinearSVC+CalibratedClassifierCV+Optuna,bloomwalletio/bloom
NEG_00327,0,0,0,627,2,0.0,0,0.7699604743,LinearSVC+CalibratedClassifierCV+Optuna,Blueforce99/web3-bubble-portfolio
NEG_00329,0,0,0,629,2,0.0,0,0.7699604743,LinearSVC+CalibratedClassifierCV+Optuna,bluewhale-protocol/bluewhale-trust
NEG_00332,0,0,0,632,2,0.0,0,0.7699604743,LinearSVC+CalibratedClassifierCV+Optuna,bomzj/newbits
NEG_00334,0,0,0,634,2,0.0,0,0.7699604743,LinearSVC+CalibratedClassifierCV+Optuna,bostonlink/blockexplorer
NEG_00339,0,0,0,639,2,0.0,0,0.7699604743,LinearSVC+CalibratedClassifierCV+Optuna,BraisCabo/Decentralized-Crypto-Casino
NEG_00341,0,0,0,641,2,0.0,0,0.7699604743,LinearSVC+CalibratedClassifierCV+Optuna,brendansiraky/solidity-nft-mint-contract
NEG_00346,0,0,0,646,2,0.0,0,0.7699604743,LinearSVC+CalibratedClassifierCV+Optuna,btcltceth/crypto_explorer
NEG_00358,0,0,0,658,2,0.0,0,0.7699604743,LinearSVC+CalibratedClassifierCV+Optuna,c-bruce/SharedWallet
NEG_00360,0,0,0,660,2,0.0,0,0.7699604743,LinearSVC+CalibratedClassifierCV+Optuna,caiovicentino/debank-mcp-server
NEG_00363,0,0,0,663,2,0.0,0,0.7699604743,LinearSVC+CalibratedClassifierCV+Optuna,calintzy/evmscope
NEG_00365,0,0,0,665,2,0.0,0,0.7699604743,LinearSVC+CalibratedClassifierCV+Optuna,canyon-network/canyon
NEG_00370,0,0,0,670,2,0.0,0,0.7699604743,LinearSVC+CalibratedClassifierCV+Optuna,carmenbickel/NFT-Collection
NEG_00371,0,0,0,671,2,0.0,0,0.7699604743,LinearSVC+CalibratedClassifierCV+Optuna,CateryaTech/tradeforge
NEG_00376,0,0,0,676,2,0.0,0,0.7699604743,LinearSVC+CalibratedClassifierCV+Optuna,Certora/CertoraProver
NEG_00380,0,0,0,680,2,0.0,0,0.7699604743,LinearSVC+CalibratedClassifierCV+Optuna,ChainInsighter/Ondo-Flux-Finance
NEG_00398,0,0,0,698,2,0.8352488669390078,1,0.7699604743,LinearSVC+CalibratedClassifierCV+Optuna,chmajidnaeem/blockchain-bitcoin
NEG_00405,0,0,0,705,2,0.0,0,0.7699604743,LinearSVC+CalibratedClassifierCV+Optuna,citadelgrad/crypto-commando
NEG_00408,0,0,0,708,2,0.0,0,0.7699604743,LinearSVC+CalibratedClassifierCV+Optuna,classicshi/web3-decoder
NEG_00413,0,0,0,713,2,0.0,0,0.7699604743,LinearSVC+CalibratedClassifierCV+Optuna,cmandar24/Ethereum-Private-Key-Generator
NEG_00415,0,0,0,715,2,0.4365079365079365,0,0.7699604743,LinearSVC+CalibratedClassifierCV+Optuna,coccoinomane/crabada.py
NEG_00423,0,0,0,723,2,0.0,0,0.7699604743,LinearSVC+CalibratedClassifierCV+Optuna,codeVirtuoso21/NFT-marketplace-cryptoBoys
NEG_00425,0,0,0,725,2,0.0,0,0.7699604743,LinearSVC+CalibratedClassifierCV+Optuna,codex-protocol/service.eel
NEG_00426,0,0,0,726,2,0.0898876404494382,0,0.7699604743,LinearSVC+CalibratedClassifierCV+Optuna,CODEX108/FINAL-BLOCKSPIRIT
NEG_00428,0,0,0,728,2,0.0,0,0.7699604743,LinearSVC+CalibratedClassifierCV+Optuna,coin-worx/ethereum-voting-demo
NEG_00430,0,0,0,730,2,0.0,0,0.7699604743,LinearSVC+CalibratedClassifierCV+Optuna,coinbase/coinbase-wallet-sdk
NEG_00435,0,0,0,735,2,0.0,0,0.7699604743,LinearSVC+CalibratedClassifierCV+Optuna,coming-chat/wallet-SDK
NEG_00436,0,0,0,736,2,0.0,0,0.7699604743,LinearSVC+CalibratedClassifierCV+Optuna,compound-finance/palisade
NEG_00439,0,0,0,739,2,0.0,0,0.7699604743,LinearSVC+CalibratedClassifierCV+Optuna,ConsenSys-archive/vscode-ext
NEG_00442,0,0,0,742,2,0.0,0,0.7699604743,LinearSVC+CalibratedClassifierCV+Optuna,ConsenSysMesh/live-libs
NEG_00445,0,0,0,745,2,0.0,0,0.7699604743,LinearSVC+CalibratedClassifierCV+Optuna,ConstanzaOriana/RealEstate_dApp
NEG_00451,0,0,0,751,2,0.0,0,0.7699604743,LinearSVC+CalibratedClassifierCV+Optuna,courtney-haley/SUPERIO-DeFi-Yield-Farm
NEG_00457,0,0,0,757,2,0.0,0,0.7699604743,LinearSVC+CalibratedClassifierCV+Optuna,crcristian97/solidity-nft-contract
NEG_00462,0,0,0,762,2,0.0,0,0.7699604743,LinearSVC+CalibratedClassifierCV+Optuna,crpdev/decentralised-ebay
NEG_00465,0,0,0,765,2,0.0,0,0.7699604743,LinearSVC+CalibratedClassifierCV+Optuna,crypto-crawler/crypto-ohlcv
NEG_00468,0,0,0,768,2,0.0,0,0.7699604743,LinearSVC+CalibratedClassifierCV+Optuna,crypto1014/NFT-marketplace
NEG_00481,0,0,0,781,2,0.0,0,0.7699604743,LinearSVC+CalibratedClassifierCV+Optuna,Cryptorubic/multi-proxy-rubic
NEG_00482,0,0,0,782,2,0.0,0,0.7699604743,LinearSVC+CalibratedClassifierCV+Optuna,cryptosguru/nft_terra_cosmwasm
NEG_00486,0,0,0,786,2,0.0,0,0.7699604743,LinearSVC+CalibratedClassifierCV+Optuna,cunarist/solie
NEG_00490,0,0,0,790,2,0.0,0,0.7699604743,LinearSVC+CalibratedClassifierCV+Optuna,cypherium/uniswap-interface-cypherium
NEG_00493,0,0,0,793,2,0.0,0,0.7699604743,LinearSVC+CalibratedClassifierCV+Optuna,czhc/bookmarks
NEG_00495,0,0,0,795,2,0.0,0,0.7699604743,LinearSVC+CalibratedClassifierCV+Optuna,D-Y-So/Blockchain_Project
NEG_00497,0,0,0,797,2,0.325508607198748,0,0.7699604743,LinearSVC+CalibratedClassifierCV+Optuna,Dadel-1/Polymarket-CopyTrading
NEG_00500,0,0,0,800,2,0.0,0,0.7699604743,LinearSVC+CalibratedClassifierCV+Optuna,Daltonic/dappCinemasX
NEG_00505,0,0,0,805,2,0.0,0,0.7699604743,LinearSVC+CalibratedClassifierCV+Optuna,danieltantonio/SharedWallet_Solidity
NEG_00506,0,0,0,806,2,0.0,0,0.7699604743,LinearSVC+CalibratedClassifierCV+Optuna,danielwpz/nft-linkdrop
NEG_00513,0,0,0,813,2,0.0,0,0.7699604743,LinearSVC+CalibratedClassifierCV+Optuna,dappforce/polkaverse
NEG_00518,0,0,0,818,2,0.0,0,0.7699604743,LinearSVC+CalibratedClassifierCV+Optuna,dappuniversity/hd_wallet
NEG_00522,0,0,0,822,2,0.0,0,0.7699604743,LinearSVC+CalibratedClassifierCV+Optuna,darkgrovelabs/sec3hub
NEG_00526,0,0,0,826,2,0.0,0,0.7699604743,LinearSVC+CalibratedClassifierCV+Optuna,daulathussain/nfts-api-starter-file
NEG_00527,0,0,0,827,2,0.0,0,0.7699604743,LinearSVC+CalibratedClassifierCV+Optuna,davdotsol/react-and-web3-demo-app
NEG_00528,0,0,0,828,2,0.0,0,0.7699604743,LinearSVC+CalibratedClassifierCV+Optuna,davdotsol/uniswap-v2-defi-app
NEG_00535,0,0,0,835,2,0.2215686274509804,0,0.7699604743,LinearSVC+CalibratedClassifierCV+Optuna,DeCleanup-Network/contracts-evm
NEG_00551,0,0,0,851,2,0.0,0,0.7699604743,LinearSVC+CalibratedClassifierCV+Optuna,DemocracyEarth/wallet
NEG_00552,0,0,0,852,2,0.0,0,0.7699604743,LinearSVC+CalibratedClassifierCV+Optuna,Denis345/blockchain-automation-tool
NEG_00557,0,0,0,857,2,0.0,0,0.7699604743,LinearSVC+CalibratedClassifierCV+Optuna,DePayFi/depay-claimable-nft-airdrops
NEG_00560,0,0,0,860,2,0.0,0,0.7699604743,LinearSVC+CalibratedClassifierCV+Optuna,desbenn/defi-arbitrage
NEG_00566,0,0,0,866,2,0.0,0,0.7699604743,LinearSVC+CalibratedClassifierCV+Optuna,DevAyomi/Smart-Wallet-
NEG_00575,0,0,0,875,2,0.13333333333333333,0,0.7699604743,LinearSVC+CalibratedClassifierCV+Optuna,Dharma256/solidity-multisig-wallet-56
NEG_00579,0,0,0,879,2,0.0,0,0.7699604743,LinearSVC+CalibratedClassifierCV+Optuna,dhiraj0911/bitcoin-wallet
NEG_00585,0,0,0,885,2,0.0,0,0.7699604743,LinearSVC+CalibratedClassifierCV+Optuna,DimarcoKevin/CryptoZombies
NEG_00588,0,0,0,888,2,0.0,0,0.7699604743,LinearSVC+CalibratedClassifierCV+Optuna,diorwave/solana-blockchain-development
NEG_00589,0,0,0,889,2,0.0,0,0.7699604743,LinearSVC+CalibratedClassifierCV+Optuna,distbit0/coinStats
NEG_00590,0,0,0,890,2,0.13333333333333333,0,0.7699604743,LinearSVC+CalibratedClassifierCV+Optuna,DixDev1621/BLOCKCHAIN-DeFi-Router
NEG_00591,0,0,0,891,2,0.0,0,0.7699604743,LinearSVC+CalibratedClassifierCV+Optuna,DjibrilM/strike-wallet
NEG_00598,0,0,0,898,2,0.0,0,0.7699604743,LinearSVC+CalibratedClassifierCV+Optuna,dojimanetwork/web3fy-go
NEG_00599,0,0,0,899,2,0.0,0,0.7699604743,LinearSVC+CalibratedClassifierCV+Optuna,domechn/track3
NEG_00601,0,0,0,901,2,0.0,0,0.7699604743,LinearSVC+CalibratedClassifierCV+Optuna,donnywin85/defi-yield-aggregator
NEG_00609,0,0,0,909,2,0.0,0,0.7699604743,LinearSVC+CalibratedClassifierCV+Optuna,DrLinuxOfficial/CryptoWallet-Cracker
NEG_00610,0,0,0,910,2,0.3104575163398693,0,0.7699604743,LinearSVC+CalibratedClassifierCV+Optuna,drpcorg/dshackle
NEG_00617,0,0,0,917,2,0.0,0,0.7699604743,LinearSVC+CalibratedClassifierCV+Optuna,dvvrtmshra/StellarPay
NEG_00618,0,0,0,918,2,0.0,0,0.7699604743,LinearSVC+CalibratedClassifierCV+Optuna,dydxprotocol/protocol_v1
NEG_00619,0,0,0,919,2,0.0,0,0.7699604743,LinearSVC+CalibratedClassifierCV+Optuna,Dyslex7c/DefiYieldOptimizer
NEG_00620,0,0,0,920,2,0.0,0,0.7699604743,LinearSVC+CalibratedClassifierCV+Optuna,ebellocchia/erc20_splitter
NEG_00628,0,0,0,928,2,0.0,0,0.7699604743,LinearSVC+CalibratedClassifierCV+Optuna,el-noir/MedicAi
NEG_00629,0,0,0,929,2,0.0,0,0.7699604743,LinearSVC+CalibratedClassifierCV+Optuna,eldorado-Coder/NFT-marketplace-smart-contract
NEG_00631,0,0,0,931,2,0.0,0,0.7699604743,LinearSVC+CalibratedClassifierCV+Optuna,Elmanilov/CastClaim
NEG_00643,0,0,0,943,2,0.0,0,0.7699604743,LinearSVC+CalibratedClassifierCV+Optuna,Emmanuel-213/MyFirstSmartContract
NEG_00651,0,0,0,951,2,0.0,0,0.7699604743,LinearSVC+CalibratedClassifierCV+Optuna,Enricrypto/arb-wave-flashloans-arbitrage
NEG_00660,0,0,0,960,2,0.0,0,0.7699604743,LinearSVC+CalibratedClassifierCV+Optuna,ERC4626-Alliance/sup-web-4626
NEG_00669,0,0,0,969,2,0.0,0,0.7699604743,LinearSVC+CalibratedClassifierCV+Optuna,EthereumCommonwealth/Auditing
NEG_00674,0,0,0,974,2,0.0,0,0.7699604743,LinearSVC+CalibratedClassifierCV+Optuna,EtherTW/LogoVote2017
NEG_00677,0,0,0,977,2,0.0,0,0.7699604743,LinearSVC+CalibratedClassifierCV+Optuna,Ev3rlasting/Sui-Vanity-Wallet-Generator
NEG_00678,0,0,0,978,2,0.13333333333333333,0,0.7699604743,LinearSVC+CalibratedClassifierCV+Optuna,everstake/wallet-sdk
NEG_00679,0,0,0,979,2,0.0,0,0.7699604743,LinearSVC+CalibratedClassifierCV+Optuna,everx-labs/everdev
NEG_00694,0,0,0,994,2,0.0,0,0.7699604743,LinearSVC+CalibratedClassifierCV+Optuna,Fabischu2008/Vinechain
NEG_00700,0,0,0,1000,2,0.0,0,0.7699604743,LinearSVC+CalibratedClassifierCV+Optuna,faizack/Supply-Chain-Blockchain
NEG_00701,0,0,0,1001,2,0.0,0,0.7699604743,LinearSVC+CalibratedClassifierCV+Optuna,falila/smart-contract-interpreter
NEG_00706,0,0,0,1006,2,0.0,0,0.7699604743,LinearSVC+CalibratedClassifierCV+Optuna,FazioNico/meta-gotchi
NEG_00707,0,0,0,1007,2,0.0,0,0.7699604743,LinearSVC+CalibratedClassifierCV+Optuna,fbsobreira/gotron-sdk
NEG_00710,0,0,0,1010,2,0.0,0,0.7699604743,LinearSVC+CalibratedClassifierCV+Optuna,fewwwww/awesome-uniswap-hooks
NEG_00720,0,0,0,1020,2,0.0,0,0.7699604743,LinearSVC+CalibratedClassifierCV+Optuna,flappyagent/flappy-bird-solidity-2
NEG_00721,0,0,0,1021,2,0.0,0,0.7699604743,LinearSVC+CalibratedClassifierCV+Optuna,flexa/collateral-manager
NEG_00722,0,0,0,1022,2,0.0,0,0.7699604743,LinearSVC+CalibratedClassifierCV+Optuna,floranguyen0/nft-marketplace
NEG_00727,0,0,0,1027,2,0.0,0,0.7699604743,LinearSVC+CalibratedClassifierCV+Optuna,forward0507/Dexordi-BE
NEG_00730,0,0,0,1030,2,0.0,0,0.7699604743,LinearSVC+CalibratedClassifierCV+Optuna,frankdev7/bootcamp-solidity-defi
NEG_00733,0,0,0,1033,2,0.0,0,0.7699604743,LinearSVC+CalibratedClassifierCV+Optuna,FredericRezeau/soroban-snooker
NEG_00743,0,0,0,1043,2,0.0,0,0.7699604743,LinearSVC+CalibratedClassifierCV+Optuna,fxop0218/DEFI-aave-JS-Solidity
NEG_00755,0,0,0,1055,2,0.0,0,0.7699604743,LinearSVC+CalibratedClassifierCV+Optuna,geraldoramos/crypto-bar
NEG_00756,0,0,0,1056,2,0.0,0,0.7699604743,LinearSVC+CalibratedClassifierCV+Optuna,getgems-community-tact/nft-template-editable
NEG_00757,0,0,0,1057,2,0.0,0,0.7699604743,LinearSVC+CalibratedClassifierCV+Optuna,getsafle/safle-identity-wallet
NEG_00764,0,0,0,1064,2,0.0,0,0.7699604743,LinearSVC+CalibratedClassifierCV+Optuna,gizdusum/hermes-blockchain-oracle
NEG_00767,0,0,0,1067,2,0.0,0,0.7699604743,LinearSVC+CalibratedClassifierCV+Optuna,glitznerf/blockchain_banking_system
NEG_00771,0,0,0,1071,2,0.0,0,0.7699604743,LinearSVC+CalibratedClassifierCV+Optuna,gnosis/reth-util
NEG_00772,0,0,0,1072,2,0.0,0,0.7699604743,LinearSVC+CalibratedClassifierCV+Optuna,gobeyondfj-cmd/cryptoagent-ai
NEG_00774,0,0,0,1074,2,0.0,0,0.7699604743,LinearSVC+CalibratedClassifierCV+Optuna,gokcearda/OwlToken
NEG_00785,0,0,0,1085,2,0.0,0,0.7699604743,LinearSVC+CalibratedClassifierCV+Optuna,gsachin1809/bitcoin_wallet
NEG_00786,0,0,0,1086,2,0.0,0,0.7699604743,LinearSVC+CalibratedClassifierCV+Optuna,gskril/mnemonic-guesser
NEG_00787,0,0,0,1087,2,0.0,0,0.7699604743,LinearSVC+CalibratedClassifierCV+Optuna,guider23/CryptoShare
NEG_00788,0,0,0,1088,2,0.0,0,0.7699604743,LinearSVC+CalibratedClassifierCV+Optuna,guillaumelauzier/rootstock-NFT
NEG_00792,0,0,0,1092,2,0.0,0,0.7699604743,LinearSVC+CalibratedClassifierCV+Optuna,gurnec/btcrecover
NEG_00802,0,0,0,1102,2,0.0,0,0.7699604743,LinearSVC+CalibratedClassifierCV+Optuna,HAECHI-LABS/vvisp
NEG_00806,0,0,0,1106,2,0.0,0,0.7699604743,LinearSVC+CalibratedClassifierCV+Optuna,HandyDudes/ETH-NFT-buildspace
NEG_00807,0,0,0,1107,2,0.0,0,0.7699604743,LinearSVC+CalibratedClassifierCV+Optuna,Hany-Almnaem/Solana-Documents-as-NFTs-in-a-wallet-Project
NEG_00808,0,0,0,1108,2,0.0,0,0.7699604743,LinearSVC+CalibratedClassifierCV+Optuna,hanzopgp/CryptoZombies
NEG_00817,0,0,0,1117,2,0.0,0,0.7699604743,LinearSVC+CalibratedClassifierCV+Optuna,harshit180704/aave-credit-scoring
NEG_00818,0,0,0,1118,2,0.0,0,0.7699604743,LinearSVC+CalibratedClassifierCV+Optuna,Harukite/wallets-generate
NEG_00832,0,0,0,1132,2,0.8352488669390078,1,0.7699604743,LinearSVC+CalibratedClassifierCV+Optuna,hi-riddhi/AaveV2-CreditScoring
NEG_00834,0,0,0,1134,2,0.0,0,0.7699604743,LinearSVC+CalibratedClassifierCV+Optuna,hilalsidhic/waveportal-Web3-and-solidity
NEG_00836,0,0,0,1136,2,0.0,0,0.7699604743,LinearSVC+CalibratedClassifierCV+Optuna,hilmikt/Web3
NEG_00838,0,0,0,1138,2,0.0,0,0.7699604743,LinearSVC+CalibratedClassifierCV+Optuna,hippogriff-dev/baby-swap
NEG_00845,0,0,0,1145,2,0.0,0,0.7699604743,LinearSVC+CalibratedClassifierCV+Optuna,HongThaiPham/plugin-u2u
NEG_00855,0,0,0,1155,2,0.0,0,0.7699604743,LinearSVC+CalibratedClassifierCV+Optuna,hsharshshukla/SmartContractL
NEG_00857,0,0,0,1157,2,0.0,0,0.7699604743,LinearSVC+CalibratedClassifierCV+Optuna,hugoclrd/clearness
NEG_00873,0,0,0,1173,2,0.0,0,0.7699604743,LinearSVC+CalibratedClassifierCV+Optuna,IBQ-SUP/b-rad-coin
NEG_00874,0,0,0,1174,2,0.0,0,0.7699604743,LinearSVC+CalibratedClassifierCV+Optuna,ibrahimjspy/defi-portfolio-tracker
NEG_00881,0,0,0,1181,2,0.0,0,0.7699604743,LinearSVC+CalibratedClassifierCV+Optuna,ihaveCred/OfflineSignProvider
NEG_00887,0,0,0,1187,2,0.0,0,0.7699604743,LinearSVC+CalibratedClassifierCV+Optuna,imfrodobaggins/metabullrage
NEG_00888,0,0,0,1188,2,0.0,0,0.7699604743,LinearSVC+CalibratedClassifierCV+Optuna,Imperial-Group-19/contracts
NEG_00892,0,0,0,1192,2,0.0,0,0.7699604743,LinearSVC+CalibratedClassifierCV+Optuna,input-output-hk/daedalus
NEG_00904,0,0,0,1204,2,0.0,0,0.7699604743,LinearSVC+CalibratedClassifierCV+Optuna,itstargetconfirmed/wrapped-ether
NEG_00907,0,0,0,1207,2,0.0,0,0.7699604743,LinearSVC+CalibratedClassifierCV+Optuna,Ivy-Apps/ivy-wallet
NEG_00921,0,0,0,1221,2,0.0,0,0.7699604743,LinearSVC+CalibratedClassifierCV+Optuna,Jahankohan/NFT-Marketplace
NEG_00922,0,0,0,1222,2,0.0,0,0.7699604743,LinearSVC+CalibratedClassifierCV+Optuna,Jahankohan/NFTWhiteListing
NEG_00923,0,0,0,1223,2,0.0,0,0.7699604743,LinearSVC+CalibratedClassifierCV+Optuna,Jain-Sameer/DecentralizedStableCoin
NEG_00925,0,0,0,1225,2,0.0,0,0.7699604743,LinearSVC+CalibratedClassifierCV+Optuna,JamBrains/jam-docs
NEG_00931,0,0,0,1231,2,0.0,0,0.7699604743,LinearSVC+CalibratedClassifierCV+Optuna,Janus-chan/ZkSync_Accounts
NEG_00932,0,0,0,1232,2,0.0,0,0.7699604743,LinearSVC+CalibratedClassifierCV+Optuna,jaoleal/chainpass
NEG_00938,0,0,0,1238,2,0.0,0,0.7699604743,LinearSVC+CalibratedClassifierCV+Optuna,jasonjgarcia24/web3-ether-talent-pool
NEG_00941,0,0,0,1241,2,0.0,0,0.7699604743,LinearSVC+CalibratedClassifierCV+Optuna,javascript-pro/crypto-casino
NEG_00943,0,0,0,1243,2,0.0,0,0.7699604743,LinearSVC+CalibratedClassifierCV+Optuna,jay-Anonymous/CryptoLedger
NEG_00948,0,0,0,1248,2,0.0,0,0.7699604743,LinearSVC+CalibratedClassifierCV+Optuna,Jeff1010-web/NFT-marketplace
NEG_00964,0,0,0,1264,2,0.0,0,0.7699604743,LinearSVC+CalibratedClassifierCV+Optuna,jocruz/LostCatsUi
NEG_00965,0,0,0,1265,2,0.0,0,0.7699604743,LinearSVC+CalibratedClassifierCV+Optuna,JoeanSteinbock/crypto-price-tracker
NEG_00968,0,0,0,1268,2,0.0,0,0.7699604743,LinearSVC+CalibratedClassifierCV+Optuna,johnsonstephan/awesome-web3-formal-verification
NEG_00976,0,0,0,1276,2,0.0,0,0.7699604743,LinearSVC+CalibratedClassifierCV+Optuna,joshaustintech/ethereum-portfolio
NEG_00978,0,0,0,1278,2,0.2222222222222222,0,0.7699604743,LinearSVC+CalibratedClassifierCV+Optuna,JoshuaDevCo/defi-arb
NEG_00984,0,0,0,1284,2,0.0,0,0.7699604743,LinearSVC+CalibratedClassifierCV+Optuna,jualexandre/crypto-zombies
NEG_00985,0,0,0,1285,2,0.0,0,0.7699604743,LinearSVC+CalibratedClassifierCV+Optuna,juanemmanuelpd/NFT-Marketplace
NEG_00986,0,0,0,1286,2,0.0,0,0.7699604743,LinearSVC+CalibratedClassifierCV+Optuna,JuanXavier/DEX_React
NEG_00994,0,0,0,1294,2,0.0,0,0.7699604743,LinearSVC+CalibratedClassifierCV+Optuna,junowoz/smartContracts
NEG_00997,0,0,0,1297,2,0.0,0,0.7699604743,LinearSVC+CalibratedClassifierCV+Optuna,kaamil-ahamadh/web3-ico-app
NEG_01000,0,0,0,1300,2,0.0,0,0.7699604743,LinearSVC+CalibratedClassifierCV+Optuna,KareimGazer/Blockchain-Sim
NEG_01004,0,0,0,1304,2,0.31696137040651595,0,0.7699604743,LinearSVC+CalibratedClassifierCV+Optuna,Kartikey353/Bitcoin-WalletCmd
NEG_01006,0,0,0,1306,2,0.0,0,0.7699604743,LinearSVC+CalibratedClassifierCV+Optuna,KashifCh-eth/Lottery-Smart-contract
NEG_01007,0,0,0,1307,2,0.0,0,0.7699604743,LinearSVC+CalibratedClassifierCV+Optuna,katya201165/NFT-platform-lending
NEG_01013,0,0,0,1313,2,0.0,0,0.7699604743,LinearSVC+CalibratedClassifierCV+Optuna,Kazopl/nft-marketplace-signatures
NEG_01027,0,0,0,1327,2,0.0,0,0.7699604743,LinearSVC+CalibratedClassifierCV+Optuna,keshav200215/SmartBlock
NEG_01029,0,0,0,1329,2,0.0,0,0.7699604743,LinearSVC+CalibratedClassifierCV+Optuna,KevinSmall/blockchain3d
NEG_01034,0,0,0,1334,2,0.0,0,0.7699604743,LinearSVC+CalibratedClassifierCV+Optuna,khaled-305/crypto-order-book
NEG_01041,0,0,0,1341,2,0.0,0,0.7699604743,LinearSVC+CalibratedClassifierCV+Optuna,kingstarfly/nft_pendle
NEG_01047,0,0,0,1347,2,0.0,0,0.7699604743,LinearSVC+CalibratedClassifierCV+Optuna,klever-io/kos-rs
NEG_01054,0,0,0,1354,2,0.030303030303030304,0,0.7699604743,LinearSVC+CalibratedClassifierCV+Optuna,KOSASIH/GEE-Platform
NEG_01061,0,0,0,1361,2,0.0,0,0.7699604743,LinearSVC+CalibratedClassifierCV+Optuna,krushangSk17/Interaction_with_SmartContract
NEG_01063,0,0,0,1363,2,0.0,0,0.7699604743,LinearSVC+CalibratedClassifierCV+Optuna,kshaveen13/vaulte8
NEG_01068,0,0,0,1368,2,0.0,0,0.7699604743,LinearSVC+CalibratedClassifierCV+Optuna,kushal-g/Bitcoin-Wallet
NEG_01084,0,0,0,1384,2,0.0,0,0.7699604743,LinearSVC+CalibratedClassifierCV+Optuna,layer3xyz/cubes
NEG_01090,0,0,0,1390,2,0.0,0,0.7699604743,LinearSVC+CalibratedClassifierCV+Optuna,lee-seokmin/BlockChainVotingSystem
NEG_01100,0,0,0,1400,2,0.0,0,0.7699604743,LinearSVC+CalibratedClassifierCV+Optuna,lifinance/contracts
NEG_01111,0,0,0,1411,2,0.0,0,0.7699604743,LinearSVC+CalibratedClassifierCV+Optuna,Logarithm-Labs/basis-mcp-server
NEG_01112,0,0,0,1412,2,0.0,0,0.7699604743,LinearSVC+CalibratedClassifierCV+Optuna,LondheShubham153/falcon-nft
NEG_01113,0,0,0,1413,2,0.0898876404494382,0,0.7699604743,LinearSVC+CalibratedClassifierCV+Optuna,Lopes-Marcio/chia-blockchain
NEG_01117,0,0,0,1417,2,0.0,0,0.7699604743,LinearSVC+CalibratedClassifierCV+Optuna,lsw6684/Ethereum
NEG_01118,0,0,0,1418,2,0.4150326797385621,0,0.7699604743,LinearSVC+CalibratedClassifierCV+Optuna,luca-nik/Blockchain_ResearchLead_Assignements
NEG_01120,0,0,0,1420,2,0.0,0,0.7699604743,LinearSVC+CalibratedClassifierCV+Optuna,lucaliebenberg/_cryptoKids-solidity-contract
NEG_01121,0,0,0,1421,2,0.0,0,0.7699604743,LinearSVC+CalibratedClassifierCV+Optuna,lucas54neves/crypto-address-generator
NEG_01131,0,0,0,1431,2,0.0,0,0.7699604743,LinearSVC+CalibratedClassifierCV+Optuna,madilraza/BlockChain-Vtraders.pro-Project-
NEG_01134,0,0,0,1434,2,0.0,0,0.7699604743,LinearSVC+CalibratedClassifierCV+Optuna,MahadISL/Web3-App----Smart-Contract
NEG_01146,0,0,0,1446,2,0.0,0,0.7699604743,LinearSVC+CalibratedClassifierCV+Optuna,manufy/crypto-experiments
NEG_01151,0,0,0,1451,2,0.0,0,0.7699604743,LinearSVC+CalibratedClassifierCV+Optuna,mariam9woecloud773/Kiichain
NEG_01175,0,0,0,1475,2,0.0,0,0.7699604743,LinearSVC+CalibratedClassifierCV+Optuna,mchtter/zku-web3
NEG_01178,0,0,0,1478,2,0.0,0,0.7699604743,LinearSVC+CalibratedClassifierCV+Optuna,mehmethalis/blockchain-cryptocurrency-implementation
NEG_01181,0,0,0,1481,2,0.0,0,0.7699604743,LinearSVC+CalibratedClassifierCV+Optuna,mellow-finance/mellow-vaults
NEG_01185,0,0,0,1485,2,0.0,0,0.7699604743,LinearSVC+CalibratedClassifierCV+Optuna,merklejerk/flex-contract
NEG_01190,0,0,0,1490,2,0.0,0,0.7699604743,LinearSVC+CalibratedClassifierCV+Optuna,messari/subgraphs
NEG_01193,0,0,0,1493,2,0.0,0,0.7699604743,LinearSVC+CalibratedClassifierCV+Optuna,mexak/bitcoin
NEG_01196,0,0,0,1496,2,0.0,0,0.7699604743,LinearSVC+CalibratedClassifierCV+Optuna,mgysel/nft-ticketing
NEG_01200,0,0,0,1500,2,0.0,0,0.7699604743,LinearSVC+CalibratedClassifierCV+Optuna,michael-spengler/blockchain-technologie-und-anwendungsgebiete-vorlesungsreihe
NEG_01202,0,0,0,1502,2,0.0,0,0.7699604743,LinearSVC+CalibratedClassifierCV+Optuna,michal3pol/tickeDapp
NEG_01206,0,0,0,1506,2,0.0,0,0.7699604743,LinearSVC+CalibratedClassifierCV+Optuna,mikeservices1/wallet_stealer-
NEG_01221,0,0,0,1521,2,0.0,0,0.7699604743,LinearSVC+CalibratedClassifierCV+Optuna,Mo-Ali98/mint-your-nft
NEG_01223,0,0,0,1523,2,0.0,0,0.7699604743,LinearSVC+CalibratedClassifierCV+Optuna,mogipatangan/cryptozombies-sol-101
NEG_01232,0,0,0,1532,2,0.030303030303030304,0,0.7699604743,LinearSVC+CalibratedClassifierCV+Optuna,Monyancha/Reown-Wallet-Connect
NEG_01233,0,0,0,1533,2,0.0,0,0.7699604743,LinearSVC+CalibratedClassifierCV+Optuna,Mooninghnk/ethreum-wallet
NEG_01234,0,0,0,1534,2,0.17812293456708525,0,0.7699604743,LinearSVC+CalibratedClassifierCV+Optuna,moonsly/crypto-wallets
NEG_01235,0,0,0,1535,2,0.0,0,0.7699604743,LinearSVC+CalibratedClassifierCV+Optuna,moonstream-to/api
NEG_01237,0,0,0,1537,2,0.0,0,0.7699604743,LinearSVC+CalibratedClassifierCV+Optuna,morpho-org/morpho-aavev3-optimizer
NEG_01239,0,0,0,1539,2,0.325508607198748,0,0.7699604743,LinearSVC+CalibratedClassifierCV+Optuna,motorHillary/polymarket-copy-trading-bot
NEG_01240,0,0,0,1540,2,0.0,0,0.7699604743,LinearSVC+CalibratedClassifierCV+Optuna,Moyintech/First-nft-project
NEG_01242,0,0,0,1542,2,0.0,0,0.7699604743,LinearSVC+CalibratedClassifierCV+Optuna,mradkov/decentralized-dns
NEG_01249,0,0,0,1549,2,0.13333333333333333,0,0.7699604743,LinearSVC+CalibratedClassifierCV+Optuna,mrsaad07/PropChain
NEG_01251,0,0,0,1551,2,0.0,0,0.7699604743,LinearSVC+CalibratedClassifierCV+Optuna,mrtnetwork/ton_dart
NEG_01255,0,0,0,1555,2,0.0,0,0.7699604743,LinearSVC+CalibratedClassifierCV+Optuna,mtorry225/NFT-Collection
NEG_01258,0,0,0,1558,2,0.0,0,0.7699604743,LinearSVC+CalibratedClassifierCV+Optuna,mujtaba1747/wave-eth-solidity
NEG_01259,0,0,0,1559,2,0.0,0,0.7699604743,LinearSVC+CalibratedClassifierCV+Optuna,MukeshMano19/BlockchainApp-CryptoCurrency-Exchange
NEG_01262,0,0,0,1562,2,0.0,0,0.7699604743,LinearSVC+CalibratedClassifierCV+Optuna,Multy-io/Multy-Android
NEG_01263,0,0,0,1563,2,0.0,0,0.7699604743,LinearSVC+CalibratedClassifierCV+Optuna,Multy-io/Multy-back
NEG_01265,0,0,0,1565,2,0.0,0,0.7699604743,LinearSVC+CalibratedClassifierCV+Optuna,museum-of-war/nft
NEG_01269,0,0,0,1569,2,0.0,0,0.7699604743,LinearSVC+CalibratedClassifierCV+Optuna,mx-space/kami
NEG_01272,0,0,0,1572,2,0.0,0,0.7699604743,LinearSVC+CalibratedClassifierCV+Optuna,MyCryptoHQ/MyCrypto
NEG_01273,0,0,0,1573,2,0.0,0,0.7699604743,LinearSVC+CalibratedClassifierCV+Optuna,MyEtherWallet/MyEtherWallet
NEG_01274,0,0,0,1574,2,0.0,0,0.7699604743,LinearSVC+CalibratedClassifierCV+Optuna,mygo-ecosystem/OSSWallet-non-custodial-crypto-wallet
NEG_01280,0,0,0,1580,2,0.0,0,0.7699604743,LinearSVC+CalibratedClassifierCV+Optuna,naman159/Blockchain_Cryptocurrency
NEG_01281,0,0,0,1581,2,0.0,0,0.7699604743,LinearSVC+CalibratedClassifierCV+Optuna,namesys-eth/istest-eth
NEG_01284,0,0,0,1584,2,0.030303030303030304,0,0.7699604743,LinearSVC+CalibratedClassifierCV+Optuna,nassirou-N/defi_crypto
NEG_01285,0,0,0,1585,2,0.0,0,0.7699604743,LinearSVC+CalibratedClassifierCV+Optuna,nathaniel-cmd/defi-native-nft-exchange
NEG_01287,0,0,0,1587,2,0.0,0,0.7699604743,LinearSVC+CalibratedClassifierCV+Optuna,nazar-pc/abundance
NEG_01318,0,0,0,1618,2,0.0,0,0.7699604743,LinearSVC+CalibratedClassifierCV+Optuna,nimiq/php-xpub
NEG_01331,0,0,0,1631,2,0.0,0,0.7699604743,LinearSVC+CalibratedClassifierCV+Optuna,nktkas/hyperliquid
NEG_01335,0,0,0,1635,2,0.0,0,0.7699604743,LinearSVC+CalibratedClassifierCV+Optuna,noditlabs/nodit-mcp-server
NEG_01338,0,0,0,1638,2,0.0,0,0.7699604743,LinearSVC+CalibratedClassifierCV+Optuna,Normalizex/1inch-api-v4
NEG_01345,0,0,0,1645,2,0.0,0,0.7699604743,LinearSVC+CalibratedClassifierCV+Optuna,nuts-foundation/crypto-ecies
NEG_01347,0,0,0,1647,2,0.0,0,0.7699604743,LinearSVC+CalibratedClassifierCV+Optuna,NyanyanKat/Crypto_Lottery_Solidity
NEG_01350,0,0,0,1650,2,0.0,0,0.7699604743,LinearSVC+CalibratedClassifierCV+Optuna,ocalvet/bitcoin-wallet
NEG_01357,0,0,0,1657,2,0.0,0,0.7699604743,LinearSVC+CalibratedClassifierCV+Optuna,ohkuku/kurypto-wallet
NEG_01358,0,0,0,1658,2,0.0,0,0.7699604743,LinearSVC+CalibratedClassifierCV+Optuna,oishii-pg-gohan/myCryptoZombie
NEG_01362,0,0,0,1662,2,0.0,0,0.7699604743,LinearSVC+CalibratedClassifierCV+Optuna,okx/js-wallet-sdk
NEG_01366,0,0,0,1666,2,0.0,0,0.7699604743,LinearSVC+CalibratedClassifierCV+Optuna,olivermen/bitcoin-wallet-create-app
NEG_01375,0,0,0,1675,2,0.0,0,0.7699604743,LinearSVC+CalibratedClassifierCV+Optuna,OnGridSystems/erc20_airdrop_cli
NEG_01381,0,0,0,1681,2,0.0,0,0.7699604743,LinearSVC+CalibratedClassifierCV+Optuna,openocean-finance/OpenOcean-API-Examples
NEG_01385,0,0,0,1685,2,0.0898876404494382,0,0.7699604743,LinearSVC+CalibratedClassifierCV+Optuna,opiethehokie/pfp-template
NEG_01394,0,0,0,1694,2,0.0,0,0.7699604743,LinearSVC+CalibratedClassifierCV+Optuna,orweinberger/blockchain-dashboard
NEG_01401,0,0,0,1701,2,0.0,0,0.7699604743,LinearSVC+CalibratedClassifierCV+Optuna,P4-Games/VeriTrust-SmartContracts
NEG_01425,0,0,0,1725,2,0.0,0,0.7699604743,LinearSVC+CalibratedClassifierCV+Optuna,pcaversaccio/createx
NEG_01427,0,0,0,1727,2,0.0,0,0.7699604743,LinearSVC+CalibratedClassifierCV+Optuna,peace-source/bitcoin-bridge
NEG_01428,0,0,0,1728,2,0.0,0,0.7699604743,LinearSVC+CalibratedClassifierCV+Optuna,PeggyJV/sommelier
NEG_01429,0,0,0,1729,2,0.0,0,0.7699604743,LinearSVC+CalibratedClassifierCV+Optuna,pepekingbnb/pepe-contracts
NEG_01441,0,0,0,1741,2,0.0,0,0.7699604743,LinearSVC+CalibratedClassifierCV+Optuna,PL2134/Capstone-Project
NEG_01449,0,0,0,1749,2,0.0,0,0.7699604743,LinearSVC+CalibratedClassifierCV+Optuna,polkadot-js/apps
NEG_01450,0,0,0,1750,2,0.0,0,0.7699604743,LinearSVC+CalibratedClassifierCV+Optuna,Polkaverse/Substrate-Chain-to-deploy-Smart-Contract
NEG_01452,0,0,0,1752,2,0.0,0,0.7699604743,LinearSVC+CalibratedClassifierCV+Optuna,PolymathNetwork/polymath-core-deprecated
NEG_01453,0,0,0,1753,2,0.0,0,0.7699604743,LinearSVC+CalibratedClassifierCV+Optuna,powerpool-finance/power-oracle-contracts
NEG_01455,0,0,0,1755,2,0.0,0,0.7699604743,LinearSVC+CalibratedClassifierCV+Optuna,PrakyathReddy/CryptoDevs-NFT-Collection
NEG_01459,0,0,0,1759,2,0.0,0,0.7699604743,LinearSVC+CalibratedClassifierCV+Optuna,prashantprabhakar/p-ethereum
NEG_01464,0,0,0,1764,2,0.2222222222222222,0,0.7699604743,LinearSVC+CalibratedClassifierCV+Optuna,prental/Defiewallet.crypto
NEG_01465,0,0,0,1765,2,0.0,0,0.7699604743,LinearSVC+CalibratedClassifierCV+Optuna,prgblockweek/prague-blockchain-week
NEG_01468,0,0,0,1768,2,0.0898876404494382,0,0.7699604743,LinearSVC+CalibratedClassifierCV+Optuna,PROFADAM/defi-token
NEG_01473,0,0,0,1773,2,0.0,0,0.7699604743,LinearSVC+CalibratedClassifierCV+Optuna,PromiseGameFi/cyrrus-contract
NEG_01477,0,0,0,1777,2,0.0,0,0.7699604743,LinearSVC+CalibratedClassifierCV+Optuna,pubkey/eth-crypto
NEG_01487,0,0,0,1787,2,0.0,0,0.7699604743,LinearSVC+CalibratedClassifierCV+Optuna,quang1225/GoFox-Frontend
NEG_01491,0,0,0,1791,2,0.0,0,0.7699604743,LinearSVC+CalibratedClassifierCV+Optuna,Quiark/Roboth.web3
NEG_01494,0,0,0,1794,2,0.0,0,0.7699604743,LinearSVC+CalibratedClassifierCV+Optuna,R3D4NG3L/DebankScripts
NEG_01506,0,0,0,1806,2,0.0,0,0.7699604743,LinearSVC+CalibratedClassifierCV+Optuna,rainbow-me/rainbow
NEG_01509,0,0,0,1809,2,0.0,0,0.7699604743,LinearSVC+CalibratedClassifierCV+Optuna,raj-pranav/learn-solidity
NEG_01517,0,0,0,1817,2,0.0,0,0.7699604743,LinearSVC+CalibratedClassifierCV+Optuna,rarepepi/nft-data
NEG_01518,0,0,0,1818,2,0.0,0,0.7699604743,LinearSVC+CalibratedClassifierCV+Optuna,Rashi1005/Reputation-Forge-Crypto-Credit-Score-DApp
NEG_01519,0,0,0,1819,2,0.0,0,0.7699604743,LinearSVC+CalibratedClassifierCV+Optuna,RavikantShinde05/Ethers_Academy
NEG_01525,0,0,0,1825,2,0.0,0,0.7699604743,LinearSVC+CalibratedClassifierCV+Optuna,RCarmelaVO/qhatuy-wallet
NEG_01530,0,0,0,1830,2,0.0,0,0.7699604743,LinearSVC+CalibratedClassifierCV+Optuna,redacademy/ethereum-graphql
NEG_01537,0,0,0,1837,2,0.0,0,0.7699604743,LinearSVC+CalibratedClassifierCV+Optuna,renpool/renpool-contracts
NEG_01538,0,0,0,1838,2,0.0,0,0.7699604743,LinearSVC+CalibratedClassifierCV+Optuna,reown-com/appkit
NEG_01542,0,0,0,1842,2,0.0,0,0.7699604743,LinearSVC+CalibratedClassifierCV+Optuna,RFMCR/Platzi_ETHDeveloperProgram2023
NEG_01545,0,0,0,1845,2,0.0,0,0.7699604743,LinearSVC+CalibratedClassifierCV+Optuna,rickstewartdev/Dbank
NEG_01546,0,0,0,1846,2,0.0,0,0.7699604743,LinearSVC+CalibratedClassifierCV+Optuna,riglr/riglr
NEG_01554,0,0,0,1854,2,0.0,0,0.7699604743,LinearSVC+CalibratedClassifierCV+Optuna,rm4328-d/web3de4
NEG_01563,0,0,0,1863,2,0.0,0,0.7699604743,LinearSVC+CalibratedClassifierCV+Optuna,rohanhraj/MultiSignature-Wallet-SmartContract
NEG_01573,0,0,0,1873,2,0.0,0,0.7699604743,LinearSVC+CalibratedClassifierCV+Optuna,roysowah/solarwind
NEG_01575,0,0,0,1875,2,0.0,0,0.7699604743,LinearSVC+CalibratedClassifierCV+Optuna,rstkey/whitelist_token
NEG_01583,0,0,0,1883,2,0.0,0,0.7699604743,LinearSVC+CalibratedClassifierCV+Optuna,rxhul18/DeWall
NEG_01591,0,0,0,1891,2,0.0,0,0.7699604743,LinearSVC+CalibratedClassifierCV+Optuna,saaim23/QuantPilot
NEG_01594,0,0,0,1894,2,0.0,0,0.7699604743,LinearSVC+CalibratedClassifierCV+Optuna,safeblock-com/dex_contract
NEG_01600,0,0,0,1900,2,0.10457516339869281,0,0.7699604743,LinearSVC+CalibratedClassifierCV+Optuna,sambacha/compendium
NEG_01601,0,0,0,1901,2,0.0,0,0.7699604743,LinearSVC+CalibratedClassifierCV+Optuna,sambacha/create-subgraph-app
NEG_01604,0,0,0,1904,2,0.0898876404494382,0,0.7699604743,LinearSVC+CalibratedClassifierCV+Optuna,sanjibbaral435/Ethereum_Solidity_Udemy
NEG_01605,0,0,0,1905,2,0.0,0,0.7699604743,LinearSVC+CalibratedClassifierCV+Optuna,SANTHOSH17-DOT/HODL
NEG_01610,0,0,0,1910,2,0.0,0,0.7699604743,LinearSVC+CalibratedClassifierCV+Optuna,satisfywithmylife/phantom-py
NEG_01622,0,0,0,1922,2,0.0,0,0.7699604743,LinearSVC+CalibratedClassifierCV+Optuna,scotch53/Smart-Contract-for-Token-Minting-in-Solidity
NEG_01623,0,0,0,1923,2,0.0,0,0.7699604743,LinearSVC+CalibratedClassifierCV+Optuna,sdelvalle57/bonding-curves
NEG_01624,0,0,0,1924,2,0.0,0,0.7699604743,LinearSVC+CalibratedClassifierCV+Optuna,sdhosseinabadi/aleo-project
NEG_01626,0,0,0,1926,2,0.0,0,0.7699604743,LinearSVC+CalibratedClassifierCV+Optuna,sebetelist/bitcoin-wallet
NEG_01628,0,0,0,1928,2,0.0,0,0.7699604743,LinearSVC+CalibratedClassifierCV+Optuna,Sebx/blockchain_wallet
NEG_01629,0,0,0,1929,2,0.0,0,0.7699604743,LinearSVC+CalibratedClassifierCV+Optuna,second-state/smart-contract-search-engine
NEG_01644,0,0,0,1944,2,0.0,0,0.7699604743,LinearSVC+CalibratedClassifierCV+Optuna,shape-network/builder-kit
NEG_01646,0,0,0,1946,2,0.48918011044935,0,0.7699604743,LinearSVC+CalibratedClassifierCV+Optuna,shardeum/shardeum-docs
NEG_01649,0,0,0,1949,2,0.0,0,0.7699604743,LinearSVC+CalibratedClassifierCV+Optuna,shifaj22/Nft_Marketplace_SmartContract
NEG_01650,0,0,0,1950,2,0.1281072082213053,0,0.7699604743,LinearSVC+CalibratedClassifierCV+Optuna,shirley2749-dunn7/ethere1
NEG_01653,0,0,0,1953,2,0.0,0,0.7699604743,LinearSVC+CalibratedClassifierCV+Optuna,ShivRaiGithub/DeFi-Assessment
NEG_01659,0,0,0,1959,2,0.0,0,0.7699604743,LinearSVC+CalibratedClassifierCV+Optuna,shumbushojeanbaptiste/Blockchain-task-2025
NEG_01664,0,0,0,1964,2,0.0,0,0.7699604743,LinearSVC+CalibratedClassifierCV+Optuna,SilentCicero/wafr
NEG_01665,0,0,0,1965,2,0.0,0,0.7699604743,LinearSVC+CalibratedClassifierCV+Optuna,SimonPhoenix96/crypto-website
NEG_01676,0,0,0,1976,2,0.0,0,0.7699604743,LinearSVC+CalibratedClassifierCV+Optuna,slaviquee/monolith
NEG_01680,0,0,0,1980,2,0.0,0,0.7699604743,LinearSVC+CalibratedClassifierCV+Optuna,smart-bsy/web3_crypto-smart-contract
NEG_01681,0,0,0,1981,2,0.0,0,0.7699604743,LinearSVC+CalibratedClassifierCV+Optuna,smartbugs/smartbugs-curated
NEG_01683,0,0,0,1983,2,0.0,0,0.7699604743,LinearSVC+CalibratedClassifierCV+Optuna,smartbugs/smartbugs
NEG_01692,0,0,0,1992,2,0.0,0,0.7699604743,LinearSVC+CalibratedClassifierCV+Optuna,SofianeHamlaoui/Cryto-Minning-Simulator
NEG_01697,0,0,0,1997,2,0.0,0,0.7699604743,LinearSVC+CalibratedClassifierCV+Optuna,solidityj/solidity-antlr4
NEG_01706,0,0,0,2006,2,0.0,0,0.7699604743,LinearSVC+CalibratedClassifierCV+Optuna,sparrowwallet/sparrow
NEG_01718,0,0,0,2018,2,0.0,0,0.7699604743,LinearSVC+CalibratedClassifierCV+Optuna,stacks-archive/blockstack-browser
NEG_01723,0,0,0,2023,2,0.0,0,0.7699604743,LinearSVC+CalibratedClassifierCV+Optuna,stellarnodeN/Q3_25_NFT_Staking
NEG_01726,0,0,0,2026,2,0.0,0,0.7699604743,LinearSVC+CalibratedClassifierCV+Optuna,Stephen-Kimoi/NFT-collection
NEG_01727,0,0,0,2027,2,0.0,0,0.7699604743,LinearSVC+CalibratedClassifierCV+Optuna,stevenbooke/decentralized-crowdfunding
NEG_01735,0,0,0,2035,2,0.0,0,0.7699604743,LinearSVC+CalibratedClassifierCV+Optuna,Sudhanmanoharan/MarketPlace-BlockChain
NEG_01738,0,0,0,2038,2,0.0,0,0.7699604743,LinearSVC+CalibratedClassifierCV+Optuna,summa-tx/coins
NEG_01747,0,0,0,2047,2,0.0,0,0.7699604743,LinearSVC+CalibratedClassifierCV+Optuna,supercoolx/NFT-Contract-Utilities
NEG_01749,0,0,0,2049,2,0.0,0,0.7699604743,LinearSVC+CalibratedClassifierCV+Optuna,superfluid-org/protocol-monorepo
NEG_01755,0,0,0,2055,2,0.0,0,0.7699604743,LinearSVC+CalibratedClassifierCV+Optuna,swapkit/SwapKit
NEG_01773,0,0,0,2073,2,0.0,0,0.7699604743,LinearSVC+CalibratedClassifierCV+Optuna,talonlab/hdwallet-desktop
NEG_01776,0,0,0,2076,2,0.0,0,0.7699604743,LinearSVC+CalibratedClassifierCV+Optuna,tanish35/Blockchain-Tracker
NEG_01781,0,0,0,2081,2,0.0,0,0.7699604743,LinearSVC+CalibratedClassifierCV+Optuna,taoteh1221/Open_Crypto_Tracker
NEG_01807,0,0,0,2107,2,0.0,0,0.7699604743,LinearSVC+CalibratedClassifierCV+Optuna,theblockstalk/inter-crypto
NEG_01809,0,0,0,2109,2,0.0,0,0.7699604743,LinearSVC+CalibratedClassifierCV+Optuna,thedarkhorse934/ai-blockchain-explainer
NEG_01816,0,0,0,2116,2,0.0,0,0.7699604743,LinearSVC+CalibratedClassifierCV+Optuna,thomas21-jquerry/Casino
NEG_01825,0,0,0,2125,2,0.0,0,0.7699604743,LinearSVC+CalibratedClassifierCV+Optuna,tmdi123/amazing-cat-
NEG_01830,0,0,0,2130,2,0.0,0,0.7699604743,LinearSVC+CalibratedClassifierCV+Optuna,tonkeeper/ton-console
NEG_01837,0,0,0,2137,2,0.13333333333333333,0,0.7699604743,LinearSVC+CalibratedClassifierCV+Optuna,TP-Lab/key-generator
NEG_01838,0,0,0,2138,2,0.0,0,0.7699604743,LinearSVC+CalibratedClassifierCV+Optuna,TP-Lab/Mobile-SDK
NEG_01848,0,0,0,2148,2,0.0,0,0.7699604743,LinearSVC+CalibratedClassifierCV+Optuna,Trum3it/bsc-web3-connector
NEG_01852,0,0,0,2152,2,0.0,0,0.7699604743,LinearSVC+CalibratedClassifierCV+Optuna,Tsatsch/Web3DevLearn
NEG_01869,0,0,0,2169,2,0.0,0,0.7699604743,LinearSVC+CalibratedClassifierCV+Optuna,uhsr/CryptoLedgerParser
NEG_01876,0,0,0,2176,2,0.0,0,0.7699604743,LinearSVC+CalibratedClassifierCV+Optuna,uola9210-cmd/BTC-or-ETH
NEG_01883,0,0,0,2183,2,0.0,0,0.7699604743,LinearSVC+CalibratedClassifierCV+Optuna,v3xlabs/open-lavatory
NEG_01893,0,0,0,2193,2,0.8961473552095666,1,0.7699604743,LinearSVC+CalibratedClassifierCV+Optuna,Vedant7789/defi_wallet_score
NEG_01900,0,0,0,2200,2,0.0,0,0.7699604743,LinearSVC+CalibratedClassifierCV+Optuna,vgrichina/web4
NEG_01902,0,0,0,2202,2,0.0,0,0.7699604743,LinearSVC+CalibratedClassifierCV+Optuna,viaprotocol/format-crypto
NEG_01906,0,0,0,2206,2,0.0,0,0.7699604743,LinearSVC+CalibratedClassifierCV+Optuna,vigneshbalu96/Inherited-ERC-20-contract
NEG_01913,0,0,0,2213,2,0.0,0,0.7699604743,LinearSVC+CalibratedClassifierCV+Optuna,vipul-69-ax/CryptoFlip
NEG_01915,0,0,0,2215,2,0.0,0,0.7699604743,LinearSVC+CalibratedClassifierCV+Optuna,vishnoitanuj/Blockchain-Cryptocurrency
NEG_01923,0,0,0,2223,2,0.0,0,0.7699604743,LinearSVC+CalibratedClassifierCV+Optuna,vitwit/Multisig-Wallet-ERC20
NEG_01925,0,0,0,2225,2,0.0,0,0.7699604743,LinearSVC+CalibratedClassifierCV+Optuna,Vivojay/De-Fi-Infidelity-Coders
NEG_01926,0,0,0,2226,2,0.0,0,0.7699604743,LinearSVC+CalibratedClassifierCV+Optuna,vjbhandari61/web3-authentication
NEG_01929,0,0,0,2229,2,0.0,0,0.7699604743,LinearSVC+CalibratedClassifierCV+Optuna,vm542/bitcoin-wallet-bot
NEG_01931,0,0,0,2231,2,0.0,0,0.7699604743,LinearSVC+CalibratedClassifierCV+Optuna,vmieres/BlockChain-Python
NEG_01933,0,0,0,2233,2,0.0,0,0.7699604743,LinearSVC+CalibratedClassifierCV+Optuna,vrakesh2907/MicroLend
NEG_01940,0,0,0,2240,2,0.0,0,0.7699604743,LinearSVC+CalibratedClassifierCV+Optuna,Wallet3/Wallet3
NEG_01942,0,0,0,2242,2,0.0,0,0.7699604743,LinearSVC+CalibratedClassifierCV+Optuna,walleth/walleth
NEG_01956,0,0,0,2256,2,0.0,0,0.7699604743,LinearSVC+CalibratedClassifierCV+Optuna,WeaverFi/weaverfi
NEG_01968,0,0,0,2268,2,0.0,0,0.7699604743,LinearSVC+CalibratedClassifierCV+Optuna,weichen466/CryptoCrowd
NEG_01972,0,0,0,2272,2,0.0,0,0.7699604743,LinearSVC+CalibratedClassifierCV+Optuna,wevm/awesome-wagmi
NEG_01978,0,0,0,2278,2,0.0,0,0.7699604743,LinearSVC+CalibratedClassifierCV+Optuna,WizardOfAus/WizardsEthereumWorkshop
NEG_01998,0,0,0,2298,2,0.0,0,0.7699604743,LinearSVC+CalibratedClassifierCV+Optuna,XRPLF/xrpl.js
NEG_02019,0,0,0,2319,2,0.0,0,0.7699604743,LinearSVC+CalibratedClassifierCV+Optuna,yigittopm/lkd-web3-blockchain
NEG_02020,0,0,0,2320,2,0.0,0,0.7699604743,LinearSVC+CalibratedClassifierCV+Optuna,YiJie-Zhu/Crypto-Identity
NEG_02021,0,0,0,2321,2,0.0,0,0.7699604743,LinearSVC+CalibratedClassifierCV+Optuna,yippee-ki-yay/CryptoJingles
NEG_02031,0,0,0,2331,2,0.0898876404494382,0,0.7699604743,LinearSVC+CalibratedClassifierCV+Optuna,yurkenchik/Crypto-Ethereum-TTE-blockchain
NEG_02035,0,0,0,2335,2,0.0,0,0.7699604743,LinearSVC+CalibratedClassifierCV+Optuna,zakcroft/shared-wallet-blockchain-solidity
NEG_02036,0,0,0,2336,2,0.0,0,0.7699604743,LinearSVC+CalibratedClassifierCV+Optuna,zama-ai/blockchain-wallet-exporter
NEG_02039,0,0,0,2339,2,0.0,0,0.7699604743,LinearSVC+CalibratedClassifierCV+Optuna,zeriontech/defi-sdk
NEG_02040,0,0,0,2340,2,0.0,0,0.7699604743,LinearSVC+CalibratedClassifierCV+Optuna,zeta-chain/node
NEG_02044,0,0,0,2344,2,0.0,0,0.7699604743,LinearSVC+CalibratedClassifierCV+Optuna,zillet/zillet
NEG_02048,0,0,0,2348,2,0.0,0,0.7699604743,LinearSVC+CalibratedClassifierCV+Optuna,zman0225/bitcoinclass
F3_web3_platform_app,1,1,0,7,3,0.9958591651907986,1,0.4108961462,LinearSVC+CalibratedClassifierCV+Optuna,arliawhite/rentverse
F3_web3_platform_app,1,1,0,10,3,0.5468632787890826,1,0.4108961462,LinearSVC+CalibratedClassifierCV+Optuna,clixlogix/blockchain-dev
F3_web3_platform_app,1,1,0,21,3,0.07306087898725146,0,0.4108961462,LinearSVC+CalibratedClassifierCV+Optuna,knightsdex/knightsbridge-dex
F3_web3_platform_app,1,1,0,26,3,0.5264704793238523,1,0.4108961462,LinearSVC+CalibratedClassifierCV+Optuna,MentarisHub121/TokenPresaleApp
F3_web3_platform_app,1,1,0,28,3,0.2800496311092265,0,0.4108961462,LinearSVC+CalibratedClassifierCV+Optuna,mirzamudassir/blocknovas-nyx-public
F3_web3_platform_app,1,1,0,35,3,0.2989393856378912,0,0.4108961462,LinearSVC+CalibratedClassifierCV+Optuna,SuperDev313/Trading_Platform_Ultrax
F3_web3_platform_app,1,1,0,36,3,0.8419392813577612,1,0.4108961462,LinearSVC+CalibratedClassifierCV+Optuna,ta3pks/Decentralized-Social
F3_web3_platform_app,1,1,0,41,3,0.3591913993097539,0,0.4108961462,LinearSVC+CalibratedClassifierCV+Optuna,xorostar/blocknovas-llc-currency-converter-task
F3_web3_platform_app,1,0,1,136,3,0.996596499219962,1,0.4108961462,LinearSVC+CalibratedClassifierCV+Optuna,arliawhitec/rentverse
F3_web3_platform_app,1,0,1,137,3,0.49741413606187906,1,0.4108961462,LinearSVC+CalibratedClassifierCV+Optuna,studio-hu/blockchain-dev
F3_web3_platform_app,1,0,1,138,3,0.11330987455594771,0,0.4108961462,LinearSVC+CalibratedClassifierCV+Optuna,knightsdexj/knightsbridge-dex
F3_web3_platform_app,1,0,1,139,3,0.360364555185406,0,0.4108961462,LinearSVC+CalibratedClassifierCV+Optuna,protocol-app/TokenPresaleApp
F3_web3_platform_app,1,0,1,140,3,0.2627628514803992,0,0.4108961462,LinearSVC+CalibratedClassifierCV+Optuna,mirzamudassi/blocknovas-nyx-public
F3_web3_platform_app,1,0,1,141,3,0.2981191217157784,0,0.4108961462,LinearSVC+CalibratedClassifierCV+Optuna,SuperDev31/Trading_Platform_Ultrax
F3_web3_platform_app,1,0,1,142,3,0.8062094347045804,1,0.4108961462,LinearSVC+CalibratedClassifierCV+Optuna,ta3pks2/Decentralized-Social
F3_web3_platform_app,1,0,1,143,3,0.5268170954938989,1,0.4108961462,LinearSVC+CalibratedClassifierCV+Optuna,xorostar2/blocknovas-llc-currency-converter-task
F3_web3_platform_app,1,0,1,144,3,0.9963524133493209,1,0.4108961462,LinearSVC+CalibratedClassifierCV+Optuna,arliawhite2/rentverse
F3_web3_platform_app,1,0,1,145,3,0.44438451428543885,1,0.4108961462,LinearSVC+CalibratedClassifierCV+Optuna,app-proto/blockchain-dev
F3_web3_platform_app,1,0,1,146,3,0.10668815378896383,0,0.4108961462,LinearSVC+CalibratedClassifierCV+Optuna,knightsdexk/knightsbridge-dex
F3_web3_platform_app,1,0,1,147,3,0.4076314531654464,0,0.4108961462,LinearSVC+CalibratedClassifierCV+Optuna,chain-studio/TokenPresaleApp
F3_web3_platform_app,1,0,1,148,3,0.37130076547442226,0,0.4108961462,LinearSVC+CalibratedClassifierCV+Optuna,mirzamudassira/blocknovas-nyx-public
F3_web3_platform_app,1,0,1,149,3,0.2671060796093864,0,0.4108961462,LinearSVC+CalibratedClassifierCV+Optuna,SuperDev3132/Trading_Platform_Ultrax
F3_web3_platform_app,1,0,1,150,3,0.8251703614784353,1,0.4108961462,LinearSVC+CalibratedClassifierCV+Optuna,ta3pk/Decentralized-Social
F3_web3_platform_app,1,0,1,151,3,0.2974112722667957,0,0.4108961462,LinearSVC+CalibratedClassifierCV+Optuna,xorostar3/blocknovas-llc-currency-converter-task
F3_web3_platform_app,1,0,1,152,3,0.9959981822562066,1,0.4108961462,LinearSVC+CalibratedClassifierCV+Optuna,arliawhitew/rentverse
F3_web3_platform_app,1,0,1,153,3,0.5371221644366918,1,0.4108961462,LinearSVC+CalibratedClassifierCV+Optuna,chain-stu/blockchain-dev
F3_web3_platform_app,1,0,1,154,3,0.10924747344292218,0,0.4108961462,LinearSVC+CalibratedClassifierCV+Optuna,knightsdex2/knightsbridge-dex
F3_web3_platform_app,1,0,1,155,3,0.39829632498364215,0,0.4108961462,LinearSVC+CalibratedClassifierCV+Optuna,labs-protocol/TokenPresaleApp
F3_web3_platform_app,1,0,1,156,3,0.3675986579679988,0,0.4108961462,LinearSVC+CalibratedClassifierCV+Optuna,mirzamudassir2/blocknovas-nyx-public
F3_web3_platform_app,1,0,1,157,3,0.29010231779616497,0,0.4108961462,LinearSVC+CalibratedClassifierCV+Optuna,SuperDev313d/Trading_Platform_Ultrax
F3_web3_platform_app,1,0,1,158,3,0.7891249162393468,1,0.4108961462,LinearSVC+CalibratedClassifierCV+Optuna,ta3pk2/Decentralized-Social
F3_web3_platform_app,1,0,1,159,3,0.6400266507689739,1,0.4108961462,LinearSVC+CalibratedClassifierCV+Optuna,xorostar32/blocknovas-llc-currency-converter-task
F3_web3_platform_app,1,0,1,160,3,0.9959829325824473,1,0.4108961462,LinearSVC+CalibratedClassifierCV+Optuna,arliawhite3/rentverse
F3_web3_platform_app,1,0,1,161,3,0.5025435282224665,1,0.4108961462,LinearSVC+CalibratedClassifierCV+Optuna,labs-stud/blockchain-dev
F3_web3_platform_app,1,0,1,162,3,0.11188731196537727,0,0.4108961462,LinearSVC+CalibratedClassifierCV+Optuna,knightsdexl/knightsbridge-dex
F3_web3_platform_app,1,0,1,163,3,0.42761280846639577,1,0.4108961462,LinearSVC+CalibratedClassifierCV+Optuna,chain-studio2/TokenPresaleApp
F3_web3_platform_app,1,0,1,164,3,0.3903887488072238,0,0.4108961462,LinearSVC+CalibratedClassifierCV+Optuna,mirzamudassirj/blocknovas-nyx-public
F3_web3_platform_app,1,0,1,165,3,0.32816310276804067,0,0.4108961462,LinearSVC+CalibratedClassifierCV+Optuna,SuperDev3133/Trading_Platform_Ultrax
F3_web3_platform_app,1,0,1,166,3,0.8362576079160999,1,0.4108961462,LinearSVC+CalibratedClassifierCV+Optuna,ta3pks3/Decentralized-Social
F3_web3_platform_app,1,0,1,167,3,0.29102012481833034,0,0.4108961462,LinearSVC+CalibratedClassifierCV+Optuna,xorosta/blocknovas-llc-currency-converter-task
F3_web3_platform_app,1,0,1,168,3,0.997348201652721,1,0.4108961462,LinearSVC+CalibratedClassifierCV+Optuna,arliawhite4/rentverse
F3_web3_platform_app,1,0,1,169,3,0.4462535712171465,1,0.4108961462,LinearSVC+CalibratedClassifierCV+Optuna,protocol-/blockchain-dev
F3_web3_platform_app,1,0,1,170,3,0.08308417401928887,0,0.4108961462,LinearSVC+CalibratedClassifierCV+Optuna,knightsdexf/knightsbridge-dex
F3_web3_platform_app,1,0,1,171,3,0.38386822167736273,0,0.4108961462,LinearSVC+CalibratedClassifierCV+Optuna,verse-studio/TokenPresaleApp
F3_web3_platform_app,1,0,1,172,3,0.3111118053400201,0,0.4108961462,LinearSVC+CalibratedClassifierCV+Optuna,mirzamudassiri/blocknovas-nyx-public
F3_web3_platform_app,1,0,1,173,3,0.2844793453295136,0,0.4108961462,LinearSVC+CalibratedClassifierCV+Optuna,SuperDev312/Trading_Platform_Ultrax
F3_web3_platform_app,1,0,1,174,3,0.814711764925931,1,0.4108961462,LinearSVC+CalibratedClassifierCV+Optuna,ta3pks4/Decentralized-Social
F3_web3_platform_app,1,0,1,175,3,0.36310037192131367,0,0.4108961462,LinearSVC+CalibratedClassifierCV+Optuna,xorosta2/blocknovas-llc-currency-converter-task
F3_web3_platform_app,1,0,1,176,3,0.995614651113871,1,0.4108961462,LinearSVC+CalibratedClassifierCV+Optuna,arliawhit/rentverse
F3_web3_platform_app,1,0,1,177,3,0.5354656720836483,1,0.4108961462,LinearSVC+CalibratedClassifierCV+Optuna,protocol-2/blockchain-dev
F3_web3_platform_app,1,0,1,178,3,0.12006256584248536,0,0.4108961462,LinearSVC+CalibratedClassifierCV+Optuna,knightsdex3/knightsbridge-dex
F3_web3_platform_app,1,0,1,179,3,0.34664370335685374,0,0.4108961462,LinearSVC+CalibratedClassifierCV+Optuna,studio-labs/TokenPresaleApp
F3_web3_platform_app,1,0,1,180,3,0.4060215445310653,0,0.4108961462,LinearSVC+CalibratedClassifierCV+Optuna,mirzamudassir3/blocknovas-nyx-public
F3_web3_platform_app,1,0,1,181,3,0.2769795156799922,0,0.4108961462,LinearSVC+CalibratedClassifierCV+Optuna,SuperDev313k/Trading_Platform_Ultrax
F3_web3_platform_app,1,0,1,182,3,0.8716055698595894,1,0.4108961462,LinearSVC+CalibratedClassifierCV+Optuna,ta3pksm/Decentralized-Social
F3_web3_platform_app,1,0,1,183,3,0.46607256499840327,1,0.4108961462,LinearSVC+CalibratedClassifierCV+Optuna,xorosta3/blocknovas-llc-currency-converter-task
F3_web3_platform_app,1,0,1,184,3,0.9972937939085851,1,0.4108961462,LinearSVC+CalibratedClassifierCV+Optuna,arliawhite5/rentverse
F3_web3_platform_app,1,0,1,185,3,0.5122555389600385,1,0.4108961462,LinearSVC+CalibratedClassifierCV+Optuna,protocol-3/blockchain-dev
F3_web3_platform_app,1,0,1,186,3,0.08194500666740079,0,0.4108961462,LinearSVC+CalibratedClassifierCV+Optuna,knightsdex4/knightsbridge-dex
F3_web3_platform_app,1,0,1,187,3,0.35200154248329846,0,0.4108961462,LinearSVC+CalibratedClassifierCV+Optuna,app-studio/TokenPresaleApp
NEG_00000,0,0,0,300,3,0.010174097117514571,0,0.4108961462,LinearSVC+CalibratedClassifierCV+Optuna,007SKRN/crypto-portfolio-tracker
NEG_00003,0,0,0,303,3,0.0033324778168004354,0,0.4108961462,LinearSVC+CalibratedClassifierCV+Optuna,0wl3xSec/web3-cryptozombies
NEG_00005,0,0,0,305,3,0.07395235166970551,0,0.4108961462,LinearSVC+CalibratedClassifierCV+Optuna,0x4543/zeta-crypto
NEG_00007,0,0,0,307,3,0.0008159800906893149,0,0.4108961462,LinearSVC+CalibratedClassifierCV+Optuna,0xbitcoin/0xbitcoin-token
NEG_00010,0,0,0,310,3,0.00551328001582299,0,0.4108961462,LinearSVC+CalibratedClassifierCV+Optuna,0xdevrel/Conditional-NFTs
NEG_00012,0,0,0,312,3,0.0017461155536151018,0,0.4108961462,LinearSVC+CalibratedClassifierCV+Optuna,0xfps/python-solidity-blockchain-smart-contract-course
NEG_00024,0,0,0,324,3,0.001579785182631802,0,0.4108961462,LinearSVC+CalibratedClassifierCV+Optuna,0xmdrakib/JesseHillClimb
NEG_00027,0,0,0,327,3,0.0007872506451717269,0,0.4108961462,LinearSVC+CalibratedClassifierCV+Optuna,0xpranay/WildCoins-NFT
NEG_00033,0,0,0,333,3,0.047194286280014285,0,0.4108961462,LinearSVC+CalibratedClassifierCV+Optuna,1-5Pool/RansomwareEschrowService
NEG_00041,0,0,0,341,3,0.0034605461152764235,0,0.4108961462,LinearSVC+CalibratedClassifierCV+Optuna,23Konradbase/altseason-ethereum
NEG_00042,0,0,0,342,3,0.00024855289880140367,0,0.4108961462,LinearSVC+CalibratedClassifierCV+Optuna,2qx/awesome-bitcoin-cash
NEG_00047,0,0,0,347,3,0.025674877997182304,0,0.4108961462,LinearSVC+CalibratedClassifierCV+Optuna,914alexwillett/StochRSI-Crypto-Trading-Algorithm
NEG_00052,0,0,0,352,3,0.0009257071450200745,0,0.4108961462,LinearSVC+CalibratedClassifierCV+Optuna,aankor/wnft
NEG_00055,0,0,0,355,3,0.22070913555865276,0,0.4108961462,LinearSVC+CalibratedClassifierCV+Optuna,aaronajis92/smart-contract-cryptorian
NEG_00060,0,0,0,360,3,0.0011026112493670516,0,0.4108961462,LinearSVC+CalibratedClassifierCV+Optuna,abdullahpichoo/SimpleStorage-using-Brownie
NEG_00066,0,0,0,366,3,0.0041851489436464375,0,0.4108961462,LinearSVC+CalibratedClassifierCV+Optuna,ac12644/ICO-Smart-Contract
NEG_00068,0,0,0,368,3,0.022435762272446824,0,0.4108961462,LinearSVC+CalibratedClassifierCV+Optuna,AchyuthMohan/Blockchain-Cryptogram
NEG_00074,0,0,0,374,3,0.005440962715833396,0,0.4108961462,LinearSVC+CalibratedClassifierCV+Optuna,Adamant-im/adamant-im
NEG_00077,0,0,0,377,3,0.00021339767536114376,0,0.4108961462,LinearSVC+CalibratedClassifierCV+Optuna,adeshshukla/MyCryptoFolio
NEG_00080,0,0,0,380,3,0.000239199775673114,0,0.4108961462,LinearSVC+CalibratedClassifierCV+Optuna,Aditya-alchemist/GFGKIIT-CRYPTOMA-HyperThon
NEG_00082,0,0,0,382,3,0.003721831137671349,0,0.4108961462,LinearSVC+CalibratedClassifierCV+Optuna,AdrianaMiha/Krypto
NEG_00085,0,0,0,385,3,0.024141022937464496,0,0.4108961462,LinearSVC+CalibratedClassifierCV+Optuna,adrianhajdin/project_web3_battle_game
NEG_00088,0,0,0,388,3,0.020943042872174095,0,0.4108961462,LinearSVC+CalibratedClassifierCV+Optuna,Adrijan-Petek/gas-fee-optimizer
NEG_00092,0,0,0,392,3,0.02220573216730785,0,0.4108961462,LinearSVC+CalibratedClassifierCV+Optuna,adw0rd/solidity-create2-web3-example
NEG_00094,0,0,0,394,3,0.003793652358500125,0,0.4108961462,LinearSVC+CalibratedClassifierCV+Optuna,aelew/cryptotracker
NEG_00096,0,0,0,396,3,0.0017037688733211372,0,0.4108961462,LinearSVC+CalibratedClassifierCV+Optuna,aeternity/aeternity
NEG_00097,0,0,0,397,3,0.0037645200927271046,0,0.4108961462,LinearSVC+CalibratedClassifierCV+Optuna,afacchi0/rpc-inspector
NEG_00102,0,0,0,402,3,0.0013210015007468847,0,0.4108961462,LinearSVC+CalibratedClassifierCV+Optuna,aha-moment-group/braavos
NEG_00104,0,0,0,404,3,0.0042140491920412936,0,0.4108961462,LinearSVC+CalibratedClassifierCV+Optuna,ahester57/private-chain
NEG_00105,0,0,0,405,3,0.003105820726021113,0,0.4108961462,LinearSVC+CalibratedClassifierCV+Optuna,ahmadbrainworks/fiddi
NEG_00106,0,0,0,406,3,0.0023700361549897557,0,0.4108961462,LinearSVC+CalibratedClassifierCV+Optuna,ahmedali8/hardhat-js-starterkit
NEG_00110,0,0,0,410,3,0.001326033511015413,0,0.4108961462,LinearSVC+CalibratedClassifierCV+Optuna,ahmetzturk/epic-nfts
NEG_00117,0,0,0,417,3,0.004954522389399032,0,0.4108961462,LinearSVC+CalibratedClassifierCV+Optuna,aitos-io/BoAT-X-Framework
NEG_00125,0,0,0,425,3,0.0014678950025176888,0,0.4108961462,LinearSVC+CalibratedClassifierCV+Optuna,akiselyoff/defi
NEG_00126,0,0,0,426,3,0.003569317859244961,0,0.4108961462,LinearSVC+CalibratedClassifierCV+Optuna,Akshat-cs/hardhat-defi-aave-v2
NEG_00129,0,0,0,429,3,0.0016825669692478581,0,0.4108961462,LinearSVC+CalibratedClassifierCV+Optuna,alanpelayoo/FatedEth
NEG_00131,0,0,0,431,3,0.0030883059594735297,0,0.4108961462,LinearSVC+CalibratedClassifierCV+Optuna,AlejandroGV96/web3-test
NEG_00132,0,0,0,432,3,0.009131702481025787,0,0.4108961462,LinearSVC+CalibratedClassifierCV+Optuna,alejoacosta74/ethereum-erc20token-vault
NEG_00136,0,0,0,436,3,0.005323396103294843,0,0.4108961462,LinearSVC+CalibratedClassifierCV+Optuna,alesanro/ethereum-smart-contracts
NEG_00137,0,0,0,437,3,0.0015437641968357254,0,0.4108961462,LinearSVC+CalibratedClassifierCV+Optuna,alexandrupele/web3
NEG_00138,0,0,0,438,3,0.010743882300428635,0,0.4108961462,LinearSVC+CalibratedClassifierCV+Optuna,alexbensimon/pakt
NEG_00139,0,0,0,439,3,0.0021234222861065293,0,0.4108961462,LinearSVC+CalibratedClassifierCV+Optuna,alexbiet/smartwallet
NEG_00140,0,0,0,440,3,0.00767823230852586,0,0.4108961462,LinearSVC+CalibratedClassifierCV+Optuna,AlexCheema/Tanuki
NEG_00142,0,0,0,442,3,0.002208634810396426,0,0.4108961462,LinearSVC+CalibratedClassifierCV+Optuna,alexia795/Gnosis-wallet-pro
NEG_00144,0,0,0,444,3,0.12460461385773476,0,0.4108961462,LinearSVC+CalibratedClassifierCV+Optuna,alexx855/axie-tools
NEG_00156,0,0,0,456,3,0.011934979774537046,0,0.4108961462,LinearSVC+CalibratedClassifierCV+Optuna,almonit/almonit-plugin
NEG_00158,0,0,0,458,3,0.0005527488241009437,0,0.4108961462,LinearSVC+CalibratedClassifierCV+Optuna,alpaca-finance/bsc-alpaca-contract
NEG_00164,0,0,0,464,3,0.0009346608984814342,0,0.4108961462,LinearSVC+CalibratedClassifierCV+Optuna,amazingandyyy/leptin
NEG_00165,0,0,0,465,3,0.00017552834812998314,0,0.4108961462,LinearSVC+CalibratedClassifierCV+Optuna,amazingandyyy/solidity-contracts
NEG_00167,0,0,0,467,3,0.009093487207645643,0,0.4108961462,LinearSVC+CalibratedClassifierCV+Optuna,amnegan/BlockChain-CryptoCurrencies
NEG_00171,0,0,0,471,3,0.03568399318989253,0,0.4108961462,LinearSVC+CalibratedClassifierCV+Optuna,An4Dev/Solana-Bitcoin-NFT-Dex-Defi-P2EGame-SmartContract-Web3-Projects
NEG_00178,0,0,0,478,3,0.03920576503788816,0,0.4108961462,LinearSVC+CalibratedClassifierCV+Optuna,andrewinsoul/CadenaCourse-CryptoBank-UI
NEG_00183,0,0,0,483,3,0.002690851013179611,0,0.4108961462,LinearSVC+CalibratedClassifierCV+Optuna,AnnaNX1/create-NFT
NEG_00193,0,0,0,493,3,0.02787551958619793,0,0.4108961462,LinearSVC+CalibratedClassifierCV+Optuna,anwar-776/gocryp8
NEG_00195,0,0,0,495,3,0.004670438301171295,0,0.4108961462,LinearSVC+CalibratedClassifierCV+Optuna,aonemd/stakehouse
NEG_00204,0,0,0,504,3,0.007293796405130879,0,0.4108961462,LinearSVC+CalibratedClassifierCV+Optuna,apoorvm230/web3-vuln-scanner
NEG_00209,0,0,0,509,3,0.01065684254353329,0,0.4108961462,LinearSVC+CalibratedClassifierCV+Optuna,Aranyani01/Alpha-defi-adapter
NEG_00213,0,0,0,513,3,0.0006749797617441408,0,0.4108961462,LinearSVC+CalibratedClassifierCV+Optuna,armors/armors-solidity
NEG_00215,0,0,0,515,3,0.0006643416248728593,0,0.4108961462,LinearSVC+CalibratedClassifierCV+Optuna,ArnaudBand/nftMarketplace
NEG_00224,0,0,0,524,3,0.0009274273055615087,0,0.4108961462,LinearSVC+CalibratedClassifierCV+Optuna,ArthurAhiyarov/Hardhat-Betting-Smart-Contract-Bsc
NEG_00227,0,0,0,527,3,0.005705725089831956,0,0.4108961462,LinearSVC+CalibratedClassifierCV+Optuna,Aryan0770/Blockchain-Major-CryptoBox
NEG_00228,0,0,0,528,3,0.0013026863184986144,0,0.4108961462,LinearSVC+CalibratedClassifierCV+Optuna,AS-1312/Crypto-Steps
NEG_00232,0,0,0,532,3,0.004922534449781934,0,0.4108961462,LinearSVC+CalibratedClassifierCV+Optuna,Ashland-jp/Web3-Projects
NEG_00235,0,0,0,535,3,0.0046247285180709445,0,0.4108961462,LinearSVC+CalibratedClassifierCV+Optuna,asilveira1969/bitcoincashblockchain
NEG_00238,0,0,0,538,3,0.0018882024460562437,0,0.4108961462,LinearSVC+CalibratedClassifierCV+Optuna,atitkh/WebXR---NFT-Viewer
NEG_00242,0,0,0,542,3,0.04113436856635012,0,0.4108961462,LinearSVC+CalibratedClassifierCV+Optuna,aurowallet/auro-wallet-browser-extension
NEG_00248,0,0,0,548,3,0.005524398175782486,0,0.4108961462,LinearSVC+CalibratedClassifierCV+Optuna,axldarealest/crypto-tracker
NEG_00249,0,0,0,549,3,0.020658389629203276,0,0.4108961462,LinearSVC+CalibratedClassifierCV+Optuna,axone-protocol/contracts
NEG_00258,0,0,0,558,3,0.23424875009980353,0,0.4108961462,LinearSVC+CalibratedClassifierCV+Optuna,baby636/causes.cash
NEG_00260,0,0,0,560,3,0.001047845855025728,0,0.4108961462,LinearSVC+CalibratedClassifierCV+Optuna,balajipachai/smart-contract-for-fun
NEG_00267,0,0,0,567,3,0.00289936431988288,0,0.4108961462,LinearSVC+CalibratedClassifierCV+Optuna,banjtheman/polygon_nft_workshop
NEG_00280,0,0,0,580,3,0.045989064240495224,0,0.4108961462,LinearSVC+CalibratedClassifierCV+Optuna,belimad/NftHorizon
NEG_00282,0,0,0,582,3,3.508119607787126e-05,0,0.4108961462,LinearSVC+CalibratedClassifierCV+Optuna,benjaminbang987/crypto
NEG_00290,0,0,0,590,3,0.0025616562591857443,0,0.4108961462,LinearSVC+CalibratedClassifierCV+Optuna,bhemen/usdc
NEG_00291,0,0,0,591,3,0.0002843176355340821,0,0.4108961462,LinearSVC+CalibratedClassifierCV+Optuna,BibliothecaDAO/realms-contracts
NEG_00294,0,0,0,594,3,0.001009122300147892,0,0.4108961462,LinearSVC+CalibratedClassifierCV+Optuna,bigbomio/digital-contracts
NEG_00296,0,0,0,596,3,0.0010887464288530295,0,0.4108961462,LinearSVC+CalibratedClassifierCV+Optuna,bilinearlabs/beacon-contract-indexer
NEG_00302,0,0,0,602,3,0.0023960738900133,0,0.4108961462,LinearSVC+CalibratedClassifierCV+Optuna,Bitcoin-II/BitcoinII-Core
NEG_00314,0,0,0,614,3,0.024218730786317155,0,0.4108961462,LinearSVC+CalibratedClassifierCV+Optuna,Block-Beats-Estonia/BITCOIN-NFT
NEG_00318,0,0,0,618,3,0.0008300416990701737,0,0.4108961462,LinearSVC+CalibratedClassifierCV+Optuna,blockchain-etl/blockchain-etl-streaming
NEG_00319,0,0,0,619,3,0.0017502362009071814,0,0.4108961462,LinearSVC+CalibratedClassifierCV+Optuna,blockchain-etl/public-datasets
NEG_00323,0,0,0,623,3,0.00039965853789972276,0,0.4108961462,LinearSVC+CalibratedClassifierCV+Optuna,blockchain/My-Wallet-V3
NEG_00325,0,0,0,625,3,0.0001808378297695852,0,0.4108961462,LinearSVC+CalibratedClassifierCV+Optuna,blockstarter/ico-contracts
NEG_00328,0,0,0,628,3,0.002158875808883958,0,0.4108961462,LinearSVC+CalibratedClassifierCV+Optuna,BlueWallet/BlueWallet
NEG_00333,0,0,0,633,3,0.00037045216605892796,0,0.4108961462,LinearSVC+CalibratedClassifierCV+Optuna,bonedaddy/cryptovendingmachine
NEG_00336,0,0,0,636,3,0.04340026594955851,0,0.4108961462,LinearSVC+CalibratedClassifierCV+Optuna,BradMoonUESTC/FireWallProject
NEG_00348,0,0,0,648,3,0.00024264800568729117,0,0.4108961462,LinearSVC+CalibratedClassifierCV+Optuna,BTCwalletGen/BTCwalletGen
NEG_00349,0,0,0,649,3,0.01652989287288142,0,0.4108961462,LinearSVC+CalibratedClassifierCV+Optuna,btq-ag/QRiNG
NEG_00355,0,0,0,655,3,0.00765944212630604,0,0.4108961462,LinearSVC+CalibratedClassifierCV+Optuna,bwire-official/Gastronaut-bot
NEG_00359,0,0,0,659,3,0.019298828974155583,0,0.4108961462,LinearSVC+CalibratedClassifierCV+Optuna,C0A21130/web3-demo-app
NEG_00362,0,0,0,662,3,9.534491253082994e-05,0,0.4108961462,LinearSVC+CalibratedClassifierCV+Optuna,cake-tech/cake_wallet
NEG_00364,0,0,0,664,3,0.001208946032851904,0,0.4108961462,LinearSVC+CalibratedClassifierCV+Optuna,camerodev/Finaomics-Solidity-Web3-React
NEG_00375,0,0,0,675,3,0.0017072575443397315,0,0.4108961462,LinearSVC+CalibratedClassifierCV+Optuna,celer-network/layer2-finance-contracts
NEG_00377,0,0,0,677,3,0.0038664533949559475,0,0.4108961462,LinearSVC+CalibratedClassifierCV+Optuna,ChainAgnostic/CAIPs
NEG_00388,0,0,0,688,3,0.0003694079747835858,0,0.4108961462,LinearSVC+CalibratedClassifierCV+Optuna,chatch/hashed-timelock-contract-ethereum
NEG_00390,0,0,0,690,3,0.018557390349804206,0,0.4108961462,LinearSVC+CalibratedClassifierCV+Optuna,chawresh/Multi-Currency-Rich-Address-Finder-v1.0
NEG_00404,0,0,0,704,3,0.011322280014475425,0,0.4108961462,LinearSVC+CalibratedClassifierCV+Optuna,CIpherEE/TECHCRUSHERC-20
NEG_00409,0,0,0,709,3,0.002805482131773789,0,0.4108961462,LinearSVC+CalibratedClassifierCV+Optuna,cliffhall/in-app-pro-shop
NEG_00410,0,0,0,710,3,0.018299501696449116,0,0.4108961462,LinearSVC+CalibratedClassifierCV+Optuna,cloudframeworks-blockchain/user-guide-fabric-smart-contract
NEG_00419,0,0,0,719,3,0.0005390958057647732,0,0.4108961462,LinearSVC+CalibratedClassifierCV+Optuna,codeesura/Arbitrage-uniswap-sushiswap
NEG_00421,0,0,0,721,3,0.02038886831844412,0,0.4108961462,LinearSVC+CalibratedClassifierCV+Optuna,CodeMachine0121/EthereumWallet_local_API
NEG_00424,0,0,0,724,3,0.00287639570571748,0,0.4108961462,LinearSVC+CalibratedClassifierCV+Optuna,codewithmide/FlowPrice-Oracle
NEG_00434,0,0,0,734,3,0.004408987410427791,0,0.4108961462,LinearSVC+CalibratedClassifierCV+Optuna,ColonySatoshi/BTCME.WEB3
NEG_00440,0,0,0,740,3,0.0016069105871504691,0,0.4108961462,LinearSVC+CalibratedClassifierCV+Optuna,ConsenSysDiligence/0x-review
NEG_00446,0,0,0,746,3,0.012703642371250984,0,0.4108961462,LinearSVC+CalibratedClassifierCV+Optuna,coral-xyz/backpack
NEG_00447,0,0,0,747,3,0.004574023944254022,0,0.4108961462,LinearSVC+CalibratedClassifierCV+Optuna,cordovaem/solana-nft
NEG_00448,0,0,0,748,3,0.002658365183338536,0,0.4108961462,LinearSVC+CalibratedClassifierCV+Optuna,cosmostation/cosmostation-android
NEG_00458,0,0,0,758,3,0.084381213809627,0,0.4108961462,LinearSVC+CalibratedClassifierCV+Optuna,crestalnetwork/intentkit
NEG_00461,0,0,0,761,3,0.0024871479013131017,0,0.4108961462,LinearSVC+CalibratedClassifierCV+Optuna,crossclaim/btcrelay-sol
NEG_00467,0,0,0,767,3,0.0005350140451147459,0,0.4108961462,LinearSVC+CalibratedClassifierCV+Optuna,Crypto0390/nft-airdrops
NEG_00477,0,0,0,777,3,0.012128547900519785,0,0.4108961462,LinearSVC+CalibratedClassifierCV+Optuna,cryptoleadxyz/demo-infura-web3py
NEG_00503,0,0,0,803,3,0.003885312063582744,0,0.4108961462,LinearSVC+CalibratedClassifierCV+Optuna,DanielCM2001/SendCrypto-Blockchain-App-web3
NEG_00516,0,0,0,816,3,0.0008765735523030782,0,0.4108961462,LinearSVC+CalibratedClassifierCV+Optuna,dappros/nfmt
NEG_00523,0,0,0,823,3,9.274648558268594e-05,0,0.4108961462,LinearSVC+CalibratedClassifierCV+Optuna,darrylyeo/blockhead
NEG_00525,0,0,0,825,3,0.00015909123416908463,0,0.4108961462,LinearSVC+CalibratedClassifierCV+Optuna,Daudxu/eth-wallet-modal
NEG_00531,0,0,0,831,3,0.010665280020804859,0,0.4108961462,LinearSVC+CalibratedClassifierCV+Optuna,DE-labtory/zulu
NEG_00533,0,0,0,833,3,0.07808827360398281,0,0.4108961462,LinearSVC+CalibratedClassifierCV+Optuna,DealAiFind/DealAiFind-Ai-DEX-FrontRun-JS-V4
NEG_00536,0,0,0,836,3,0.0014548398683608195,0,0.4108961462,LinearSVC+CalibratedClassifierCV+Optuna,Decurity/semgrep-smart-contracts
NEG_00541,0,0,0,841,3,0.0007369090263755349,0,0.4108961462,LinearSVC+CalibratedClassifierCV+Optuna,Defi-Pool-Share/DefiPoolShare.LendingContract
NEG_00542,0,0,0,842,3,0.00033218293816571535,0,0.4108961462,LinearSVC+CalibratedClassifierCV+Optuna,DeFiCh/defiscan.live
NEG_00545,0,0,0,845,3,0.0009686705005828083,0,0.4108961462,LinearSVC+CalibratedClassifierCV+Optuna,DeFiNecromancer/Basic-Name-Storage
NEG_00547,0,0,0,847,3,0.0014031860633960172,0,0.4108961462,LinearSVC+CalibratedClassifierCV+Optuna,DEFIProtocol/Web3
NEG_00549,0,0,0,849,3,0.0047951255606154776,0,0.4108961462,LinearSVC+CalibratedClassifierCV+Optuna,delvtech/agent0
NEG_00553,0,0,0,853,3,0.0014684881956248345,0,0.4108961462,LinearSVC+CalibratedClassifierCV+Optuna,DenisZS/cckat
NEG_00558,0,0,0,858,3,8.697918640354337e-05,0,0.4108961462,LinearSVC+CalibratedClassifierCV+Optuna,DePayFi/web3-wallets
NEG_00571,0,0,0,871,3,0.0012179922638780238,0,0.4108961462,LinearSVC+CalibratedClassifierCV+Optuna,devridge0/aave-core
NEG_00573,0,0,0,873,3,0.000816731366198592,0,0.4108961462,LinearSVC+CalibratedClassifierCV+Optuna,dex-guru/assets
NEG_00578,0,0,0,878,3,0.00739538930955552,0,0.4108961462,LinearSVC+CalibratedClassifierCV+Optuna,dherranzf/CryptoBank
NEG_00594,0,0,0,894,3,0.0022280195129278963,0,0.4108961462,LinearSVC+CalibratedClassifierCV+Optuna,dkrsgood/ETH_Wallet
NEG_00597,0,0,0,897,3,0.08617623784075588,0,0.4108961462,LinearSVC+CalibratedClassifierCV+Optuna,dogecoin/dogecoin
NEG_00603,0,0,0,903,3,0.0001750848982507622,0,0.4108961462,LinearSVC+CalibratedClassifierCV+Optuna,dorianbayart/DexPairs
NEG_00605,0,0,0,905,3,0.01250491497474985,0,0.4108961462,LinearSVC+CalibratedClassifierCV+Optuna,Dpost-George/foundry-web3-wallet-security-Advanced
NEG_00615,0,0,0,915,3,0.012055976437318358,0,0.4108961462,LinearSVC+CalibratedClassifierCV+Optuna,duytacong24895/smart-contract-lesson-1
NEG_00621,0,0,0,921,3,0.022487496418151412,0,0.4108961462,LinearSVC+CalibratedClassifierCV+Optuna,EdgeApp/edge-react-gui
NEG_00622,0,0,0,922,3,0.0005069972575919208,0,0.4108961462,LinearSVC+CalibratedClassifierCV+Optuna,edubrunaldi/generic-wallet
NEG_00624,0,0,0,924,3,0.041339282411995616,0,0.4108961462,LinearSVC+CalibratedClassifierCV+Optuna,edwintyx/Blockchain-Cryptocurrency-Project
NEG_00626,0,0,0,926,3,0.0035241705287923798,0,0.4108961462,LinearSVC+CalibratedClassifierCV+Optuna,eka0789/nft-marketplace
NEG_00634,0,0,0,934,3,0.0007426686039067283,0,0.4108961462,LinearSVC+CalibratedClassifierCV+Optuna,Elytro-eth/ETHShanghai2022
NEG_00636,0,0,0,936,3,0.00044759654140102506,0,0.4108961462,LinearSVC+CalibratedClassifierCV+Optuna,emerald-dao/float
NEG_00638,0,0,0,938,3,0.0019250417216023896,0,0.4108961462,LinearSVC+CalibratedClassifierCV+Optuna,emiliosheinz/vue-js-crypto-wallet
NEG_00644,0,0,0,944,3,0.02266605897170321,0,0.4108961462,LinearSVC+CalibratedClassifierCV+Optuna,Emmanuel-Samuel/Alchemy-projects
NEG_00649,0,0,0,949,3,0.004540888154139798,0,0.4108961462,LinearSVC+CalibratedClassifierCV+Optuna,enricobottazzi/Zeko
NEG_00661,0,0,0,961,3,0.004664396456348513,0,0.4108961462,LinearSVC+CalibratedClassifierCV+Optuna,Erfaniaa/crypto-portfolio-optimizer
NEG_00664,0,0,0,964,3,0.008373299204243035,0,0.4108961462,LinearSVC+CalibratedClassifierCV+Optuna,esolidar/web3
NEG_00665,0,0,0,965,3,0.0038920565580836254,0,0.4108961462,LinearSVC+CalibratedClassifierCV+Optuna,estevaopbs/bitcoin-rs
NEG_00666,0,0,0,966,3,0.00032214961251410046,0,0.4108961462,LinearSVC+CalibratedClassifierCV+Optuna,ethaccount/vue-dapp
NEG_00668,0,0,0,968,3,0.05227266089909748,0,0.4108961462,LinearSVC+CalibratedClassifierCV+Optuna,ethereum-boilerplate/ethereum-prediction-market-boilerplate
NEG_00672,0,0,0,972,3,0.0005645466109500067,0,0.4108961462,LinearSVC+CalibratedClassifierCV+Optuna,ethers-io/ethers.js
NEG_00673,0,0,0,973,3,0.00012505592083782483,0,0.4108961462,LinearSVC+CalibratedClassifierCV+Optuna,ethersphere/swap-swear-and-swindle
NEG_00676,0,0,0,976,3,0.06332253050645241,0,0.4108961462,LinearSVC+CalibratedClassifierCV+Optuna,euphonious-raisinnutcookie575/ethwizc
NEG_00682,0,0,0,982,3,0.004982482932375662,0,0.4108961462,LinearSVC+CalibratedClassifierCV+Optuna,evm-tooling/viem-go
NEG_00688,0,0,0,988,3,0.006254926788279145,0,0.4108961462,LinearSVC+CalibratedClassifierCV+Optuna,ExodusMovement/bitcoind-zmq
NEG_00691,0,0,0,991,3,0.0008267904833485822,0,0.4108961462,LinearSVC+CalibratedClassifierCV+Optuna,explorills/expl-nodes-dashboard
NEG_00695,0,0,0,995,3,0.008098512238359707,0,0.4108961462,LinearSVC+CalibratedClassifierCV+Optuna,Fabomarche/ethereum-viewer
NEG_00711,0,0,0,1011,3,0.14111136267087912,0,0.4108961462,LinearSVC+CalibratedClassifierCV+Optuna,Fida-Kainth/Block-Chain-A-Decentralized-Cryptocurrency-Wallet-System-with-Automated-Zakat-Deduction
NEG_00714,0,0,0,1014,3,0.0007981868787102544,0,0.4108961462,LinearSVC+CalibratedClassifierCV+Optuna,filips123/BlogChain
NEG_00716,0,0,0,1016,3,0.0019319184628555303,0,0.4108961462,LinearSVC+CalibratedClassifierCV+Optuna,FinHubRotman/eth-blockchain-data
NEG_00718,0,0,0,1018,3,0.002022819787517513,0,0.4108961462,LinearSVC+CalibratedClassifierCV+Optuna,Flame-eth/Multiparty-Solidity-Wallet-
NEG_00723,0,0,0,1023,3,0.0007743537433518107,0,0.4108961462,LinearSVC+CalibratedClassifierCV+Optuna,fomoweth/flashloan-aggregator
NEG_00724,0,0,0,1024,3,0.0025630347588997196,0,0.4108961462,LinearSVC+CalibratedClassifierCV+Optuna,ForcingVaporizer/Blockchain-Dapp-Crypto
NEG_00737,0,0,0,1037,3,0.013225585224706344,0,0.4108961462,LinearSVC+CalibratedClassifierCV+Optuna,Freya-Lark/Chainlink-2024-17hours-Web3-tutorial
NEG_00754,0,0,0,1054,3,0.0007977125391057482,0,0.4108961462,LinearSVC+CalibratedClassifierCV+Optuna,geovgy/smart-wallet
NEG_00762,0,0,0,1062,3,0.004088147322702405,0,0.4108961462,LinearSVC+CalibratedClassifierCV+Optuna,giogam/Gopher-Wallet
NEG_00770,0,0,0,1070,3,0.0007736118880537676,0,0.4108961462,LinearSVC+CalibratedClassifierCV+Optuna,gnidan/abi-to-sol
NEG_00778,0,0,0,1078,3,0.0001098500197333411,0,0.4108961462,LinearSVC+CalibratedClassifierCV+Optuna,govi-dao/cvi-contracts
NEG_00793,0,0,0,1093,3,0.0001687230662001629,0,0.4108961462,LinearSVC+CalibratedClassifierCV+Optuna,gweidart/evm-flashswap-arb
NEG_00796,0,0,0,1096,3,0.01480637828504236,0,0.4108961462,LinearSVC+CalibratedClassifierCV+Optuna,Gzeu/hero-forge-monorepo
NEG_00798,0,0,0,1098,3,0.007081660532964028,0,0.4108961462,LinearSVC+CalibratedClassifierCV+Optuna,Hackathons-w-Rapto/RugRader
NEG_00799,0,0,0,1099,3,0.006797448787742341,0,0.4108961462,LinearSVC+CalibratedClassifierCV+Optuna,hacksdark/cybersecurity_hack
NEG_00803,0,0,0,1103,3,0.00039197860933215116,0,0.4108961462,LinearSVC+CalibratedClassifierCV+Optuna,Haehnchen/uniswap-arbitrage-flash-swap
NEG_00810,0,0,0,1110,3,0.0032936893796404704,0,0.4108961462,LinearSVC+CalibratedClassifierCV+Optuna,Hardchat/Web3.py-Transaction
NEG_00811,0,0,0,1111,3,0.007308790452603881,0,0.4108961462,LinearSVC+CalibratedClassifierCV+Optuna,harishummam/CryptoKet-NFT-Marketplace
NEG_00813,0,0,0,1113,3,0.0014843079448667938,0,0.4108961462,LinearSVC+CalibratedClassifierCV+Optuna,HariVP03/nft-kart
NEG_00816,0,0,0,1116,3,0.006879991908537171,0,0.4108961462,LinearSVC+CalibratedClassifierCV+Optuna,harshiit1/ethereumChecker
NEG_00820,0,0,0,1120,3,0.0022093622700001107,0,0.4108961462,LinearSVC+CalibratedClassifierCV+Optuna,hashemabad/MultiSigWallet
NEG_00839,0,0,0,1139,3,0.0004014594582070206,0,0.4108961462,LinearSVC+CalibratedClassifierCV+Optuna,hiromaily/go-crypto-wallet
NEG_00841,0,0,0,1141,3,0.014925128107716339,0,0.4108961462,LinearSVC+CalibratedClassifierCV+Optuna,hobbleabbas/Bitcoin-RPC-API
NEG_00842,0,0,0,1142,3,0.00038887941089495913,0,0.4108961462,LinearSVC+CalibratedClassifierCV+Optuna,HODLorg/HODLbot
NEG_00843,0,0,0,1143,3,0.021601198394997898,0,0.4108961462,LinearSVC+CalibratedClassifierCV+Optuna,holder-bot/wallet-testnet
NEG_00844,0,0,0,1144,3,0.0005238571553218767,0,0.4108961462,LinearSVC+CalibratedClassifierCV+Optuna,holyblock/blockchain-piaic-q4-solution
NEG_00846,0,0,0,1146,3,0.002347833530333678,0,0.4108961462,LinearSVC+CalibratedClassifierCV+Optuna,HopefulHeart2020/Finaomics-Solidity-Web3-React
NEG_00847,0,0,0,1147,3,0.0011326999481522588,0,0.4108961462,LinearSVC+CalibratedClassifierCV+Optuna,hoprnet/hopr-ethereum
NEG_00858,0,0,0,1158,3,0.012529670549292882,0,0.4108961462,LinearSVC+CalibratedClassifierCV+Optuna,hululuzhu/solidity-t5
NEG_00864,0,0,0,1164,3,0.00194524862134717,0,0.4108961462,LinearSVC+CalibratedClassifierCV+Optuna,Hyperledger-TWGC/GM-interoperability
NEG_00867,0,0,0,1167,3,0.11746959182409543,0,0.4108961462,LinearSVC+CalibratedClassifierCV+Optuna,Iamdungx/denigma-cracker
NEG_00893,0,0,0,1193,3,0.022910118995295835,0,0.4108961462,LinearSVC+CalibratedClassifierCV+Optuna,input-output-hk/mantis-wallet
NEG_00898,0,0,0,1198,3,0.004094707947932107,0,0.4108961462,LinearSVC+CalibratedClassifierCV+Optuna,ismailbangee/smart-contracts
NEG_00899,0,0,0,1199,3,0.0009334721528648894,0,0.4108961462,LinearSVC+CalibratedClassifierCV+Optuna,itaikeren/Crypto-Fighters
NEG_00901,0,0,0,1201,3,0.00772835511115727,0,0.4108961462,LinearSVC+CalibratedClassifierCV+Optuna,ithunter0428/solidity2terrachian_rust
NEG_00903,0,0,0,1203,3,0.022614887383650587,0,0.4108961462,LinearSVC+CalibratedClassifierCV+Optuna,itstargetconfirmed/flash-loan-sample
NEG_00905,0,0,0,1205,3,0.006650799184788718,0,0.4108961462,LinearSVC+CalibratedClassifierCV+Optuna,ivanzhelyazkov/ethereum-wallet-manager
NEG_00909,0,0,0,1209,3,0.000899010246171839,0,0.4108961462,LinearSVC+CalibratedClassifierCV+Optuna,J12ATA/my-wave-portal
NEG_00910,0,0,0,1210,3,0.002768606755728584,0,0.4108961462,LinearSVC+CalibratedClassifierCV+Optuna,jaayperez/btc-wallet
NEG_00915,0,0,0,1215,3,0.10772173117791634,0,0.4108961462,LinearSVC+CalibratedClassifierCV+Optuna,Jackhuang166/evm-dex-swap-staking-liquidity
NEG_00916,0,0,0,1216,3,0.001699206080050639,0,0.4108961462,LinearSVC+CalibratedClassifierCV+Optuna,JACKORARO12/BlockChainVoting
NEG_00917,0,0,0,1217,3,0.008556996281282996,0,0.4108961462,LinearSVC+CalibratedClassifierCV+Optuna,JackyVerse/SmartContractSolidityEth
NEG_00918,0,0,0,1218,3,0.0014696453503847918,0,0.4108961462,LinearSVC+CalibratedClassifierCV+Optuna,jacobdmn/iWallet
NEG_00936,0,0,0,1236,3,0.007771805698122248,0,0.4108961462,LinearSVC+CalibratedClassifierCV+Optuna,jarrodwatts/nft-drop-with-smart-wallet
NEG_00942,0,0,0,1242,3,0.009296285910615374,0,0.4108961462,LinearSVC+CalibratedClassifierCV+Optuna,jawedzaid/jawed
NEG_00944,0,0,0,1244,3,0.004430744336392684,0,0.4108961462,LinearSVC+CalibratedClassifierCV+Optuna,jdogresorg/freewallet-mobile
NEG_00946,0,0,0,1246,3,0.02210346853258235,0,0.4108961462,LinearSVC+CalibratedClassifierCV+Optuna,jeanne-cortes725n/ethere8
NEG_00962,0,0,0,1262,3,0.0008816535352890665,0,0.4108961462,LinearSVC+CalibratedClassifierCV+Optuna,jjtiger/Blockchain_Business_Crypto_-DevPack
NEG_00966,0,0,0,1266,3,0.0010133988307833048,0,0.4108961462,LinearSVC+CalibratedClassifierCV+Optuna,john-lawniczak/Smart-Contract-Resources
NEG_00973,0,0,0,1273,3,0.002727690476708096,0,0.4108961462,LinearSVC+CalibratedClassifierCV+Optuna,jon4hz/ethconvert
NEG_00983,0,0,0,1283,3,0.0005945580783005292,0,0.4108961462,LinearSVC+CalibratedClassifierCV+Optuna,jseanchuang/web3py_example
NEG_00989,0,0,0,1289,3,0.0002542186343014101,0,0.4108961462,LinearSVC+CalibratedClassifierCV+Optuna,JulyIghor/QtBitcoinTrader
NEG_00999,0,0,0,1299,3,0.053463592682168985,0,0.4108961462,LinearSVC+CalibratedClassifierCV+Optuna,kansel-dev/solana-nft-sniper
NEG_01010,0,0,0,1310,3,0.0036134440653965458,0,0.4108961462,LinearSVC+CalibratedClassifierCV+Optuna,kaymen99/Dex-aggregator
NEG_01022,0,0,0,1322,3,0.0006541409092164194,0,0.4108961462,LinearSVC+CalibratedClassifierCV+Optuna,kenpoon94/ethdenver-bootcamp-2022
NEG_01023,0,0,0,1323,3,0.0008497253455467859,0,0.4108961462,LinearSVC+CalibratedClassifierCV+Optuna,kerala-blockchain-academy/ethereum-developer-program
NEG_01026,0,0,0,1326,3,0.0011141827085049472,0,0.4108961462,LinearSVC+CalibratedClassifierCV+Optuna,keshav-poojary/NFT-on-Ethereum
NEG_01030,0,0,0,1330,3,0.01010802201592337,0,0.4108961462,LinearSVC+CalibratedClassifierCV+Optuna,KevzPeter/EduBlocks
NEG_01040,0,0,0,1340,3,0.0006045070680828095,0,0.4108961462,LinearSVC+CalibratedClassifierCV+Optuna,Kingscliq/nuking-nfts
NEG_01043,0,0,0,1343,3,0.006958724655366848,0,0.4108961462,LinearSVC+CalibratedClassifierCV+Optuna,KittenYang/SafeSnap
NEG_01044,0,0,0,1344,3,0.001472929075917647,0,0.4108961462,LinearSVC+CalibratedClassifierCV+Optuna,kittyshiba/contracts
NEG_01046,0,0,0,1346,3,0.0005811500741706476,0,0.4108961462,LinearSVC+CalibratedClassifierCV+Optuna,klever-io/klever-go
NEG_01049,0,0,0,1349,3,0.0005428896957239674,0,0.4108961462,LinearSVC+CalibratedClassifierCV+Optuna,kochavalabs/xchng-solidity
NEG_01050,0,0,0,1350,3,0.003204514793521038,0,0.4108961462,LinearSVC+CalibratedClassifierCV+Optuna,koh-gt/ferrite-wallet
NEG_01052,0,0,0,1352,3,0.007329122027343826,0,0.4108961462,LinearSVC+CalibratedClassifierCV+Optuna,konradcodes/Web-3.0-Blockchain-App
NEG_01067,0,0,0,1367,3,0.17448360563701126,0,0.4108961462,LinearSVC+CalibratedClassifierCV+Optuna,kuroroLuciferPhantom/cryptopredict
NEG_01074,0,0,0,1374,3,0.11773292466601641,0,0.4108961462,LinearSVC+CalibratedClassifierCV+Optuna,LanceHez/Blockchain_Army_Knife-wallet-cracker-with-multichian
NEG_01075,0,0,0,1375,3,0.0018093559319189037,0,0.4108961462,LinearSVC+CalibratedClassifierCV+Optuna,lapismyt/ston-fi.py
NEG_01079,0,0,0,1379,3,0.008346261867622775,0,0.4108961462,LinearSVC+CalibratedClassifierCV+Optuna,Laszlo23/deficrown
NEG_01080,0,0,0,1380,3,0.025785933186209014,0,0.4108961462,LinearSVC+CalibratedClassifierCV+Optuna,latoya4xfishn/spankcb
NEG_01091,0,0,0,1391,3,0.003081333962952098,0,0.4108961462,LinearSVC+CalibratedClassifierCV+Optuna,leeshuzheng/destroyer
NEG_01094,0,0,0,1394,3,0.010414470031882136,0,0.4108961462,LinearSVC+CalibratedClassifierCV+Optuna,Lemonio1Official/privateKey
NEG_01096,0,0,0,1396,3,0.00369654629522939,0,0.4108961462,LinearSVC+CalibratedClassifierCV+Optuna,lephleg/cryptocerts-contracts
NEG_01101,0,0,0,1401,3,0.0021048531188764736,0,0.4108961462,LinearSVC+CalibratedClassifierCV+Optuna,Lilypad-Tech/lilypad
NEG_01102,0,0,0,1402,3,0.003970727123227415,0,0.4108961462,LinearSVC+CalibratedClassifierCV+Optuna,LinuxKunaL/gigalate-crypto-wallet
NEG_01103,0,0,0,1403,3,0.03582664621973777,0,0.4108961462,LinearSVC+CalibratedClassifierCV+Optuna,lionello/secp256k1-js
NEG_01105,0,0,0,1405,3,0.001886429107154151,0,0.4108961462,LinearSVC+CalibratedClassifierCV+Optuna,ljubisnikolic0/NFT-Ethereum-Game
NEG_01106,0,0,0,1406,3,0.005679302970972112,0,0.4108961462,LinearSVC+CalibratedClassifierCV+Optuna,lmacken/binance-chain-python
NEG_01108,0,0,0,1408,3,4.0317624061280524e-05,0,0.4108961462,LinearSVC+CalibratedClassifierCV+Optuna,lnardon/BlockChainExchange
NEG_01125,0,0,0,1425,3,0.018734787390355372,0,0.4108961462,LinearSVC+CalibratedClassifierCV+Optuna,lynx-xdg/block
NEG_01132,0,0,0,1432,3,0.002771162633422974,0,0.4108961462,LinearSVC+CalibratedClassifierCV+Optuna,MaelRibes/Crypto-Kids
NEG_01137,0,0,0,1437,3,0.004012993976288491,0,0.4108961462,LinearSVC+CalibratedClassifierCV+Optuna,ManaanAnsari/MultiSigWallet-Solidity-Foundry
NEG_01157,0,0,0,1457,3,0.0016716768176490739,0,0.4108961462,LinearSVC+CalibratedClassifierCV+Optuna,masa-finance/arcomia-contracts
NEG_01159,0,0,0,1459,3,0.03208018983468414,0,0.4108961462,LinearSVC+CalibratedClassifierCV+Optuna,mascarenhaswanja/Winter-2020-Introduction-To-Smart-Contracts
NEG_01160,0,0,0,1460,3,0.000709137943443516,0,0.4108961462,LinearSVC+CalibratedClassifierCV+Optuna,MassDotMoney/nested-core-lego
NEG_01163,0,0,0,1463,3,0.001565701679715722,0,0.4108961462,LinearSVC+CalibratedClassifierCV+Optuna,matheusroleal/solidity-cookbook
NEG_01165,0,0,0,1465,3,0.020427025392970775,0,0.4108961462,LinearSVC+CalibratedClassifierCV+Optuna,maticnetwork/pos-commit-poc
NEG_01173,0,0,0,1473,3,0.012068356377860584,0,0.4108961462,LinearSVC+CalibratedClassifierCV+Optuna,mayurimulay789/cryptocurrency_landingpage
NEG_01176,0,0,0,1476,3,0.01292361360558114,0,0.4108961462,LinearSVC+CalibratedClassifierCV+Optuna,mdsalman729/ethBucket
NEG_01177,0,0,0,1477,3,0.0008281141005899998,0,0.4108961462,LinearSVC+CalibratedClassifierCV+Optuna,Medicyp/NFT_Marketplace_using_Ethereum_Smart_Contracts
NEG_01179,0,0,0,1479,3,0.0006641116060630508,0,0.4108961462,LinearSVC+CalibratedClassifierCV+Optuna,mehtaAnsh/BlockChainVoting
NEG_01187,0,0,0,1487,3,0.004586955724960204,0,0.4108961462,LinearSVC+CalibratedClassifierCV+Optuna,Merou1/Blockchain_Edh_cryptoCoin
NEG_01189,0,0,0,1489,3,0.024550973897118734,0,0.4108961462,LinearSVC+CalibratedClassifierCV+Optuna,merynoseth/moje-wlasne-sui
NEG_01192,0,0,0,1492,3,0.0006618554753504494,0,0.4108961462,LinearSVC+CalibratedClassifierCV+Optuna,metafy-social/web3-smart-contracts
NEG_01198,0,0,0,1498,3,0.0018884135927079713,0,0.4108961462,LinearSVC+CalibratedClassifierCV+Optuna,mhxw/crypto-sdk
NEG_01204,0,0,0,1504,3,0.0006180517656551309,0,0.4108961462,LinearSVC+CalibratedClassifierCV+Optuna,microgift/my-web3-projects
NEG_01210,0,0,0,1510,3,0.0020306815284087654,0,0.4108961462,LinearSVC+CalibratedClassifierCV+Optuna,mili12321/misterCrypto
NEG_01211,0,0,0,1511,3,0.36503884830225103,0,0.4108961462,LinearSVC+CalibratedClassifierCV+Optuna,militarandroid/cybersecurity_hack
NEG_01216,0,0,0,1516,3,0.0058123469774130875,0,0.4108961462,LinearSVC+CalibratedClassifierCV+Optuna,MitchPierias/advanced-eos-examples
NEG_01222,0,0,0,1522,3,0.006133397603096506,0,0.4108961462,LinearSVC+CalibratedClassifierCV+Optuna,modagavr/pancake-wizard
NEG_01226,0,0,0,1526,3,0.0017958928141022582,0,0.4108961462,LinearSVC+CalibratedClassifierCV+Optuna,mohitchandel/treasury-contract
NEG_01229,0,0,0,1529,3,0.004133470016686103,0,0.4108961462,LinearSVC+CalibratedClassifierCV+Optuna,mokshyaprotocol/aptos-nft-random-mint
NEG_01244,0,0,0,1544,3,0.2886717379273416,0,0.4108961462,LinearSVC+CalibratedClassifierCV+Optuna,mrfomoweb3/nft-wallet-tracker
NEG_01245,0,0,0,1545,3,0.0013869693577076572,0,0.4108961462,LinearSVC+CalibratedClassifierCV+Optuna,MrinalSingh04/solidity-production-contracts
NEG_01261,0,0,0,1561,3,0.0050990835291272185,0,0.4108961462,LinearSVC+CalibratedClassifierCV+Optuna,multiversx/mx-sdk-dapp-sc-explorer
NEG_01271,0,0,0,1571,3,0.003858775107096455,0,0.4108961462,LinearSVC+CalibratedClassifierCV+Optuna,mycelium-com/wallet-android
NEG_01283,0,0,0,1583,3,0.005347358271057292,0,0.4108961462,LinearSVC+CalibratedClassifierCV+Optuna,nashidahmed/registry-core
NEG_01289,0,0,0,1589,3,0.0006762192773327372,0,0.4108961462,LinearSVC+CalibratedClassifierCV+Optuna,NCRadtke00/Web3CryptoExchange
NEG_01290,0,0,0,1590,3,0.0005930010104670962,0,0.4108961462,LinearSVC+CalibratedClassifierCV+Optuna,ndsvw/Ethereum-Web3-SmartContract-HelloWorld
NEG_01292,0,0,0,1592,3,0.0045967142109595875,0,0.4108961462,LinearSVC+CalibratedClassifierCV+Optuna,nedasma/solidity-vuln-tests
NEG_01298,0,0,0,1598,3,0.01039480852373143,0,0.4108961462,LinearSVC+CalibratedClassifierCV+Optuna,net2devcrypto/Soroban-NextJS-Vote-dApp-with-Freighter
NEG_01299,0,0,0,1599,3,0.0024374851335514217,0,0.4108961462,LinearSVC+CalibratedClassifierCV+Optuna,NetSepio/evmcontracts
NEG_01301,0,0,0,1601,3,0.1276264342891553,0,0.4108961462,LinearSVC+CalibratedClassifierCV+Optuna,Neurproject/NeurProjects
NEG_01303,0,0,0,1603,3,0.006855008595023756,0,0.4108961462,LinearSVC+CalibratedClassifierCV+Optuna,Nexis-Network/nexis-network
NEG_01313,0,0,0,1613,3,0.0031811562559648367,0,0.4108961462,LinearSVC+CalibratedClassifierCV+Optuna,nicolasdelira/Projeto-de-cria-a-de-carteiras-bitcoin-na-testnet
NEG_01317,0,0,0,1617,3,0.006545055384112326,0,0.4108961462,LinearSVC+CalibratedClassifierCV+Optuna,nikunjtilva/cryptocoin-test-faucet-frontend
NEG_01323,0,0,0,1623,3,0.13591779201823848,0,0.4108961462,LinearSVC+CalibratedClassifierCV+Optuna,nirholas/lyra-web3-playground
NEG_01328,0,0,0,1628,3,0.01534942188521026,0,0.4108961462,LinearSVC+CalibratedClassifierCV+Optuna,Niweera/opensear
NEG_01334,0,0,0,1634,3,0.009367549757841508,0,0.4108961462,LinearSVC+CalibratedClassifierCV+Optuna,NodeFactoryIo/solidity-node-docker-starter
NEG_01336,0,0,0,1636,3,0.0011270124867943934,0,0.4108961462,LinearSVC+CalibratedClassifierCV+Optuna,noman-land/relike
NEG_01340,0,0,0,1640,3,0.005442957331668455,0,0.4108961462,LinearSVC+CalibratedClassifierCV+Optuna,Novus-Tech-LLC/Casino-Games
NEG_01342,0,0,0,1642,3,0.0036393525826095303,0,0.4108961462,LinearSVC+CalibratedClassifierCV+Optuna,nshmadhani/zkNFT
NEG_01344,0,0,0,1644,3,0.0024287498372120376,0,0.4108961462,LinearSVC+CalibratedClassifierCV+Optuna,null-none/django-eth-fields
NEG_01355,0,0,0,1655,3,0.0001993989071566401,0,0.4108961462,LinearSVC+CalibratedClassifierCV+Optuna,ogDAO/Optino
NEG_01361,0,0,0,1661,3,0.00040236695196862825,0,0.4108961462,LinearSVC+CalibratedClassifierCV+Optuna,okx/go-wallet-sdk
NEG_01364,0,0,0,1664,3,0.004276100128229468,0,0.4108961462,LinearSVC+CalibratedClassifierCV+Optuna,olegerr/currency
NEG_01370,0,0,0,1670,3,0.013832444739975266,0,0.4108961462,LinearSVC+CalibratedClassifierCV+Optuna,omsaraykar/crypto-wallet
NEG_01378,0,0,0,1678,3,0.0019890868780304944,0,0.4108961462,LinearSVC+CalibratedClassifierCV+Optuna,oparex/crypto_trader
NEG_01379,0,0,0,1679,3,0.05409357261603048,0,0.4108961462,LinearSVC+CalibratedClassifierCV+Optuna,opencodeiiita/CryptoWallet
NEG_01380,0,0,0,1680,3,0.0020027522645612982,0,0.4108961462,LinearSVC+CalibratedClassifierCV+Optuna,opencodeiiita/Learning-Smart-Contracts
NEG_01393,0,0,0,1693,3,0.018875504419906226,0,0.4108961462,LinearSVC+CalibratedClassifierCV+Optuna,oritwoen/ubichain
NEG_01412,0,0,0,1712,3,0.007416028613838793,0,0.4108961462,LinearSVC+CalibratedClassifierCV+Optuna,parsaaba/FukiPay
NEG_01414,0,0,0,1714,3,0.006475159111834092,0,0.4108961462,LinearSVC+CalibratedClassifierCV+Optuna,pat3icki/ExzoCoin-2-0
NEG_01417,0,0,0,1717,3,0.03446938613005477,0,0.4108961462,LinearSVC+CalibratedClassifierCV+Optuna,paulgconlon/blockchain-solidity-multi-sig-wallet
NEG_01419,0,0,0,1719,3,0.001448075500045945,0,0.4108961462,LinearSVC+CalibratedClassifierCV+Optuna,paulmillr/noble-curves
NEG_01446,0,0,0,1746,3,0.050574183941645166,0,0.4108961462,LinearSVC+CalibratedClassifierCV+Optuna,pmontaguevans/ethereum-angular6-cryptogap
NEG_01447,0,0,0,1747,3,0.0016060574881184434,0,0.4108961462,LinearSVC+CalibratedClassifierCV+Optuna,Pobepto/walle
NEG_01448,0,0,0,1748,3,0.011487075538048406,0,0.4108961462,LinearSVC+CalibratedClassifierCV+Optuna,pointbiz/bitaddress.org
NEG_01460,0,0,0,1760,3,0.002262228389730317,0,0.4108961462,LinearSVC+CalibratedClassifierCV+Optuna,prashantsingh55/ERC20-Tokens
NEG_01463,0,0,0,1763,3,0.013673882987874532,0,0.4108961462,LinearSVC+CalibratedClassifierCV+Optuna,pratikshappai/cryptos
NEG_01469,0,0,0,1769,3,0.00861854013504909,0,0.4108961462,LinearSVC+CalibratedClassifierCV+Optuna,ProgrammingPirates/Free_NFT_Drawing
NEG_01471,0,0,0,1771,3,0.006000718471624003,0,0.4108961462,LinearSVC+CalibratedClassifierCV+Optuna,ProjectOpenSea/nft-tutorial
NEG_01481,0,0,0,1781,3,0.02377754246232076,0,0.4108961462,LinearSVC+CalibratedClassifierCV+Optuna,pysznybimber/BASE-crypto-chain-killer
NEG_01490,0,0,0,1790,3,0.05127741461500451,0,0.4108961462,LinearSVC+CalibratedClassifierCV+Optuna,QuanTumfuryxl/ethereum-arbitrage-suite-1
NEG_01493,0,0,0,1793,3,8.683321018719916e-05,0,0.4108961462,LinearSVC+CalibratedClassifierCV+Optuna,Quillhash/QuillAudit_smart_contract_audit_Reports
NEG_01501,0,0,0,1801,3,0.0008688962493396422,0,0.4108961462,LinearSVC+CalibratedClassifierCV+Optuna,rafaelfgx/Blockchain
NEG_01503,0,0,0,1803,3,0.0003373852963452334,0,0.4108961462,LinearSVC+CalibratedClassifierCV+Optuna,raft-fi/contracts
NEG_01505,0,0,0,1805,3,0.035986001123423074,0,0.4108961462,LinearSVC+CalibratedClassifierCV+Optuna,Raiden1411/zabi
NEG_01507,0,0,0,1807,3,0.006474825374178449,0,0.4108961462,LinearSVC+CalibratedClassifierCV+Optuna,rainbow-me/rainbowkit
NEG_01510,0,0,0,1810,3,0.01238995667362496,0,0.4108961462,LinearSVC+CalibratedClassifierCV+Optuna,Rajeshwarkanawat/CryptoWallet
NEG_01512,0,0,0,1812,3,0.11371467509016436,0,0.4108961462,LinearSVC+CalibratedClassifierCV+Optuna,Rami8612/liquidity-orchestrator
NEG_01524,0,0,0,1824,3,0.003202958138008253,0,0.4108961462,LinearSVC+CalibratedClassifierCV+Optuna,rbubyr777/Ethereum
NEG_01532,0,0,0,1832,3,0.0013137245990144028,0,0.4108961462,LinearSVC+CalibratedClassifierCV+Optuna,RektifyAI/attack-playbook
NEG_01543,0,0,0,1843,3,0.0004965533959126246,0,0.4108961462,LinearSVC+CalibratedClassifierCV+Optuna,rgab1508/cryptoTSEC
NEG_01547,0,0,0,1847,3,0.0028206291048316462,0,0.4108961462,LinearSVC+CalibratedClassifierCV+Optuna,RigoBlock/v3-contracts
NEG_01548,0,0,0,1848,3,0.0005035448347783355,0,0.4108961462,LinearSVC+CalibratedClassifierCV+Optuna,risc0/risc0-ethereum
NEG_01550,0,0,0,1850,3,0.051125042004790906,0,0.4108961462,LinearSVC+CalibratedClassifierCV+Optuna,ritikhzb/blockchain_SmartContracts
NEG_01551,0,0,0,1851,3,0.0007443849067378612,0,0.4108961462,LinearSVC+CalibratedClassifierCV+Optuna,ritwik-1994/Blockchain
NEG_01552,0,0,0,1852,3,0.07047711688106066,0,0.4108961462,LinearSVC+CalibratedClassifierCV+Optuna,riyagoel192/Define-Blockchain-Python-
NEG_01553,0,0,0,1853,3,0.08061079886090533,0,0.4108961462,LinearSVC+CalibratedClassifierCV+Optuna,rk98991439/Cryptocurrency-Wallet
NEG_01559,0,0,0,1859,3,0.004098232353522875,0,0.4108961462,LinearSVC+CalibratedClassifierCV+Optuna,Robin2164/nft1
NEG_01561,0,0,0,1861,3,0.0036514387720878363,0,0.4108961462,LinearSVC+CalibratedClassifierCV+Optuna,rocksanen/crypto_smart_contracts
NEG_01562,0,0,0,1862,3,0.0023679812953256558,0,0.4108961462,LinearSVC+CalibratedClassifierCV+Optuna,RocktimRajkumar/CrowdFunding-Ethereum
NEG_01565,0,0,0,1865,3,0.0017778424810455235,0,0.4108961462,LinearSVC+CalibratedClassifierCV+Optuna,rohanranjan25061996/Wallet
NEG_01566,0,0,0,1866,3,0.032718519816866264,0,0.4108961462,LinearSVC+CalibratedClassifierCV+Optuna,Rohit04052004/aave-credit-scoring-analysis
NEG_01571,0,0,0,1871,3,0.023560086989495577,0,0.4108961462,LinearSVC+CalibratedClassifierCV+Optuna,RoseBayConsulting/Titan
NEG_01574,0,0,0,1874,3,0.008429223683564824,0,0.4108961462,LinearSVC+CalibratedClassifierCV+Optuna,rpardela/SmartContractAPIGenerator
NEG_01580,0,0,0,1880,3,0.1757900092767072,0,0.4108961462,LinearSVC+CalibratedClassifierCV+Optuna,rusty-web3-developer/Solana-Bitcoin-NFT-Dex-Defi-P2EGame-SmartContract-Web3-Projects
NEG_01586,0,0,0,1886,3,0.0006223563056175538,0,0.4108961462,LinearSVC+CalibratedClassifierCV+Optuna,Ryu204/crypto_rocket
NEG_01592,0,0,0,1892,3,0.01616290595218831,0,0.4108961462,LinearSVC+CalibratedClassifierCV+Optuna,saddle-finance/saddle-frontend
NEG_01607,0,0,0,1907,3,0.0002987840713798457,0,0.4108961462,LinearSVC+CalibratedClassifierCV+Optuna,sanyamdogra/crypto-wall-et
NEG_01608,0,0,0,1908,3,0.002665869403658728,0,0.4108961462,LinearSVC+CalibratedClassifierCV+Optuna,SarathAdhi/Online_Poll_Creator_Blockchain
NEG_01609,0,0,0,1909,3,0.0014424159017077237,0,0.4108961462,LinearSVC+CalibratedClassifierCV+Optuna,satansdeer/ethereum-token-tutorial
NEG_01613,0,0,0,1913,3,0.06100314138773649,0,0.4108961462,LinearSVC+CalibratedClassifierCV+Optuna,sava2109/Cryptography_project_PKI_smart_contract
NEG_01619,0,0,0,1919,3,0.2502638959647439,0,0.4108961462,LinearSVC+CalibratedClassifierCV+Optuna,scholtz/wallet
NEG_01625,0,0,0,1925,3,0.000998920614075874,0,0.4108961462,LinearSVC+CalibratedClassifierCV+Optuna,SebastienLeger02/CryptoZombies
NEG_01627,0,0,0,1927,3,0.0007373348177712684,0,0.4108961462,LinearSVC+CalibratedClassifierCV+Optuna,sebitokazu/wave-and-token-ranking-dApp
NEG_01640,0,0,0,1940,3,0.002915411207910885,0,0.4108961462,LinearSVC+CalibratedClassifierCV+Optuna,shaikat010/Gamefi-Chess-Dapp
NEG_01642,0,0,0,1942,3,0.010079678924138897,0,0.4108961462,LinearSVC+CalibratedClassifierCV+Optuna,Shakedash-dev/ReverseBlockChainShell
NEG_01652,0,0,0,1952,3,0.0008766624489001293,0,0.4108961462,LinearSVC+CalibratedClassifierCV+Optuna,ShivankK26/Solidity-Smart-Contracts
NEG_01657,0,0,0,1957,3,0.006583017815543997,0,0.4108961462,LinearSVC+CalibratedClassifierCV+Optuna,shriya-upadhyay/fight-on-chain
NEG_01658,0,0,0,1958,3,0.008172182241353552,0,0.4108961462,LinearSVC+CalibratedClassifierCV+Optuna,shubhamguptaiitd/bitcoin
NEG_01662,0,0,0,1962,3,0.004200695259366291,0,0.4108961462,LinearSVC+CalibratedClassifierCV+Optuna,sidebetxyz/crypto-chess
NEG_01666,0,0,0,1966,3,0.004761077393433189,0,0.4108961462,LinearSVC+CalibratedClassifierCV+Optuna,simplito/elliptic-php
NEG_01667,0,0,0,1967,3,0.005068693141885826,0,0.4108961462,LinearSVC+CalibratedClassifierCV+Optuna,SimSimButDifferent/hardhat-defi-fcc
NEG_01668,0,0,0,1968,3,0.01871548520621356,0,0.4108961462,LinearSVC+CalibratedClassifierCV+Optuna,sincerely91/simple-defi
NEG_01669,0,0,0,1969,3,0.0010786788177497338,0,0.4108961462,LinearSVC+CalibratedClassifierCV+Optuna,sirlopu/defi-stake-yield-brownie
NEG_01670,0,0,0,1970,3,0.0037690189944116757,0,0.4108961462,LinearSVC+CalibratedClassifierCV+Optuna,SkSamreen3/Organ-Matching-Transplantation-Blockchain-
NEG_01689,0,0,0,1989,3,0.0039060037218061248,0,0.4108961462,LinearSVC+CalibratedClassifierCV+Optuna,snannamu/E-Voting-System-Based-on-Ethereum-Blockchain-
NEG_01690,0,0,0,1990,3,0.00042142015566070165,0,0.4108961462,LinearSVC+CalibratedClassifierCV+Optuna,sntsabode/daisweb3.ts
NEG_01703,0,0,0,2003,3,0.07972567199060297,0,0.4108961462,LinearSVC+CalibratedClassifierCV+Optuna,SoshiCrmProject/btcyield-platform
NEG_01708,0,0,0,2008,3,0.0006833442111475536,0,0.4108961462,LinearSVC+CalibratedClassifierCV+Optuna,spesmilo/electrum
NEG_01716,0,0,0,2016,3,5.9678948118177325e-05,0,0.4108961462,LinearSVC+CalibratedClassifierCV+Optuna,sripwoud/ethernaut
NEG_01719,0,0,0,2019,3,0.000862858686546929,0,0.4108961462,LinearSVC+CalibratedClassifierCV+Optuna,Stacktical/stacktical-dsla-developer-toolkit
NEG_01720,0,0,0,2020,3,0.0002966696573123591,0,0.4108961462,LinearSVC+CalibratedClassifierCV+Optuna,stater-co/nft-lending-contracts
NEG_01737,0,0,0,2037,3,0.010951295313975177,0,0.4108961462,LinearSVC+CalibratedClassifierCV+Optuna,sumit03guha/smart-contracts-development-boilerplate
NEG_01744,0,0,0,2044,3,0.004018866186735929,0,0.4108961462,LinearSVC+CalibratedClassifierCV+Optuna,sunshineioxzc/nft-sales-tracking-bot
NEG_01756,0,0,0,2056,3,0.00022157800472878477,0,0.4108961462,LinearSVC+CalibratedClassifierCV+Optuna,swaponline/MultiCurrencyWallet
NEG_01761,0,0,0,2061,3,0.0014948512009019914,0,0.4108961462,LinearSVC+CalibratedClassifierCV+Optuna,Swizec/blockchain-redux
NEG_01764,0,0,0,2064,3,0.011483512037100227,0,0.4108961462,LinearSVC+CalibratedClassifierCV+Optuna,sxnuru/FentaCode
NEG_01767,0,0,0,2067,3,0.010170055493593056,0,0.4108961462,LinearSVC+CalibratedClassifierCV+Optuna,Synthetixio/SIPs
NEG_01778,0,0,0,2078,3,0.00036629236635285674,0,0.4108961462,LinearSVC+CalibratedClassifierCV+Optuna,tanujajoshi1/solidityContracts
NEG_01779,0,0,0,2079,3,0.0015094238792999566,0,0.4108961462,LinearSVC+CalibratedClassifierCV+Optuna,TanujJha/OpenD-NFT-Marketplace
NEG_01784,0,0,0,2084,3,0.03299506416825742,0,0.4108961462,LinearSVC+CalibratedClassifierCV+Optuna,TasmeTime/yt-react-next-ui-crypto-nft
NEG_01786,0,0,0,2086,3,0.08723939836980403,0,0.4108961462,LinearSVC+CalibratedClassifierCV+Optuna,tayyabappoly/bitcoin-wallet-that-uses-Neutrino
NEG_01791,0,0,0,2091,3,0.0013916251178702193,0,0.4108961462,LinearSVC+CalibratedClassifierCV+Optuna,teefeh-07/DefiDungeons
NEG_01803,0,0,0,2103,3,0.004244294656725205,0,0.4108961462,LinearSVC+CalibratedClassifierCV+Optuna,The-Poolz/LockDealNFT.Builders
NEG_01811,0,0,0,2111,3,0.0026727151606531756,0,0.4108961462,LinearSVC+CalibratedClassifierCV+Optuna,TheODDYSEY/Vending-Machine-Smart-Contract
NEG_01812,0,0,0,2112,3,0.0014697615842458973,0,0.4108961462,LinearSVC+CalibratedClassifierCV+Optuna,theshefer/NFT-lazy-minting
NEG_01815,0,0,0,2115,3,0.012496301921629866,0,0.4108961462,LinearSVC+CalibratedClassifierCV+Optuna,thoangln/Blockchain-SmartContract
NEG_01817,0,0,0,2117,3,0.0017646466873670827,0,0.4108961462,LinearSVC+CalibratedClassifierCV+Optuna,threshold-network/tbtc-v2
NEG_01824,0,0,0,2124,3,0.00046106033133493253,0,0.4108961462,LinearSVC+CalibratedClassifierCV+Optuna,TJ-2004/dechai
NEG_01828,0,0,0,2128,3,0.11327269510363418,0,0.4108961462,LinearSVC+CalibratedClassifierCV+Optuna,tomerweller/exp-tempo-clones
NEG_01833,0,0,0,2133,3,0.026230507082445547,0,0.4108961462,LinearSVC+CalibratedClassifierCV+Optuna,Topten1004/DoubleDice-Platform
NEG_01840,0,0,0,2140,3,0.0038319843864906035,0,0.4108961462,LinearSVC+CalibratedClassifierCV+Optuna,tradingstrategy-ai/trade-executor
NEG_01854,0,0,0,2154,3,0.0812593812112254,0,0.4108961462,LinearSVC+CalibratedClassifierCV+Optuna,TShanku/linked-chain
NEG_01856,0,0,0,2156,3,0.006266178955491284,0,0.4108961462,LinearSVC+CalibratedClassifierCV+Optuna,tunnckoCore/bitcoin-connect
NEG_01857,0,0,0,2157,3,0.0008191205452907699,0,0.4108961462,LinearSVC+CalibratedClassifierCV+Optuna,turbo-eth/template-bank-app
NEG_01859,0,0,0,2159,3,0.014124185667081937,0,0.4108961462,LinearSVC+CalibratedClassifierCV+Optuna,TW2541/Solidity_Web3_Practice_Python
NEG_01870,0,0,0,2170,3,0.004417937948481519,0,0.4108961462,LinearSVC+CalibratedClassifierCV+Optuna,uhsr/CryptoSecurityToolkit
NEG_01872,0,0,0,2172,3,0.014551646461475243,0,0.4108961462,LinearSVC+CalibratedClassifierCV+Optuna,uhsr/NftMetadataIndexerTechNext
NEG_01879,0,0,0,2179,3,0.014667029617019848,0,0.4108961462,LinearSVC+CalibratedClassifierCV+Optuna,UssCalSst41/Xyn-SeedWatcher-Crypto-Balance-Checker-Searcher-MultiCoin
NEG_01889,0,0,0,2189,3,0.006179935973832475,0,0.4108961462,LinearSVC+CalibratedClassifierCV+Optuna,vdsalexandre/CryptoZombies
NEG_01892,0,0,0,2192,3,0.0012402539915439374,0,0.4108961462,LinearSVC+CalibratedClassifierCV+Optuna,ved-et9/Blockchain_web3
NEG_01897,0,0,0,2197,3,0.0005914008878306943,0,0.4108961462,LinearSVC+CalibratedClassifierCV+Optuna,VeloraDEX/sdk
NEG_01910,0,0,0,2210,3,0.40812718144937604,0,0.4108961462,LinearSVC+CalibratedClassifierCV+Optuna,vilicvane/megnat
NEG_01911,0,0,0,2211,3,0.010631208567416145,0,0.4108961462,LinearSVC+CalibratedClassifierCV+Optuna,vinnyhoward/rn-crypto-wallet
NEG_01912,0,0,0,2212,3,0.006191289893045091,0,0.4108961462,LinearSVC+CalibratedClassifierCV+Optuna,viperadnan-git/blockdoc
NEG_01916,0,0,0,2216,3,0.010933177150993215,0,0.4108961462,LinearSVC+CalibratedClassifierCV+Optuna,VishviThrimavithana/crypto-arbitrage-bot
NEG_01920,0,0,0,2220,3,0.00042973497244217065,0,0.4108961462,LinearSVC+CalibratedClassifierCV+Optuna,VitalR/NFTLazyMinting
NEG_01921,0,0,0,2221,3,9.849939124814508e-05,0,0.4108961462,LinearSVC+CalibratedClassifierCV+Optuna,VitalR/Uniswap
NEG_01928,0,0,0,2228,3,0.0006138280637157233,0,0.4108961462,LinearSVC+CalibratedClassifierCV+Optuna,vjgaur/NFT-Ethereum-Polygon-Marketplace
NEG_01930,0,0,0,2230,3,0.003235829484933309,0,0.4108961462,LinearSVC+CalibratedClassifierCV+Optuna,vmeazevedo/myCrypto_MercadoBitcoin
NEG_01943,0,0,0,2243,3,0.002304038585246193,0,0.4108961462,LinearSVC+CalibratedClassifierCV+Optuna,Walletika/walletika-contracts
NEG_01950,0,0,0,2250,3,0.00016634150976971415,0,0.4108961462,LinearSVC+CalibratedClassifierCV+Optuna,wardu/Crypto-Resources
NEG_01953,0,0,0,2253,3,0.005034295910297363,0,0.4108961462,LinearSVC+CalibratedClassifierCV+Optuna,wcoelho/BitcoinMinerPrototype
NEG_01959,0,0,0,2259,3,0.000145019785841617,0,0.4108961462,LinearSVC+CalibratedClassifierCV+Optuna,web3brasil/web3brasil
NEG_01962,0,0,0,2262,3,0.015257543759618053,0,0.4108961462,LinearSVC+CalibratedClassifierCV+Optuna,web3gamesofficial/web3games-contract-solidity
NEG_01963,0,0,0,2263,3,0.11679063946910517,0,0.4108961462,LinearSVC+CalibratedClassifierCV+Optuna,web3inventor/web3-wallet-brute-force-cracking
NEG_01970,0,0,0,2270,3,0.005586842103552277,0,0.4108961462,LinearSVC+CalibratedClassifierCV+Optuna,wencio/python_solidity_Web3_examples
NEG_01971,0,0,0,2271,3,0.25000205893135974,0,0.4108961462,LinearSVC+CalibratedClassifierCV+Optuna,westhoronhp15/HOW-TO-MINING-BTC-2025
NEG_01979,0,0,0,2279,3,0.00603609926458475,0,0.4108961462,LinearSVC+CalibratedClassifierCV+Optuna,wizardsardine/liana
NEG_01980,0,0,0,2280,3,0.008695206048199738,0,0.4108961462,LinearSVC+CalibratedClassifierCV+Optuna,wpdas/kibi-greeting-contract
NEG_01981,0,0,0,2281,3,0.00011828789957691686,0,0.4108961462,LinearSVC+CalibratedClassifierCV+Optuna,wsdt/WavectToken
NEG_01985,0,0,0,2285,3,0.0005793765620629364,0,0.4108961462,LinearSVC+CalibratedClassifierCV+Optuna,xabzxbt/brass-hands
NEG_01988,0,0,0,2288,3,0.06470279066195996,0,0.4108961462,LinearSVC+CalibratedClassifierCV+Optuna,xaviersins/CryptoMesh
NEG_01992,0,0,0,2292,3,0.0005662922383481047,0,0.4108961462,LinearSVC+CalibratedClassifierCV+Optuna,xeoneux/generation-blockchain-crypto-tracker
NEG_02003,0,0,0,2303,3,0.007361525945884441,0,0.4108961462,LinearSVC+CalibratedClassifierCV+Optuna,y-chan/handmade_blockchain
NEG_02006,0,0,0,2306,3,0.0022149454901085374,0,0.4108961462,LinearSVC+CalibratedClassifierCV+Optuna,yann1ckv/Marketplace_dapp
NEG_02012,0,0,0,2312,3,0.008473533107333701,0,0.4108961462,LinearSVC+CalibratedClassifierCV+Optuna,YassineMharrek/Phenicia-Metaverse
NEG_02022,0,0,0,2322,3,0.0036931430777642493,0,0.4108961462,LinearSVC+CalibratedClassifierCV+Optuna,yogdaan/blockchain-certification
NEG_02025,0,0,0,2325,3,0.00041456188070933286,0,0.4108961462,LinearSVC+CalibratedClassifierCV+Optuna,YosephKS/moralis-opensea-plugins
NEG_02028,0,0,0,2328,3,0.000586923097301787,0,0.4108961462,LinearSVC+CalibratedClassifierCV+Optuna,ysongh/blockchain-on-restaurant-client
NEG_02032,0,0,0,2332,3,0.0018115959754988712,0,0.4108961462,LinearSVC+CalibratedClassifierCV+Optuna,yuzushioh/EthereumKit
NEG_02038,0,0,0,2338,3,0.0019002951151473387,0,0.4108961462,LinearSVC+CalibratedClassifierCV+Optuna,zeriontech/defi-sdk-js
NEG_02050,0,0,0,2350,3,0.0007601154888238491,0,0.4108961462,LinearSVC+CalibratedClassifierCV+Optuna,ZuInnoTe/spark-hadoopcryptoledger-ds
NEG_02051,0,0,0,2351,3,0.039929433312765196,0,0.4108961462,LinearSVC+CalibratedClassifierCV+Optuna,Zynora06JaA7/Arb-Script
F1_pumpfun_clone,1,1,0,0,4,0.999062701297243,1,0.3535560717,LinearSVC+CalibratedClassifierCV+Optuna,2723799947qq2022/solana-pumpfun-bot
F1_pumpfun_clone,1,1,0,1,4,0.9966530479673009,1,0.3535560717,LinearSVC+CalibratedClassifierCV+Optuna,2kwkkk/solana-pumpfun-bot
F1_pumpfun_clone,1,1,0,2,4,0.9991967715894199,1,0.3535560717,LinearSVC+CalibratedClassifierCV+Optuna,790659193qqch/solana-pumpfun-bot
F1_pumpfun_clone,1,1,0,3,4,0.9986427586235692,1,0.3535560717,LinearSVC+CalibratedClassifierCV+Optuna,7arlystar/solana-pumpfun-bot
F1_pumpfun_clone,1,1,0,4,4,0.9985297677479132,1,0.3535560717,LinearSVC+CalibratedClassifierCV+Optuna,918715c83/solana-pumpfun-bot
F1_pumpfun_clone,1,1,0,6,4,0.9995779017750274,1,0.3535560717,LinearSVC+CalibratedClassifierCV+Optuna,AmirhBeigi7zch6f/solana-pumpfun-bot
F1_pumpfun_clone,1,1,0,8,4,0.9993935300989195,1,0.3535560717,LinearSVC+CalibratedClassifierCV+Optuna,asmaamohamed0264/solana-pumpfun-bot
F1_pumpfun_clone,1,1,0,9,4,0.9984336911373747,1,0.3535560717,LinearSVC+CalibratedClassifierCV+Optuna,bog-us/solana-pumpfun-bot
F1_pumpfun_clone,1,1,0,12,4,0.9990756167059772,1,0.3535560717,LinearSVC+CalibratedClassifierCV+Optuna,edparker89/solana-pumpfun-bot
F1_pumpfun_clone,1,1,0,16,4,0.9975909617205149,1,0.3535560717,LinearSVC+CalibratedClassifierCV+Optuna,ii4272/solana-pumpfun-bot
F1_pumpfun_clone,1,1,0,17,4,0.9975444899320042,1,0.3535560717,LinearSVC+CalibratedClassifierCV+Optuna,ijtye/solana-pumpfun-bot
F1_pumpfun_clone,1,1,0,18,4,0.9989393493019972,1,0.3535560717,LinearSVC+CalibratedClassifierCV+Optuna,iwanjunaids/solana-pumpfun-bot
F1_pumpfun_clone,1,1,0,19,4,0.9987452508245287,1,0.3535560717,LinearSVC+CalibratedClassifierCV+Optuna,janmalece/solana-pumpfun-bot
F1_pumpfun_clone,1,1,0,20,4,0.9983749970553918,1,0.3535560717,LinearSVC+CalibratedClassifierCV+Optuna,kay2x4/solana-pumpfun-bot
F1_pumpfun_clone,1,1,0,22,4,0.9992131281559575,1,0.3535560717,LinearSVC+CalibratedClassifierCV+Optuna,lan666as2dfur/solana-pumpfun-bot
F1_pumpfun_clone,1,1,0,23,4,0.9986834392063488,1,0.3535560717,LinearSVC+CalibratedClassifierCV+Optuna,loveccat/solana-pumpfun-bot
F1_pumpfun_clone,1,1,0,24,4,0.9987375756526699,1,0.3535560717,LinearSVC+CalibratedClassifierCV+Optuna,lukgria/solana-pumpfun-bot
F1_pumpfun_clone,1,1,0,25,4,0.9996229096072153,1,0.3535560717,LinearSVC+CalibratedClassifierCV+Optuna,mdemetrial26rvk9w/solana-pumpfun-bot
F1_pumpfun_clone,1,1,0,31,4,0.9984814627772359,1,0.3535560717,LinearSVC+CalibratedClassifierCV+Optuna,oumengwas/solana-pumpfun-bot
F1_pumpfun_clone,1,1,0,32,4,0.9988947110154959,1,0.3535560717,LinearSVC+CalibratedClassifierCV+Optuna,Rain-Rave5/solana-pumpfun-bot
F1_pumpfun_clone,1,1,0,38,4,0.9992801417096677,1,0.3535560717,LinearSVC+CalibratedClassifierCV+Optuna,wc64561673347375/solana-pumpfun-bot
F1_pumpfun_clone,1,1,0,39,4,0.9985198513718876,1,0.3535560717,LinearSVC+CalibratedClassifierCV+Optuna,wj6942/solana-pumpfun-bot
F1_pumpfun_clone,1,1,0,40,4,0.9991831819618463,1,0.3535560717,LinearSVC+CalibratedClassifierCV+Optuna,xnaotutu77765/solana-pumpfun-bot
F1_pumpfun_clone,1,1,0,42,4,0.9989953027291167,1,0.3535560717,LinearSVC+CalibratedClassifierCV+Optuna,yvagSirKt/solana-pumpfun-bot
F1_pumpfun_clone,1,0,1,45,4,0.9995658818256109,1,0.3535560717,LinearSVC+CalibratedClassifierCV+Optuna,2723799947qq2022t/solana-pumpfun-bot
F1_pumpfun_clone,1,0,1,46,4,0.9965780459448839,1,0.3535560717,LinearSVC+CalibratedClassifierCV+Optuna,2kwkk/solana-pumpfun-bot
F1_pumpfun_clone,1,0,1,47,4,0.9994018469547811,1,0.3535560717,LinearSVC+CalibratedClassifierCV+Optuna,790659193qqch2/solana-pumpfun-bot
F1_pumpfun_clone,1,0,1,48,4,0.9990291922358335,1,0.3535560717,LinearSVC+CalibratedClassifierCV+Optuna,7arlysta/solana-pumpfun-bot
F1_pumpfun_clone,1,0,1,49,4,0.9978783898010596,1,0.3535560717,LinearSVC+CalibratedClassifierCV+Optuna,918715c8/solana-pumpfun-bot
F1_pumpfun_clone,1,0,1,50,4,0.9995878933822423,1,0.3535560717,LinearSVC+CalibratedClassifierCV+Optuna,AmirhBeigi7zch6ff/solana-pumpfun-bot
F1_pumpfun_clone,1,0,1,51,4,0.9993413712637857,1,0.3535560717,LinearSVC+CalibratedClassifierCV+Optuna,asmaamohamed0264a/solana-pumpfun-bot
F1_pumpfun_clone,1,0,1,52,4,0.9982736045409214,1,0.3535560717,LinearSVC+CalibratedClassifierCV+Optuna,bogus/solana-pumpfun-bot
F1_pumpfun_clone,1,0,1,53,4,0.998531481167217,1,0.3535560717,LinearSVC+CalibratedClassifierCV+Optuna,edparker89t/solana-pumpfun-bot
F1_pumpfun_clone,1,0,1,54,4,0.9972345856972513,1,0.3535560717,LinearSVC+CalibratedClassifierCV+Optuna,ii427/solana-pumpfun-bot
F1_pumpfun_clone,1,0,1,55,4,0.9981924300403812,1,0.3535560717,LinearSVC+CalibratedClassifierCV+Optuna,ijty/solana-pumpfun-bot
F1_pumpfun_clone,1,0,1,56,4,0.9988489956026996,1,0.3535560717,LinearSVC+CalibratedClassifierCV+Optuna,iwanjunaid/solana-pumpfun-bot
F1_pumpfun_clone,1,0,1,57,4,0.999383224331277,1,0.3535560717,LinearSVC+CalibratedClassifierCV+Optuna,janmalece2/solana-pumpfun-bot
F1_pumpfun_clone,1,0,1,58,4,0.9991537712510068,1,0.3535560717,LinearSVC+CalibratedClassifierCV+Optuna,kay2x42/solana-pumpfun-bot
F1_pumpfun_clone,1,0,1,59,4,0.998920040983139,1,0.3535560717,LinearSVC+CalibratedClassifierCV+Optuna,lan666as2dfu/solana-pumpfun-bot
F1_pumpfun_clone,1,0,1,60,4,0.999138774852521,1,0.3535560717,LinearSVC+CalibratedClassifierCV+Optuna,loveccat2/solana-pumpfun-bot
F1_pumpfun_clone,1,0,1,61,4,0.9991837447340631,1,0.3535560717,LinearSVC+CalibratedClassifierCV+Optuna,lukgrial/solana-pumpfun-bot
F1_pumpfun_clone,1,0,1,62,4,0.9996614401387314,1,0.3535560717,LinearSVC+CalibratedClassifierCV+Optuna,mdemetrial26rvk9wz/solana-pumpfun-bot
F1_pumpfun_clone,1,0,1,63,4,0.9984677021222872,1,0.3535560717,LinearSVC+CalibratedClassifierCV+Optuna,oumengwas2/solana-pumpfun-bot
F1_pumpfun_clone,1,0,1,64,4,0.9989308940199977,1,0.3535560717,LinearSVC+CalibratedClassifierCV+Optuna,RainRave5/solana-pumpfun-bot
F1_pumpfun_clone,1,0,1,65,4,0.9994541759320592,1,0.3535560717,LinearSVC+CalibratedClassifierCV+Optuna,wc645616733473752/solana-pumpfun-bot
F1_pumpfun_clone,1,0,1,66,4,0.9985668427921356,1,0.3535560717,LinearSVC+CalibratedClassifierCV+Optuna,wj69422/solana-pumpfun-bot
F1_pumpfun_clone,1,0,1,67,4,0.9992884738935204,1,0.3535560717,LinearSVC+CalibratedClassifierCV+Optuna,xnaotutu777652/solana-pumpfun-bot
F1_pumpfun_clone,1,0,1,68,4,0.9994822576026706,1,0.3535560717,LinearSVC+CalibratedClassifierCV+Optuna,yvagSirKt6/solana-pumpfun-bot
F1_pumpfun_clone,1,0,1,69,4,0.9985756761040451,1,0.3535560717,LinearSVC+CalibratedClassifierCV+Optuna,2723799947qq202/solana-pumpfun-bot
F1_pumpfun_clone,1,0,1,70,4,0.9965619845107808,1,0.3535560717,LinearSVC+CalibratedClassifierCV+Optuna,2kwkkk2/solana-pumpfun-bot
F1_pumpfun_clone,1,0,1,71,4,0.999561824502042,1,0.3535560717,LinearSVC+CalibratedClassifierCV+Optuna,790659193qqch3/solana-pumpfun-bot
F1_pumpfun_clone,1,0,1,72,4,0.9990753003852951,1,0.3535560717,LinearSVC+CalibratedClassifierCV+Optuna,7arlystart/solana-pumpfun-bot
F1_pumpfun_clone,1,0,1,73,4,0.9987962285873623,1,0.3535560717,LinearSVC+CalibratedClassifierCV+Optuna,918715c832/solana-pumpfun-bot
F1_pumpfun_clone,1,0,1,74,4,0.9996475093937564,1,0.3535560717,LinearSVC+CalibratedClassifierCV+Optuna,AmirhBeigi7zch6f2/solana-pumpfun-bot
F1_pumpfun_clone,1,0,1,75,4,0.999654098693091,1,0.3535560717,LinearSVC+CalibratedClassifierCV+Optuna,asmaamohamed026/solana-pumpfun-bot
F1_pumpfun_clone,1,0,1,76,4,0.998695796397021,1,0.3535560717,LinearSVC+CalibratedClassifierCV+Optuna,bogusyc/solana-pumpfun-bot
F1_pumpfun_clone,1,0,1,77,4,0.9986052405116957,1,0.3535560717,LinearSVC+CalibratedClassifierCV+Optuna,edparker8/solana-pumpfun-bot
F1_pumpfun_clone,1,0,1,78,4,0.998284151346072,1,0.3535560717,LinearSVC+CalibratedClassifierCV+Optuna,ii4273/solana-pumpfun-bot
F1_pumpfun_clone,1,0,1,79,4,0.9982401542373588,1,0.3535560717,LinearSVC+CalibratedClassifierCV+Optuna,ijtye2/solana-pumpfun-bot
F1_pumpfun_clone,1,0,1,80,4,0.9993470859753577,1,0.3535560717,LinearSVC+CalibratedClassifierCV+Optuna,iwanjunaidst/solana-pumpfun-bot
NEG_00004,0,0,0,304,4,0.10304429786506854,0,0.3535560717,LinearSVC+CalibratedClassifierCV+Optuna,0x-Crisbanks/panda-Web3-smart-contract-auditor-
NEG_00009,0,0,0,309,4,0.0035000977888011565,0,0.3535560717,LinearSVC+CalibratedClassifierCV+Optuna,0xDeadList/0xDeadList
NEG_00011,0,0,0,311,4,0.0004304418410483374,0,0.3535560717,LinearSVC+CalibratedClassifierCV+Optuna,0xefrain/Bsc-bootcamp
NEG_00016,0,0,0,316,4,0.0007790997420335476,0,0.3535560717,LinearSVC+CalibratedClassifierCV+Optuna,0xhappydev/evm-explorer-uniswap
NEG_00017,0,0,0,317,4,6.137573033053997e-36,0,0.3535560717,LinearSVC+CalibratedClassifierCV+Optuna,0xinevitable/bento
NEG_00019,0,0,0,319,4,0.00015179167023769336,0,0.3535560717,LinearSVC+CalibratedClassifierCV+Optuna,0xJonaseb11/Meta-suite
NEG_00022,0,0,0,322,4,3.9741256699240895e-05,0,0.3535560717,LinearSVC+CalibratedClassifierCV+Optuna,0xLabs-Org/DeHarvest
NEG_00028,0,0,0,328,4,0.0006111957314031898,0,0.3535560717,LinearSVC+CalibratedClassifierCV+Optuna,0xRajkumar/damn-vulnerable-defi-solutions
NEG_00035,0,0,0,335,4,0.019748584781923834,0,0.3535560717,LinearSVC+CalibratedClassifierCV+Optuna,10gic/vanitygen-plusplus
NEG_00036,0,0,0,336,4,4.874317717635012e-06,0,0.3535560717,LinearSVC+CalibratedClassifierCV+Optuna,1200wd/bitcoinlib
NEG_00038,0,0,0,338,4,0.33367076938806806,0,0.3535560717,LinearSVC+CalibratedClassifierCV+Optuna,1Crazymoney/ethNearMarketplace
NEG_00046,0,0,0,346,4,0.0004380667267093897,0,0.3535560717,LinearSVC+CalibratedClassifierCV+Optuna,6sl3pt/ethereum-data-analytics
NEG_00050,0,0,0,350,4,0.00018440995294592626,0,0.3535560717,LinearSVC+CalibratedClassifierCV+Optuna,a3igner/dixie-coin
NEG_00057,0,0,0,357,4,0.00041477444432106575,0,0.3535560717,LinearSVC+CalibratedClassifierCV+Optuna,aave/governance-crosschain-bridges
NEG_00061,0,0,0,361,4,0.038469109738564856,0,0.3535560717,LinearSVC+CalibratedClassifierCV+Optuna,abdurrazzak5621/neonops-ai
NEG_00062,0,0,0,362,4,0.009009841254989348,0,0.3535560717,LinearSVC+CalibratedClassifierCV+Optuna,abhi-rawal/aave_credit_scoring
NEG_00075,0,0,0,375,4,0.000899500299844848,0,0.3535560717,LinearSVC+CalibratedClassifierCV+Optuna,adameth2900/ETH
NEG_00079,0,0,0,379,4,0.001024795789496824,0,0.3535560717,LinearSVC+CalibratedClassifierCV+Optuna,adilsachwani/web3ForSmartContracts
NEG_00089,0,0,0,389,4,0.05655170950977212,0,0.3535560717,LinearSVC+CalibratedClassifierCV+Optuna,Adrijan-Petek/onchain-nft-art
NEG_00090,0,0,0,390,4,0.0010447370674852724,0,0.3535560717,LinearSVC+CalibratedClassifierCV+Optuna,Adrijan-Petek/portfolio-tracker-pnl
NEG_00093,0,0,0,393,4,0.00013917067617751937,0,0.3535560717,LinearSVC+CalibratedClassifierCV+Optuna,adwait2001/Mint-NFT
NEG_00108,0,0,0,408,4,0.08508465240241604,0,0.3535560717,LinearSVC+CalibratedClassifierCV+Optuna,ahmedali8/solspeakai
NEG_00114,0,0,0,414,4,0.0018029647844534785,0,0.3535560717,LinearSVC+CalibratedClassifierCV+Optuna,AidosKuneen/aidos-wallet-v1
NEG_00116,0,0,0,416,4,0.012491184026410118,0,0.3535560717,LinearSVC+CalibratedClassifierCV+Optuna,aiLeonardo/cryptotips
NEG_00119,0,0,0,419,4,0.0018314375668652255,0,0.3535560717,LinearSVC+CalibratedClassifierCV+Optuna,Ajitabh-Kalia/Ethereum-Wallet
NEG_00127,0,0,0,427,4,0.003539881818084871,0,0.3535560717,LinearSVC+CalibratedClassifierCV+Optuna,akshit0201/Web3-Ethereum
NEG_00133,0,0,0,433,4,0.0005840917986263032,0,0.3535560717,LinearSVC+CalibratedClassifierCV+Optuna,alejoacosta74/ethereum-farming-example
NEG_00145,0,0,0,445,4,0.0022638291607290583,0,0.3535560717,LinearSVC+CalibratedClassifierCV+Optuna,alfonsrv/crypto-tracker
NEG_00149,0,0,0,449,4,0.00717128296723575,0,0.3535560717,LinearSVC+CalibratedClassifierCV+Optuna,aliezzahn/crypto-price-correlation-matrix
NEG_00153,0,0,0,453,4,0.00019031504504263532,0,0.3535560717,LinearSVC+CalibratedClassifierCV+Optuna,alisidaniel/Defi
NEG_00154,0,0,0,454,4,0.014113669415743017,0,0.3535560717,LinearSVC+CalibratedClassifierCV+Optuna,alissonfernandes/bitcoin-wallet
NEG_00157,0,0,0,457,4,0.002510113208713804,0,0.3535560717,LinearSVC+CalibratedClassifierCV+Optuna,aloshai/aequi-monorepo
NEG_00159,0,0,0,459,4,6.50319904074666e-05,0,0.3535560717,LinearSVC+CalibratedClassifierCV+Optuna,alpdevcode/ethereum-multisig-wallet
NEG_00169,0,0,0,469,4,0.0027272616048568538,0,0.3535560717,LinearSVC+CalibratedClassifierCV+Optuna,Amr-9/HexHunter
NEG_00172,0,0,0,472,4,0.26943354636444145,0,0.3535560717,LinearSVC+CalibratedClassifierCV+Optuna,AnalytixAudit/Solidity
NEG_00176,0,0,0,476,4,0.000216584510342114,0,0.3535560717,LinearSVC+CalibratedClassifierCV+Optuna,andreitoma8/legendary-owls-smart-contract
NEG_00180,0,0,0,480,4,0.0015077981382788771,0,0.3535560717,LinearSVC+CalibratedClassifierCV+Optuna,angelcatanzariti1/web3_py_example
NEG_00190,0,0,0,490,4,7.121673576790999e-06,0,0.3535560717,LinearSVC+CalibratedClassifierCV+Optuna,antoniopgs/tangible
NEG_00191,0,0,0,491,4,0.07445210358689164,0,0.3535560717,LinearSVC+CalibratedClassifierCV+Optuna,anudeeep4/Decentralized-Identity-Project
NEG_00217,0,0,0,517,4,0.016948339007907733,0,0.3535560717,LinearSVC+CalibratedClassifierCV+Optuna,Arowolokehinde/STX-TIP
NEG_00223,0,0,0,523,4,0.004453706381108986,0,0.3535560717,LinearSVC+CalibratedClassifierCV+Optuna,arthur0725/CryptoZombie
NEG_00234,0,0,0,534,4,0.009074617544950448,0,0.3535560717,LinearSVC+CalibratedClassifierCV+Optuna,AshutoshShekharProjects/Blockchain-Solidity
NEG_00245,0,0,0,545,4,0.0015943386522624715,0,0.3535560717,LinearSVC+CalibratedClassifierCV+Optuna,AuxillaryLord/Smart-Contracts
NEG_00255,0,0,0,555,4,0.0002920822761991099,0,0.3535560717,LinearSVC+CalibratedClassifierCV+Optuna,azerpas/prescurity-blockchain
NEG_00257,0,0,0,557,4,0.0001118160625875104,0,0.3535560717,LinearSVC+CalibratedClassifierCV+Optuna,Baat-Maan/defiBasic
NEG_00263,0,0,0,563,4,0.23449987631542835,0,0.3535560717,LinearSVC+CalibratedClassifierCV+Optuna,balancer/scaffold-balancer-v3
NEG_00264,0,0,0,564,4,0.00015830471138451698,0,0.3535560717,LinearSVC+CalibratedClassifierCV+Optuna,balive053/blockchainFromScratch
NEG_00268,0,0,0,568,4,0.0017790576521635258,0,0.3535560717,LinearSVC+CalibratedClassifierCV+Optuna,bansaltushar014/Chapter-Solidity
NEG_00278,0,0,0,578,4,0.04658250780043358,0,0.3535560717,LinearSVC+CalibratedClassifierCV+Optuna,beeman/solana-mobile-seeker-genesis-holders
NEG_00284,0,0,0,584,4,0.02116824170510884,0,0.3535560717,LinearSVC+CalibratedClassifierCV+Optuna,benzemeze1-art/nft-rarity-tracker-2
NEG_00301,0,0,0,601,4,0.01969057303651355,0,0.3535560717,LinearSVC+CalibratedClassifierCV+Optuna,bitcoin-flasher/flasher-smart-contracts
NEG_00304,0,0,0,604,4,0.0008303976235593697,0,0.3535560717,LinearSVC+CalibratedClassifierCV+Optuna,bitcoinaverage/api-integration-examples
NEG_00313,0,0,0,613,4,0.007013425848308354,0,0.3535560717,LinearSVC+CalibratedClassifierCV+Optuna,blakewood84/react-metamask-medium
NEG_00320,0,0,0,620,4,0.002136560619897063,0,0.3535560717,LinearSVC+CalibratedClassifierCV+Optuna,Blockchain-for-Developers/sp18-midterm-pt2
NEG_00335,0,0,0,635,4,0.003423373232488324,0,0.3535560717,LinearSVC+CalibratedClassifierCV+Optuna,Bottom-Labs/wallet-core
NEG_00338,0,0,0,638,4,5.462841114475575e-05,0,0.3535560717,LinearSVC+CalibratedClassifierCV+Optuna,BraianVaylet/buildspace-epic-nfts-ui
NEG_00340,0,0,0,640,4,0.0006722930396020867,0,0.3535560717,LinearSVC+CalibratedClassifierCV+Optuna,brendanjryan/crypto-keystore-rs
NEG_00347,0,0,0,647,4,5.360664040348341e-05,0,0.3535560717,LinearSVC+CalibratedClassifierCV+Optuna,btcsuite/btcwallet
NEG_00356,0,0,0,656,4,0.0876461957334068,0,0.3535560717,LinearSVC+CalibratedClassifierCV+Optuna,Bytez3/MEDiscordBuySell
NEG_00357,0,0,0,657,4,0.019334665345259766,0,0.3535560717,LinearSVC+CalibratedClassifierCV+Optuna,bzthelmaeddins54/headlee
NEG_00369,0,0,0,669,4,0.002421998135803865,0,0.3535560717,LinearSVC+CalibratedClassifierCV+Optuna,carlosgauci/crypto-track
NEG_00372,0,0,0,672,4,0.001826629574126665,0,0.3535560717,LinearSVC+CalibratedClassifierCV+Optuna,catze-labs/jury-dao-web
NEG_00373,0,0,0,673,4,0.002933295034621442,0,0.3535560717,LinearSVC+CalibratedClassifierCV+Optuna,cawfree/web3-react-native
NEG_00386,0,0,0,686,4,0.005652147425257183,0,0.3535560717,LinearSVC+CalibratedClassifierCV+Optuna,charlo1492charlo14928/NFT-Yield-Farming
NEG_00389,0,0,0,689,4,0.012834500561834683,0,0.3535560717,LinearSVC+CalibratedClassifierCV+Optuna,chauhan-varun/Account-abstraction
NEG_00395,0,0,0,695,4,0.005926480992865577,0,0.3535560717,LinearSVC+CalibratedClassifierCV+Optuna,Chirag21/CryptoZombies-solidity-v0.8.16
NEG_00396,0,0,0,696,4,0.002326181576715096,0,0.3535560717,LinearSVC+CalibratedClassifierCV+Optuna,chjj/mako
NEG_00399,0,0,0,699,4,0.21944624509641852,0,0.3535560717,LinearSVC+CalibratedClassifierCV+Optuna,ChocoChichia/bitcoin-wallet
NEG_00407,0,0,0,707,4,0.00047847508073922636,0,0.3535560717,LinearSVC+CalibratedClassifierCV+Optuna,CJpaekil/nft-marketplace-ERC721
NEG_00412,0,0,0,712,4,0.0002835347385525708,0,0.3535560717,LinearSVC+CalibratedClassifierCV+Optuna,ClusterH/Memories-NFT
NEG_00417,0,0,0,717,4,0.00045909144627607644,0,0.3535560717,LinearSVC+CalibratedClassifierCV+Optuna,Code-Decoders/specter-defi-near
NEG_00431,0,0,0,731,4,0.00011062287491940837,0,0.3535560717,LinearSVC+CalibratedClassifierCV+Optuna,CoinSpace/CoinSpace
NEG_00443,0,0,0,743,4,0.0047521127938631854,0,0.3535560717,LinearSVC+CalibratedClassifierCV+Optuna,Consensys/defi-score
NEG_00444,0,0,0,744,4,0.017930956453417857,0,0.3535560717,LinearSVC+CalibratedClassifierCV+Optuna,Consensys/eth-lightwallet
NEG_00449,0,0,0,749,4,0.002428321259067324,0,0.3535560717,LinearSVC+CalibratedClassifierCV+Optuna,coti-io/coti-ethers
NEG_00454,0,0,0,754,4,0.0010523902774244658,0,0.3535560717,LinearSVC+CalibratedClassifierCV+Optuna,Cr0mb/Crypto-Sweeper
NEG_00456,0,0,0,756,4,0.1620325529737072,0,0.3535560717,LinearSVC+CalibratedClassifierCV+Optuna,craftBrainLLC/ethereum-indexer
NEG_00460,0,0,0,760,4,0.03836723943536692,0,0.3535560717,LinearSVC+CalibratedClassifierCV+Optuna,critfinds/Web3CRIT-Scanner
NEG_00470,0,0,0,770,4,0.01889768571148836,0,0.3535560717,LinearSVC+CalibratedClassifierCV+Optuna,CryptoApex23/mnemonic-balance-checker
NEG_00473,0,0,0,773,4,0.003738305575815159,0,0.3535560717,LinearSVC+CalibratedClassifierCV+Optuna,cryptodance/cryptodance-backend
NEG_00475,0,0,0,775,4,0.00014752047589597331,0,0.3535560717,LinearSVC+CalibratedClassifierCV+Optuna,CryptoFist/MemeMarketplace-contract
NEG_00476,0,0,0,776,4,0.005114601046706357,0,0.3535560717,LinearSVC+CalibratedClassifierCV+Optuna,cryptoforge318/NFT-Marketplace
NEG_00487,0,0,0,787,4,0.0019197296826906605,0,0.3535560717,LinearSVC+CalibratedClassifierCV+Optuna,curvefi/curve-contract
NEG_00489,0,0,0,789,4,0.024557427051788223,0,0.3535560717,LinearSVC+CalibratedClassifierCV+Optuna,cyforge/Orbis-Wallet
NEG_00491,0,0,0,791,4,0.003540193684635765,0,0.3535560717,LinearSVC+CalibratedClassifierCV+Optuna,cypherpunk-symposium/web3-starter-rs
NEG_00496,0,0,0,796,4,0.00023188903050513953,0,0.3535560717,LinearSVC+CalibratedClassifierCV+Optuna,d3or/eth-vanity-gen
NEG_00498,0,0,0,798,4,0.009099404414132949,0,0.3535560717,LinearSVC+CalibratedClassifierCV+Optuna,Dakii03/crypto-project-v2
NEG_00499,0,0,0,799,4,0.0003336775989760208,0,0.3535560717,LinearSVC+CalibratedClassifierCV+Optuna,dalloglio/nft-pokemon
NEG_00501,0,0,0,801,4,0.0015659489484211875,0,0.3535560717,LinearSVC+CalibratedClassifierCV+Optuna,Daltonic/dappFundsX
NEG_00504,0,0,0,804,4,0.0006386956366026779,0,0.3535560717,LinearSVC+CalibratedClassifierCV+Optuna,DanielDimitrov5/NFT-Marketplace-FE
NEG_00511,0,0,0,811,4,1.751173637466109e-05,0,0.3535560717,LinearSVC+CalibratedClassifierCV+Optuna,dapperlabs/dapper-contracts
NEG_00512,0,0,0,812,4,0.0012572388059538641,0,0.3535560717,LinearSVC+CalibratedClassifierCV+Optuna,DappFactory/CryptoTrivia
NEG_00515,0,0,0,815,4,0.0026531076244017825,0,0.3535560717,LinearSVC+CalibratedClassifierCV+Optuna,DappioLab/navigator
NEG_00517,0,0,0,817,4,0.0016523416315580082,0,0.3535560717,LinearSVC+CalibratedClassifierCV+Optuna,dappteacher/smart-contract-audit-portfolio
NEG_00521,0,0,0,821,4,0.06573719796415772,0,0.3535560717,LinearSVC+CalibratedClassifierCV+Optuna,Darkbladecr/cryptoWallet
NEG_00537,0,0,0,837,4,0.0006130094046156153,0,0.3535560717,LinearSVC+CalibratedClassifierCV+Optuna,Deed3Labs/Protocol-DApp
NEG_00539,0,0,0,839,4,0.009302441429366367,0,0.3535560717,LinearSVC+CalibratedClassifierCV+Optuna,Deeppanchal2108/metaflex-nft-lab
NEG_00546,0,0,0,846,4,5.2375654086715865e-06,0,0.3535560717,LinearSVC+CalibratedClassifierCV+Optuna,defiprime/defiprime1
NEG_00559,0,0,0,859,4,2.9395898563811075e-06,0,0.3535560717,LinearSVC+CalibratedClassifierCV+Optuna,DePayFi/widgets
NEG_00568,0,0,0,868,4,0.00022496957610380693,0,0.3535560717,LinearSVC+CalibratedClassifierCV+Optuna,develrocket/NFT-Smart-Contract
NEG_00569,0,0,0,869,4,0.1384355863565516,0,0.3535560717,LinearSVC+CalibratedClassifierCV+Optuna,DevJihwan/SmartContractSample_RentCar
NEG_00574,0,0,0,874,4,0.00047471722697658747,0,0.3535560717,LinearSVC+CalibratedClassifierCV+Optuna,dgrmunch/docuten-blockchain-proof-dapp
NEG_00580,0,0,0,880,4,1.8877952576011623e-05,0,0.3535560717,LinearSVC+CalibratedClassifierCV+Optuna,dhiraj0911/defi-uniswap
NEG_00587,0,0,0,887,4,0.06186004149901988,0,0.3535560717,LinearSVC+CalibratedClassifierCV+Optuna,Dineshv0311/Web3.0-CryptoTransfer
NEG_00595,0,0,0,895,4,0.047651121002801035,0,0.3535560717,LinearSVC+CalibratedClassifierCV+Optuna,dmakarov-dev/Ethereum-Solidity-token
NEG_00604,0,0,0,904,4,0.1334598041187353,0,0.3535560717,LinearSVC+CalibratedClassifierCV+Optuna,dozerokz/polymarket_monitor
NEG_00606,0,0,0,906,4,0.013919997502677542,0,0.3535560717,LinearSVC+CalibratedClassifierCV+Optuna,drips-network/app
NEG_00616,0,0,0,916,4,0.002302193497526323,0,0.3535560717,LinearSVC+CalibratedClassifierCV+Optuna,dvinubius/tiny-multisig-typescript
NEG_00625,0,0,0,925,4,0.0005174782635085757,0,0.3535560717,LinearSVC+CalibratedClassifierCV+Optuna,EjaraApp/trustdart
NEG_00633,0,0,0,933,4,0.03575736639761868,0,0.3535560717,LinearSVC+CalibratedClassifierCV+Optuna,elxor/jetum-wallet
NEG_00635,0,0,0,935,4,0.0003131237701251391,0,0.3535560717,LinearSVC+CalibratedClassifierCV+Optuna,EmanHerawy/web3Drive
NEG_00652,0,0,0,952,4,0.008005505629639706,0,0.3535560717,LinearSVC+CalibratedClassifierCV+Optuna,EnridoZanoge/Layer-1
NEG_00653,0,0,0,953,4,0.04219027671901474,0,0.3535560717,LinearSVC+CalibratedClassifierCV+Optuna,enzymefinance/protocol
NEG_00655,0,0,0,955,4,0.6621249218399475,1,0.3535560717,LinearSVC+CalibratedClassifierCV+Optuna,epacrypt25/Web3BlockchainVooting
NEG_00656,0,0,0,956,4,0.16516187962154177,0,0.3535560717,LinearSVC+CalibratedClassifierCV+Optuna,EpicVillage/Ore-Blue-Miner
NEG_00657,0,0,0,957,4,0.0003644446484004399,0,0.3535560717,LinearSVC+CalibratedClassifierCV+Optuna,eprbell/dali-rp2
NEG_00658,0,0,0,958,4,8.434414639873265e-05,0,0.3535560717,LinearSVC+CalibratedClassifierCV+Optuna,eprbell/rp2
NEG_00662,0,0,0,962,4,0.0004100505858749639,0,0.3535560717,LinearSVC+CalibratedClassifierCV+Optuna,ernestognw/ethereum_signature
NEG_00667,0,0,0,967,4,0.001426878418845671,0,0.3535560717,LinearSVC+CalibratedClassifierCV+Optuna,EtherAuthority/Portfolio
NEG_00671,0,0,0,971,4,0.001616349478183248,0,0.3535560717,LinearSVC+CalibratedClassifierCV+Optuna,Ethernal-Tech/bridge-web-test-suite
NEG_00675,0,0,0,975,4,0.002168970406239626,0,0.3535560717,LinearSVC+CalibratedClassifierCV+Optuna,ETsCalrskj/Kypt-MultiSig-Wallet-Transactions-Tron-Ethereum
NEG_00684,0,0,0,984,4,0.0014696174747597629,0,0.3535560717,LinearSVC+CalibratedClassifierCV+Optuna,exactly/liquidation-bot
NEG_00685,0,0,0,985,4,1.938458900009782e-05,0,0.3535560717,LinearSVC+CalibratedClassifierCV+Optuna,exactly/protocol
NEG_00689,0,0,0,989,4,3.267629169980491e-05,0,0.3535560717,LinearSVC+CalibratedClassifierCV+Optuna,Expandergraph/crypto-crawler
NEG_00690,0,0,0,990,4,0.3325008936143095,0,0.3535560717,LinearSVC+CalibratedClassifierCV+Optuna,ExpertVagabond/mango-v4
NEG_00696,0,0,0,996,4,0.04098757883877994,0,0.3535560717,LinearSVC+CalibratedClassifierCV+Optuna,FACINGS/collection-manager
NEG_00697,0,0,0,997,4,0.02891346231251249,0,0.3535560717,LinearSVC+CalibratedClassifierCV+Optuna,fadedreams/wallet_go_blockchain_concepts
NEG_00703,0,0,0,1003,4,0.0007120700552417171,0,0.3535560717,LinearSVC+CalibratedClassifierCV+Optuna,Farber98/MultiSigWallet
NEG_00708,0,0,0,1008,4,0.0007604616126042004,0,0.3535560717,LinearSVC+CalibratedClassifierCV+Optuna,feeeei/vanity-generator
NEG_00713,0,0,0,1013,4,0.010352772314813354,0,0.3535560717,LinearSVC+CalibratedClassifierCV+Optuna,FIFA0313/sui-mcp-server-wallet-management
NEG_00717,0,0,0,1017,4,0.00013018698723755995,0,0.3535560717,LinearSVC+CalibratedClassifierCV+Optuna,FIT-DNU/Blockchain-Technology
NEG_00726,0,0,0,1026,4,0.00015923625323802055,0,0.3535560717,LinearSVC+CalibratedClassifierCV+Optuna,formysister/crosschain-mixer-solidity
NEG_00728,0,0,0,1028,4,0.10532149239971926,0,0.3535560717,LinearSVC+CalibratedClassifierCV+Optuna,foxxcn/Arkham_API_test
NEG_00731,0,0,0,1031,4,3.20771843837584e-06,0,0.3535560717,LinearSVC+CalibratedClassifierCV+Optuna,frankiefab100/Blockchain-Development-Resources
NEG_00732,0,0,0,1032,4,3.340034207931095e-05,0,0.3535560717,LinearSVC+CalibratedClassifierCV+Optuna,frankiefab100/Web3.0-Roadmap
NEG_00734,0,0,0,1034,4,0.010201259927480976,0,0.3535560717,LinearSVC+CalibratedClassifierCV+Optuna,FrederikBolding/chainlist
NEG_00735,0,0,0,1035,4,3.1824869638905815e-05,0,0.3535560717,LinearSVC+CalibratedClassifierCV+Optuna,freight-trust/deployments-solidity
NEG_00738,0,0,0,1038,4,0.0003451777411512555,0,0.3535560717,LinearSVC+CalibratedClassifierCV+Optuna,FriendlyUser/solidity-smart-contracts
NEG_00739,0,0,0,1039,4,0.0038465560600915417,0,0.3535560717,LinearSVC+CalibratedClassifierCV+Optuna,FujiwaraChoki/CoinWizard
NEG_00740,0,0,0,1040,4,1.798546443701144e-05,0,0.3535560717,LinearSVC+CalibratedClassifierCV+Optuna,fullstack-development/blockchain-wiki-en
NEG_00750,0,0,0,1050,4,0.00022117877025375907,0,0.3535560717,LinearSVC+CalibratedClassifierCV+Optuna,gear5labs/chenpilot
NEG_00753,0,0,0,1053,4,0.00021752776370545282,0,0.3535560717,LinearSVC+CalibratedClassifierCV+Optuna,Generic35/Ethereum-Wallet-Dai-Token-Clone
NEG_00758,0,0,0,1058,4,0.0156682371425979,0,0.3535560717,LinearSVC+CalibratedClassifierCV+Optuna,gfsxyz/lamina
NEG_00760,0,0,0,1060,4,0.0001681469451595795,0,0.3535560717,LinearSVC+CalibratedClassifierCV+Optuna,GHODA-crypto/shatranj
NEG_00761,0,0,0,1061,4,0.08537462085673048,0,0.3535560717,LinearSVC+CalibratedClassifierCV+Optuna,ghulamrabbanimedium-dotcom/VerseBet-dapp
NEG_00768,0,0,0,1068,4,0.9999528622998953,1,0.3535560717,LinearSVC+CalibratedClassifierCV+Optuna,gmh5225/awesome-crypto-wallet-address
NEG_00773,0,0,0,1073,4,0.05948529685351168,0,0.3535560717,LinearSVC+CalibratedClassifierCV+Optuna,GobyWallet/openapi
NEG_00783,0,0,0,1083,4,5.860268636771962e-05,0,0.3535560717,LinearSVC+CalibratedClassifierCV+Optuna,GridexProtocol/core
NEG_00784,0,0,0,1084,4,0.07876568681106,0,0.3535560717,LinearSVC+CalibratedClassifierCV+Optuna,gridgentoo/graph-node
NEG_00789,0,0,0,1089,4,0.0004670164719910036,0,0.3535560717,LinearSVC+CalibratedClassifierCV+Optuna,GuiTeK/bip39-splitter
NEG_00790,0,0,0,1090,4,0.00014046553121896434,0,0.3535560717,LinearSVC+CalibratedClassifierCV+Optuna,guoshijiang/blockchain-wallet-sdk
NEG_00801,0,0,0,1101,4,0.00012527207467140098,0,0.3535560717,LinearSVC+CalibratedClassifierCV+Optuna,HadhemiBM/SmartContract_NFT-Marketplace
NEG_00814,0,0,0,1114,4,0.00010978919496248251,0,0.3535560717,LinearSVC+CalibratedClassifierCV+Optuna,HarryR/shwop
NEG_00822,0,0,0,1122,4,0.004135103272685188,0,0.3535560717,LinearSVC+CalibratedClassifierCV+Optuna,HashLips/nft_collection_minter
NEG_00823,0,0,0,1123,4,0.01641688387789492,0,0.3535560717,LinearSVC+CalibratedClassifierCV+Optuna,HassanA632/blockchain-wallet-risk-analyser
NEG_00825,0,0,0,1125,4,0.00042248963585241934,0,0.3535560717,LinearSVC+CalibratedClassifierCV+Optuna,haxpor/contractdiff
NEG_00826,0,0,0,1126,4,0.0005751174329716942,0,0.3535560717,LinearSVC+CalibratedClassifierCV+Optuna,haxpor/inoutflow
NEG_00827,0,0,0,1127,4,0.00601239446881295,0,0.3535560717,LinearSVC+CalibratedClassifierCV+Optuna,hclivess/qtrader
NEG_00828,0,0,0,1128,4,0.00022027598242563601,0,0.3535560717,LinearSVC+CalibratedClassifierCV+Optuna,hdwaIIet-io/python-hdwallet
NEG_00830,0,0,0,1130,4,0.00019318178852851384,0,0.3535560717,LinearSVC+CalibratedClassifierCV+Optuna,henesaud/bitcoin-cryptography
NEG_00833,0,0,0,1133,4,0.00014374293717180515,0,0.3535560717,LinearSVC+CalibratedClassifierCV+Optuna,hiero-ledger/hiero-consensus-node
NEG_00837,0,0,0,1137,4,0.0007904322817679704,0,0.3535560717,LinearSVC+CalibratedClassifierCV+Optuna,HimanshuGupta-p1/ETHIFY
NEG_00848,0,0,0,1148,4,0.0009636370989821963,0,0.3535560717,LinearSVC+CalibratedClassifierCV+Optuna,horizontalsystems/bitcoin-kit-android
NEG_00850,0,0,0,1150,4,8.895628328380678e-05,0,0.3535560717,LinearSVC+CalibratedClassifierCV+Optuna,horizontalsystems/ethereum-kit-android
NEG_00851,0,0,0,1151,4,6.434658466739689e-05,0,0.3535560717,LinearSVC+CalibratedClassifierCV+Optuna,horizontalsystems/unstoppable-wallet-android
NEG_00852,0,0,0,1152,4,2.1326471949656512e-05,0,0.3535560717,LinearSVC+CalibratedClassifierCV+Optuna,horizontalsystems/unstoppable-wallet-ios
NEG_00853,0,0,0,1153,4,0.0001393088400125099,0,0.3535560717,LinearSVC+CalibratedClassifierCV+Optuna,hoseadevops/edec-nft-market
NEG_00866,0,0,0,1166,4,0.015510975389124645,0,0.3535560717,LinearSVC+CalibratedClassifierCV+Optuna,hzblab/NFT-Minting-dApp
NEG_00868,0,0,0,1168,4,4.9742558682620104e-05,0,0.3535560717,LinearSVC+CalibratedClassifierCV+Optuna,iamnotstatic/multichain-crypto-wallet
NEG_00872,0,0,0,1172,4,0.05137764336673271,0,0.3535560717,LinearSVC+CalibratedClassifierCV+Optuna,IBM/loyalty-points-evm-fabric
NEG_00875,0,0,0,1175,4,0.011901550785403647,0,0.3535560717,LinearSVC+CalibratedClassifierCV+Optuna,IcarusCan/CryptoSimsNFT
NEG_00876,0,0,0,1176,4,0.0004295092185223075,0,0.3535560717,LinearSVC+CalibratedClassifierCV+Optuna,icebert04/Defi-Dashboard
NEG_00882,0,0,0,1182,4,0.1859210338419234,0,0.3535560717,LinearSVC+CalibratedClassifierCV+Optuna,illia-fz/defi-python-nft-staking-rewards-v2
NEG_00884,0,0,0,1184,4,0.005352535074872815,0,0.3535560717,LinearSVC+CalibratedClassifierCV+Optuna,ilyarolf/AiogramShopBot
NEG_00885,0,0,0,1185,4,0.000800892452854998,0,0.3535560717,LinearSVC+CalibratedClassifierCV+Optuna,imanmousaei/coinexpy
NEG_00890,0,0,0,1190,4,0.00043853056290243936,0,0.3535560717,LinearSVC+CalibratedClassifierCV+Optuna,Infinite-Null/Wallet-Master
NEG_00894,0,0,0,1194,4,0.0001280509034657687,0,0.3535560717,LinearSVC+CalibratedClassifierCV+Optuna,instant-coffee/cryptoZombies
NEG_00895,0,0,0,1195,4,0.004001137922224144,0,0.3535560717,LinearSVC+CalibratedClassifierCV+Optuna,invis2912/TokenTrail
NEG_00902,0,0,0,1202,4,0.002857133860188349,0,0.3535560717,LinearSVC+CalibratedClassifierCV+Optuna,itsSauravK/Election-Voting-Blockchain
NEG_00908,0,0,0,1208,4,0.11346635503971934,0,0.3535560717,LinearSVC+CalibratedClassifierCV+Optuna,Iwai88961997/Electrum-Fake-Balance
NEG_00911,0,0,0,1211,4,0.0001437160661279043,0,0.3535560717,LinearSVC+CalibratedClassifierCV+Optuna,jaayperez/coin
NEG_00912,0,0,0,1212,4,0.00020758083093557034,0,0.3535560717,LinearSVC+CalibratedClassifierCV+Optuna,jackey1510/MyNFT
NEG_00919,0,0,0,1219,4,0.00023951112407795134,0,0.3535560717,LinearSVC+CalibratedClassifierCV+Optuna,JacobZavita/nfts-react
NEG_00920,0,0,0,1220,4,0.0002613361953828608,0,0.3535560717,LinearSVC+CalibratedClassifierCV+Optuna,jagadeeshgatla/simple-cryptocurrency-wallet
NEG_00924,0,0,0,1224,4,0.00011796521141033276,0,0.3535560717,LinearSVC+CalibratedClassifierCV+Optuna,jamaltheatlantean/DeFi-Staking
NEG_00927,0,0,0,1227,4,1.6782162273983035e-05,0,0.3535560717,LinearSVC+CalibratedClassifierCV+Optuna,JamesANZ/learn-solidity-with-examples
NEG_00933,0,0,0,1233,4,0.291156933304143,0,0.3535560717,LinearSVC+CalibratedClassifierCV+Optuna,Jared351/Blockchain-crypto-currencies
NEG_00934,0,0,0,1234,4,0.00029111551812580283,0,0.3535560717,LinearSVC+CalibratedClassifierCV+Optuna,jarrettyew/web3.0
NEG_00935,0,0,0,1235,4,0.0008344465466531828,0,0.3535560717,LinearSVC+CalibratedClassifierCV+Optuna,jarrodwatts/evmkit
NEG_00945,0,0,0,1245,4,0.0008759255377301664,0,0.3535560717,LinearSVC+CalibratedClassifierCV+Optuna,jdogresorg/freewallet
NEG_00947,0,0,0,1247,4,3.1219839856882804e-05,0,0.3535560717,LinearSVC+CalibratedClassifierCV+Optuna,jeet-patel313/NFTStaking
NEG_00953,0,0,0,1253,4,0.009332593293438515,0,0.3535560717,LinearSVC+CalibratedClassifierCV+Optuna,jenil04/auction
NEG_00958,0,0,0,1258,4,0.00028870397570689323,0,0.3535560717,LinearSVC+CalibratedClassifierCV+Optuna,jitendragangwar123/Crowd-Sale-ICO-Dapp
NEG_00959,0,0,0,1259,4,0.0004247193593056552,0,0.3535560717,LinearSVC+CalibratedClassifierCV+Optuna,jitendragangwar123/Crypto-Zombies-Game
NEG_00961,0,0,0,1261,4,0.00012264771217415172,0,0.3535560717,LinearSVC+CalibratedClassifierCV+Optuna,jjanczur/SolidityDrive
NEG_00967,0,0,0,1267,4,0.0001105777571520618,0,0.3535560717,LinearSVC+CalibratedClassifierCV+Optuna,johnnyshankman/xtznftswap-contracts
NEG_00969,0,0,0,1269,4,0.012316430668505374,0,0.3535560717,LinearSVC+CalibratedClassifierCV+Optuna,jokeradms/Electrum-ADA
NEG_00970,0,0,0,1270,4,2.5561113283800944e-05,0,0.3535560717,LinearSVC+CalibratedClassifierCV+Optuna,jolly-roger-eth/ethereum-indexer
NEG_00971,0,0,0,1271,4,0.0008582484818714809,0,0.3535560717,LinearSVC+CalibratedClassifierCV+Optuna,Jolsho/eth_wallet
NEG_00977,0,0,0,1277,4,0.17670458063333006,0,0.3535560717,LinearSVC+CalibratedClassifierCV+Optuna,joshH94/NFT-Marketplace-Solidity-Hardhat-NexJS-Web3js-Tailwind
NEG_00980,0,0,0,1280,4,0.00161456637903836,0,0.3535560717,LinearSVC+CalibratedClassifierCV+Optuna,jp-co-decoo-shirato/solidity-cryptozombies
NEG_00991,0,0,0,1291,4,0.016128890698584614,0,0.3535560717,LinearSVC+CalibratedClassifierCV+Optuna,jun1sen1/solidityone1
NEG_00992,0,0,0,1292,4,0.00018011166090217915,0,0.3535560717,LinearSVC+CalibratedClassifierCV+Optuna,Juniorduc44/brownie_fund_me
NEG_00996,0,0,0,1296,4,0.00024851508626301083,0,0.3535560717,LinearSVC+CalibratedClassifierCV+Optuna,k1-c/ethereum-wallet-manager
NEG_01002,0,0,0,1302,4,0.32517752228738933,0,0.3535560717,LinearSVC+CalibratedClassifierCV+Optuna,karmaizmyb1tch/Crypto-Wallet
NEG_01003,0,0,0,1303,4,0.03257432451369462,0,0.3535560717,LinearSVC+CalibratedClassifierCV+Optuna,kartik78946/Bank-Wallet-SmartContract
NEG_01008,0,0,0,1308,4,1.9557621391561117e-05,0,0.3535560717,LinearSVC+CalibratedClassifierCV+Optuna,kausikds/ethereum-onChain-wallet
NEG_01011,0,0,0,1311,4,0.0004641695662880903,0,0.3535560717,LinearSVC+CalibratedClassifierCV+Optuna,kaymen99/uniswap-sushiswap-arbitrage
NEG_01015,0,0,0,1315,4,1.13030045070787e-05,0,0.3535560717,LinearSVC+CalibratedClassifierCV+Optuna,keewenaw/Ethereum-Wallet-Cracker
NEG_01019,0,0,0,1319,4,0.026171188127027983,0,0.3535560717,LinearSVC+CalibratedClassifierCV+Optuna,Kelvyne/starknet-storage-proof-solidity
NEG_01024,0,0,0,1324,4,0.0012482811947023863,0,0.3535560717,LinearSVC+CalibratedClassifierCV+Optuna,kerala-blockchain-academy/SmartKYC
NEG_01031,0,0,0,1331,4,0.0038221457029038557,0,0.3535560717,LinearSVC+CalibratedClassifierCV+Optuna,Keya-Moradi/Cryptopunk
NEG_01032,0,0,0,1332,4,0.025182264676024534,0,0.3535560717,LinearSVC+CalibratedClassifierCV+Optuna,keyhunters/Biggest-Lost-Bitcoin-Wallets-List
NEG_01035,0,0,0,1335,4,0.00033035802031566587,0,0.3535560717,LinearSVC+CalibratedClassifierCV+Optuna,khanjasir90/Secure-Shared-Wallet-Solidity
NEG_01039,0,0,0,1339,4,0.013753008568021972,0,0.3535560717,LinearSVC+CalibratedClassifierCV+Optuna,kinggongzilla/Stable_GME_SmartContract
NEG_01042,0,0,0,1342,4,0.0012019191659116784,0,0.3535560717,LinearSVC+CalibratedClassifierCV+Optuna,kingsudo1004/Wallet-EVM
NEG_01048,0,0,0,1348,4,0.0006530120797685353,0,0.3535560717,LinearSVC+CalibratedClassifierCV+Optuna,klntsky/sec.cyou
NEG_01062,0,0,0,1362,4,0.007712192370633627,0,0.3535560717,LinearSVC+CalibratedClassifierCV+Optuna,krypc-code/krypcore-web3-sdk
NEG_01065,0,0,0,1365,4,0.4202636890626279,1,0.3535560717,LinearSVC+CalibratedClassifierCV+Optuna,kunalsinghdadhwal/LiqX
NEG_01066,0,0,0,1366,4,0.0015200761365498376,0,0.3535560717,LinearSVC+CalibratedClassifierCV+Optuna,Kuprovskiy/defi.finance
NEG_01069,0,0,0,1369,4,0.013836332370966124,0,0.3535560717,LinearSVC+CalibratedClassifierCV+Optuna,kvmizu/transfer_eth
NEG_01070,0,0,0,1370,4,0.00806847320286873,0,0.3535560717,LinearSVC+CalibratedClassifierCV+Optuna,KYVENetwork/kyvejs
NEG_01072,0,0,0,1372,4,0.005831619077808609,0,0.3535560717,LinearSVC+CalibratedClassifierCV+Optuna,LaChance-Lab/EVM-Solana-Casino-Games
NEG_01077,0,0,0,1377,4,0.00027161621837258767,0,0.3535560717,LinearSVC+CalibratedClassifierCV+Optuna,laser-wallet/laser-wallet-contracts
NEG_01081,0,0,0,1381,4,0.02767090248631368,0,0.3535560717,LinearSVC+CalibratedClassifierCV+Optuna,Lavkush3411/nft-backend
NEG_01088,0,0,0,1388,4,0.0011041714566360323,0,0.3535560717,LinearSVC+CalibratedClassifierCV+Optuna,LeandroHugo/EtherJoint-Decentralized-Finance-for-Shared-Prosperity
NEG_01092,0,0,0,1392,4,0.002111310901487079,0,0.3535560717,LinearSVC+CalibratedClassifierCV+Optuna,lefajmofokeng/Cryptocurrencies
NEG_01093,0,0,0,1393,4,0.0001170390927262235,0,0.3535560717,LinearSVC+CalibratedClassifierCV+Optuna,Lego1st/VotingDapp
NEG_01097,0,0,0,1397,4,0.0005073102446192395,0,0.3535560717,LinearSVC+CalibratedClassifierCV+Optuna,leukaemiamedtech/hiasbch
NEG_01098,0,0,0,1398,4,8.068115061240686e-05,0,0.3535560717,LinearSVC+CalibratedClassifierCV+Optuna,levintech/CryptoZombie
NEG_01099,0,0,0,1399,4,0.00013728205183205296,0,0.3535560717,LinearSVC+CalibratedClassifierCV+Optuna,life-itself/web3
NEG_01115,0,0,0,1415,4,0.0008548814557903864,0,0.3535560717,LinearSVC+CalibratedClassifierCV+Optuna,Louis-XWB/ICP_Web3Jobs
NEG_01119,0,0,0,1419,4,6.937437918556483e-05,0,0.3535560717,LinearSVC+CalibratedClassifierCV+Optuna,lucabizza/cryptozombies
NEG_01126,0,0,0,1426,4,0.00020399889963154704,0,0.3535560717,LinearSVC+CalibratedClassifierCV+Optuna,m1guelpf/laravel-web3-login
NEG_01127,0,0,0,1427,4,5.888002310432416e-05,0,0.3535560717,LinearSVC+CalibratedClassifierCV+Optuna,maAPPsDEV/dex-attack
NEG_01139,0,0,0,1439,4,0.006432586918148214,0,0.3535560717,LinearSVC+CalibratedClassifierCV+Optuna,manifoldfinance/kb
NEG_01140,0,0,0,1440,4,0.05718527845965477,0,0.3535560717,LinearSVC+CalibratedClassifierCV+Optuna,manifoldfinance/multicall-framework
NEG_01141,0,0,0,1441,4,0.0004372956583696252,0,0.3535560717,LinearSVC+CalibratedClassifierCV+Optuna,manifoldfinance/tscli
NEG_01142,0,0,0,1442,4,0.001090300648849333,0,0.3535560717,LinearSVC+CalibratedClassifierCV+Optuna,manifoldx/typed-sdk
NEG_01145,0,0,0,1445,4,0.007936349250306477,0,0.3535560717,LinearSVC+CalibratedClassifierCV+Optuna,manuelpires/nft-collection-generator
NEG_01148,0,0,0,1448,4,0.13137283667021935,0,0.3535560717,LinearSVC+CalibratedClassifierCV+Optuna,MarcoBrian/damn-vulnerable-defi
NEG_01149,0,0,0,1449,4,0.14199323260083618,0,0.3535560717,LinearSVC+CalibratedClassifierCV+Optuna,margelo/react-native-graph
NEG_01150,0,0,0,1450,4,0.00010173184821062671,0,0.3535560717,LinearSVC+CalibratedClassifierCV+Optuna,marginalfriend/brownie_fund_me
NEG_01155,0,0,0,1455,4,0.0013860349881201935,0,0.3535560717,LinearSVC+CalibratedClassifierCV+Optuna,MartinSerafini/Solidity
NEG_01156,0,0,0,1456,4,0.00022168554630845453,0,0.3535560717,LinearSVC+CalibratedClassifierCV+Optuna,martycodes333/crypto_zombies
NEG_01166,0,0,0,1466,4,0.00014776822834966006,0,0.3535560717,LinearSVC+CalibratedClassifierCV+Optuna,matprime/ERC-1155-NFT-demo
NEG_01167,0,0,0,1467,4,0.00024862967944812254,0,0.3535560717,LinearSVC+CalibratedClassifierCV+Optuna,mattdf/RingCrypto
NEG_01168,0,0,0,1468,4,0.0017844457359037578,0,0.3535560717,LinearSVC+CalibratedClassifierCV+Optuna,matthias-wyss/crypto-carry-trade-strategies
NEG_01172,0,0,0,1472,4,0.0003866334512509409,0,0.3535560717,LinearSVC+CalibratedClassifierCV+Optuna,maximebrugel/YokaiChain
NEG_01174,0,0,0,1474,4,0.0017644908103187256,0,0.3535560717,LinearSVC+CalibratedClassifierCV+Optuna,mchalise/mero_crypto_finance
NEG_01188,0,0,0,1488,4,0.0026243514340350935,0,0.3535560717,LinearSVC+CalibratedClassifierCV+Optuna,mervanerenci/Jumpy-PlayToEarn-BlockchainGame
NEG_01191,0,0,0,1491,4,0.0007665498188255478,0,0.3535560717,LinearSVC+CalibratedClassifierCV+Optuna,Meta-Dragons/CronoSafe
NEG_01195,0,0,0,1495,4,0.0003929852770898554,0,0.3535560717,LinearSVC+CalibratedClassifierCV+Optuna,MGM103/CDP_Stable_Coin
NEG_01197,0,0,0,1497,4,0.003355846116059167,0,0.3535560717,LinearSVC+CalibratedClassifierCV+Optuna,MhmdNdri/XCryptoDApp
NEG_01199,0,0,0,1499,4,0.00034714878960368564,0,0.3535560717,LinearSVC+CalibratedClassifierCV+Optuna,mic0des/simple-multisig-wallet
NEG_01201,0,0,0,1501,4,7.723753424834021e-05,0,0.3535560717,LinearSVC+CalibratedClassifierCV+Optuna,Michal2SAB/Ethereum-Stealer
NEG_01203,0,0,0,1503,4,0.0559337364090069,0,0.3535560717,LinearSVC+CalibratedClassifierCV+Optuna,michelle5013-guilloryn/polye
NEG_01205,0,0,0,1505,4,4.1413855610647746e-05,0,0.3535560717,LinearSVC+CalibratedClassifierCV+Optuna,midas92/lottery-casino-crypto-game
NEG_01209,0,0,0,1509,4,0.0007233062251346382,0,0.3535560717,LinearSVC+CalibratedClassifierCV+Optuna,milan338/totally-secure-dapp
NEG_01212,0,0,0,1512,4,0.004135082742988745,0,0.3535560717,LinearSVC+CalibratedClassifierCV+Optuna,mimani68/TRON-network-smart-contract-integration
NEG_01213,0,0,0,1513,4,0.00409083453977727,0,0.3535560717,LinearSVC+CalibratedClassifierCV+Optuna,mimic-fi/cross-chain-subscription-payments-with-mimic
NEG_01214,0,0,0,1514,4,0.21475489435681053,0,0.3535560717,LinearSVC+CalibratedClassifierCV+Optuna,mimic-protocol/contracts
NEG_01217,0,0,0,1517,4,0.012873482586137549,0,0.3535560717,LinearSVC+CalibratedClassifierCV+Optuna,Mizogg/GUI_keyhunt
NEG_01219,0,0,0,1519,4,0.00196627177880505,0,0.3535560717,LinearSVC+CalibratedClassifierCV+Optuna,Mizogg/Tkinter-Power-Mini
NEG_01227,0,0,0,1527,4,0.08349258194023325,0,0.3535560717,LinearSVC+CalibratedClassifierCV+Optuna,moisestech/web3crypto.mx
NEG_01236,0,0,0,1536,4,9.235687438463721e-05,0,0.3535560717,LinearSVC+CalibratedClassifierCV+Optuna,MoralisWeb3/unity-web3-game-kit
NEG_01243,0,0,0,1543,4,0.003547033758536003,0,0.3535560717,LinearSVC+CalibratedClassifierCV+Optuna,mrazoriginal/Ali-Crypto-House-HardFork
NEG_01246,0,0,0,1546,4,0.7258962746433447,1,0.3535560717,LinearSVC+CalibratedClassifierCV+Optuna,mrkkyatilla/omus-wallet
NEG_01252,0,0,0,1552,4,0.24794730260608022,0,0.3535560717,LinearSVC+CalibratedClassifierCV+Optuna,mstable/mStable-app
NEG_01253,0,0,0,1553,4,0.0015350816600236833,0,0.3535560717,LinearSVC+CalibratedClassifierCV+Optuna,mstable/mStable-contracts
NEG_01260,0,0,0,1560,4,0.0017570280852636916,0,0.3535560717,LinearSVC+CalibratedClassifierCV+Optuna,multiavatar/multiavatar-solidity
NEG_01276,0,0,0,1576,4,0.06252525637862748,0,0.3535560717,LinearSVC+CalibratedClassifierCV+Optuna,n4bi10p/aptos-meme-nft-minter
NEG_01277,0,0,0,1577,4,0.000475514223587702,0,0.3535560717,LinearSVC+CalibratedClassifierCV+Optuna,Nachoxt17/Blockchain-Memory-Game-with-ERC-721-Tokens
NEG_01279,0,0,0,1579,4,0.0036400148831034866,0,0.3535560717,LinearSVC+CalibratedClassifierCV+Optuna,nakandakare/cryptopay-smart-contract
NEG_01295,0,0,0,1595,4,1.5630325881706034e-05,0,0.3535560717,LinearSVC+CalibratedClassifierCV+Optuna,Neph-dev/EpicNFT
NEG_01296,0,0,0,1596,4,0.0007082663327281163,0,0.3535560717,LinearSVC+CalibratedClassifierCV+Optuna,NEST-Protocol/NEST-Oracle-V4.0
NEG_01307,0,0,0,1607,4,0.0011831238880695425,0,0.3535560717,LinearSVC+CalibratedClassifierCV+Optuna,nicehash/NiceHashQuickMiner
NEG_01308,0,0,0,1608,4,0.00014971899084707512,0,0.3535560717,LinearSVC+CalibratedClassifierCV+Optuna,nicholashc/uniswap-skim
NEG_01311,0,0,0,1611,4,0.013118794626827987,0,0.3535560717,LinearSVC+CalibratedClassifierCV+Optuna,nicolaiort/stonx-backend
NEG_01312,0,0,0,1612,4,0.024473491036906544,0,0.3535560717,LinearSVC+CalibratedClassifierCV+Optuna,nicolas-sanch/web3.py-dapp
NEG_01322,0,0,0,1622,4,0.41281024266926697,1,0.3535560717,LinearSVC+CalibratedClassifierCV+Optuna,nirholas/free-crypto-news
NEG_01324,0,0,0,1624,4,0.0903136115311715,0,0.3535560717,LinearSVC+CalibratedClassifierCV+Optuna,nirholas/x402-stablecoin
NEG_01325,0,0,0,1625,4,0.0013718498621383142,0,0.3535560717,LinearSVC+CalibratedClassifierCV+Optuna,Nishantthapa4591/Smart-Wallet-with-Blockchain
NEG_01343,0,0,0,1643,4,9.651650043866408e-05,0,0.3535560717,LinearSVC+CalibratedClassifierCV+Optuna,ntourne/nft-crypto-punks-contract
NEG_01346,0,0,0,1646,4,0.005606150764749965,0,0.3535560717,LinearSVC+CalibratedClassifierCV+Optuna,nxm-rs/nexum
NEG_01348,0,0,0,1648,4,0.010967785052574836,0,0.3535560717,LinearSVC+CalibratedClassifierCV+Optuna,oasislabs/oasis.js
NEG_01365,0,0,0,1665,4,0.0009857126803694198,0,0.3535560717,LinearSVC+CalibratedClassifierCV+Optuna,olegsinavski/voting_system_web3
NEG_01373,0,0,0,1673,4,0.0004050266534545457,0,0.3535560717,LinearSVC+CalibratedClassifierCV+Optuna,OneKeyHQ/app-monorepo
NEG_01377,0,0,0,1677,4,0.0020329276217423867,0,0.3535560717,LinearSVC+CalibratedClassifierCV+Optuna,onoka-ship-it/kogwasys
NEG_01389,0,0,0,1689,4,0.00024628805865685677,0,0.3535560717,LinearSVC+CalibratedClassifierCV+Optuna,Opty1712/nft-opensea-search
NEG_01391,0,0,0,1691,4,0.00013929060762607438,0,0.3535560717,LinearSVC+CalibratedClassifierCV+Optuna,orelkabets/eth-wallet-notify
NEG_01392,0,0,0,1692,4,0.0014015902254233545,0,0.3535560717,LinearSVC+CalibratedClassifierCV+Optuna,OriginProtocol/origin-dollar
NEG_01399,0,0,0,1699,4,0.0149086293425367,0,0.3535560717,LinearSVC+CalibratedClassifierCV+Optuna,Oxdevonchain/ethereum-nft-marketplace
NEG_01402,0,0,0,1702,4,0.002113276192982725,0,0.3535560717,LinearSVC+CalibratedClassifierCV+Optuna,p4u/blockmessage
NEG_01416,0,0,0,1716,4,0.0011959381920317088,0,0.3535560717,LinearSVC+CalibratedClassifierCV+Optuna,patrana/cryptographic-parcel-ledger
NEG_01420,0,0,0,1720,4,0.001500478886089814,0,0.3535560717,LinearSVC+CalibratedClassifierCV+Optuna,PaulRBerg/prb-math
NEG_01433,0,0,0,1733,4,0.052257089872870616,0,0.3535560717,LinearSVC+CalibratedClassifierCV+Optuna,PeterVermeulen01123/NFT-cryptoDevs
NEG_01440,0,0,0,1740,4,0.0019867686630316446,0,0.3535560717,LinearSVC+CalibratedClassifierCV+Optuna,Pixie1234/BlockchainCrypto
NEG_01442,0,0,0,1742,4,3.829260291771338e-06,0,0.3535560717,LinearSVC+CalibratedClassifierCV+Optuna,Planxnx/defi-tx-kit
NEG_01458,0,0,0,1758,4,0.0002526925457726771,0,0.3535560717,LinearSVC+CalibratedClassifierCV+Optuna,prasanna-rkumar/Cryptocurrency-Widgets-by-Wallet.app
NEG_01466,0,0,0,1766,4,0.0030079630827536514,0,0.3535560717,LinearSVC+CalibratedClassifierCV+Optuna,pRizz/CryptoNoter
NEG_01470,0,0,0,1770,4,0.6537414873202335,1,0.3535560717,LinearSVC+CalibratedClassifierCV+Optuna,project-serum/spl-token-wallet
NEG_01486,0,0,0,1786,4,7.5238432404901754e-06,0,0.3535560717,LinearSVC+CalibratedClassifierCV+Optuna,qtumproject/qtum
NEG_01488,0,0,0,1788,4,0.0023995496979436187,0,0.3535560717,LinearSVC+CalibratedClassifierCV+Optuna,QuantForgeOrg/PineTS
NEG_01489,0,0,0,1789,4,0.0033857708350302027,0,0.3535560717,LinearSVC+CalibratedClassifierCV+Optuna,QuantLet/Blockchain_mechanism
NEG_01497,0,0,0,1797,4,0.002705455541449306,0,0.3535560717,LinearSVC+CalibratedClassifierCV+Optuna,Racks-Community/MrCryptoIndexer
NEG_01504,0,0,0,1804,4,0.0007251730041712414,0,0.3535560717,LinearSVC+CalibratedClassifierCV+Optuna,RageTrade/core
NEG_01511,0,0,0,1811,4,0.0009100509596333076,0,0.3535560717,LinearSVC+CalibratedClassifierCV+Optuna,raketic-ognjen/ZombieCrypto
NEG_01514,0,0,0,1814,4,0.00029449671668669544,0,0.3535560717,LinearSVC+CalibratedClassifierCV+Optuna,ramyhardan/proof-of-existence
NEG_01516,0,0,0,1816,4,0.013443027458197913,0,0.3535560717,LinearSVC+CalibratedClassifierCV+Optuna,rango-exchange/rango-sdk
NEG_01523,0,0,0,1823,4,0.016824181876147995,0,0.3535560717,LinearSVC+CalibratedClassifierCV+Optuna,RazDwa1923/ML_Pred_Crypto
NEG_01531,0,0,0,1831,4,0.033802847999641,0,0.3535560717,LinearSVC+CalibratedClassifierCV+Optuna,redbuttonsa/crypt
NEG_01535,0,0,0,1835,4,0.0007909556269623993,0,0.3535560717,LinearSVC+CalibratedClassifierCV+Optuna,remston-dsa/ETH-USD-price-feed-using-Chainlink-oracle-Web3-Brownie-Python-and-Solidity
NEG_01539,0,0,0,1839,4,0.00021584361619979663,0,0.3535560717,LinearSVC+CalibratedClassifierCV+Optuna,reown-com/reown_flutter
NEG_01541,0,0,0,1841,4,0.0684751620490401,0,0.3535560717,LinearSVC+CalibratedClassifierCV+Optuna,reshma149/crypto
NEG_01555,0,0,0,1855,4,0.002649146422508375,0,0.3535560717,LinearSVC+CalibratedClassifierCV+Optuna,ro61zzy/crypto_zombies
NEG_01560,0,0,0,1860,4,0.0002123812891380413,0,0.3535560717,LinearSVC+CalibratedClassifierCV+Optuna,Robocular/defi-mcp
NEG_01564,0,0,0,1864,4,0.00023389421322702155,0,0.3535560717,LinearSVC+CalibratedClassifierCV+Optuna,rohanjsh/nft-marketplace
NEG_01568,0,0,0,1868,4,0.002855100442194768,0,0.3535560717,LinearSVC+CalibratedClassifierCV+Optuna,rolod0x/rolod0x
NEG_01569,0,0,0,1869,4,0.06309592467002968,0,0.3535560717,LinearSVC+CalibratedClassifierCV+Optuna,romanzaikin/From-Zero-to-Hero-in-Blockchain-Security-DefCon30-Workshop
NEG_01576,0,0,0,1876,4,0.11907483461426933,0,0.3535560717,LinearSVC+CalibratedClassifierCV+Optuna,rtb-12/PolkaGuard
NEG_01587,0,0,0,1887,4,1.5997810829191018e-28,0,0.3535560717,LinearSVC+CalibratedClassifierCV+Optuna,Ryz0nd/useWeb3Wallet
NEG_01602,0,0,0,1902,4,0.0005888815018734853,0,0.3535560717,LinearSVC+CalibratedClassifierCV+Optuna,Sammers21/crypto-owl
NEG_01606,0,0,0,1906,4,0.0054171067047657185,0,0.3535560717,LinearSVC+CalibratedClassifierCV+Optuna,santiellena/air-flatcoin-protocol
NEG_01614,0,0,0,1914,4,0.0002451038466184099,0,0.3535560717,LinearSVC+CalibratedClassifierCV+Optuna,Savjee/SavjeeCoin
NEG_01616,0,0,0,1916,4,0.0007812908023790663,0,0.3535560717,LinearSVC+CalibratedClassifierCV+Optuna,sayandas-sd/Scan_and_pay_Crypto
NEG_01620,0,0,0,1920,4,0.16099742535715703,0,0.3535560717,LinearSVC+CalibratedClassifierCV+Optuna,sciencemanepsilon/Blockchain_DeFi_Gaming
NEG_01630,0,0,0,1930,4,0.021796003215801746,0,0.3535560717,LinearSVC+CalibratedClassifierCV+Optuna,SecorD0/evm-mnemonic-generator
NEG_01637,0,0,0,1937,4,5.800443741792862e-05,0,0.3535560717,LinearSVC+CalibratedClassifierCV+Optuna,ShackAmeri/brownie-koalaStaking
NEG_01641,0,0,0,1941,4,0.0006509788432041353,0,0.3535560717,LinearSVC+CalibratedClassifierCV+Optuna,Shaivpidadi/NFT-Dapp-Boilerplate
NEG_01647,0,0,0,1947,4,0.15225809429855094,0,0.3535560717,LinearSVC+CalibratedClassifierCV+Optuna,Shashwat-Manglam-Jain/NFT-Blockchain
NEG_01651,0,0,0,1951,4,0.00015627222123988234,0,0.3535560717,LinearSVC+CalibratedClassifierCV+Optuna,ShivankK26/Crypto-Wallet-Extension
NEG_01654,0,0,0,1954,4,5.7621491891257567e-05,0,0.3535560717,LinearSVC+CalibratedClassifierCV+Optuna,shlima/fortune
NEG_01671,0,0,0,1971,4,0.00045636174499708097,0,0.3535560717,LinearSVC+CalibratedClassifierCV+Optuna,skundu42/CryptoWarz
NEG_01673,0,0,0,1973,4,0.00700649260417786,0,0.3535560717,LinearSVC+CalibratedClassifierCV+Optuna,skydream118/NFTMarketplace
NEG_01677,0,0,0,1977,4,0.002646327960884875,0,0.3535560717,LinearSVC+CalibratedClassifierCV+Optuna,sletizia/serverless-trading-bot
NEG_01684,0,0,0,1984,4,0.00036902005065181,0,0.3535560717,LinearSVC+CalibratedClassifierCV+Optuna,smartcontract123/-Smart-Contract-Based-Cryptocurrency-MlM-Software-Development-On-Tron-Ethereum-Smart-contract-Deve
NEG_01688,0,0,0,1988,4,0.001529405803587617,0,0.3535560717,LinearSVC+CalibratedClassifierCV+Optuna,smolgroot/prometheus-vanity-generator
NEG_01691,0,0,0,1991,4,8.389112842130155e-05,0,0.3535560717,LinearSVC+CalibratedClassifierCV+Optuna,sobi983/Binance-Marketplace-NFT-transfer-automation
NEG_01693,0,0,0,1993,4,0.010865426944940743,0,0.3535560717,LinearSVC+CalibratedClassifierCV+Optuna,softstack/Smart-Contract-Security-Audits
NEG_01704,0,0,0,2004,4,0.0019514803160139177,0,0.3535560717,LinearSVC+CalibratedClassifierCV+Optuna,sounxk/Web3Escrow
NEG_01709,0,0,0,2009,4,0.013107069043351788,0,0.3535560717,LinearSVC+CalibratedClassifierCV+Optuna,spesmulla/electrum
NEG_01710,0,0,0,2010,4,0.001237403918661244,0,0.3535560717,LinearSVC+CalibratedClassifierCV+Optuna,SpiderOak/Encryptr
NEG_01721,0,0,0,2021,4,0.001383558816223037,0,0.3535560717,LinearSVC+CalibratedClassifierCV+Optuna,status-im/status-legacy
NEG_01731,0,0,0,2031,4,0.0002872614647880986,0,0.3535560717,LinearSVC+CalibratedClassifierCV+Optuna,stravid87/nft_mgt_protocol
NEG_01739,0,0,0,2039,4,0.020902626182091318,0,0.3535560717,LinearSVC+CalibratedClassifierCV+Optuna,sun-blockchain/harmony-pet
NEG_01740,0,0,0,2040,4,0.004657552528486506,0,0.3535560717,LinearSVC+CalibratedClassifierCV+Optuna,sunby16/web3-portfolio
NEG_01743,0,0,0,2043,4,0.0014097427278920536,0,0.3535560717,LinearSVC+CalibratedClassifierCV+Optuna,sunnyRK/EthIndia-HackJaipur
NEG_01745,0,0,0,2045,4,0.0010978618509525173,0,0.3535560717,LinearSVC+CalibratedClassifierCV+Optuna,SunWeb3Sec/DeFiHackLabs
NEG_01753,0,0,0,2053,4,0.0003732244605581118,0,0.3535560717,LinearSVC+CalibratedClassifierCV+Optuna,svanas/migratooor
NEG_01758,0,0,0,2058,4,0.0007421807888685926,0,0.3535560717,LinearSVC+CalibratedClassifierCV+Optuna,sweetmantech/nft-factory
NEG_01765,0,0,0,2065,4,0.00013847433209501924,0,0.3535560717,LinearSVC+CalibratedClassifierCV+Optuna,syedsimanta03/solana-NFT
NEG_01766,0,0,0,2066,4,0.0491465678734049,0,0.3535560717,LinearSVC+CalibratedClassifierCV+Optuna,syncrao/blockchain-rust
NEG_01769,0,0,0,2069,4,1.861295957995292e-05,0,0.3535560717,LinearSVC+CalibratedClassifierCV+Optuna,Synthetixio/synthetix
NEG_01770,0,0,0,2070,4,0.01157756030550243,0,0.3535560717,LinearSVC+CalibratedClassifierCV+Optuna,tahowallet/extension
NEG_01774,0,0,0,2074,4,0.11502698352756387,0,0.3535560717,LinearSVC+CalibratedClassifierCV+Optuna,tamago-labs/legato-finance
NEG_01780,0,0,0,2080,4,0.0067429191898631426,0,0.3535560717,LinearSVC+CalibratedClassifierCV+Optuna,tanviedev/AaveV2-BehavIQ
NEG_01787,0,0,0,2087,4,0.03230279652172642,0,0.3535560717,LinearSVC+CalibratedClassifierCV+Optuna,tcyeee/PixWallet
NEG_01794,0,0,0,2094,4,0.034382513943340735,0,0.3535560717,LinearSVC+CalibratedClassifierCV+Optuna,TegroTON/ton3-client
NEG_01798,0,0,0,2098,4,0.0007946019594571712,0,0.3535560717,LinearSVC+CalibratedClassifierCV+Optuna,terrygmk/NFT-Collection
NEG_01818,0,0,0,2118,4,0.00027098919913870896,0,0.3535560717,LinearSVC+CalibratedClassifierCV+Optuna,Throvn/web3-multi-signature-wallet
NEG_01827,0,0,0,2127,4,0.0008405992988557257,0,0.3535560717,LinearSVC+CalibratedClassifierCV+Optuna,tnkerer/vestingVault
NEG_01831,0,0,0,2131,4,0.0017476220485252326,0,0.3535560717,LinearSVC+CalibratedClassifierCV+Optuna,Toporin/Satodime-Applet
NEG_01835,0,0,0,2135,4,0.00026156098108788046,0,0.3535560717,LinearSVC+CalibratedClassifierCV+Optuna,tosynthegeek/mcw
NEG_01841,0,0,0,2141,4,4.172431685935236e-05,0,0.3535560717,LinearSVC+CalibratedClassifierCV+Optuna,tradingstrategy-ai/web3-ethereum-defi
NEG_01844,0,0,0,2144,4,0.00013806908912423438,0,0.3535560717,LinearSVC+CalibratedClassifierCV+Optuna,treejer/contract
NEG_01846,0,0,0,2146,4,0.02706581869678305,0,0.3535560717,LinearSVC+CalibratedClassifierCV+Optuna,TrinetixHubs/PixelVerse
NEG_01847,0,0,0,2147,4,0.5040591109437713,1,0.3535560717,LinearSVC+CalibratedClassifierCV+Optuna,tronprotocol/wallet-cli
NEG_01851,0,0,0,2151,4,0.0005707797004079945,0,0.3535560717,LinearSVC+CalibratedClassifierCV+Optuna,trustwallet/wallet-core
NEG_01855,0,0,0,2155,4,0.09060421113245105,0,0.3535560717,LinearSVC+CalibratedClassifierCV+Optuna,Tswaanda/tswaanda-marketplace
NEG_01860,0,0,0,2160,4,0.002062708613576618,0,0.3535560717,LinearSVC+CalibratedClassifierCV+Optuna,txtx/txtx
NEG_01861,0,0,0,2161,4,0.0083962502560706,0,0.3535560717,LinearSVC+CalibratedClassifierCV+Optuna,uhsr/BlockchainNFTCertificateAuthority
NEG_01868,0,0,0,2168,4,0.011378654306907274,0,0.3535560717,LinearSVC+CalibratedClassifierCV+Optuna,uhsr/CryptoKeyVaultManager
NEG_01875,0,0,0,2175,4,0.032997271533411754,0,0.3535560717,LinearSVC+CalibratedClassifierCV+Optuna,unobrandon/DefiWallet
NEG_01881,0,0,0,2181,4,0.05496701946484286,0,0.3535560717,LinearSVC+CalibratedClassifierCV+Optuna,utsavempiric20/token-wallet-solidity
NEG_01885,0,0,0,2185,4,0.0029409607666796744,0,0.3535560717,LinearSVC+CalibratedClassifierCV+Optuna,vancelin/ethereum-event-tracker
NEG_01888,0,0,0,2188,4,0.021477374891951537,0,0.3535560717,LinearSVC+CalibratedClassifierCV+Optuna,vdimitriad/Uncuffed
NEG_01905,0,0,0,2205,4,0.000628738941796912,0,0.3535560717,LinearSVC+CalibratedClassifierCV+Optuna,ViditGalav/NFT-Synthesizer-Sol-Breeder
NEG_01908,0,0,0,2208,4,0.0006904526440823776,0,0.3535560717,LinearSVC+CalibratedClassifierCV+Optuna,Viken-Blockchain-Solutions/Solidity-files
NEG_01909,0,0,0,2209,4,0.005511525100539647,0,0.3535560717,LinearSVC+CalibratedClassifierCV+Optuna,ViktorVL584/Crypto-News-Aggregator
NEG_01924,0,0,0,2224,4,0.06064819014789972,0,0.3535560717,LinearSVC+CalibratedClassifierCV+Optuna,vivekananand-cpu/web3-blockchain-nft-drop-app
NEG_01932,0,0,0,2232,4,0.009591200423930335,0,0.3535560717,LinearSVC+CalibratedClassifierCV+Optuna,vorburger/awesome-decentralized-internet-web3-blockchain-p2p-security-world-cloud
NEG_01935,0,0,0,2235,4,0.00018739642788955817,0,0.3535560717,LinearSVC+CalibratedClassifierCV+Optuna,vvizardev/pump-smart-contract-solidity
NEG_01936,0,0,0,2236,4,0.0026239751353113257,0,0.3535560717,LinearSVC+CalibratedClassifierCV+Optuna,vvizardev/wizardev
NEG_01946,0,0,0,2246,4,0.00012560462724561545,0,0.3535560717,LinearSVC+CalibratedClassifierCV+Optuna,walt-id/waltid-walletkit
NEG_01947,0,0,0,2247,4,0.006645264226755553,0,0.3535560717,LinearSVC+CalibratedClassifierCV+Optuna,wanglinyang/nft-collection
NEG_01949,0,0,0,2249,4,1.0047659119379813e-15,0,0.3535560717,LinearSVC+CalibratedClassifierCV+Optuna,wangtengjiao1997/Encode-Solidity-Bootcamp
NEG_01961,0,0,0,2261,4,0.001006114295347555,0,0.3535560717,LinearSVC+CalibratedClassifierCV+Optuna,web3crafter/NFTCollection_Crypto-Devs
NEG_01964,0,0,0,2264,4,0.0005234425082920987,0,0.3535560717,LinearSVC+CalibratedClassifierCV+Optuna,Web3Philippines/homepage
NEG_01965,0,0,0,2265,4,0.0037472678836401236,0,0.3535560717,LinearSVC+CalibratedClassifierCV+Optuna,web3privacy/web3privacy
NEG_01967,0,0,0,2267,4,5.683209592428947e-05,0,0.3535560717,LinearSVC+CalibratedClassifierCV+Optuna,weex/Live-bitcoin-transactions
NEG_01969,0,0,0,2269,4,0.0002549998130130538,0,0.3535560717,LinearSVC+CalibratedClassifierCV+Optuna,weiweiyeih/web3.0-lottery-frontend-app
NEG_01975,0,0,0,2275,4,0.01026247036612798,0,0.3535560717,LinearSVC+CalibratedClassifierCV+Optuna,WilliamMassalino/foundry-app
NEG_01977,0,0,0,2277,4,0.015094142681577017,0,0.3535560717,LinearSVC+CalibratedClassifierCV+Optuna,WISEPLAT/backtrader_bybit
NEG_01982,0,0,0,2282,4,0.0005638701436305569,0,0.3535560717,LinearSVC+CalibratedClassifierCV+Optuna,wslyvh/clean-contracts
NEG_01995,0,0,0,2295,4,1.1016893476155989e-05,0,0.3535560717,LinearSVC+CalibratedClassifierCV+Optuna,xlnfinance/xln
NEG_01999,0,0,0,2299,4,0.003373711684931563,0,0.3535560717,LinearSVC+CalibratedClassifierCV+Optuna,xsen215/Web3-Solana-Bitcoin-NFT-Dex-Defi-P2EGame-SmartContract-Projects
NEG_02004,0,0,0,2304,4,0.018116017813122897,0,0.3535560717,LinearSVC+CalibratedClassifierCV+Optuna,Y-Xiang-hub/Crowdsourcing-With-Smart-Contract
NEG_02005,0,0,0,2305,4,0.003841517369889248,0,0.3535560717,LinearSVC+CalibratedClassifierCV+Optuna,yakiyahi/projet-web3
NEG_02008,0,0,0,2308,4,0.0006546085919683538,0,0.3535560717,LinearSVC+CalibratedClassifierCV+Optuna,yanukadeneth99/Meme-NFT
NEG_02014,0,0,0,2314,4,0.0001757196882419196,0,0.3535560717,LinearSVC+CalibratedClassifierCV+Optuna,yearn/NFTreasury
NEG_02016,0,0,0,2316,4,0.0011051129994026454,0,0.3535560717,LinearSVC+CalibratedClassifierCV+Optuna,yessGlory17/nft-marketplace
NEG_02017,0,0,0,2317,4,9.740262794303061e-05,0,0.3535560717,LinearSVC+CalibratedClassifierCV+Optuna,yeswadams/CryptoKitty
NEG_02023,0,0,0,2323,4,0.018212389848401424,0,0.3535560717,LinearSVC+CalibratedClassifierCV+Optuna,yokeld/solgo
NEG_02027,0,0,0,2327,4,0.0037608466424012776,0,0.3535560717,LinearSVC+CalibratedClassifierCV+Optuna,Yourmix0x/webwag-tiri
NEG_02030,0,0,0,2330,4,2.613124609361827e-05,0,0.3535560717,LinearSVC+CalibratedClassifierCV+Optuna,yunanah/nft-wallet-yoorabaek
NEG_02033,0,0,0,2333,4,2.2253946285122288e-05,0,0.3535560717,LinearSVC+CalibratedClassifierCV+Optuna,zafar-saleem/blockchain-node
NEG_02042,0,0,0,2342,4,0.0005797862356200959,0,0.3535560717,LinearSVC+CalibratedClassifierCV+Optuna,Zheaoli/awesome-coins
NEG_02043,0,0,0,2343,4,0.0013233159350977677,0,0.3535560717,LinearSVC+CalibratedClassifierCV+Optuna,zillehuma75/lottery-smart-contract-
NEG_02047,0,0,0,2347,4,5.405483306636475e-05,0,0.3535560717,LinearSVC+CalibratedClassifierCV+Optuna,zktx-io/sui-extension
NEG_02053,0,0,0,2353,4,0.00039523970196920344,0,0.3535560717,LinearSVC+CalibratedClassifierCV+Optuna,zzzizo/cig-chain
F4_security_osint_cve,1,1,0,5,5,0.6237373737373737,0,0.8272720505,LinearSVC+CalibratedClassifierCV+Optuna,adminlove520/VulnWatchDog
F4_security_osint_cve,1,1,0,30,5,1.0,1,0.8272720505,LinearSVC+CalibratedClassifierCV+Optuna,nocomp/poc-CVE-2001-1473
F4_security_osint_cve,1,1,0,37,5,0.0,0,0.8272720505,LinearSVC+CalibratedClassifierCV+Optuna,themaxlpalfaboy/CVE-2025-54897-LAB
F4_security_osint_cve,1,1,0,43,5,1.0,1,0.8272720505,LinearSVC+CalibratedClassifierCV+Optuna,Zeeeepa/spyder-osint
F4_security_osint_cve,1,1,0,44,5,0.9998561952812947,1,0.8272720505,LinearSVC+CalibratedClassifierCV+Optuna,Zeeeepa/spyder-osint2
F4_security_osint_cve,1,0,1,81,5,0.7408586995889959,0,0.8272720505,LinearSVC+CalibratedClassifierCV+Optuna,adminlove5202/VulnWatchDog
F4_security_osint_cve,1,0,1,82,5,0.9987205932690846,1,0.8272720505,LinearSVC+CalibratedClassifierCV+Optuna,nocomp9/poc-CVE-2001-1473
F4_security_osint_cve,1,0,1,83,5,0.0,0,0.8272720505,LinearSVC+CalibratedClassifierCV+Optuna,themaxlpalfaboyr/CVE-2025-54897-LAB
F4_security_osint_cve,1,0,1,84,5,1.0,1,0.8272720505,LinearSVC+CalibratedClassifierCV+Optuna,Zeeeep/spyder-osint
F4_security_osint_cve,1,0,1,85,5,1.0,1,0.8272720505,LinearSVC+CalibratedClassifierCV+Optuna,Zeeeepa2/spyder-osint2
F4_security_osint_cve,1,0,1,86,5,0.7408586995889959,0,0.8272720505,LinearSVC+CalibratedClassifierCV+Optuna,adminlove5203/VulnWatchDog
F4_security_osint_cve,1,0,1,87,5,1.0,1,0.8272720505,LinearSVC+CalibratedClassifierCV+Optuna,nocomp4/poc-CVE-2001-1473
F4_security_osint_cve,1,0,1,88,5,0.0,0,0.8272720505,LinearSVC+CalibratedClassifierCV+Optuna,themaxlpalfaboyk/CVE-2025-54897-LAB
F4_security_osint_cve,1,0,1,89,5,1.0,1,0.8272720505,LinearSVC+CalibratedClassifierCV+Optuna,Zeeeepa2/spyder-osint
F4_security_osint_cve,1,0,1,90,5,1.0,1,0.8272720505,LinearSVC+CalibratedClassifierCV+Optuna,Zeeeepa3/spyder-osint2
F4_security_osint_cve,1,0,1,91,5,0.6618073161897863,0,0.8272720505,LinearSVC+CalibratedClassifierCV+Optuna,adminlove52/VulnWatchDog
F4_security_osint_cve,1,0,1,92,5,1.0,1,0.8272720505,LinearSVC+CalibratedClassifierCV+Optuna,nocomps/poc-CVE-2001-1473
F4_security_osint_cve,1,0,1,93,5,0.0,0,0.8272720505,LinearSVC+CalibratedClassifierCV+Optuna,themaxlpalfaboy2/CVE-2025-54897-LAB
F4_security_osint_cve,1,0,1,94,5,1.0,1,0.8272720505,LinearSVC+CalibratedClassifierCV+Optuna,Zeeeep2/spyder-osint
F4_security_osint_cve,1,0,1,95,5,1.0,1,0.8272720505,LinearSVC+CalibratedClassifierCV+Optuna,Zeeeep/spyder-osint2
F4_security_osint_cve,1,0,1,96,5,0.6237373737373737,0,0.8272720505,LinearSVC+CalibratedClassifierCV+Optuna,adminlove520v/VulnWatchDog
F4_security_osint_cve,1,0,1,97,5,1.0,1,0.8272720505,LinearSVC+CalibratedClassifierCV+Optuna,nocomp7/poc-CVE-2001-1473
F4_security_osint_cve,1,0,1,98,5,0.0,0,0.8272720505,LinearSVC+CalibratedClassifierCV+Optuna,themaxlpalfabo/CVE-2025-54897-LAB
F4_security_osint_cve,1,0,1,99,5,1.0,1,0.8272720505,LinearSVC+CalibratedClassifierCV+Optuna,Zeeeepaz/spyder-osint
F4_security_osint_cve,1,0,1,100,5,0.9989944575801267,1,0.8272720505,LinearSVC+CalibratedClassifierCV+Optuna,Zeeeepa4/spyder-osint2
F4_security_osint_cve,1,0,1,101,5,0.6237373737373737,0,0.8272720505,LinearSVC+CalibratedClassifierCV+Optuna,adminlove520t/VulnWatchDog
F4_security_osint_cve,1,0,1,102,5,1.0,1,0.8272720505,LinearSVC+CalibratedClassifierCV+Optuna,nocompf/poc-CVE-2001-1473
F4_security_osint_cve,1,0,1,103,5,0.0,0,0.8272720505,LinearSVC+CalibratedClassifierCV+Optuna,themaxlpalfaboy3/CVE-2025-54897-LAB
F4_security_osint_cve,1,0,1,104,5,0.9994069636594264,1,0.8272720505,LinearSVC+CalibratedClassifierCV+Optuna,Zeeeepa3/spyder-osint
F4_security_osint_cve,1,0,1,105,5,0.9976581426077727,1,0.8272720505,LinearSVC+CalibratedClassifierCV+Optuna,Zeeeepa5/spyder-osint2
F4_security_osint_cve,1,0,1,106,5,0.7889333101098263,0,0.8272720505,LinearSVC+CalibratedClassifierCV+Optuna,adminlove520f/VulnWatchDog
F4_security_osint_cve,1,0,1,107,5,0.9991266567156831,1,0.8272720505,LinearSVC+CalibratedClassifierCV+Optuna,nocom/poc-CVE-2001-1473
F4_security_osint_cve,1,0,1,108,5,0.0,0,0.8272720505,LinearSVC+CalibratedClassifierCV+Optuna,themaxlpalfaboy4/CVE-2025-54897-LAB
F4_security_osint_cve,1,0,1,109,5,1.0,1,0.8272720505,LinearSVC+CalibratedClassifierCV+Optuna,Zeeeepa4/spyder-osint
F4_security_osint_cve,1,0,1,110,5,0.999471411350235,1,0.8272720505,LinearSVC+CalibratedClassifierCV+Optuna,Zeeeepap/spyder-osint2
F4_security_osint_cve,1,0,1,111,5,0.6618073161897863,0,0.8272720505,LinearSVC+CalibratedClassifierCV+Optuna,adminlove520x/VulnWatchDog
F4_security_osint_cve,1,0,1,112,5,1.0,1,0.8272720505,LinearSVC+CalibratedClassifierCV+Optuna,nocompa/poc-CVE-2001-1473
F4_security_osint_cve,1,0,1,113,5,0.0,0,0.8272720505,LinearSVC+CalibratedClassifierCV+Optuna,themaxlpalfaboy5/CVE-2025-54897-LAB
F4_security_osint_cve,1,0,1,114,5,1.0,1,0.8272720505,LinearSVC+CalibratedClassifierCV+Optuna,Zeeeepaw/spyder-osint
F4_security_osint_cve,1,0,1,115,5,0.9998923102837329,1,0.8272720505,LinearSVC+CalibratedClassifierCV+Optuna,Zeeeepax/spyder-osint2
F4_security_osint_cve,1,0,1,116,5,0.6237373737373737,0,0.8272720505,LinearSVC+CalibratedClassifierCV+Optuna,adminlove522/VulnWatchDog
F4_security_osint_cve,1,0,1,117,5,1.0,1,0.8272720505,LinearSVC+CalibratedClassifierCV+Optuna,nocomp2/poc-CVE-2001-1473
F4_security_osint_cve,1,0,1,118,5,0.0,0,0.8272720505,LinearSVC+CalibratedClassifierCV+Optuna,themaxlpalfaboy6/CVE-2025-54897-LAB
F4_security_osint_cve,1,0,1,119,5,1.0,1,0.8272720505,LinearSVC+CalibratedClassifierCV+Optuna,Zeeeepa5/spyder-osint
F4_security_osint_cve,1,0,1,120,5,0.996613910646967,1,0.8272720505,LinearSVC+CalibratedClassifierCV+Optuna,Zeeeep2/spyder-osint2
F4_security_osint_cve,1,0,1,121,5,0.8054235735501195,0,0.8272720505,LinearSVC+CalibratedClassifierCV+Optuna,adminlove5200/VulnWatchDog
F4_security_osint_cve,1,0,1,122,5,0.9961689154967349,1,0.8272720505,LinearSVC+CalibratedClassifierCV+Optuna,nocom2/poc-CVE-2001-1473
F4_security_osint_cve,1,0,1,123,5,0.0,0,0.8272720505,LinearSVC+CalibratedClassifierCV+Optuna,themaxlpalfabo2/CVE-2025-54897-LAB
F4_security_osint_cve,1,0,1,124,5,1.0,1,0.8272720505,LinearSVC+CalibratedClassifierCV+Optuna,Zeeeep3/spyder-osint
F4_security_osint_cve,1,0,1,125,5,0.997444932400072,1,0.8272720505,LinearSVC+CalibratedClassifierCV+Optuna,Zeeeep3/spyder-osint2
F4_security_osint_cve,1,0,1,126,5,0.6618073161897863,0,0.8272720505,LinearSVC+CalibratedClassifierCV+Optuna,adminlove520o/VulnWatchDog
F4_security_osint_cve,1,0,1,127,5,0.999335548098335,1,0.8272720505,LinearSVC+CalibratedClassifierCV+Optuna,nocompb/poc-CVE-2001-1473
F4_security_osint_cve,1,0,1,128,5,0.0,0,0.8272720505,LinearSVC+CalibratedClassifierCV+Optuna,themaxlpalfaboy7/CVE-2025-54897-LAB
F4_security_osint_cve,1,0,1,129,5,1.0,1,0.8272720505,LinearSVC+CalibratedClassifierCV+Optuna,Zeeeep4/spyder-osint
F4_security_osint_cve,1,0,1,130,5,1.0,1,0.8272720505,LinearSVC+CalibratedClassifierCV+Optuna,Zeeeepa6/spyder-osint2
F4_security_osint_cve,1,0,1,131,5,0.6237373737373737,0,0.8272720505,LinearSVC+CalibratedClassifierCV+Optuna,adminlove5208/VulnWatchDog
F4_security_osint_cve,1,0,1,132,5,1.0,1,0.8272720505,LinearSVC+CalibratedClassifierCV+Optuna,nocompc/poc-CVE-2001-1473
F4_security_osint_cve,1,0,1,133,5,0.0,0,0.8272720505,LinearSVC+CalibratedClassifierCV+Optuna,themaxlpalfaboy8/CVE-2025-54897-LAB
F4_security_osint_cve,1,0,1,134,5,1.0,1,0.8272720505,LinearSVC+CalibratedClassifierCV+Optuna,Zeeeep5/spyder-osint
F4_security_osint_cve,1,0,1,135,5,1.0,1,0.8272720505,LinearSVC+CalibratedClassifierCV+Optuna,Zeeeepaz/spyder-osint2
NEG_00001,0,0,0,301,5,0.0,0,0.8272720505,LinearSVC+CalibratedClassifierCV+Optuna,00hello/solidity-experiments
NEG_00008,0,0,0,308,5,0.0,0,0.8272720505,LinearSVC+CalibratedClassifierCV+Optuna,0xcregis/anychain
NEG_00013,0,0,0,313,5,0.0,0,0.8272720505,LinearSVC+CalibratedClassifierCV+Optuna,0xfrosty/leverade-nft
NEG_00014,0,0,0,314,5,0.0,0,0.8272720505,LinearSVC+CalibratedClassifierCV+Optuna,0xGeegZ/defi-gambler
NEG_00020,0,0,0,320,5,0.0,0,0.8272720505,LinearSVC+CalibratedClassifierCV+Optuna,0xJonaseb11/shared_wallet.3.0
NEG_00021,0,0,0,321,5,0.0,0,0.8272720505,LinearSVC+CalibratedClassifierCV+Optuna,0xJonaseb11/solidity_L
NEG_00026,0,0,0,326,5,0.0,0,0.8272720505,LinearSVC+CalibratedClassifierCV+Optuna,0xPleiades/switch-trade-coin
NEG_00034,0,0,0,334,5,0.0,0,0.8272720505,LinearSVC+CalibratedClassifierCV+Optuna,10ap17/Damn-Vulnerable-DeFi-Foundry
NEG_00037,0,0,0,337,5,0.0,0,0.8272720505,LinearSVC+CalibratedClassifierCV+Optuna,1983shiv/blockchain-crypto-smart-contract-example
NEG_00040,0,0,0,340,5,0.27822944896115626,0,0.8272720505,LinearSVC+CalibratedClassifierCV+Optuna,2303A51405/solidity-smart_contract
NEG_00053,0,0,0,353,5,0.0,0,0.8272720505,LinearSVC+CalibratedClassifierCV+Optuna,aaquib8700/Wallet-SmartContract
NEG_00064,0,0,0,364,5,0.0,0,0.8272720505,LinearSVC+CalibratedClassifierCV+Optuna,AbioyeSamuel/DBANK_DeFi_DApp
NEG_00087,0,0,0,387,5,0.0,0,0.8272720505,LinearSVC+CalibratedClassifierCV+Optuna,adrianmcli/ganache-jest-example
NEG_00091,0,0,0,391,5,0.0,0,0.8272720505,LinearSVC+CalibratedClassifierCV+Optuna,Adrijan-Petek/token-correlation-analyzer
NEG_00095,0,0,0,395,5,0.0,0,0.8272720505,LinearSVC+CalibratedClassifierCV+Optuna,aeminium-labs/nextjs-solana-starter-kit
NEG_00098,0,0,0,398,5,0.0,0,0.8272720505,LinearSVC+CalibratedClassifierCV+Optuna,afroze93/smart-contract-1
NEG_00103,0,0,0,403,5,0.0,0,0.8272720505,LinearSVC+CalibratedClassifierCV+Optuna,aha-moment-group/wallet
NEG_00112,0,0,0,412,5,0.0,0,0.8272720505,LinearSVC+CalibratedClassifierCV+Optuna,aidear3/smart-contracts
NEG_00122,0,0,0,422,5,0.0,0,0.8272720505,LinearSVC+CalibratedClassifierCV+Optuna,akbarwijayaa/simple-defi-flash
NEG_00130,0,0,0,430,5,0.0,0,0.8272720505,LinearSVC+CalibratedClassifierCV+Optuna,alebeta06/chainlink-bootcampES-2024
NEG_00134,0,0,0,434,5,0.0,0,0.8272720505,LinearSVC+CalibratedClassifierCV+Optuna,alejoacosta74/token-swap-exchange
NEG_00143,0,0,0,443,5,0.0,0,0.8272720505,LinearSVC+CalibratedClassifierCV+Optuna,AlexNa-Holdings/web3pro
NEG_00146,0,0,0,446,5,0.0,0,0.8272720505,LinearSVC+CalibratedClassifierCV+Optuna,algonomad571/CryptoHFT
NEG_00150,0,0,0,450,5,0.0,0,0.8272720505,LinearSVC+CalibratedClassifierCV+Optuna,aliezzahn/yield-farming-optimization-calculator
NEG_00151,0,0,0,451,5,0.0,0,0.8272720505,LinearSVC+CalibratedClassifierCV+Optuna,Alikhan-Shanbay/AegisScan
NEG_00152,0,0,0,452,5,0.0,0,0.8272720505,LinearSVC+CalibratedClassifierCV+Optuna,aliraza944/MultiSig-Wallet-
NEG_00160,0,0,0,460,5,0.0,0,0.8272720505,LinearSVC+CalibratedClassifierCV+Optuna,alpha-sol/alpha-frontend
NEG_00161,0,0,0,461,5,0.0,0,0.8272720505,LinearSVC+CalibratedClassifierCV+Optuna,alpinelab-it/BuyMeABeer-Solidity-DeFi-Tipping-smart-contract-
NEG_00166,0,0,0,466,5,0.0,0,0.8272720505,LinearSVC+CalibratedClassifierCV+Optuna,amdonatusprince/brownie_simple_storage-application
NEG_00186,0,0,0,486,5,0.0,0,0.8272720505,LinearSVC+CalibratedClassifierCV+Optuna,Anonymous961/NFTClaimApp
NEG_00187,0,0,0,487,5,0.0,0,0.8272720505,LinearSVC+CalibratedClassifierCV+Optuna,ant-design/ant-design-web3
NEG_00189,0,0,0,489,5,0.0,0,0.8272720505,LinearSVC+CalibratedClassifierCV+Optuna,Anton1636/crypto-wallet
NEG_00197,0,0,0,497,5,0.0,0,0.8272720505,LinearSVC+CalibratedClassifierCV+Optuna,apalowski688-art/ethereum-bitcoin
NEG_00200,0,0,0,500,5,0.0,0,0.8272720505,LinearSVC+CalibratedClassifierCV+Optuna,ApeWorX/ape-ganache
NEG_00201,0,0,0,501,5,0.0,0,0.8272720505,LinearSVC+CalibratedClassifierCV+Optuna,ApeWorX/ape-ledger
NEG_00202,0,0,0,502,5,0.0,0,0.8272720505,LinearSVC+CalibratedClassifierCV+Optuna,ApeWorX/evm-trace
NEG_00205,0,0,0,505,5,0.0,0,0.8272720505,LinearSVC+CalibratedClassifierCV+Optuna,aptos-labs/petra-vault
NEG_00206,0,0,0,506,5,0.0,0,0.8272720505,LinearSVC+CalibratedClassifierCV+Optuna,aqemal/owasp-sc-token-
NEG_00207,0,0,0,507,5,0.0,0,0.8272720505,LinearSVC+CalibratedClassifierCV+Optuna,aragon/use-wallet
NEG_00216,0,0,0,516,5,0.0,0,0.8272720505,LinearSVC+CalibratedClassifierCV+Optuna,arokvic/FundMeProject-SmartContracts-Web3-Brownie-Solidity-2022
NEG_00219,0,0,0,519,5,0.0,0,0.8272720505,LinearSVC+CalibratedClassifierCV+Optuna,ArrjunPradeep/safeCryptoWallet
NEG_00225,0,0,0,525,5,0.0,0,0.8272720505,LinearSVC+CalibratedClassifierCV+Optuna,arthuravianna/uff-web3-course
NEG_00229,0,0,0,529,5,0.0,0,0.8272720505,LinearSVC+CalibratedClassifierCV+Optuna,as3360/ReinforcementLearntTradingBot
NEG_00230,0,0,0,530,5,0.0,0,0.8272720505,LinearSVC+CalibratedClassifierCV+Optuna,ashbz/CryptoSharp
NEG_00241,0,0,0,541,5,0.0,0,0.8272720505,LinearSVC+CalibratedClassifierCV+Optuna,atul24112001/trackpack
NEG_00246,0,0,0,546,5,0.0,0,0.8272720505,LinearSVC+CalibratedClassifierCV+Optuna,Axentro/Axentro
NEG_00252,0,0,0,552,5,0.0,0,0.8272720505,LinearSVC+CalibratedClassifierCV+Optuna,ayushi030709/aave-credit-scorer
NEG_00253,0,0,0,553,5,0.0,0,0.8272720505,LinearSVC+CalibratedClassifierCV+Optuna,ayushn2/market_maker
NEG_00262,0,0,0,562,5,0.0,0,0.8272720505,LinearSVC+CalibratedClassifierCV+Optuna,balancer/frontend-v2
NEG_00269,0,0,0,569,5,0.0,0,0.8272720505,LinearSVC+CalibratedClassifierCV+Optuna,banteg/multicall.py
NEG_00276,0,0,0,576,5,0.0,0,0.8272720505,LinearSVC+CalibratedClassifierCV+Optuna,BeanstalkFarms/Basin
NEG_00279,0,0,0,579,5,0.0,0,0.8272720505,LinearSVC+CalibratedClassifierCV+Optuna,bekatom/awesome-ethereum
NEG_00283,0,0,0,583,5,0.0,0,0.8272720505,LinearSVC+CalibratedClassifierCV+Optuna,benruseau/Inhetherit
NEG_00288,0,0,0,588,5,0.0,0,0.8272720505,LinearSVC+CalibratedClassifierCV+Optuna,BeycanPress/cryptopay-lite
NEG_00293,0,0,0,593,5,0.0,0,0.8272720505,LinearSVC+CalibratedClassifierCV+Optuna,bifrost-platform/solidity-contract-configs
NEG_00295,0,0,0,595,5,0.0,0,0.8272720505,LinearSVC+CalibratedClassifierCV+Optuna,bigint/hey
NEG_00315,0,0,0,615,5,0.0,0,0.8272720505,LinearSVC+CalibratedClassifierCV+Optuna,Block-Chen/blocksdk-go
NEG_00317,0,0,0,617,5,0.0,0,0.8272720505,LinearSVC+CalibratedClassifierCV+Optuna,blockchain-certificates/cert-issuer
NEG_00330,0,0,0,630,5,0.0,0,0.8272720505,LinearSVC+CalibratedClassifierCV+Optuna,bob-collective/bob
NEG_00337,0,0,0,637,5,0.0,0,0.8272720505,LinearSVC+CalibratedClassifierCV+Optuna,braedonsaunders/homerun
NEG_00343,0,0,0,643,5,0.0,0,0.8272720505,LinearSVC+CalibratedClassifierCV+Optuna,brlojam4932/usdc-app
NEG_00345,0,0,0,645,5,0.0,0,0.8272720505,LinearSVC+CalibratedClassifierCV+Optuna,BSN-DDC/taianchain
NEG_00378,0,0,0,678,5,0.0,0,0.8272720505,LinearSVC+CalibratedClassifierCV+Optuna,chainapsis/keplr-wallet
NEG_00379,0,0,0,679,5,0.0,0,0.8272720505,LinearSVC+CalibratedClassifierCV+Optuna,ChainEasy/ChainEasy-Wallet
NEG_00384,0,0,0,684,5,0.0,0,0.8272720505,LinearSVC+CalibratedClassifierCV+Optuna,ChainsQueen/web3dashboard
NEG_00385,0,0,0,685,5,0.0,0,0.8272720505,LinearSVC+CalibratedClassifierCV+Optuna,charanbalaji2005/CryptoView-solidity
NEG_00387,0,0,0,687,5,0.0,0,0.8272720505,LinearSVC+CalibratedClassifierCV+Optuna,chase-manning/debt-farming
NEG_00391,0,0,0,691,5,0.59006734006734,0,0.8272720505,LinearSVC+CalibratedClassifierCV+Optuna,chellscript/bitLeaf
NEG_00392,0,0,0,692,5,0.0,0,0.8272720505,LinearSVC+CalibratedClassifierCV+Optuna,cherti/bitcoin-analysis
NEG_00397,0,0,0,697,5,0.0,0,0.8272720505,LinearSVC+CalibratedClassifierCV+Optuna,chjj/termcoin
NEG_00400,0,0,0,700,5,0.0,0,0.8272720505,LinearSVC+CalibratedClassifierCV+Optuna,chrisalexadams/balancer
NEG_00401,0,0,0,701,5,0.0,0,0.8272720505,LinearSVC+CalibratedClassifierCV+Optuna,ChrisdeWolf/blockchain-attack-probabilities
NEG_00402,0,0,0,702,5,0.0,0,0.8272720505,LinearSVC+CalibratedClassifierCV+Optuna,chrisstef/defi-staking
NEG_00403,0,0,0,703,5,0.4419191919191919,0,0.8272720505,LinearSVC+CalibratedClassifierCV+Optuna,ChrisZyy3/presale-nft-web3-app
NEG_00406,0,0,0,706,5,0.0,0,0.8272720505,LinearSVC+CalibratedClassifierCV+Optuna,citizenweb3/validatorinfo
NEG_00418,0,0,0,718,5,0.0,0,0.8272720505,LinearSVC+CalibratedClassifierCV+Optuna,codebatine/Chores-for-Crypto
NEG_00437,0,0,0,737,5,0.0,0,0.8272720505,LinearSVC+CalibratedClassifierCV+Optuna,conka8/Solana-Dexterity
NEG_00441,0,0,0,741,5,0.0,0,0.8272720505,LinearSVC+CalibratedClassifierCV+Optuna,ConsenSysDiligence/mythril
NEG_00452,0,0,0,752,5,0.0,0,0.8272720505,LinearSVC+CalibratedClassifierCV+Optuna,covir-io/cvr-contract
NEG_00455,0,0,0,755,5,0.0,0,0.8272720505,LinearSVC+CalibratedClassifierCV+Optuna,Cr0mb/Satoshi-Sweeper
NEG_00459,0,0,0,759,5,0.0,0,0.8272720505,LinearSVC+CalibratedClassifierCV+Optuna,cristiandbetancurg/fulgol
NEG_00463,0,0,0,763,5,0.14814814814814814,0,0.8272720505,LinearSVC+CalibratedClassifierCV+Optuna,crypto-balance-checker-seed-phrases/crypto-balance-checker-seed-phrases
NEG_00466,0,0,0,766,5,0.0,0,0.8272720505,LinearSVC+CalibratedClassifierCV+Optuna,crypto-org-chain/cronos
NEG_00469,0,0,0,769,5,0.0,0,0.8272720505,LinearSVC+CalibratedClassifierCV+Optuna,cryptoadvance/specter-desktop
NEG_00472,0,0,0,772,5,0.0,0,0.8272720505,LinearSVC+CalibratedClassifierCV+Optuna,CryptoCreams/Crypto-Creams
NEG_00474,0,0,0,774,5,0.11594202898550725,0,0.8272720505,LinearSVC+CalibratedClassifierCV+Optuna,CryptoExplor/CeloNFT
NEG_00484,0,0,0,784,5,0.0,0,0.8272720505,LinearSVC+CalibratedClassifierCV+Optuna,cshep4/crypto-dot-com-exchange-go
NEG_00488,0,0,0,788,5,0.0,0,0.8272720505,LinearSVC+CalibratedClassifierCV+Optuna,CutupAngel/nft-marketplace
NEG_00492,0,0,0,792,5,0.0,0,0.8272720505,LinearSVC+CalibratedClassifierCV+Optuna,czeti/shamus
NEG_00502,0,0,0,802,5,0.0,0,0.8272720505,LinearSVC+CalibratedClassifierCV+Optuna,Damian-Sanchez/CryptoTextAlert
NEG_00508,0,0,0,808,5,0.0,0,0.8272720505,LinearSVC+CalibratedClassifierCV+Optuna,danilych/token-sale
NEG_00509,0,0,0,809,5,0.0,0,0.8272720505,LinearSVC+CalibratedClassifierCV+Optuna,danpatrocinio/web3-api
NEG_00510,0,0,0,810,5,0.0,0,0.8272720505,LinearSVC+CalibratedClassifierCV+Optuna,dante4rt/t3rn-airdrop-bot
NEG_00520,0,0,0,820,5,0.0,0,0.8272720505,LinearSVC+CalibratedClassifierCV+Optuna,dariocast/algorand-nft-loan
NEG_00524,0,0,0,824,5,0.0,0,0.8272720505,LinearSVC+CalibratedClassifierCV+Optuna,datmedevil17/hack-web3conf
NEG_00540,0,0,0,840,5,0.0,0,0.8272720505,LinearSVC+CalibratedClassifierCV+Optuna,Defi-Pool-Share/DefiPoolShare.DPSTContract
NEG_00550,0,0,0,850,5,0.0,0,0.8272720505,LinearSVC+CalibratedClassifierCV+Optuna,DemocracyEarth/exodus
NEG_00556,0,0,0,856,5,0.0,0,0.8272720505,LinearSVC+CalibratedClassifierCV+Optuna,DePayFi/buttons
NEG_00562,0,0,0,862,5,0.0,0,0.8272720505,LinearSVC+CalibratedClassifierCV+Optuna,desoul-labs/soulhub-contracts
NEG_00563,0,0,0,863,5,0.0,0,0.8272720505,LinearSVC+CalibratedClassifierCV+Optuna,deusfinance/deus-interface-v2
NEG_00564,0,0,0,864,5,0.0,0,0.8272720505,LinearSVC+CalibratedClassifierCV+Optuna,dev-x-master/Election-Blockchain-App
NEG_00565,0,0,0,865,5,0.0,0,0.8272720505,LinearSVC+CalibratedClassifierCV+Optuna,devano12/Kryptex-miner
NEG_00577,0,0,0,877,5,0.0,0,0.8272720505,LinearSVC+CalibratedClassifierCV+Optuna,dharmaprotocol/experimental
NEG_00586,0,0,0,886,5,0.0,0,0.8272720505,LinearSVC+CalibratedClassifierCV+Optuna,DimensionDev/Maskbook
NEG_00592,0,0,0,892,5,0.0,0,0.8272720505,LinearSVC+CalibratedClassifierCV+Optuna,Dklish/trading-lab
NEG_00600,0,0,0,900,5,0.0,0,0.8272720505,LinearSVC+CalibratedClassifierCV+Optuna,DonggeunYu/MEV-Attack-on-the-BSC
NEG_00608,0,0,0,908,5,0.0,0,0.8272720505,LinearSVC+CalibratedClassifierCV+Optuna,Drix10/ai-resources
NEG_00612,0,0,0,912,5,0.0,0,0.8272720505,LinearSVC+CalibratedClassifierCV+Optuna,ducga1998/tai-xiu-smart-contract
NEG_00623,0,0,0,923,5,0.0,0,0.8272720505,LinearSVC+CalibratedClassifierCV+Optuna,educoin/notarypoc
NEG_00627,0,0,0,927,5,0.0,0,0.8272720505,LinearSVC+CalibratedClassifierCV+Optuna,el-noir/ethereum-defi-app
NEG_00632,0,0,0,932,5,0.0,0,0.8272720505,LinearSVC+CalibratedClassifierCV+Optuna,ElromEvedElElyon/bitcoinbrasil
NEG_00639,0,0,0,939,5,0.0,0,0.8272720505,LinearSVC+CalibratedClassifierCV+Optuna,emilyhon/foundry-defi-stablecoin-f23
NEG_00640,0,0,0,940,5,0.0,0,0.8272720505,LinearSVC+CalibratedClassifierCV+Optuna,Emivvvvv/btc-vanity
NEG_00641,0,0,0,941,5,0.0,0,0.8272720505,LinearSVC+CalibratedClassifierCV+Optuna,emlynazuma/blockchainCrawler
NEG_00642,0,0,0,942,5,0.0,0,0.8272720505,LinearSVC+CalibratedClassifierCV+Optuna,Emmahchinonso/web3-bridge-contract
NEG_00645,0,0,0,945,5,0.0,0,0.8272720505,LinearSVC+CalibratedClassifierCV+Optuna,emograms/nft-marketplace
NEG_00646,0,0,0,946,5,0.0,0,0.8272720505,LinearSVC+CalibratedClassifierCV+Optuna,emtinanseo/dApp-Refund-by-Location-Smart-Contract
NEG_00647,0,0,0,947,5,0.0,0,0.8272720505,LinearSVC+CalibratedClassifierCV+Optuna,energychain/CorrentlyWallet
NEG_00648,0,0,0,948,5,0.0,0,0.8272720505,LinearSVC+CalibratedClassifierCV+Optuna,Enkhai/crypto-blockchain-python
NEG_00659,0,0,0,959,5,0.0,0,0.8272720505,LinearSVC+CalibratedClassifierCV+Optuna,eq-lab/marginly
NEG_00663,0,0,0,963,5,0.0,0,0.8272720505,LinearSVC+CalibratedClassifierCV+Optuna,ervikassingh/nft-market
NEG_00681,0,0,0,981,5,0.0,0,0.8272720505,LinearSVC+CalibratedClassifierCV+Optuna,EveryThinUknow/BlockchainPrototype
NEG_00683,0,0,0,983,5,0.0,0,0.8272720505,LinearSVC+CalibratedClassifierCV+Optuna,EWCunha/brownie-fund-me
NEG_00686,0,0,0,986,5,0.0,0,0.8272720505,LinearSVC+CalibratedClassifierCV+Optuna,exekerey/3xpl-mcp
NEG_00687,0,0,0,987,5,0.0,0,0.8272720505,LinearSVC+CalibratedClassifierCV+Optuna,exglos/wallet
NEG_00698,0,0,0,998,5,0.0,0,0.8272720505,LinearSVC+CalibratedClassifierCV+Optuna,fadliferdian28/MyCryptoToken
NEG_00699,0,0,0,999,5,0.0,0,0.8272720505,LinearSVC+CalibratedClassifierCV+Optuna,fairrustana/Sports-Betting-Sportsbook
NEG_00702,0,0,0,1002,5,0.0,0,0.8272720505,LinearSVC+CalibratedClassifierCV+Optuna,Faouzijedidi1/NFT-Game
NEG_00709,0,0,0,1009,5,0.0,0,0.8272720505,LinearSVC+CalibratedClassifierCV+Optuna,felipeserrano05/one-sol-protocol
NEG_00719,0,0,0,1019,5,0.0,0,0.8272720505,LinearSVC+CalibratedClassifierCV+Optuna,flannerychristopher/web3_py_simple_storage
NEG_00725,0,0,0,1025,5,0.0,0,0.8272720505,LinearSVC+CalibratedClassifierCV+Optuna,Formyselfonly/smart-contract-quickstart
NEG_00729,0,0,0,1029,5,0.0,0,0.8272720505,LinearSVC+CalibratedClassifierCV+Optuna,frangio/hardhat-exposed
NEG_00742,0,0,0,1042,5,0.0,0,0.8272720505,LinearSVC+CalibratedClassifierCV+Optuna,fvictorio/ganache-explorer-poc
NEG_00747,0,0,0,1047,5,0.0,0,0.8272720505,LinearSVC+CalibratedClassifierCV+Optuna,gasparllamazares/Bitcoin-Virus
NEG_00748,0,0,0,1048,5,0.0,0,0.8272720505,LinearSVC+CalibratedClassifierCV+Optuna,gauryvg98/Bitcoin-Indexer
NEG_00749,0,0,0,1049,5,0.0,0,0.8272720505,LinearSVC+CalibratedClassifierCV+Optuna,gbto/web3-everything
NEG_00751,0,0,0,1051,5,0.0,0,0.8272720505,LinearSVC+CalibratedClassifierCV+Optuna,Gearbox-protocol/gearbox-protocol-description
NEG_00763,0,0,0,1063,5,0.0,0,0.8272720505,LinearSVC+CalibratedClassifierCV+Optuna,gitthekid/Ethereum-Flashloan-DEX-Arbitrage-Contracts
NEG_00766,0,0,0,1066,5,0.0,0,0.8272720505,LinearSVC+CalibratedClassifierCV+Optuna,glitchnsec/cryptozombies-solutions
NEG_00769,0,0,0,1069,5,0.0,0,0.8272720505,LinearSVC+CalibratedClassifierCV+Optuna,gmtech-xyz/safe-cex
NEG_00775,0,0,0,1075,5,0.0,0,0.8272720505,LinearSVC+CalibratedClassifierCV+Optuna,Gola-k/jsm_nft_marketplace
NEG_00776,0,0,0,1076,5,0.0,0,0.8272720505,LinearSVC+CalibratedClassifierCV+Optuna,GoodDollar/GoodDAPP
NEG_00779,0,0,0,1079,5,0.0,0,0.8272720505,LinearSVC+CalibratedClassifierCV+Optuna,gprateek93/Sikka--A-Simple-Bitcoin-Implementation
NEG_00791,0,0,0,1091,5,0.0,0,0.8272720505,LinearSVC+CalibratedClassifierCV+Optuna,Gupta-4699/crypto_gallery
NEG_00794,0,0,0,1094,5,0.0,0,0.8272720505,LinearSVC+CalibratedClassifierCV+Optuna,gyro-defi/gyro-v1-contracts
NEG_00795,0,0,0,1095,5,0.0,0,0.8272720505,LinearSVC+CalibratedClassifierCV+Optuna,gysr-io/core
NEG_00797,0,0,0,1097,5,0.0,0,0.8272720505,LinearSVC+CalibratedClassifierCV+Optuna,ha-bhai-noob-hoon/Solidity-task
NEG_00800,0,0,0,1100,5,0.0,0,0.8272720505,LinearSVC+CalibratedClassifierCV+Optuna,HackUnderway/BlockChain
NEG_00804,0,0,0,1104,5,0.0,0,0.8272720505,LinearSVC+CalibratedClassifierCV+Optuna,haf-decent/bArb
NEG_00805,0,0,0,1105,5,0.0,0,0.8272720505,LinearSVC+CalibratedClassifierCV+Optuna,HalfSuperNate/BalanceOfBatchDataToString
NEG_00815,0,0,0,1115,5,0.0,0,0.8272720505,LinearSVC+CalibratedClassifierCV+Optuna,harsh6768/web3-basics
NEG_00821,0,0,0,1121,5,0.0,0,0.8272720505,LinearSVC+CalibratedClassifierCV+Optuna,HashLips/hashlips_nft_contract
NEG_00831,0,0,0,1131,5,0.0,0,0.8272720505,LinearSVC+CalibratedClassifierCV+Optuna,hexoul/aws-lambda-eth-proxy
NEG_00835,0,0,0,1135,5,0.0,0,0.8272720505,LinearSVC+CalibratedClassifierCV+Optuna,HilliamT/foundry-web3-monorepo
NEG_00840,0,0,0,1140,5,0.0,0,0.8272720505,LinearSVC+CalibratedClassifierCV+Optuna,hiwadrashad/Crypto-Currency
NEG_00854,0,0,0,1154,5,0.0,0,0.8272720505,LinearSVC+CalibratedClassifierCV+Optuna,hovig/web3-fabric-voting-dapp
NEG_00856,0,0,0,1156,5,0.0,0,0.8272720505,LinearSVC+CalibratedClassifierCV+Optuna,HugoBrunet13/NFT-Marketplace-Auction
NEG_00860,0,0,0,1160,5,0.0,0,0.8272720505,LinearSVC+CalibratedClassifierCV+Optuna,hundredwz/BlockchainInfo
NEG_00863,0,0,0,1163,5,0.0,0,0.8272720505,LinearSVC+CalibratedClassifierCV+Optuna,hyp3r5pace/crowdfunding-platform-avalanche
NEG_00870,0,0,0,1170,5,0.0,0,0.8272720505,LinearSVC+CalibratedClassifierCV+Optuna,ianmah/cryptostory
NEG_00871,0,0,0,1171,5,0.0,0,0.8272720505,LinearSVC+CalibratedClassifierCV+Optuna,IaroslavTitov/OnchainVestingService
NEG_00877,0,0,0,1177,5,0.3333333333333333,0,0.8272720505,LinearSVC+CalibratedClassifierCV+Optuna,idimetrix/next-jobs
NEG_00878,0,0,0,1178,5,0.0,0,0.8272720505,LinearSVC+CalibratedClassifierCV+Optuna,idrabenia/SublimeLinter-contrib-solhint
NEG_00880,0,0,0,1180,5,0.0,0,0.8272720505,LinearSVC+CalibratedClassifierCV+Optuna,igorlourenco/nft-marketplace-smart-contract
NEG_00883,0,0,0,1183,5,0.0,0,0.8272720505,LinearSVC+CalibratedClassifierCV+Optuna,illia-fz/defi-ts-wallet-connect-v23
NEG_00891,0,0,0,1191,5,0.0,0,0.8272720505,LinearSVC+CalibratedClassifierCV+Optuna,inghong06/Solidity_Whitelist
NEG_00896,0,0,0,1196,5,0.0,0,0.8272720505,LinearSVC+CalibratedClassifierCV+Optuna,iotaledger-archive/legacy-wallet-use-trinity-wallet-instead
NEG_00897,0,0,0,1197,5,0.0,0,0.8272720505,LinearSVC+CalibratedClassifierCV+Optuna,Isaacdelly/Plutus
NEG_00913,0,0,0,1213,5,0.0,0,0.8272720505,LinearSVC+CalibratedClassifierCV+Optuna,JackG-eth/CryptoZombieEthSC
NEG_00928,0,0,0,1228,5,0.0,0,0.8272720505,LinearSVC+CalibratedClassifierCV+Optuna,jammy928/CoinExchange_CryptoExchange_Java
NEG_00929,0,0,0,1229,5,0.0,0,0.8272720505,LinearSVC+CalibratedClassifierCV+Optuna,janfilips/blockchain-poker
NEG_00951,0,0,0,1251,5,0.0,0,0.8272720505,LinearSVC+CalibratedClassifierCV+Optuna,Jeiwan/zuniswapv2
NEG_00954,0,0,0,1254,5,0.0,0,0.8272720505,LinearSVC+CalibratedClassifierCV+Optuna,JennEYoon/DeFi-ml
NEG_00955,0,0,0,1255,5,0.0,0,0.8272720505,LinearSVC+CalibratedClassifierCV+Optuna,jevinjivani2507/casino-web3
NEG_00956,0,0,0,1256,5,0.0,0,0.8272720505,LinearSVC+CalibratedClassifierCV+Optuna,jgyy/solarjun
NEG_00957,0,0,0,1257,5,0.0,0,0.8272720505,LinearSVC+CalibratedClassifierCV+Optuna,jianminggit/NFT_BOT
NEG_00960,0,0,0,1260,5,0.0,0,0.8272720505,LinearSVC+CalibratedClassifierCV+Optuna,JJ-Top/Despliegue-en-Ganache-de-SmartContract
NEG_00972,0,0,0,1272,5,0.0,0,0.8272720505,LinearSVC+CalibratedClassifierCV+Optuna,Jon-Becker/heimdall-rs
NEG_00975,0,0,0,1275,5,0.0,0,0.8272720505,LinearSVC+CalibratedClassifierCV+Optuna,joseoscarcc/TaqueriaCryptoChain
NEG_00981,0,0,0,1281,5,0.0,0,0.8272720505,LinearSVC+CalibratedClassifierCV+Optuna,jpromamen/sat-stacker-quiz
NEG_00995,0,0,0,1295,5,0.0,0,0.8272720505,LinearSVC+CalibratedClassifierCV+Optuna,jwinterm/cryptonoteRPCwalletGUI
NEG_01012,0,0,0,1312,5,0.0,0,0.8272720505,LinearSVC+CalibratedClassifierCV+Optuna,Kazopl/mpc-agent-wallet
NEG_01014,0,0,0,1314,5,0.0,0,0.8272720505,LinearSVC+CalibratedClassifierCV+Optuna,keep-network/tbtc-website
NEG_01016,0,0,0,1316,5,0.0,0,0.8272720505,LinearSVC+CalibratedClassifierCV+Optuna,KehindeA533/CryptoDev_NFTCollection_Frontend
NEG_01017,0,0,0,1317,5,0.0,0,0.8272720505,LinearSVC+CalibratedClassifierCV+Optuna,kelvincup/base-commit
NEG_01020,0,0,0,1320,5,0.0,0,0.8272720505,LinearSVC+CalibratedClassifierCV+Optuna,KenatSF/NFT-Marketplace
NEG_01021,0,0,0,1321,5,0.0,0,0.8272720505,LinearSVC+CalibratedClassifierCV+Optuna,keng42/xwallet
NEG_01025,0,0,0,1325,5,0.0,0,0.8272720505,LinearSVC+CalibratedClassifierCV+Optuna,KernelFailure/blockchain
NEG_01028,0,0,0,1328,5,0.0,0,0.8272720505,LinearSVC+CalibratedClassifierCV+Optuna,Kevaljagani/NFT-Market
NEG_01038,0,0,0,1338,5,0.0,0,0.8272720505,LinearSVC+CalibratedClassifierCV+Optuna,Kimxons/generate-btc-keys
NEG_01045,0,0,0,1345,5,0.0,0,0.8272720505,LinearSVC+CalibratedClassifierCV+Optuna,klaim-dev/solana-programs
NEG_01051,0,0,0,1351,5,0.0,0,0.8272720505,LinearSVC+CalibratedClassifierCV+Optuna,kokomoji/CryptoCoinPaperWallet
NEG_01056,0,0,0,1356,5,0.0,0,0.8272720505,LinearSVC+CalibratedClassifierCV+Optuna,Kr1ptal/ethers-kt
NEG_01059,0,0,0,1359,5,0.0,0,0.8272720505,LinearSVC+CalibratedClassifierCV+Optuna,KrishGitVerse/speedrun-multisig-msu
NEG_01060,0,0,0,1360,5,0.0,0,0.8272720505,LinearSVC+CalibratedClassifierCV+Optuna,krrish-sehgal/nwc-playground
NEG_01064,0,0,0,1364,5,0.0,0,0.8272720505,LinearSVC+CalibratedClassifierCV+Optuna,Kula529/-nft-collectible-frontend
NEG_01071,0,0,0,1371,5,0.0,0,0.8272720505,LinearSVC+CalibratedClassifierCV+Optuna,l3lackcurtains/solo-coin-cryptocurrency
NEG_01076,0,0,0,1376,5,0.0,0,0.8272720505,LinearSVC+CalibratedClassifierCV+Optuna,laramiedunlap/blockchain-wallets
NEG_01082,0,0,0,1382,5,0.0,0,0.8272720505,LinearSVC+CalibratedClassifierCV+Optuna,lawlietu0/EnigmaCracker
NEG_01086,0,0,0,1386,5,0.0,0,0.8272720505,LinearSVC+CalibratedClassifierCV+Optuna,lbryio/lbry-desktop
NEG_01095,0,0,0,1395,5,0.0,0,0.8272720505,LinearSVC+CalibratedClassifierCV+Optuna,Lemury1/wallet_stealer
NEG_01104,0,0,0,1404,5,0.0,0,0.8272720505,LinearSVC+CalibratedClassifierCV+Optuna,liquality/wallet
NEG_01109,0,0,0,1409,5,0.0,0,0.8272720505,LinearSVC+CalibratedClassifierCV+Optuna,LoboVH/NFT-contract-NEAR-PROTOCOL
NEG_01122,0,0,0,1422,5,0.0,0,0.8272720505,LinearSVC+CalibratedClassifierCV+Optuna,Lucifer666XD/ZenDesk
NEG_01123,0,0,0,1423,5,0.0,0,0.8272720505,LinearSVC+CalibratedClassifierCV+Optuna,LuckyPigeon/Smart-Contract-Playground
NEG_01129,0,0,0,1429,5,0.0,0,0.8272720505,LinearSVC+CalibratedClassifierCV+Optuna,maazgora/Multi-Sig-Wallet-using-Solidity
NEG_01130,0,0,0,1430,5,0.0,0,0.8272720505,LinearSVC+CalibratedClassifierCV+Optuna,machenxi/Dodging-Turtis-NFT-game-Polygon
NEG_01135,0,0,0,1435,5,0.0,0,0.8272720505,LinearSVC+CalibratedClassifierCV+Optuna,maikon9824-lab/giftcard-dapp-arc-
NEG_01136,0,0,0,1436,5,0.0,0,0.8272720505,LinearSVC+CalibratedClassifierCV+Optuna,mainnetblockchain/sendEtherThroughSmartContract
NEG_01143,0,0,0,1443,5,0.0,0,0.8272720505,LinearSVC+CalibratedClassifierCV+Optuna,Manuel-yang/BlockChainSelfLearning
NEG_01147,0,0,0,1447,5,0.0,0,0.8272720505,LinearSVC+CalibratedClassifierCV+Optuna,maprob/nft-mint-site
NEG_01152,0,0,0,1452,5,0.0,0,0.8272720505,LinearSVC+CalibratedClassifierCV+Optuna,markjinhua/SmartContract
NEG_01153,0,0,0,1453,5,0.0,0,0.8272720505,LinearSVC+CalibratedClassifierCV+Optuna,Markkop/markkop-defi
NEG_01154,0,0,0,1454,5,0.0,0,0.8272720505,LinearSVC+CalibratedClassifierCV+Optuna,MartinoTruppini/LegalTech-SmartContract.it
NEG_01158,0,0,0,1458,5,0.0,0,0.8272720505,LinearSVC+CalibratedClassifierCV+Optuna,masaun/governorAlpha-with-proof-of-voting-NFT
NEG_01162,0,0,0,1462,5,0.0,0,0.8272720505,LinearSVC+CalibratedClassifierCV+Optuna,mateolafalce/MonthlySubscriptionSolana
NEG_01171,0,0,0,1471,5,0.2196969696969697,0,0.8272720505,LinearSVC+CalibratedClassifierCV+Optuna,MauriceBoendermaker/kraken_forge_hackathon_2025
NEG_01180,0,0,0,1480,5,0.0,0,0.8272720505,LinearSVC+CalibratedClassifierCV+Optuna,Melchizedek4ever/Time-Lock-Wallet
NEG_01183,0,0,0,1483,5,0.0,0,0.8272720505,LinearSVC+CalibratedClassifierCV+Optuna,MeoMunDep/Fintopio
NEG_01184,0,0,0,1484,5,0.0,0,0.8272720505,LinearSVC+CalibratedClassifierCV+Optuna,MeoMunDep/OG-Labs
NEG_01186,0,0,0,1486,5,0.0,0,0.8272720505,LinearSVC+CalibratedClassifierCV+Optuna,merofinance/webapp
NEG_01194,0,0,0,1494,5,0.0,0,0.8272720505,LinearSVC+CalibratedClassifierCV+Optuna,mg98/arbitrary-data-on-blockchains
NEG_01207,0,0,0,1507,5,0.0,0,0.8272720505,LinearSVC+CalibratedClassifierCV+Optuna,mikke555/eth-wallets-generator
NEG_01215,0,0,0,1515,5,0.0,0,0.8272720505,LinearSVC+CalibratedClassifierCV+Optuna,mirrorworld-universe/mirrorworld-sdk-js
NEG_01218,0,0,0,1518,5,0.0,0,0.8272720505,LinearSVC+CalibratedClassifierCV+Optuna,Mizogg/Mizogg-Tools
NEG_01224,0,0,0,1524,5,0.0,0,0.8272720505,LinearSVC+CalibratedClassifierCV+Optuna,MohaiminulEraj/Indicium
NEG_01238,0,0,0,1538,5,0.0,0,0.8272720505,LinearSVC+CalibratedClassifierCV+Optuna,moseuh/blockchain-nft
NEG_01241,0,0,0,1541,5,0.0,0,0.8272720505,LinearSVC+CalibratedClassifierCV+Optuna,Mr-Malik-Aryan/LendVault
NEG_01248,0,0,0,1548,5,0.0,0,0.8272720505,LinearSVC+CalibratedClassifierCV+Optuna,mrozdolski/ink-flipper
NEG_01250,0,0,0,1550,5,0.0,0,0.8272720505,LinearSVC+CalibratedClassifierCV+Optuna,mrsmookie/btcrecover
NEG_01254,0,0,0,1554,5,0.0,0,0.8272720505,LinearSVC+CalibratedClassifierCV+Optuna,mtechee/libax
NEG_01256,0,0,0,1556,5,0.0,0,0.8272720505,LinearSVC+CalibratedClassifierCV+Optuna,mucolon/gemini-interface
NEG_01257,0,0,0,1557,5,0.0,0,0.8272720505,LinearSVC+CalibratedClassifierCV+Optuna,muhammadshiraz/dex-frontend-react
NEG_01264,0,0,0,1564,5,0.0,0,0.8272720505,LinearSVC+CalibratedClassifierCV+Optuna,MuscleBunny/NFT_MarketPlace
NEG_01266,0,0,0,1566,5,0.0,0,0.8272720505,LinearSVC+CalibratedClassifierCV+Optuna,muzikoud/cryptoZombies_smart_contract
NEG_01267,0,0,0,1567,5,0.0,0,0.8272720505,LinearSVC+CalibratedClassifierCV+Optuna,Muziris-Labs/fusion-smart-contracts
NEG_01275,0,0,0,1575,5,0.0,0,0.8272720505,LinearSVC+CalibratedClassifierCV+Optuna,Mystique85/Hub-Portal-Chat
NEG_01282,0,0,0,1582,5,0.0,0,0.8272720505,LinearSVC+CalibratedClassifierCV+Optuna,NancenFrelly/crypto_wallet
NEG_01291,0,0,0,1591,5,0.0,0,0.8272720505,LinearSVC+CalibratedClassifierCV+Optuna,NecroNexus/Blocklog
NEG_01294,0,0,0,1594,5,0.0,0,0.8272720505,LinearSVC+CalibratedClassifierCV+Optuna,neoguias/tutorial-wallet-multifirma
NEG_01297,0,0,0,1597,5,0.0,0,0.8272720505,LinearSVC+CalibratedClassifierCV+Optuna,NesterZz/NFT-Wallet
NEG_01300,0,0,0,1600,5,0.0,0,0.8272720505,LinearSVC+CalibratedClassifierCV+Optuna,Neufund/ledger-wallet-provider
NEG_01306,0,0,0,1606,5,0.0,0,0.8272720505,LinearSVC+CalibratedClassifierCV+Optuna,nguyenj27/CSC299
NEG_01321,0,0,0,1621,5,0.3333333333333333,0,0.8272720505,LinearSVC+CalibratedClassifierCV+Optuna,nirholas/bnbchain-mcp
NEG_01327,0,0,0,1627,5,0.0,0,0.8272720505,LinearSVC+CalibratedClassifierCV+Optuna,Nitin2489/simple-wallet-solidity
NEG_01332,0,0,0,1632,5,0.0,0,0.8272720505,LinearSVC+CalibratedClassifierCV+Optuna,Noahendriks/CryptoTokens
NEG_01337,0,0,0,1637,5,0.0,0,0.8272720505,LinearSVC+CalibratedClassifierCV+Optuna,NoNameNo1F/Blockchain-Applied_BitcoinScripts
NEG_01349,0,0,0,1649,5,0.0,0,0.8272720505,LinearSVC+CalibratedClassifierCV+Optuna,Obalfour/CryptoPokes
NEG_01354,0,0,0,1654,5,0.0,0,0.8272720505,LinearSVC+CalibratedClassifierCV+Optuna,ofojichigozie/multisig-smart-contract
NEG_01363,0,0,0,1663,5,0.0,0,0.8272720505,LinearSVC+CalibratedClassifierCV+Optuna,Olanetsoft/buymeacoffee-be
NEG_01367,0,0,0,1667,5,0.0,0,0.8272720505,LinearSVC+CalibratedClassifierCV+Optuna,Om-Mishra7/KRMU-OS-Expo_2023
NEG_01369,0,0,0,1669,5,0.0,0,0.8272720505,LinearSVC+CalibratedClassifierCV+Optuna,OmarChefrad/HourZero
NEG_01371,0,0,0,1671,5,0.0,0,0.8272720505,LinearSVC+CalibratedClassifierCV+Optuna,OnChainMee/evm-base-pumfun-smart-contract-v1
NEG_01372,0,0,0,1672,5,0.0,0,0.8272720505,LinearSVC+CalibratedClassifierCV+Optuna,onee-io/crypto-zombies
NEG_01382,0,0,0,1682,5,0.0,0,0.8272720505,LinearSVC+CalibratedClassifierCV+Optuna,openocean-finance/Security-Audit-Report
NEG_01388,0,0,0,1688,5,0.0,0,0.8272720505,LinearSVC+CalibratedClassifierCV+Optuna,Opty-Fi/defi-adapters
NEG_01390,0,0,0,1690,5,0.0,0,0.8272720505,LinearSVC+CalibratedClassifierCV+Optuna,opynfinance/squeeth-monorepo
NEG_01396,0,0,0,1696,5,0.0,0,0.8272720505,LinearSVC+CalibratedClassifierCV+Optuna,oumaoumag/smart-wallet-skeleton
NEG_01397,0,0,0,1697,5,0.0,0,0.8272720505,LinearSVC+CalibratedClassifierCV+Optuna,Outlier1217/stellar-ai-escrow-commerce-hackathon
NEG_01398,0,0,0,1698,5,0.0,0,0.8272720505,LinearSVC+CalibratedClassifierCV+Optuna,Overtorment/cli-cold-wallet
NEG_01400,0,0,0,1700,5,0.0,0,0.8272720505,LinearSVC+CalibratedClassifierCV+Optuna,oxofonime/Celo
NEG_01408,0,0,0,1708,5,0.0,0,0.8272720505,LinearSVC+CalibratedClassifierCV+Optuna,paniaguaadrian/nft-marketplace
NEG_01409,0,0,0,1709,5,0.0,0,0.8272720505,LinearSVC+CalibratedClassifierCV+Optuna,pantunes/xtcryptosignals
NEG_01410,0,0,0,1710,5,0.0,0,0.8272720505,LinearSVC+CalibratedClassifierCV+Optuna,paradigmxyz/solar
NEG_01411,0,0,0,1711,5,0.0,0,0.8272720505,LinearSVC+CalibratedClassifierCV+Optuna,Parkhomets/crypto_solidity
NEG_01413,0,0,0,1713,5,0.0,0,0.8272720505,LinearSVC+CalibratedClassifierCV+Optuna,parv3213/Multi-Signature-Wallet
NEG_01415,0,0,0,1715,5,0.0,0,0.8272720505,LinearSVC+CalibratedClassifierCV+Optuna,patilom342/poc-stake
NEG_01426,0,0,0,1726,5,0.0,0,0.8272720505,LinearSVC+CalibratedClassifierCV+Optuna,pcaversaccio/solidity-games
NEG_01430,0,0,0,1730,5,0.0,0,0.8272720505,LinearSVC+CalibratedClassifierCV+Optuna,PepperWatch/rust
NEG_01434,0,0,0,1734,5,0.0,0,0.8272720505,LinearSVC+CalibratedClassifierCV+Optuna,Petrosdevri/Solidity-Token-Contract
NEG_01437,0,0,0,1737,5,0.0,0,0.8272720505,LinearSVC+CalibratedClassifierCV+Optuna,PiDAOLab/Pi-NFT-CryptoDragonKing
NEG_01438,0,0,0,1738,5,0.0,0,0.8272720505,LinearSVC+CalibratedClassifierCV+Optuna,PigCharid/ethereum-codeAnalysis
NEG_01439,0,0,0,1739,5,0.0,0,0.8272720505,LinearSVC+CalibratedClassifierCV+Optuna,piske-level/multi-chain-payment-gateway
NEG_01443,0,0,0,1743,5,0.0,0,0.8272720505,LinearSVC+CalibratedClassifierCV+Optuna,Planxnx/ethereum-wallet-generator
NEG_01445,0,0,0,1745,5,0.0,0,0.8272720505,LinearSVC+CalibratedClassifierCV+Optuna,pmaji/crypto-whale-watching-app
NEG_01451,0,0,0,1751,5,0.0,0,0.8272720505,LinearSVC+CalibratedClassifierCV+Optuna,Polygon-Academy/basicnfts
NEG_01462,0,0,0,1762,5,0.0,0,0.8272720505,LinearSVC+CalibratedClassifierCV+Optuna,prathameshbelurkar/Blockchains
NEG_01478,0,0,0,1778,5,0.0,0,0.8272720505,LinearSVC+CalibratedClassifierCV+Optuna,pulkitpal/defi-protocol-sdk
NEG_01479,0,0,0,1779,5,0.0,0,0.8272720505,LinearSVC+CalibratedClassifierCV+Optuna,pvedha/HackIT_IX_Server
NEG_01482,0,0,0,1782,5,0.0,0,0.8272720505,LinearSVC+CalibratedClassifierCV+Optuna,pythoninthegrasses/nft_meetup
NEG_01484,0,0,0,1784,5,0.0,0,0.8272720505,LinearSVC+CalibratedClassifierCV+Optuna,qlyde/peek
NEG_01485,0,0,0,1785,5,0.0,0,0.8272720505,LinearSVC+CalibratedClassifierCV+Optuna,qshuai/blockchain-wallet
NEG_01495,0,0,0,1795,5,0.0,0,0.8272720505,LinearSVC+CalibratedClassifierCV+Optuna,ra0321/CryptoZombies
NEG_01496,0,0,0,1796,5,0.0,0,0.8272720505,LinearSVC+CalibratedClassifierCV+Optuna,RabbyHub/Rabby
NEG_01499,0,0,0,1799,5,0.0,0,0.8272720505,LinearSVC+CalibratedClassifierCV+Optuna,RafaBlockDev/Lending-Pool
NEG_01500,0,0,0,1800,5,0.2196969696969697,0,0.8272720505,LinearSVC+CalibratedClassifierCV+Optuna,rafaelfariasbsb/polymarket
NEG_01508,0,0,0,1808,5,0.0,0,0.8272720505,LinearSVC+CalibratedClassifierCV+Optuna,RainbowMiner/RainbowMiner
NEG_01513,0,0,0,1813,5,0.0,0,0.8272720505,LinearSVC+CalibratedClassifierCV+Optuna,Ramprakash852/Proofify-Smart-Contract
NEG_01515,0,0,0,1815,5,0.0,0,0.8272720505,LinearSVC+CalibratedClassifierCV+Optuna,ranchimall/blockchainbonds
NEG_01520,0,0,0,1820,5,0.0,0,0.8272720505,LinearSVC+CalibratedClassifierCV+Optuna,rawalraj022/One-Universal-Identity
NEG_01522,0,0,0,1822,5,0.0,0,0.8272720505,LinearSVC+CalibratedClassifierCV+Optuna,raytsangGitHub/Cryptocurrency
NEG_01527,0,0,0,1827,5,0.0,0,0.8272720505,LinearSVC+CalibratedClassifierCV+Optuna,RDCH106/pycoinmon
NEG_01528,0,0,0,1828,5,0.0,0,0.8272720505,LinearSVC+CalibratedClassifierCV+Optuna,re-nft/_v2_.sdk
NEG_01529,0,0,0,1829,5,0.0,0,0.8272720505,LinearSVC+CalibratedClassifierCV+Optuna,reaperdragon/kittos-nft-marketplace
NEG_01533,0,0,0,1833,5,0.0,0,0.8272720505,LinearSVC+CalibratedClassifierCV+Optuna,RelapsedCode/qa-assuring-ethereum-tspvak
NEG_01534,0,0,0,1834,5,0.0,0,0.8272720505,LinearSVC+CalibratedClassifierCV+Optuna,relyt29/Bubki-For-Ukraine-Contracts
NEG_01570,0,0,0,1870,5,0.0,0,0.8272720505,LinearSVC+CalibratedClassifierCV+Optuna,ronylucca/nft-dungeons-slayers
NEG_01577,0,0,0,1877,5,0.0,0,0.8272720505,LinearSVC+CalibratedClassifierCV+Optuna,ruppysuppy/Crypto-Crowdfund
NEG_01579,0,0,0,1879,5,0.0,0,0.8272720505,LinearSVC+CalibratedClassifierCV+Optuna,rustjesty/bubblemaps-bypass-tool-rust
NEG_01584,0,0,0,1884,5,0.0,0,0.8272720505,LinearSVC+CalibratedClassifierCV+Optuna,RyanHaraki/ethereumjs
NEG_01585,0,0,0,1885,5,0.0,0,0.8272720505,LinearSVC+CalibratedClassifierCV+Optuna,RyanKoech/Crypto_Fund
NEG_01589,0,0,0,1889,5,0.0,0,0.8272720505,LinearSVC+CalibratedClassifierCV+Optuna,s-damian/hardhat-nft-ticketing
NEG_01590,0,0,0,1890,5,0.0,0,0.8272720505,LinearSVC+CalibratedClassifierCV+Optuna,s4larie/walletool
NEG_01595,0,0,0,1895,5,0.0,0,0.8272720505,LinearSVC+CalibratedClassifierCV+Optuna,sahilrohera10/Fusion_Wallet
NEG_01597,0,0,0,1897,5,0.0,0,0.8272720505,LinearSVC+CalibratedClassifierCV+Optuna,saikun0293/gige-web3
NEG_01598,0,0,0,1898,5,0.0,0,0.8272720505,LinearSVC+CalibratedClassifierCV+Optuna,salmanbao/tic-tac-toe
NEG_01603,0,0,0,1903,5,0.0,0,0.8272720505,LinearSVC+CalibratedClassifierCV+Optuna,Samuellyworld/Tippers
NEG_01631,0,0,0,1931,5,0.0,0,0.8272720505,LinearSVC+CalibratedClassifierCV+Optuna,secp256k2/secp256k2
NEG_01632,0,0,0,1932,5,0.0,0,0.8272720505,LinearSVC+CalibratedClassifierCV+Optuna,seekerpig/nftSmartContract
NEG_01633,0,0,0,1933,5,0.0,0,0.8272720505,LinearSVC+CalibratedClassifierCV+Optuna,sefaosm/Stake-X
NEG_01634,0,0,0,1934,5,0.0,0,0.8272720505,LinearSVC+CalibratedClassifierCV+Optuna,SergioCifuentes/mpl-core-staking-frontend
NEG_01636,0,0,0,1936,5,0.0,0,0.8272720505,LinearSVC+CalibratedClassifierCV+Optuna,sevdakeskin/Solidity-CryptoZombies
NEG_01638,0,0,0,1938,5,0.0,0,0.8272720505,LinearSVC+CalibratedClassifierCV+Optuna,ShadowGuardAI/crypto-hdwallet-analyzer
NEG_01643,0,0,0,1943,5,0.0,0,0.8272720505,LinearSVC+CalibratedClassifierCV+Optuna,shanefontaine/ethfinex-python
NEG_01648,0,0,0,1948,5,0.0,0,0.8272720505,LinearSVC+CalibratedClassifierCV+Optuna,shawakash/payBox
NEG_01661,0,0,0,1961,5,0.0,0,0.8272720505,LinearSVC+CalibratedClassifierCV+Optuna,siddot/Wallet
NEG_01663,0,0,0,1963,5,0.0,0,0.8272720505,LinearSVC+CalibratedClassifierCV+Optuna,SilentCicero/MultiSignatureWallet
NEG_01672,0,0,0,1972,5,0.0,0,0.8272720505,LinearSVC+CalibratedClassifierCV+Optuna,Sky4Master/JS-DEX-TrackBot-Sky4Master
NEG_01675,0,0,0,1975,5,0.0,0,0.8272720505,LinearSVC+CalibratedClassifierCV+Optuna,skysor/digital-assets
NEG_01678,0,0,0,1978,5,0.0,0,0.8272720505,LinearSVC+CalibratedClassifierCV+Optuna,Slidebits/ethereum-smart-contracts
NEG_01682,0,0,0,1982,5,0.0,0,0.8272720505,LinearSVC+CalibratedClassifierCV+Optuna,smartbugs/smartbugs-wild
NEG_01685,0,0,0,1985,5,0.0,0,0.8272720505,LinearSVC+CalibratedClassifierCV+Optuna,smartcontractkit/chainlink-ruby
NEG_01687,0,0,0,1987,5,0.0,0,0.8272720505,LinearSVC+CalibratedClassifierCV+Optuna,SmolDapp/smoldapp
NEG_01695,0,0,0,1995,5,0.0,0,0.8272720505,LinearSVC+CalibratedClassifierCV+Optuna,solguru310/solana-wallet-tracking-bot
NEG_01698,0,0,0,1998,5,0.0,0,0.8272720505,LinearSVC+CalibratedClassifierCV+Optuna,solidstate-network/solidstate-solidity
NEG_01700,0,0,0,2000,5,0.0,0,0.8272720505,LinearSVC+CalibratedClassifierCV+Optuna,solomoncools/nft-minter-bep721
NEG_01702,0,0,0,2002,5,0.0,0,0.8272720505,LinearSVC+CalibratedClassifierCV+Optuna,SonOfMosiah/maxx-finance-subgraph
NEG_01705,0,0,0,2005,5,0.0,0,0.8272720505,LinearSVC+CalibratedClassifierCV+Optuna,spareleg/bitcoin-ticker
NEG_01707,0,0,0,2007,5,0.0,0,0.8272720505,LinearSVC+CalibratedClassifierCV+Optuna,Spectral-Finance/scraped-sol-files
NEG_01712,0,0,0,2012,5,0.0,0,0.8272720505,LinearSVC+CalibratedClassifierCV+Optuna,Springbock99/hd-wallet
NEG_01714,0,0,0,2014,5,0.0,0,0.8272720505,LinearSVC+CalibratedClassifierCV+Optuna,SqueezerIO/squeezer
NEG_01715,0,0,0,2015,5,0.0,0,0.8272720505,LinearSVC+CalibratedClassifierCV+Optuna,sr2echa/DMD
NEG_01722,0,0,0,2022,5,0.0,0,0.8272720505,LinearSVC+CalibratedClassifierCV+Optuna,stefannovasky/cryptocurrency-smart-contract
NEG_01725,0,0,0,2025,5,0.0,0,0.8272720505,LinearSVC+CalibratedClassifierCV+Optuna,StephanAkkerman/crypto-ohlcv
NEG_01730,0,0,0,2030,5,0.0,0,0.8272720505,LinearSVC+CalibratedClassifierCV+Optuna,StratosGrig/BlockchainProjects
NEG_01733,0,0,0,2033,5,0.0,0,0.8272720505,LinearSVC+CalibratedClassifierCV+Optuna,suarja/memoria-eterna-nft
NEG_01734,0,0,0,2034,5,0.0,0,0.8272720505,LinearSVC+CalibratedClassifierCV+Optuna,subsixx/Pinsurance
NEG_01742,0,0,0,2042,5,0.0,0,0.8272720505,LinearSVC+CalibratedClassifierCV+Optuna,sunjiangjun/supernode
NEG_01748,0,0,0,2048,5,0.0,0,0.8272720505,LinearSVC+CalibratedClassifierCV+Optuna,superDev427/BlockChain-Tra
NEG_01750,0,0,0,2050,5,0.0,0,0.8272720505,LinearSVC+CalibratedClassifierCV+Optuna,SuperRich/soliditywallet
NEG_01751,0,0,0,2051,5,0.0,0,0.8272720505,LinearSVC+CalibratedClassifierCV+Optuna,supragya/CryptographyResearch
NEG_01752,0,0,0,2052,5,0.0,0,0.8272720505,LinearSVC+CalibratedClassifierCV+Optuna,suribartek9/btc-eth
NEG_01754,0,0,0,2054,5,0.0,0,0.8272720505,LinearSVC+CalibratedClassifierCV+Optuna,Swap76/Supply-Chain-Using-Blockchain
NEG_01757,0,0,0,2057,5,0.0,0,0.8272720505,LinearSVC+CalibratedClassifierCV+Optuna,swarupyeole11/BlockchainCryptography
NEG_01759,0,0,0,2059,5,0.0,0,0.8272720505,LinearSVC+CalibratedClassifierCV+Optuna,sweetmantech/NFT-Polygon-Minting
NEG_01762,0,0,0,2062,5,0.0,0,0.8272720505,LinearSVC+CalibratedClassifierCV+Optuna,swrno/adopt-pet
NEG_01768,0,0,0,2068,5,0.0,0,0.8272720505,LinearSVC+CalibratedClassifierCV+Optuna,Synthetixio/synthetix-js
NEG_01772,0,0,0,2072,5,0.0,0,0.8272720505,LinearSVC+CalibratedClassifierCV+Optuna,TaliaKaza/CryptoSentinel
NEG_01785,0,0,0,2085,5,0.0,0,0.8272720505,LinearSVC+CalibratedClassifierCV+Optuna,taylorjdawson/eth-chains
NEG_01790,0,0,0,2090,5,0.0,0,0.8272720505,LinearSVC+CalibratedClassifierCV+Optuna,TechRate/Smart-Contract-Audits
NEG_01792,0,0,0,2092,5,0.0,0,0.8272720505,LinearSVC+CalibratedClassifierCV+Optuna,tega-tahir/ArtBridge
NEG_01795,0,0,0,2095,5,0.0,0,0.8272720505,LinearSVC+CalibratedClassifierCV+Optuna,TeleportDAO/teleswap-contracts-evm
NEG_01796,0,0,0,2096,5,0.0,0,0.8272720505,LinearSVC+CalibratedClassifierCV+Optuna,ten-protocol/go-ten
NEG_01800,0,0,0,2100,5,0.0,0,0.8272720505,LinearSVC+CalibratedClassifierCV+Optuna,Teyik0/solidity-order-book
NEG_01802,0,0,0,2102,5,0.0,0,0.8272720505,LinearSVC+CalibratedClassifierCV+Optuna,ThalesBMC/crypto-wallet
NEG_01805,0,0,0,2105,5,0.0,0,0.8272720505,LinearSVC+CalibratedClassifierCV+Optuna,theblockbrain/ai-safeguard
NEG_01806,0,0,0,2106,5,0.0,0,0.8272720505,LinearSVC+CalibratedClassifierCV+Optuna,theblockchainchief/web3-hub
NEG_01810,0,0,0,2110,5,0.0,0,0.8272720505,LinearSVC+CalibratedClassifierCV+Optuna,thenua3bhai/backend-nft-marketplace-ethereum
NEG_01819,0,0,0,2119,5,0.0,0,0.8272720505,LinearSVC+CalibratedClassifierCV+Optuna,timxor/payment-api
NEG_01821,0,0,0,2121,5,0.0,0,0.8272720505,LinearSVC+CalibratedClassifierCV+Optuna,tinovyatkin/pass-js
NEG_01823,0,0,0,2123,5,0.0,0,0.8272720505,LinearSVC+CalibratedClassifierCV+Optuna,tiwarisakshi28/Multisignature-wallet
NEG_01826,0,0,0,2126,5,0.0,0,0.8272720505,LinearSVC+CalibratedClassifierCV+Optuna,tmiess/CryptoBase
NEG_01829,0,0,0,2129,5,0.0,0,0.8272720505,LinearSVC+CalibratedClassifierCV+Optuna,tomteman/attendr
NEG_01832,0,0,0,2132,5,0.0,0,0.8272720505,LinearSVC+CalibratedClassifierCV+Optuna,topsecretagent007/smart-contract-web3-projects
NEG_01834,0,0,0,2134,5,0.0,0,0.8272720505,LinearSVC+CalibratedClassifierCV+Optuna,Topten1004/NFT-Marketplace-ERC1155
NEG_01836,0,0,0,2136,5,0.0,0,0.8272720505,LinearSVC+CalibratedClassifierCV+Optuna,toto-1010/nft-smart-contracts-basic1
NEG_01842,0,0,0,2142,5,0.0,0,0.8272720505,LinearSVC+CalibratedClassifierCV+Optuna,TradMod/awesome-audits-checklists
NEG_01845,0,0,0,2145,5,0.0,0,0.8272720505,LinearSVC+CalibratedClassifierCV+Optuna,TrentPierce/Ethereum-Address-Collider
NEG_01850,0,0,0,2150,5,0.0,0,0.8272720505,LinearSVC+CalibratedClassifierCV+Optuna,trustwallet/trust-wallet-ios
NEG_01862,0,0,0,2162,5,0.2602921646746348,0,0.8272720505,LinearSVC+CalibratedClassifierCV+Optuna,uhsr/BlockchainNFTRegistryPlatformX
NEG_01863,0,0,0,2163,5,0.2602921646746348,0,0.8272720505,LinearSVC+CalibratedClassifierCV+Optuna,uhsr/BlockchainNftRegistrySolutionsX
NEG_01866,0,0,0,2166,5,0.2602921646746348,0,0.8272720505,LinearSVC+CalibratedClassifierCV+Optuna,uhsr/BlockchainNFTVaultManagerPlatformUltra
NEG_01877,0,0,0,2177,5,0.0,0,0.8272720505,LinearSVC+CalibratedClassifierCV+Optuna,uport-project/uport-connect
NEG_01878,0,0,0,2178,5,0.0,0,0.8272720505,LinearSVC+CalibratedClassifierCV+Optuna,UraniumCorporation/solana-payout-action
NEG_01880,0,0,0,2180,5,0.0,0,0.8272720505,LinearSVC+CalibratedClassifierCV+Optuna,utsavempiric20/multi-signature-wallet-factory-solidity
NEG_01886,0,0,0,2186,5,0.0,0,0.8272720505,LinearSVC+CalibratedClassifierCV+Optuna,vanchoy/nft-collection
NEG_01890,0,0,0,2190,5,0.0,0,0.8272720505,LinearSVC+CalibratedClassifierCV+Optuna,vdutts7/ai-generated-nfts
NEG_01891,0,0,0,2191,5,0.0,0,0.8272720505,LinearSVC+CalibratedClassifierCV+Optuna,vechain/web3-gear
NEG_01894,0,0,0,2194,5,0.0,0,0.8272720505,LinearSVC+CalibratedClassifierCV+Optuna,VedikaaSankhe/ds_VedikaSankhe
NEG_01895,0,0,0,2195,5,0.0,0,0.8272720505,LinearSVC+CalibratedClassifierCV+Optuna,Velocity-BPA/n8n-nodes-aztec
NEG_01896,0,0,0,2196,5,0.0,0,0.8272720505,LinearSVC+CalibratedClassifierCV+Optuna,Velocity-BPA/n8n-nodes-pendle
NEG_01898,0,0,0,2198,5,0.0,0,0.8272720505,LinearSVC+CalibratedClassifierCV+Optuna,vergecurrency/verge
NEG_01899,0,0,0,2199,5,0.0,0,0.8272720505,LinearSVC+CalibratedClassifierCV+Optuna,VersoriumX/web3
NEG_01901,0,0,0,2201,5,0.0,0,0.8272720505,LinearSVC+CalibratedClassifierCV+Optuna,vhidvz/crypto-aio
NEG_01904,0,0,0,2204,5,0.0,0,0.8272720505,LinearSVC+CalibratedClassifierCV+Optuna,victorykop/Buildspace-Wave-Portal-Backend
NEG_01907,0,0,0,2207,5,0.0,0,0.8272720505,LinearSVC+CalibratedClassifierCV+Optuna,Vikash-8090-Yadav/Learn-Earn-in-WEB3
NEG_01919,0,0,0,2219,5,0.0,0,0.8272720505,LinearSVC+CalibratedClassifierCV+Optuna,vitalkamuntu/Crypto-wallet
NEG_01934,0,0,0,2234,5,0.0,0,0.8272720505,LinearSVC+CalibratedClassifierCV+Optuna,VulnPlanet/l3x
NEG_01937,0,0,0,2237,5,0.0,0,0.8272720505,LinearSVC+CalibratedClassifierCV+Optuna,vykuntaharsha/cryptocurrency-and-smart-contract
NEG_01938,0,0,0,2238,5,0.0,0,0.8272720505,LinearSVC+CalibratedClassifierCV+Optuna,wallet-agent/wallet-agent
NEG_01939,0,0,0,2239,5,0.0,0,0.8272720505,LinearSVC+CalibratedClassifierCV+Optuna,Wallet3/Wallet3-Desktop
NEG_01945,0,0,0,2245,5,0.0,0,0.8272720505,LinearSVC+CalibratedClassifierCV+Optuna,WalletWasabi/WalletWasabi
NEG_01948,0,0,0,2248,5,0.0,0,0.8272720505,LinearSVC+CalibratedClassifierCV+Optuna,wangshijun/ethereum-lottery-dapp
NEG_01951,0,0,0,2251,5,0.0,0,0.8272720505,LinearSVC+CalibratedClassifierCV+Optuna,warmkey-finance/bitcoin-cryptocurrency-tutorial
NEG_01952,0,0,0,2252,5,0.0,0,0.8272720505,LinearSVC+CalibratedClassifierCV+Optuna,wasiiff/blokk-lens
NEG_01955,0,0,0,2255,5,0.0,0,0.8272720505,LinearSVC+CalibratedClassifierCV+Optuna,WeaverFi/cookietrack-api
NEG_01957,0,0,0,2257,5,0.0,0,0.8272720505,LinearSVC+CalibratedClassifierCV+Optuna,Web3-Club/Blockchain-Developer-roadmap_Chinese
NEG_01958,0,0,0,2258,5,0.0,0,0.8272720505,LinearSVC+CalibratedClassifierCV+Optuna,Web3Auth/Auth
NEG_01966,0,0,0,2266,5,0.0,0,0.8272720505,LinearSVC+CalibratedClassifierCV+Optuna,web3p/web3.php
NEG_01973,0,0,0,2273,5,0.0,0,0.8272720505,LinearSVC+CalibratedClassifierCV+Optuna,whoaryu/cryptozombies
NEG_01984,0,0,0,2284,5,0.0,0,0.8272720505,LinearSVC+CalibratedClassifierCV+Optuna,WTFAcademy/WTF-CTF
NEG_01987,0,0,0,2287,5,0.0,0,0.8272720505,LinearSVC+CalibratedClassifierCV+Optuna,Xalt8/Vyper
NEG_02001,0,0,0,2301,5,0.0,0,0.8272720505,LinearSVC+CalibratedClassifierCV+Optuna,XXXGutierrezXXX/defi-staking-smart-contract-solana
NEG_02007,0,0,0,2307,5,0.0,0,0.8272720505,LinearSVC+CalibratedClassifierCV+Optuna,yannvr/lendx
NEG_02010,0,0,0,2310,5,0.0,0,0.8272720505,LinearSVC+CalibratedClassifierCV+Optuna,YarovoyVladimir09/rust-solana-NftLoanPlatform
NEG_02011,0,0,0,2311,5,0.0,0,0.8272720505,LinearSVC+CalibratedClassifierCV+Optuna,Yassin-MT/EETP
NEG_02026,0,0,0,2326,5,0.0,0,0.8272720505,LinearSVC+CalibratedClassifierCV+Optuna,YosephKS/truffle-opensea-nft
NEG_02029,0,0,0,2329,5,0.0,0,0.8272720505,LinearSVC+CalibratedClassifierCV+Optuna,yuichiroaoki/typescript-hardhat
NEG_02041,0,0,0,2341,5,0.0,0,0.8272720505,LinearSVC+CalibratedClassifierCV+Optuna,ZetiAi/defi
NEG_02052,0,0,0,2352,5,0.0,0,0.8272720505,LinearSVC+CalibratedClassifierCV+Optuna,zypher-game/bevy-web3
