family_id,label,is_real_positive,is_generated_positive,row_index,outer_fold,y_proba,y_pred,threshold,model,repo_full_name
F2_crypto_trading_bot,1,1,0,11,1,0.0011229016,0,0.01824333891272545,SentenceTransformer+MLP+Optuna (offline),dev-protocol/polymarket-copytrading-bot-sport
F2_crypto_trading_bot,1,1,0,14,1,0.0007883016,0,0.01824333891272545,SentenceTransformer+MLP+Optuna (offline),FaceOFWood/SniperBot-Solana-PumpSwap
F2_crypto_trading_bot,1,1,0,15,1,0.04717036,1,0.01824333891272545,SentenceTransformer+MLP+Optuna (offline),harshith-vaddiparthy/quant-bot
F2_crypto_trading_bot,1,1,0,29,1,0.004519018,0,0.01824333891272545,SentenceTransformer+MLP+Optuna (offline),Morning-Star213/Solana-pumpfun-bot
F2_crypto_trading_bot,1,0,1,188,1,0.0007134213,0,0.01824333891272545,SentenceTransformer+MLP+Optuna (offline),labs-market/polymarket-copytrading-bot-sport
F2_crypto_trading_bot,1,0,1,189,1,0.00032659795,0,0.01824333891272545,SentenceTransformer+MLP+Optuna (offline),FaceOFWoo/SniperBot-Solana-PumpSwap
F2_crypto_trading_bot,1,0,1,190,1,0.0732386,1,0.01824333891272545,SentenceTransformer+MLP+Optuna (offline),harshithvaddiparthyy/quant-bot
F2_crypto_trading_bot,1,0,1,191,1,0.008274493,0,0.01824333891272545,SentenceTransformer+MLP+Optuna (offline),MorningStar213ry/Solana-pumpfun-bot
F2_crypto_trading_bot,1,0,1,192,1,0.000620229,0,0.01824333891272545,SentenceTransformer+MLP+Optuna (offline),dex-copy/polymarket-copytrading-bot-sport
F2_crypto_trading_bot,1,0,1,193,1,0.0011978803,0,0.01824333891272545,SentenceTransformer+MLP+Optuna (offline),FaceOFWoodv/SniperBot-Solana-PumpSwap
F2_crypto_trading_bot,1,0,1,194,1,0.04587581,1,0.01824333891272545,SentenceTransformer+MLP+Optuna (offline),harshithvaddiparthy4/quant-bot
F2_crypto_trading_bot,1,0,1,195,1,0.011693732,0,0.01824333891272545,SentenceTransformer+MLP+Optuna (offline),MorningStar213/Solana-pumpfun-bot
F2_crypto_trading_bot,1,0,1,196,1,0.0010129315,0,0.01824333891272545,SentenceTransformer+MLP+Optuna (offline),dex-bot/polymarket-copytrading-bot-sport
F2_crypto_trading_bot,1,0,1,197,1,0.0028132403,0,0.01824333891272545,SentenceTransformer+MLP+Optuna (offline),FaceOFWood2/SniperBot-Solana-PumpSwap
F2_crypto_trading_bot,1,0,1,198,1,0.051869195,1,0.01824333891272545,SentenceTransformer+MLP+Optuna (offline),harshithvaddiparthy42/quant-bot
F2_crypto_trading_bot,1,0,1,199,1,0.0032241144,0,0.01824333891272545,SentenceTransformer+MLP+Optuna (offline),MorningStar2132/Solana-pumpfun-bot
F2_crypto_trading_bot,1,0,1,200,1,0.0016908676,0,0.01824333891272545,SentenceTransformer+MLP+Optuna (offline),dex-trade/polymarket-copytrading-bot-sport
F2_crypto_trading_bot,1,0,1,201,1,0.000549193,0,0.01824333891272545,SentenceTransformer+MLP+Optuna (offline),FaceOFWoodk/SniperBot-Solana-PumpSwap
F2_crypto_trading_bot,1,0,1,202,1,0.11682796,1,0.01824333891272545,SentenceTransformer+MLP+Optuna (offline),harshithvaddiparthyu/quant-bot
F2_crypto_trading_bot,1,0,1,203,1,0.017553728,0,0.01824333891272545,SentenceTransformer+MLP+Optuna (offline),MorningStar2133/Solana-pumpfun-bot
F2_crypto_trading_bot,1,0,1,204,1,0.0015416904,0,0.01824333891272545,SentenceTransformer+MLP+Optuna (offline),bot-trade/polymarket-copytrading-bot-sport
F2_crypto_trading_bot,1,0,1,205,1,0.0013982493,0,0.01824333891272545,SentenceTransformer+MLP+Optuna (offline),FaceOFWood3/SniperBot-Solana-PumpSwap
F2_crypto_trading_bot,1,0,1,206,1,0.04536468,1,0.01824333891272545,SentenceTransformer+MLP+Optuna (offline),harshithvaddiparthy/quant-bot
F2_crypto_trading_bot,1,0,1,207,1,0.0024716603,0,0.01824333891272545,SentenceTransformer+MLP+Optuna (offline),MorningStar213o3/Solana-pumpfun-bot
F2_crypto_trading_bot,1,0,1,208,1,0.0014251941,0,0.01824333891272545,SentenceTransformer+MLP+Optuna (offline),dex-signal/polymarket-copytrading-bot-sport
F2_crypto_trading_bot,1,0,1,209,1,0.00031747276,0,0.01824333891272545,SentenceTransformer+MLP+Optuna (offline),FaceOFWood4/SniperBot-Solana-PumpSwap
F2_crypto_trading_bot,1,0,1,210,1,0.08754704,1,0.01824333891272545,SentenceTransformer+MLP+Optuna (offline),harshithvaddiparthyy2/quant-bot
F2_crypto_trading_bot,1,0,1,211,1,0.0040027867,0,0.01824333891272545,SentenceTransformer+MLP+Optuna (offline),MorningStar213gg/Solana-pumpfun-bot
F2_crypto_trading_bot,1,0,1,212,1,0.0010616994,0,0.01824333891272545,SentenceTransformer+MLP+Optuna (offline),signal-labs/polymarket-copytrading-bot-sport
F2_crypto_trading_bot,1,0,1,213,1,0.0007030666,0,0.01824333891272545,SentenceTransformer+MLP+Optuna (offline),FaceOFWoo2/SniperBot-Solana-PumpSwap
F2_crypto_trading_bot,1,0,1,214,1,0.075138554,1,0.01824333891272545,SentenceTransformer+MLP+Optuna (offline),harshithvaddiparthy2/quant-bot
F2_crypto_trading_bot,1,0,1,215,1,0.012526086,0,0.01824333891272545,SentenceTransformer+MLP+Optuna (offline),MorningStar2132q/Solana-pumpfun-bot
F2_crypto_trading_bot,1,0,1,216,1,0.0013599785,0,0.01824333891272545,SentenceTransformer+MLP+Optuna (offline),copy-trade/polymarket-copytrading-bot-sport
F2_crypto_trading_bot,1,0,1,217,1,0.0010905634,0,0.01824333891272545,SentenceTransformer+MLP+Optuna (offline),FaceOFWood5/SniperBot-Solana-PumpSwap
F2_crypto_trading_bot,1,0,1,218,1,0.05110494,1,0.01824333891272545,SentenceTransformer+MLP+Optuna (offline),harshithvaddiparthy3/quant-bot
F2_crypto_trading_bot,1,0,1,219,1,0.0030497047,0,0.01824333891272545,SentenceTransformer+MLP+Optuna (offline),MorningStar213q/Solana-pumpfun-bot
F2_crypto_trading_bot,1,0,1,220,1,0.0019004334,0,0.01824333891272545,SentenceTransformer+MLP+Optuna (offline),signal-marke/polymarket-copytrading-bot-sport
F2_crypto_trading_bot,1,0,1,221,1,0.00015464742,0,0.01824333891272545,SentenceTransformer+MLP+Optuna (offline),FaceOFWoo3/SniperBot-Solana-PumpSwap
F2_crypto_trading_bot,1,0,1,222,1,0.050720513,1,0.01824333891272545,SentenceTransformer+MLP+Optuna (offline),harshithvaddiparthy32/quant-bot
F2_crypto_trading_bot,1,0,1,223,1,0.005189068,0,0.01824333891272545,SentenceTransformer+MLP+Optuna (offline),MorningStar213j/Solana-pumpfun-bot
F2_crypto_trading_bot,1,0,1,224,1,0.0010460464,0,0.01824333891272545,SentenceTransformer+MLP+Optuna (offline),bot-market/polymarket-copytrading-bot-sport
F2_crypto_trading_bot,1,0,1,225,1,0.00020617503,0,0.01824333891272545,SentenceTransformer+MLP+Optuna (offline),FaceOFWoodh/SniperBot-Solana-PumpSwap
F2_crypto_trading_bot,1,0,1,226,1,0.07510754,1,0.01824333891272545,SentenceTransformer+MLP+Optuna (offline),harshithvaddiparthyv/quant-bot
F2_crypto_trading_bot,1,0,1,227,1,0.012362418,0,0.01824333891272545,SentenceTransformer+MLP+Optuna (offline),MorningStar213h/Solana-pumpfun-bot
F2_crypto_trading_bot,1,0,1,228,1,0.0014527797,0,0.01824333891272545,SentenceTransformer+MLP+Optuna (offline),dex-copy2/polymarket-copytrading-bot-sport
F2_crypto_trading_bot,1,0,1,229,1,0.00071979355,0,0.01824333891272545,SentenceTransformer+MLP+Optuna (offline),FaceOFWood6/SniperBot-Solana-PumpSwap
F2_crypto_trading_bot,1,0,1,230,1,0.07516828,1,0.01824333891272545,SentenceTransformer+MLP+Optuna (offline),harshithvaddiparthyo/quant-bot
F2_crypto_trading_bot,1,0,1,231,1,0.002535222,0,0.01824333891272545,SentenceTransformer+MLP+Optuna (offline),MorningStar2131/Solana-pumpfun-bot
F2_crypto_trading_bot,1,0,1,232,1,0.0014647801,0,0.01824333891272545,SentenceTransformer+MLP+Optuna (offline),bot-market2/polymarket-copytrading-bot-sport
F2_crypto_trading_bot,1,0,1,233,1,0.00034892827,0,0.01824333891272545,SentenceTransformer+MLP+Optuna (offline),FaceOFWood7/SniperBot-Solana-PumpSwap
F2_crypto_trading_bot,1,0,1,234,1,0.092202045,1,0.01824333891272545,SentenceTransformer+MLP+Optuna (offline),harshithvaddiparthyt/quant-bot
F2_crypto_trading_bot,1,0,1,235,1,0.0028529465,0,0.01824333891272545,SentenceTransformer+MLP+Optuna (offline),MorningStar213mf/Solana-pumpfun-bot
F2_crypto_trading_bot,1,0,1,236,1,0.0015121455,0,0.01824333891272545,SentenceTransformer+MLP+Optuna (offline),copy-signal/polymarket-copytrading-bot-sport
F2_crypto_trading_bot,1,0,1,237,1,0.0017836993,0,0.01824333891272545,SentenceTransformer+MLP+Optuna (offline),FaceOFWood8/SniperBot-Solana-PumpSwap
F2_crypto_trading_bot,1,0,1,238,1,0.044835262,1,0.01824333891272545,SentenceTransformer+MLP+Optuna (offline),harshithvaddiparthy5/quant-bot
F2_crypto_trading_bot,1,0,1,239,1,0.016514657,0,0.01824333891272545,SentenceTransformer+MLP+Optuna (offline),MorningStar21397/Solana-pumpfun-bot
F2_crypto_trading_bot,1,0,1,240,1,0.0017254,0,0.01824333891272545,SentenceTransformer+MLP+Optuna (offline),bot-market3/polymarket-copytrading-bot-sport
F2_crypto_trading_bot,1,0,1,241,1,0.0012128148,0,0.01824333891272545,SentenceTransformer+MLP+Optuna (offline),FaceOFWood9/SniperBot-Solana-PumpSwap
F2_crypto_trading_bot,1,0,1,242,1,0.05300294,1,0.01824333891272545,SentenceTransformer+MLP+Optuna (offline),harshithvaddiparthyp/quant-bot
F2_crypto_trading_bot,1,0,1,243,1,0.014148422,0,0.01824333891272545,SentenceTransformer+MLP+Optuna (offline),MorningStar2134v/Solana-pumpfun-bot
NEG_00023,0,0,0,323,1,2.3121875e-05,0,0.01824333891272545,SentenceTransformer+MLP+Optuna (offline),0xMaka/w3py
NEG_00025,0,0,0,325,1,2.0489235e-05,0,0.01824333891272545,SentenceTransformer+MLP+Optuna (offline),0xMesinTempur/Flappyster
NEG_00029,0,0,0,329,1,1.5145702e-07,0,0.01824333891272545,SentenceTransformer+MLP+Optuna (offline),0xRobWatson/Allowance-dApp
NEG_00030,0,0,0,330,1,3.6342765e-06,0,0.01824333891272545,SentenceTransformer+MLP+Optuna (offline),0xTaoDev/Wallet-Trades-Tracker
NEG_00032,0,0,0,332,1,0.0010201606,0,0.01824333891272545,SentenceTransformer+MLP+Optuna (offline),0xwagmi/bitcoin_wallet
NEG_00039,0,0,0,339,1,2.7990035e-07,0,0.01824333891272545,SentenceTransformer+MLP+Optuna (offline),1poolfinance/1Pool-Strategy
NEG_00044,0,0,0,344,1,3.5055643e-07,0,0.01824333891272545,SentenceTransformer+MLP+Optuna (offline),3Dpass/wallet
NEG_00045,0,0,0,345,1,0.00010733451,0,0.01824333891272545,SentenceTransformer+MLP+Optuna (offline),5ajaki/safe-mcp-server
NEG_00049,0,0,0,349,1,1.254968e-07,0,0.01824333891272545,SentenceTransformer+MLP+Optuna (offline),a1fred/cryptoportfolio
NEG_00056,0,0,0,356,1,2.223527e-06,0,0.01824333891272545,SentenceTransformer+MLP+Optuna (offline),aave/aave-v3-core
NEG_00059,0,0,0,359,1,1.216783e-05,0,0.01824333891272545,SentenceTransformer+MLP+Optuna (offline),abba-platforms/NADD
NEG_00063,0,0,0,363,1,3.2711716e-05,0,0.01824333891272545,SentenceTransformer+MLP+Optuna (offline),AbhinavOC24/sPay
NEG_00065,0,0,0,365,1,3.2000928e-06,0,0.01824333891272545,SentenceTransformer+MLP+Optuna (offline),AbushakerJamil/Hardhat-Test
NEG_00067,0,0,0,367,1,2.4521745e-05,0,0.01824333891272545,SentenceTransformer+MLP+Optuna (offline),acebusters/acebusters-frontend
NEG_00069,0,0,0,369,1,3.2389385e-06,0,0.01824333891272545,SentenceTransformer+MLP+Optuna (offline),AchyuthMohan/cryptogram-nmit-block-chain-
NEG_00070,0,0,0,370,1,2.449461e-05,0,0.01824333891272545,SentenceTransformer+MLP+Optuna (offline),ACINQ/phoenix
NEG_00073,0,0,0,373,1,3.6661213e-06,0,0.01824333891272545,SentenceTransformer+MLP+Optuna (offline),Adamant-im/adamant-api-jsclient
NEG_00076,0,0,0,376,1,3.2461437e-06,0,0.01824333891272545,SentenceTransformer+MLP+Optuna (offline),adamocallaghan/membrane-finance-v2
NEG_00078,0,0,0,378,1,6.764282e-06,0,0.01824333891272545,SentenceTransformer+MLP+Optuna (offline),adhithim09/Dsurv---Crypto_Token
NEG_00099,0,0,0,399,1,0.0032535489,0,0.01824333891272545,SentenceTransformer+MLP+Optuna (offline),Afrozllm/Web3-Wallet-Connect
NEG_00100,0,0,0,400,1,0.0009042653,0,0.01824333891272545,SentenceTransformer+MLP+Optuna (offline),agencyenterprise/serpro-web3-hackathon
NEG_00109,0,0,0,409,1,5.9115646e-08,0,0.01824333891272545,SentenceTransformer+MLP+Optuna (offline),ahmetozlu/defi_yield_farming
NEG_00111,0,0,0,411,1,1.6642963e-06,0,0.01824333891272545,SentenceTransformer+MLP+Optuna (offline),AICoin-io/AICoin
NEG_00115,0,0,0,415,1,0.0005011079,0,0.01824333891272545,SentenceTransformer+MLP+Optuna (offline),AiKay96/Bitcoin-Wallet
NEG_00120,0,0,0,420,1,1.7106868e-07,0,0.01824333891272545,SentenceTransformer+MLP+Optuna (offline),ajsizzle/bitcoin-ticker
NEG_00121,0,0,0,421,1,2.2695878e-07,0,0.01824333891272545,SentenceTransformer+MLP+Optuna (offline),akashmehrotra29/my-wave-portal
NEG_00123,0,0,0,423,1,2.972383e-07,0,0.01824333891272545,SentenceTransformer+MLP+Optuna (offline),akhileshthite/dtube
NEG_00124,0,0,0,424,1,0.00021932971,0,0.01824333891272545,SentenceTransformer+MLP+Optuna (offline),akinncar/ar-nft
NEG_00128,0,0,0,428,1,2.237211e-05,0,0.01824333891272545,SentenceTransformer+MLP+Optuna (offline),AkshitTiwarii/carbonx
NEG_00135,0,0,0,435,1,4.878737e-07,0,0.01824333891272545,SentenceTransformer+MLP+Optuna (offline),AleRapchan/nft-token-factory
NEG_00162,0,0,0,462,1,2.0591563e-06,0,0.01824333891272545,SentenceTransformer+MLP+Optuna (offline),alto-io/contractor
NEG_00163,0,0,0,463,1,7.508663e-07,0,0.01824333891272545,SentenceTransformer+MLP+Optuna (offline),amandladev/erc721-nftMint-smartContract
NEG_00168,0,0,0,468,1,1.6540997e-05,0,0.01824333891272545,SentenceTransformer+MLP+Optuna (offline),amonrak/rustychain
NEG_00173,0,0,0,473,1,0.01852055,1,0.01824333891272545,SentenceTransformer+MLP+Optuna (offline),ancutadaniel/ethereum_hardhat_nft_marketplace
NEG_00175,0,0,0,475,1,1.4076725e-05,0,0.01824333891272545,SentenceTransformer+MLP+Optuna (offline),AndreiD/qv_voting
NEG_00185,0,0,0,485,1,6.7493374e-07,0,0.01824333891272545,SentenceTransformer+MLP+Optuna (offline),anoff/cryptobooks
NEG_00188,0,0,0,488,1,4.8181933e-05,0,0.01824333891272545,SentenceTransformer+MLP+Optuna (offline),AntoineBastide47/Blockchain
NEG_00194,0,0,0,494,1,1.877748e-05,0,0.01824333891272545,SentenceTransformer+MLP+Optuna (offline),anza-xyz/wallet-adapter
NEG_00196,0,0,0,496,1,8.260036e-05,0,0.01824333891272545,SentenceTransformer+MLP+Optuna (offline),apache/incubator-resilientdb-ResLens
NEG_00203,0,0,0,503,1,5.049567e-07,0,0.01824333891272545,SentenceTransformer+MLP+Optuna (offline),apoorvlathey/Crypto-Car-Battle
NEG_00210,0,0,0,510,1,0.00011348018,0,0.01824333891272545,SentenceTransformer+MLP+Optuna (offline),ardriveapp/turbo-app
NEG_00211,0,0,0,511,1,3.6996582e-05,0,0.01824333891272545,SentenceTransformer+MLP+Optuna (offline),aridder/pengekrukka
NEG_00212,0,0,0,512,1,4.173594e-07,0,0.01824333891272545,SentenceTransformer+MLP+Optuna (offline),Arifin036/defi-staking-dapp
NEG_00218,0,0,0,518,1,9.852889e-09,0,0.01824333891272545,SentenceTransformer+MLP+Optuna (offline),arpesh28/solidity-wallet-contract-collections
NEG_00220,0,0,0,520,1,3.4519835e-06,0,0.01824333891272545,SentenceTransformer+MLP+Optuna (offline),ArshS1/sengh-nft
NEG_00231,0,0,0,531,1,2.1132404e-05,0,0.01824333891272545,SentenceTransformer+MLP+Optuna (offline),ashelkovnykov/offline-wallet-generator
NEG_00233,0,0,0,533,1,0.00014225989,0,0.01824333891272545,SentenceTransformer+MLP+Optuna (offline),ashok-p/module-19-Cryptowallets
NEG_00237,0,0,0,537,1,0.00022781079,0,0.01824333891272545,SentenceTransformer+MLP+Optuna (offline),AssetifyLabsTeams/Assetifily
NEG_00239,0,0,0,539,1,5.0992617e-07,0,0.01824333891272545,SentenceTransformer+MLP+Optuna (offline),atlaschain/contracts
NEG_00247,0,0,0,547,1,0.00056272466,0,0.01824333891272545,SentenceTransformer+MLP+Optuna (offline),axiomchronicles/blockchain_simulation
NEG_00251,0,0,0,551,1,2.974107e-07,0,0.01824333891272545,SentenceTransformer+MLP+Optuna (offline),Aytaditya/NFT_Staking_app
NEG_00254,0,0,0,554,1,1.15303656e-07,0,0.01824333891272545,SentenceTransformer+MLP+Optuna (offline),azerpas/Crypto2discord
NEG_00256,0,0,0,556,1,2.7631257e-05,0,0.01824333891272545,SentenceTransformer+MLP+Optuna (offline),B3Pay/B3Wallet
NEG_00266,0,0,0,566,1,1.314106e-06,0,0.01824333891272545,SentenceTransformer+MLP+Optuna (offline),banjtheman/highwind
NEG_00270,0,0,0,570,1,1.796684e-05,0,0.01824333891272545,SentenceTransformer+MLP+Optuna (offline),BasinLogix/BLX_chain
NEG_00275,0,0,0,575,1,2.2175234e-06,0,0.01824333891272545,SentenceTransformer+MLP+Optuna (offline),bcoin-org/bcoin
NEG_00281,0,0,0,581,1,2.4558614e-07,0,0.01824333891272545,SentenceTransformer+MLP+Optuna (offline),BendDAO/bend-lending-protocol
NEG_00289,0,0,0,589,1,8.595905e-06,0,0.01824333891272545,SentenceTransformer+MLP+Optuna (offline),bhau7233/MSig-
NEG_00297,0,0,0,597,1,3.57172e-05,0,0.01824333891272545,SentenceTransformer+MLP+Optuna (offline),bilix-software/eth-new-contracts
NEG_00298,0,0,0,598,1,0.00044917798,0,0.01824333891272545,SentenceTransformer+MLP+Optuna (offline),Bill171991/SATFLOW-
NEG_00299,0,0,0,599,1,2.5508964e-05,0,0.01824333891272545,SentenceTransformer+MLP+Optuna (offline),BirthdayResearch/defichain-wallet
NEG_00300,0,0,0,600,1,0.00011542938,0,0.01824333891272545,SentenceTransformer+MLP+Optuna (offline),birukG09/DeFiVerse-Bank-Simulator-
NEG_00303,0,0,0,603,1,1.7324868e-05,0,0.01824333891272545,SentenceTransformer+MLP+Optuna (offline),bitcoin-wallet/bitcoin-wallet
NEG_00305,0,0,0,605,1,0.0006920683,0,0.01824333891272545,SentenceTransformer+MLP+Optuna (offline),bitpay/bitpay-app
NEG_00306,0,0,0,606,1,1.0873482e-08,0,0.01824333891272545,SentenceTransformer+MLP+Optuna (offline),bitpay/wallet
NEG_00307,0,0,0,607,1,3.1193253e-05,0,0.01824333891272545,SentenceTransformer+MLP+Optuna (offline),BitPortal/bitportal-client
NEG_00316,0,0,0,616,1,2.0568393e-07,0,0.01824333891272545,SentenceTransformer+MLP+Optuna (offline),block-foundation/solidity-digital-twin
NEG_00321,0,0,0,621,1,4.1381743e-05,0,0.01824333891272545,SentenceTransformer+MLP+Optuna (offline),blockchaingate/eXchangily-web
NEG_00322,0,0,0,622,1,4.977557e-07,0,0.01824333891272545,SentenceTransformer+MLP+Optuna (offline),blockchain/blockchain-wallet-v4-frontend
NEG_00324,0,0,0,624,1,1.3701255e-05,0,0.01824333891272545,SentenceTransformer+MLP+Optuna (offline),blockonomics/prestashop-plugin
NEG_00331,0,0,0,631,1,6.2730356e-07,0,0.01824333891272545,SentenceTransformer+MLP+Optuna (offline),bokkypoobah/Nix
NEG_00342,0,0,0,642,1,0.00047603442,0,0.01824333891272545,SentenceTransformer+MLP+Optuna (offline),brilliant927/nft-mint-polygon
NEG_00344,0,0,0,644,1,0.41341838,1,0.01824333891272545,SentenceTransformer+MLP+Optuna (offline),Brunomike/cryptopunk-clone-web3
NEG_00350,0,0,0,650,1,2.1577919e-06,0,0.01824333891272545,SentenceTransformer+MLP+Optuna (offline),buihuudong19/E-Wallet-Blockchain-sourcecode
NEG_00351,0,0,0,651,1,0.023528535,1,0.01824333891272545,SentenceTransformer+MLP+Optuna (offline),Busulis/OPNet-Vesting
NEG_00352,0,0,0,652,1,0.002394635,0,0.01824333891272545,SentenceTransformer+MLP+Optuna (offline),ButterDevelop/AutoBlumSmartContract
NEG_00353,0,0,0,653,1,1.6746658e-06,0,0.01824333891272545,SentenceTransformer+MLP+Optuna (offline),buybackoff/SolidityAuction
NEG_00354,0,0,0,654,1,4.7135916e-07,0,0.01824333891272545,SentenceTransformer+MLP+Optuna (offline),Bwest981/BitcoinSig
NEG_00361,0,0,0,661,1,1.3588552e-05,0,0.01824333891272545,SentenceTransformer+MLP+Optuna (offline),CaiqueRibeiro/decentralized-stripe
NEG_00366,0,0,0,666,1,2.8968596e-05,0,0.01824333891272545,SentenceTransformer+MLP+Optuna (offline),capsulesocial/capsule-near
NEG_00367,0,0,0,667,1,2.1647732e-06,0,0.01824333891272545,SentenceTransformer+MLP+Optuna (offline),captain-woof/meta-nft
NEG_00368,0,0,0,668,1,0.00018752007,0,0.01824333891272545,SentenceTransformer+MLP+Optuna (offline),cardano-foundation/cardano-wallet
NEG_00374,0,0,0,674,1,1.5505359e-05,0,0.01824333891272545,SentenceTransformer+MLP+Optuna (offline),cdc-Hitesh/cdc-Hitesh.github.io
NEG_00381,0,0,0,681,1,3.9210852e-05,0,0.01824333891272545,SentenceTransformer+MLP+Optuna (offline),ChainInsighter/Web3-Casino-Crash-Game
NEG_00382,0,0,0,682,1,1.4237059e-05,0,0.01824333891272545,SentenceTransformer+MLP+Optuna (offline),chainjet/platform
NEG_00383,0,0,0,683,1,1.0023572e-06,0,0.01824333891272545,SentenceTransformer+MLP+Optuna (offline),ChainShot/AAVEDaiEscrow
NEG_00393,0,0,0,693,1,0.002594132,0,0.01824333891272545,SentenceTransformer+MLP+Optuna (offline),cherylwilson314/web3py_crypto
NEG_00394,0,0,0,694,1,3.5099265e-07,0,0.01824333891272545,SentenceTransformer+MLP+Optuna (offline),Chia-Network/chia-blockchain
NEG_00411,0,0,0,711,1,1.8999972e-07,0,0.01824333891272545,SentenceTransformer+MLP+Optuna (offline),cluck135/First-Deployed-Token
NEG_00414,0,0,0,714,1,9.107287e-05,0,0.01824333891272545,SentenceTransformer+MLP+Optuna (offline),cmdruid/tapscript
NEG_00416,0,0,0,716,1,0.00014748295,0,0.01824333891272545,SentenceTransformer+MLP+Optuna (offline),Cocodrilette/DeFi-Staking-SolidityContracts
NEG_00420,0,0,0,720,1,2.635436e-06,0,0.01824333891272545,SentenceTransformer+MLP+Optuna (offline),codegenius2/solana-verify-eddsa
NEG_00422,0,0,0,722,1,0.00013377977,0,0.01824333891272545,SentenceTransformer+MLP+Optuna (offline),coderasha/NFT-Marketplace--EThereum-Polygon
NEG_00427,0,0,0,727,1,1.9003829e-06,0,0.01824333891272545,SentenceTransformer+MLP+Optuna (offline),codymj/GeminiCryptoTrader
NEG_00429,0,0,0,729,1,1.6892795e-05,0,0.01824333891272545,SentenceTransformer+MLP+Optuna (offline),coinbase/chainstorage
NEG_00432,0,0,0,732,1,4.0168245e-05,0,0.01824333891272545,SentenceTransformer+MLP+Optuna (offline),Coldcard/firmware
NEG_00433,0,0,0,733,1,3.9038235e-07,0,0.01824333891272545,SentenceTransformer+MLP+Optuna (offline),colonelxy/CryptoZombies
NEG_00438,0,0,0,738,1,0.0015422544,0,0.01824333891272545,SentenceTransformer+MLP+Optuna (offline),consenlabs/imkey-manager
NEG_00450,0,0,0,750,1,0.00015592629,0,0.01824333891272545,SentenceTransformer+MLP+Optuna (offline),coti-io/coti-sdk-python
NEG_00453,0,0,0,753,1,1.277735e-06,0,0.01824333891272545,SentenceTransformer+MLP+Optuna (offline),CPix18/CryptoCopyRights
NEG_00464,0,0,0,764,1,2.94819e-05,0,0.01824333891272545,SentenceTransformer+MLP+Optuna (offline),crypto-cooker/Web3-Project-Overview
NEG_00471,0,0,0,771,1,7.9513273e-07,0,0.01824333891272545,SentenceTransformer+MLP+Optuna (offline),cryptococks-xyz/cryptococks-contract
NEG_00478,0,0,0,778,1,1.4731017e-07,0,0.01824333891272545,SentenceTransformer+MLP+Optuna (offline),cryptomkt/cryptomkt-python
NEG_00479,0,0,0,779,1,5.684197e-06,0,0.01824333891272545,SentenceTransformer+MLP+Optuna (offline),cryptopayserver00/cryptopayserver
NEG_00480,0,0,0,780,1,3.356597e-08,0,0.01824333891272545,SentenceTransformer+MLP+Optuna (offline),cryptopunksnotdead/awesome-cryptopunks-bubble
NEG_00483,0,0,0,783,1,5.96122e-07,0,0.01824333891272545,SentenceTransformer+MLP+Optuna (offline),CryptoSnowPrince/CryptoGame_Backend
NEG_00485,0,0,0,785,1,0.0006741924,0,0.01824333891272545,SentenceTransformer+MLP+Optuna (offline),csimbana/suiguard
NEG_00494,0,0,0,794,1,0.00042607018,0,0.01824333891272545,SentenceTransformer+MLP+Optuna (offline),d-invisible/DocuManage-web3--Aptos
NEG_00507,0,0,0,807,1,6.584928e-07,0,0.01824333891272545,SentenceTransformer+MLP+Optuna (offline),danilych/token-factory-web-app
NEG_00514,0,0,0,814,1,0.00041920348,0,0.01824333891272545,SentenceTransformer+MLP+Optuna (offline),dapphub/ds-math
NEG_00519,0,0,0,819,1,1.3754793e-06,0,0.01824333891272545,SentenceTransformer+MLP+Optuna (offline),dappuniversity/Runner-blockchain-game-
NEG_00529,0,0,0,829,1,4.9799496e-06,0,0.01824333891272545,SentenceTransformer+MLP+Optuna (offline),davidmeng630/defi
NEG_00530,0,0,0,830,1,2.5199808e-08,0,0.01824333891272545,SentenceTransformer+MLP+Optuna (offline),dbarobin/awesome-mirror
NEG_00532,0,0,0,832,1,9.685829e-08,0,0.01824333891272545,SentenceTransformer+MLP+Optuna (offline),deadarchitects/test-low-gas-solidity
NEG_00534,0,0,0,834,1,1.5551342e-06,0,0.01824333891272545,SentenceTransformer+MLP+Optuna (offline),decentralized-identity/element
NEG_00538,0,0,0,838,1,1.7398264e-06,0,0.01824333891272545,SentenceTransformer+MLP+Optuna (offline),deepbluelake/web3-lab
NEG_00543,0,0,0,843,1,6.09055e-07,0,0.01824333891272545,SentenceTransformer+MLP+Optuna (offline),DeFiDesk/DeFiDesk.github.io
NEG_00544,0,0,0,844,1,3.5846326e-05,0,0.01824333891272545,SentenceTransformer+MLP+Optuna (offline),defilab/defi-blockchain-dumper
NEG_00548,0,0,0,848,1,2.936526e-06,0,0.01824333891272545,SentenceTransformer+MLP+Optuna (offline),DeFireX/defirex-protocol-v3
NEG_00554,0,0,0,854,1,1.7444167e-06,0,0.01824333891272545,SentenceTransformer+MLP+Optuna (offline),dennohpeter/MultiDexArbBot
NEG_00555,0,0,0,855,1,1.2315263e-06,0,0.01824333891272545,SentenceTransformer+MLP+Optuna (offline),denzopas/myWallet
NEG_00561,0,0,0,861,1,6.0901602e-06,0,0.01824333891272545,SentenceTransformer+MLP+Optuna (offline),desktop-examples/crypto-analysis
NEG_00567,0,0,0,867,1,5.5958357e-05,0,0.01824333891272545,SentenceTransformer+MLP+Optuna (offline),developeruche/hybrid
NEG_00570,0,0,0,870,1,1.266501e-06,0,0.01824333891272545,SentenceTransformer+MLP+Optuna (offline),DevMarc16/appkit-connect
NEG_00572,0,0,0,872,1,0.0014484981,0,0.01824333891272545,SentenceTransformer+MLP+Optuna (offline),DevStudioX/Phoenix-Clipper-Malware-Private
NEG_00576,0,0,0,876,1,0.00020481425,0,0.01824333891272545,SentenceTransformer+MLP+Optuna (offline),dharmaprotocol/dharma.js
NEG_00581,0,0,0,881,1,1.546298e-06,0,0.01824333891272545,SentenceTransformer+MLP+Optuna (offline),diadata-org/diadata
NEG_00582,0,0,0,882,1,4.0644707e-07,0,0.01824333891272545,SentenceTransformer+MLP+Optuna (offline),didil/stone-dapp
NEG_00583,0,0,0,883,1,3.9906445e-06,0,0.01824333891272545,SentenceTransformer+MLP+Optuna (offline),diego-tobalina/PancakeSwapBot
NEG_00584,0,0,0,884,1,2.1507103e-06,0,0.01824333891272545,SentenceTransformer+MLP+Optuna (offline),Dilkashpeshimam18/defi-contracts
NEG_00593,0,0,0,893,1,8.110813e-06,0,0.01824333891272545,SentenceTransformer+MLP+Optuna (offline),dkpeakbil/bitcoinwalletwatcher
NEG_00596,0,0,0,896,1,0.0007759373,0,0.01824333891272545,SentenceTransformer+MLP+Optuna (offline),dmitriiprusakov/definition-hack-nft-versus
NEG_00602,0,0,0,902,1,7.0228266e-06,0,0.01824333891272545,SentenceTransformer+MLP+Optuna (offline),Dopular/CLI-Searching-and-Tracing-EVMTransactions
NEG_00607,0,0,0,907,1,0.00019010238,0,0.01824333891272545,SentenceTransformer+MLP+Optuna (offline),drisst12/safe-smart-account
NEG_00611,0,0,0,911,1,0.0012279366,0,0.01824333891272545,SentenceTransformer+MLP+Optuna (offline),DTVMStack/DTVM
NEG_00613,0,0,0,913,1,2.1246658e-05,0,0.01824333891272545,SentenceTransformer+MLP+Optuna (offline),DudeOfCode/web3.pyandSolidityTodolist
NEG_00614,0,0,0,914,1,0.00012203941,0,0.01824333891272545,SentenceTransformer+MLP+Optuna (offline),duneanalytics/evm.codes
NEG_00630,0,0,0,930,1,1.4025012e-06,0,0.01824333891272545,SentenceTransformer+MLP+Optuna (offline),elkoutwest/bitcoin_browser
NEG_00637,0,0,0,937,1,6.955771e-05,0,0.01824333891272545,SentenceTransformer+MLP+Optuna (offline),emeraldpay/dshackle
NEG_00650,0,0,0,950,1,1.4966003e-05,0,0.01824333891272545,SentenceTransformer+MLP+Optuna (offline),enricozanardo/bitcoin-sentiment-analys-on-tweets-
NEG_00654,0,0,0,954,1,2.73369e-06,0,0.01824333891272545,SentenceTransformer+MLP+Optuna (offline),eonian-core/farm
NEG_00670,0,0,0,970,1,1.8614679e-05,0,0.01824333891272545,SentenceTransformer+MLP+Optuna (offline),EthereumCommonwealth/multi-geth
NEG_00680,0,0,0,980,1,9.127358e-06,0,0.01824333891272545,SentenceTransformer+MLP+Optuna (offline),everx-labs/evernode-se
NEG_00692,0,0,0,992,1,9.439209e-09,0,0.01824333891272545,SentenceTransformer+MLP+Optuna (offline),f-z/decentralized-option-trading-platform
NEG_00693,0,0,0,993,1,1.6765285e-05,0,0.01824333891272545,SentenceTransformer+MLP+Optuna (offline),fabianorodrigo/defiamm
NEG_00704,0,0,0,1004,1,5.093017e-07,0,0.01824333891272545,SentenceTransformer+MLP+Optuna (offline),farisamirmudin/cryptotransfer
NEG_00705,0,0,0,1005,1,1.0553413e-06,0,0.01824333891272545,SentenceTransformer+MLP+Optuna (offline),faysalbadaoui/RegisterDeviceSolanaProgram
NEG_00712,0,0,0,1012,1,5.0844086e-05,0,0.01824333891272545,SentenceTransformer+MLP+Optuna (offline),FIFA0313/blockchain-wallet-adapter-designe
NEG_00715,0,0,0,1015,1,0.00031166148,0,0.01824333891272545,SentenceTransformer+MLP+Optuna (offline),FilOzone/synapse-sdk
NEG_00736,0,0,0,1036,1,1.2213635e-06,0,0.01824333891272545,SentenceTransformer+MLP+Optuna (offline),Frenzoid/DAPP_Bank
NEG_00741,0,0,0,1041,1,0.010300082,0,0.01824333891272545,SentenceTransformer+MLP+Optuna (offline),fundgao/xiuxian
NEG_00744,0,0,0,1044,1,2.4757767e-07,0,0.01824333891272545,SentenceTransformer+MLP+Optuna (offline),gabidi/bismuth-js-crypto
NEG_00745,0,0,0,1045,1,4.036989e-07,0,0.01824333891272545,SentenceTransformer+MLP+Optuna (offline),gakonst/ethers-rs
NEG_00746,0,0,0,1046,1,1.4422845e-06,0,0.01824333891272545,SentenceTransformer+MLP+Optuna (offline),GameChangerFinance/gamechanger.wallet
NEG_00752,0,0,0,1052,1,5.321423e-06,0,0.01824333891272545,SentenceTransformer+MLP+Optuna (offline),gemwalletcom/gem-android
NEG_00759,0,0,0,1059,1,4.7660575e-07,0,0.01824333891272545,SentenceTransformer+MLP+Optuna (offline),ggviana/splitter
NEG_00765,0,0,0,1065,1,7.806867e-06,0,0.01824333891272545,SentenceTransformer+MLP+Optuna (offline),GlitchicaL/project-arcadia
NEG_00777,0,0,0,1077,1,0.0001070174,0,0.01824333891272545,SentenceTransformer+MLP+Optuna (offline),GoogleEnginer/defi-yield-calculator
NEG_00780,0,0,0,1080,1,5.8559576e-06,0,0.01824333891272545,SentenceTransformer+MLP+Optuna (offline),grandsmarquis/ethereumdevio-dex-tutorial
NEG_00781,0,0,0,1081,1,0.02291007,1,0.01824333891272545,SentenceTransformer+MLP+Optuna (offline),GRANTsol/PanteraProtocol
NEG_00782,0,0,0,1082,1,9.645896e-06,0,0.01824333891272545,SentenceTransformer+MLP+Optuna (offline),greekfetacheese/zeus
NEG_00809,0,0,0,1109,1,1.1716466e-05,0,0.01824333891272545,SentenceTransformer+MLP+Optuna (offline),HappyGroupHub/Ethereum-Wallet-Tracker
NEG_00812,0,0,0,1112,1,2.5570723e-06,0,0.01824333891272545,SentenceTransformer+MLP+Optuna (offline),haritsmedina/web3.0_krypto
NEG_00819,0,0,0,1119,1,1.6094924e-07,0,0.01824333891272545,SentenceTransformer+MLP+Optuna (offline),hashbx/token-distribution
NEG_00824,0,0,0,1124,1,6.4213346e-09,0,0.01824333891272545,SentenceTransformer+MLP+Optuna (offline),HawkTahir1/ZENC
NEG_00829,0,0,0,1129,1,0.0017176315,0,0.01824333891272545,SentenceTransformer+MLP+Optuna (offline),HectorNBL/eth_solseum_gen_hnbl
NEG_00849,0,0,0,1149,1,4.802508e-07,0,0.01824333891272545,SentenceTransformer+MLP+Optuna (offline),horizontalsystems/bitcoin-kit-ios
NEG_00859,0,0,0,1159,1,2.2591105e-09,0,0.01824333891272545,SentenceTransformer+MLP+Optuna (offline),hummingbot/hummingbot
NEG_00861,0,0,0,1161,1,0.0003860601,0,0.01824333891272545,SentenceTransformer+MLP+Optuna (offline),Huy-2k11/Native-Parser
NEG_00862,0,0,0,1162,1,4.339739e-07,0,0.01824333891272545,SentenceTransformer+MLP+Optuna (offline),huynhtuandat05december/Crypto-Zombie
NEG_00865,0,0,0,1165,1,0.0012024988,0,0.01824333891272545,SentenceTransformer+MLP+Optuna (offline),HyperPlay-Gaming/hyperplay-desktop-client
NEG_00869,0,0,0,1169,1,4.499591e-06,0,0.01824333891272545,SentenceTransformer+MLP+Optuna (offline),Iamtheusername112/Crypto
NEG_00879,0,0,0,1179,1,2.5884722e-07,0,0.01824333891272545,SentenceTransformer+MLP+Optuna (offline),IgorAugust0/blockchain-security-labs
NEG_00886,0,0,0,1186,1,2.1457821e-07,0,0.01824333891272545,SentenceTransformer+MLP+Optuna (offline),imcrazysteven/Initial-Coin-Offering-Smart-Contract
NEG_00889,0,0,0,1189,1,0.0014591181,0,0.01824333891272545,SentenceTransformer+MLP+Optuna (offline),Infineon/secora-blockchain-walletconnect
NEG_00900,0,0,0,1200,1,8.575808e-07,0,0.01824333891272545,SentenceTransformer+MLP+Optuna (offline),Itheum/sdk-mx-data-nft
NEG_00906,0,0,0,1206,1,8.968287e-08,0,0.01824333891272545,SentenceTransformer+MLP+Optuna (offline),ivopetiz/crypto-exchange-cli
NEG_00914,0,0,0,1214,1,1.1889975e-06,0,0.01824333891272545,SentenceTransformer+MLP+Optuna (offline),Jackhuang166/chess-smart-contract
NEG_00926,0,0,0,1226,1,2.5779383e-07,0,0.01824333891272545,SentenceTransformer+MLP+Optuna (offline),JamesANZ/crypto-timelocked-backup
NEG_00930,0,0,0,1230,1,4.8834725e-05,0,0.01824333891272545,SentenceTransformer+MLP+Optuna (offline),janghona/go-ethereum-Jochain
NEG_00937,0,0,0,1237,1,2.3546801e-05,0,0.01824333891272545,SentenceTransformer+MLP+Optuna (offline),JasminDreasond/Dohpw
NEG_00939,0,0,0,1239,1,2.3145367e-07,0,0.01824333891272545,SentenceTransformer+MLP+Optuna (offline),JasonnLim/Blockchain-MedicalRecords
NEG_00940,0,0,0,1240,1,5.877431e-06,0,0.01824333891272545,SentenceTransformer+MLP+Optuna (offline),JavaCardOS/BitcoinWallet
NEG_00949,0,0,0,1249,1,1.2627165e-06,0,0.01824333891272545,SentenceTransformer+MLP+Optuna (offline),jeffprestes/rust-smart-contract-example-connection
NEG_00950,0,0,0,1250,1,3.8228953e-07,0,0.01824333891272545,SentenceTransformer+MLP+Optuna (offline),jeftarmascarenhas/smart-contract-training
NEG_00952,0,0,0,1252,1,9.458061e-09,0,0.01824333891272545,SentenceTransformer+MLP+Optuna (offline),jeloooooo/solidity-cryptozombies
NEG_00963,0,0,0,1263,1,2.9326034e-07,0,0.01824333891272545,SentenceTransformer+MLP+Optuna (offline),jlandyr/web3solidity
NEG_00974,0,0,0,1274,1,2.0805839e-08,0,0.01824333891272545,SentenceTransformer+MLP+Optuna (offline),jonluxson/very-basic-form-of-cryptocurrency
NEG_00979,0,0,0,1279,1,5.409725e-06,0,0.01824333891272545,SentenceTransformer+MLP+Optuna (offline),jovijovi/ether-goblin
NEG_00982,0,0,0,1282,1,0.00022818032,0,0.01824333891272545,SentenceTransformer+MLP+Optuna (offline),jptsantossilva/BEC
NEG_00987,0,0,0,1287,1,6.6003915e-05,0,0.01824333891272545,SentenceTransformer+MLP+Optuna (offline),JulieGibbs/NFT1155_Contract_Test_Assignment
NEG_00988,0,0,0,1288,1,7.6393435e-06,0,0.01824333891272545,SentenceTransformer+MLP+Optuna (offline),juliocamposmachado/my_eth_app.github.io
NEG_00990,0,0,0,1290,1,3.6379975e-06,0,0.01824333891272545,SentenceTransformer+MLP+Optuna (offline),JumpCrypto/crypto-reading-list
NEG_00993,0,0,0,1293,1,3.4710138e-05,0,0.01824333891272545,SentenceTransformer+MLP+Optuna (offline),JunoNode/juno
NEG_00998,0,0,0,1298,1,2.529152e-07,0,0.01824333891272545,SentenceTransformer+MLP+Optuna (offline),Kalashin1/GTA-token-smart-contract
NEG_01001,0,0,0,1301,1,0.00022726103,0,0.01824333891272545,SentenceTransformer+MLP+Optuna (offline),Karhal/web3-connect
NEG_01005,0,0,0,1305,1,5.184159e-07,0,0.01824333891272545,SentenceTransformer+MLP+Optuna (offline),kartikver15gr8/WEB3-For-All
NEG_01009,0,0,0,1309,1,4.0372533e-06,0,0.01824333891272545,SentenceTransformer+MLP+Optuna (offline),kaymen99/aave-flashloan-arbitrage
NEG_01018,0,0,0,1318,1,1.481431e-06,0,0.01824333891272545,SentenceTransformer+MLP+Optuna (offline),kelvincup/base-learn
NEG_01033,0,0,0,1333,1,0.00069689244,0,0.01824333891272545,SentenceTransformer+MLP+Optuna (offline),khadar1020/bitcoin_wallet
NEG_01036,0,0,0,1336,1,0.0015799792,0,0.01824333891272545,SentenceTransformer+MLP+Optuna (offline),kheopskit/kheopskit
NEG_01037,0,0,0,1337,1,1.3461546e-06,0,0.01824333891272545,SentenceTransformer+MLP+Optuna (offline),Kimonic99/Heneftee
NEG_01053,0,0,0,1353,1,1.6411335e-05,0,0.01824333891272545,SentenceTransformer+MLP+Optuna (offline),konradisco/bitcoin-ethereum
NEG_01055,0,0,0,1355,1,1.9449582e-09,0,0.01824333891272545,SentenceTransformer+MLP+Optuna (offline),KOSASIH/nexus-finance-core
NEG_01057,0,0,0,1357,1,6.3361125e-07,0,0.01824333891272545,SentenceTransformer+MLP+Optuna (offline),kradkov14/presale-contract
NEG_01058,0,0,0,1358,1,8.827488e-05,0,0.01824333891272545,SentenceTransformer+MLP+Optuna (offline),kreskohq/kresko-protocol
NEG_01073,0,0,0,1373,1,0.00015818895,0,0.01824333891272545,SentenceTransformer+MLP+Optuna (offline),lacrypta/lottery-front
NEG_01078,0,0,0,1378,1,6.953019e-05,0,0.01824333891272545,SentenceTransformer+MLP+Optuna (offline),lastbattle/ordinal_inscription.netcore
NEG_01083,0,0,0,1383,1,2.174361e-05,0,0.01824333891272545,SentenceTransformer+MLP+Optuna (offline),lawofambak-research/decentralized-speculations-market
NEG_01085,0,0,0,1385,1,0.00052634365,0,0.01824333891272545,SentenceTransformer+MLP+Optuna (offline),lbryio/lbry-android
NEG_01087,0,0,0,1387,1,2.1354072e-05,0,0.01824333891272545,SentenceTransformer+MLP+Optuna (offline),lbryio/torba
NEG_01089,0,0,0,1389,1,6.5646e-07,0,0.01824333891272545,SentenceTransformer+MLP+Optuna (offline),LearnWeb3DAO/14-Days-of-Solidity
NEG_01107,0,0,0,1407,1,1.7917971e-05,0,0.01824333891272545,SentenceTransformer+MLP+Optuna (offline),LN-Zap/zap-desktop
NEG_01110,0,0,0,1410,1,0.0054834518,0,0.01824333891272545,SentenceTransformer+MLP+Optuna (offline),LocalCryptos/LocalCryptosWalletBackupExplorer
NEG_01114,0,0,0,1414,1,2.2007766e-06,0,0.01824333891272545,SentenceTransformer+MLP+Optuna (offline),lordbasilaiassistant-sudo/thryx-launchpad
NEG_01116,0,0,0,1416,1,1.7922716e-09,0,0.01824333891272545,SentenceTransformer+MLP+Optuna (offline),lssleo/crypto-unlimited
NEG_01124,0,0,0,1424,1,5.5089856e-07,0,0.01824333891272545,SentenceTransformer+MLP+Optuna (offline),luzhenqian/web3-examples
NEG_01128,0,0,0,1428,1,1.4647999e-05,0,0.01824333891272545,SentenceTransformer+MLP+Optuna (offline),maAPPsDEV/rock-paper-scissors
NEG_01133,0,0,0,1433,1,4.896556e-06,0,0.01824333891272545,SentenceTransformer+MLP+Optuna (offline),Magicred-1/hackin-dau
NEG_01138,0,0,0,1438,1,0.0031588674,0,0.01824333891272545,SentenceTransformer+MLP+Optuna (offline),manifest-network/manifest-app
NEG_01144,0,0,0,1444,1,5.2674955e-07,0,0.01824333891272545,SentenceTransformer+MLP+Optuna (offline),manuelinfosec/flash-arb-bot
NEG_01161,0,0,0,1461,1,1.03200335e-07,0,0.01824333891272545,SentenceTransformer+MLP+Optuna (offline),mastrmind-dev/DeFi-App---A-Cryptocurrency-Bank
NEG_01164,0,0,0,1464,1,7.380091e-05,0,0.01824333891272545,SentenceTransformer+MLP+Optuna (offline),Mathieu2301/TradingView-API
NEG_01169,0,0,0,1469,1,3.1992322e-06,0,0.01824333891272545,SentenceTransformer+MLP+Optuna (offline),Mattjhagen/P3-Lending
NEG_01170,0,0,0,1470,1,9.2670894e-07,0,0.01824333891272545,SentenceTransformer+MLP+Optuna (offline),mattycoles/Python_Blockchain
NEG_01182,0,0,0,1482,1,3.5799153e-06,0,0.01824333891272545,SentenceTransformer+MLP+Optuna (offline),memoriaXII/create-web3-turbo
NEG_01208,0,0,0,1508,1,4.9824243e-06,0,0.01824333891272545,SentenceTransformer+MLP+Optuna (offline),mikker/svgnft
NEG_01220,0,0,0,1520,1,0.0001248881,0,0.01824333891272545,SentenceTransformer+MLP+Optuna (offline),mja2001/SolCipher-iExec
NEG_01225,0,0,0,1525,1,0.00021925673,0,0.01824333891272545,SentenceTransformer+MLP+Optuna (offline),mohammedmuzammil38/Crypto-Art
NEG_01228,0,0,0,1528,1,6.6529374e-06,0,0.01824333891272545,SentenceTransformer+MLP+Optuna (offline),Mojo96666/hack-crypto-wallets
NEG_01230,0,0,0,1530,1,0.0001275767,0,0.01824333891272545,SentenceTransformer+MLP+Optuna (offline),mollybeach/livestakes
NEG_01231,0,0,0,1531,1,0.0012892509,0,0.01824333891272545,SentenceTransformer+MLP+Optuna (offline),monjuik/go-octopi
NEG_01247,0,0,0,1547,1,9.358959e-07,0,0.01824333891272545,SentenceTransformer+MLP+Optuna (offline),mrmendoza-dev/cryptotracker
NEG_01268,0,0,0,1568,1,4.991304e-07,0,0.01824333891272545,SentenceTransformer+MLP+Optuna (offline),mwakidenis/BlockChain-Mastery
NEG_01270,0,0,0,1570,1,0.00012976007,0,0.01824333891272545,SentenceTransformer+MLP+Optuna (offline),my-number/solidity-wallet
NEG_01278,0,0,0,1578,1,1.999699e-08,0,0.01824333891272545,SentenceTransformer+MLP+Optuna (offline),NaimaGhulamMuhammad/nftMarketplace-smartcontracts
NEG_01286,0,0,0,1586,1,5.5928587e-07,0,0.01824333891272545,SentenceTransformer+MLP+Optuna (offline),nayrosk/evm-indexer
NEG_01288,0,0,0,1588,1,2.7507988e-07,0,0.01824333891272545,SentenceTransformer+MLP+Optuna (offline),nbulian/CryptoZombies
NEG_01293,0,0,0,1593,1,0.00020378282,0,0.01824333891272545,SentenceTransformer+MLP+Optuna (offline),NenadBolovic/Cryptography_project_PKI_smart_contract
NEG_01302,0,0,0,1602,1,8.509628e-05,0,0.01824333891272545,SentenceTransformer+MLP+Optuna (offline),Nexacore-Org/NexaFx-web
NEG_01304,0,0,0,1604,1,8.7174085e-06,0,0.01824333891272545,SentenceTransformer+MLP+Optuna (offline),nftfy/nftfy-v1-periphery
NEG_01305,0,0,0,1605,1,1.2336021e-05,0,0.01824333891272545,SentenceTransformer+MLP+Optuna (offline),ngmisl/etherml
NEG_01309,0,0,0,1609,1,2.3940058e-06,0,0.01824333891272545,SentenceTransformer+MLP+Optuna (offline),nicholasmgoldstein/Persona256
NEG_01310,0,0,0,1610,1,3.7046485e-07,0,0.01824333891272545,SentenceTransformer+MLP+Optuna (offline),nico-phil/blockchain
NEG_01314,0,0,0,1614,1,5.7259378e-08,0,0.01824333891272545,SentenceTransformer+MLP+Optuna (offline),nicolaslazzos/cryptozombies
NEG_01315,0,0,0,1615,1,1.1171676e-06,0,0.01824333891272545,SentenceTransformer+MLP+Optuna (offline),NikhilSehgal123/coinbase-execution-algorithm
NEG_01316,0,0,0,1616,1,2.5993448e-05,0,0.01824333891272545,SentenceTransformer+MLP+Optuna (offline),nikitakent/solidity-simple-wallet
NEG_01319,0,0,0,1619,1,2.6060688e-06,0,0.01824333891272545,SentenceTransformer+MLP+Optuna (offline),Nipol/ERC721yul
NEG_01320,0,0,0,1620,1,2.0371529e-06,0,0.01824333891272545,SentenceTransformer+MLP+Optuna (offline),nirhoIas/Top-5-Cryptocurrency-APIs-for-Developers
NEG_01326,0,0,0,1626,1,3.2882942e-06,0,0.01824333891272545,SentenceTransformer+MLP+Optuna (offline),Nishu0/anime_nft_marketplace
NEG_01329,0,0,0,1629,1,1.3585291e-06,0,0.01824333891272545,SentenceTransformer+MLP+Optuna (offline),nixen2802/Blockchain-Python
NEG_01330,0,0,0,1630,1,2.6381465e-06,0,0.01824333891272545,SentenceTransformer+MLP+Optuna (offline),njublockchain/web3research-etl
NEG_01333,0,0,0,1633,1,0.0011535937,0,0.01824333891272545,SentenceTransformer+MLP+Optuna (offline),Noahflx/ghost-wallets
NEG_01339,0,0,0,1639,1,0.00028957138,0,0.01824333891272545,SentenceTransformer+MLP+Optuna (offline),notbank-com/notbank-node
NEG_01341,0,0,0,1641,1,2.0011865e-05,0,0.01824333891272545,SentenceTransformer+MLP+Optuna (offline),nrgapple/crypto-canvas-fe
NEG_01351,0,0,0,1651,1,1.7063344e-15,0,0.01824333891272545,SentenceTransformer+MLP+Optuna (offline),OffcierCia/DeFi-Developer-Road-Map
NEG_01352,0,0,0,1652,1,1.8519222e-06,0,0.01824333891272545,SentenceTransformer+MLP+Optuna (offline),OffcierCia/tips-solidity-code-auditors
NEG_01353,0,0,0,1653,1,5.9182037e-10,0,0.01824333891272545,SentenceTransformer+MLP+Optuna (offline),OffcierCia/ultimate-defi-research-base
NEG_01356,0,0,0,1656,1,2.0419853e-07,0,0.01824333891272545,SentenceTransformer+MLP+Optuna (offline),oguzhnatly/Cryptocurrency-Trade-FrontEnd-HTML-Page
NEG_01359,0,0,0,1659,1,3.295515e-06,0,0.01824333891272545,SentenceTransformer+MLP+Optuna (offline),okcashpro/okcash
NEG_01360,0,0,0,1660,1,2.6346593e-06,0,0.01824333891272545,SentenceTransformer+MLP+Optuna (offline),OkeA-dev/StablePay
NEG_01368,0,0,0,1668,1,0.00030439586,0,0.01824333891272545,SentenceTransformer+MLP+Optuna (offline),omarakhmedov-web/metridex-showcase
NEG_01374,0,0,0,1674,1,0.0014451748,0,0.01824333891272545,SentenceTransformer+MLP+Optuna (offline),OneMug-Coffee/onemug-link-in-bio
NEG_01376,0,0,0,1676,1,4.7848636e-09,0,0.01824333891272545,SentenceTransformer+MLP+Optuna (offline),ong/awesome-decentralized-finance
NEG_01383,0,0,0,1683,1,8.862502e-08,0,0.01824333891272545,SentenceTransformer+MLP+Optuna (offline),OpenTradingNetworkFoundation/otn-token
NEG_01384,0,0,0,1684,1,0.02849859,1,0.01824333891272545,SentenceTransformer+MLP+Optuna (offline),Operaconga14/llama_flux
NEG_01386,0,0,0,1686,1,6.5835548e-06,0,0.01824333891272545,SentenceTransformer+MLP+Optuna (offline),OpiumProtocol/erc721o
NEG_01387,0,0,0,1687,1,1.5415553e-06,0,0.01824333891272545,SentenceTransformer+MLP+Optuna (offline),OptimalLukasDev/Bitcoin-Wallet-finder
NEG_01395,0,0,0,1695,1,9.934391e-07,0,0.01824333891272545,SentenceTransformer+MLP+Optuna (offline),osmanballi/Clock_app_that_tracks_Bitcoin_and_Ethereum
NEG_01403,0,0,0,1703,1,5.836304e-07,0,0.01824333891272545,SentenceTransformer+MLP+Optuna (offline),pablopoggiog/polygon-name-service
NEG_01404,0,0,0,1704,1,3.1182456e-06,0,0.01824333891272545,SentenceTransformer+MLP+Optuna (offline),pablwoAraujo/bitcoin-wallets
NEG_01405,0,0,0,1705,1,0.00056926976,0,0.01824333891272545,SentenceTransformer+MLP+Optuna (offline),Pallavii-dev/Crypto-Transfer-web3
NEG_01406,0,0,0,1706,1,6.041153e-06,0,0.01824333891272545,SentenceTransformer+MLP+Optuna (offline),panaverse/defi-dapps-solidity-smart-contracts
NEG_01407,0,0,0,1707,1,0.0003470051,0,0.01824333891272545,SentenceTransformer+MLP+Optuna (offline),pancudaniel7/solidity-nft-auction
NEG_01418,0,0,0,1718,1,8.9360475e-07,0,0.01824333891272545,SentenceTransformer+MLP+Optuna (offline),PaulLaux/eth-hot-wallet
NEG_01421,0,0,0,1721,1,1.5574628e-06,0,0.01824333891272545,SentenceTransformer+MLP+Optuna (offline),pawanpaudel93/damn-vulnerable-defi
NEG_01422,0,0,0,1722,1,1.7828661e-06,0,0.01824333891272545,SentenceTransformer+MLP+Optuna (offline),pawurb/Locker
NEG_01423,0,0,0,1723,1,0.042965982,1,0.01824333891272545,SentenceTransformer+MLP+Optuna (offline),PaymagicXYZ/lensmo-fe
NEG_01424,0,0,0,1724,1,0.00014984568,0,0.01824333891272545,SentenceTransformer+MLP+Optuna (offline),pbouget/AlyraSolidityVoting
NEG_01431,0,0,0,1731,1,7.533487e-05,0,0.01824333891272545,SentenceTransformer+MLP+Optuna (offline),persistenceOne/persistenceWallet
NEG_01432,0,0,0,1732,1,2.1446067e-06,0,0.01824333891272545,SentenceTransformer+MLP+Optuna (offline),peter571/crypto-stats
NEG_01435,0,0,0,1735,1,3.4066625e-06,0,0.01824333891272545,SentenceTransformer+MLP+Optuna (offline),Phildo/ethbrute
NEG_01436,0,0,0,1736,1,0.053287696,1,0.01824333891272545,SentenceTransformer+MLP+Optuna (offline),PhilipAtEmcogma/CryptoKittiesNFTDapp
NEG_01444,0,0,0,1744,1,4.510052e-06,0,0.01824333891272545,SentenceTransformer+MLP+Optuna (offline),Plycedes/rps-web3
NEG_01454,0,0,0,1754,1,0.00011861084,0,0.01824333891272545,SentenceTransformer+MLP+Optuna (offline),pragmaxim-com/bitcoin-explorer
NEG_01456,0,0,0,1756,1,2.248893e-07,0,0.01824333891272545,SentenceTransformer+MLP+Optuna (offline),pramaths/simplewallet
NEG_01457,0,0,0,1757,1,1.5078735e-05,0,0.01824333891272545,SentenceTransformer+MLP+Optuna (offline),pranah/pranah
NEG_01461,0,0,0,1761,1,6.17302e-07,0,0.01824333891272545,SentenceTransformer+MLP+Optuna (offline),prateek096/OnlinePolling_Blockchain
NEG_01467,0,0,0,1767,1,4.943801e-05,0,0.01824333891272545,SentenceTransformer+MLP+Optuna (offline),problo/DeFireX-Contracts-V2
NEG_01472,0,0,0,1772,1,0.00011395872,0,0.01824333891272545,SentenceTransformer+MLP+Optuna (offline),prokey-io/prokey-webcore
NEG_01474,0,0,0,1774,1,0.29027796,1,0.01824333891272545,SentenceTransformer+MLP+Optuna (offline),Promish984/IC-Pad
NEG_01475,0,0,0,1775,1,1.24599665e-05,0,0.01824333891272545,SentenceTransformer+MLP+Optuna (offline),protofire/autoglyphs
NEG_01476,0,0,0,1776,1,4.2852284e-05,0,0.01824333891272545,SentenceTransformer+MLP+Optuna (offline),provinzio/CoinTaxman
NEG_01480,0,0,0,1780,1,6.148913e-07,0,0.01824333891272545,SentenceTransformer+MLP+Optuna (offline),Pymmdrza/Rich-Address-Wallet
NEG_01483,0,0,0,1783,1,2.5447237e-06,0,0.01824333891272545,SentenceTransformer+MLP+Optuna (offline),qianq-jims/SmartBitcoin
NEG_01492,0,0,0,1792,1,2.0340535e-07,0,0.01824333891272545,SentenceTransformer+MLP+Optuna (offline),quilime/evm-nft-contract-boilerplate
NEG_01498,0,0,0,1798,1,1.9409275e-05,0,0.01824333891272545,SentenceTransformer+MLP+Optuna (offline),radixdlt/radix-dapp-toolkit
NEG_01502,0,0,0,1802,1,0.00032349385,0,0.01824333891272545,SentenceTransformer+MLP+Optuna (offline),rafafortes/nft-ticket-system-ethereum
NEG_01521,0,0,0,1821,1,0.0004668881,0,0.01824333891272545,SentenceTransformer+MLP+Optuna (offline),raymondfam/defi-nft-marketplace-mumbai
NEG_01526,0,0,0,1826,1,5.584972e-06,0,0.01824333891272545,SentenceTransformer+MLP+Optuna (offline),rchak007/NFTArtMuseum
NEG_01536,0,0,0,1836,1,1.1628793e-07,0,0.01824333891272545,SentenceTransformer+MLP+Optuna (offline),remston-dsa/remston-dsa-NFT-token-rendered-on-OpenSea-testnet-using-Brownie-IPFS-Web3-and-ERC721-standard
NEG_01540,0,0,0,1840,1,0.0016280891,0,0.01824333891272545,SentenceTransformer+MLP+Optuna (offline),repirate/asset-recovery-tool
NEG_01544,0,0,0,1844,1,9.815797e-07,0,0.01824333891272545,SentenceTransformer+MLP+Optuna (offline),richard-ramos/solidity-diagram-gen
NEG_01549,0,0,0,1849,1,0.00012228893,0,0.01824333891272545,SentenceTransformer+MLP+Optuna (offline),riteesh-ram/DeFi-Group-Insurance
NEG_01556,0,0,0,1856,1,4.8141096e-06,0,0.01824333891272545,SentenceTransformer+MLP+Optuna (offline),robertcalvert/vscode-crypto-ticker
NEG_01557,0,0,0,1857,1,2.7841213e-06,0,0.01824333891272545,SentenceTransformer+MLP+Optuna (offline),robhato/FFXIV-NFT-Smart-Contract
NEG_01558,0,0,0,1858,1,2.1451733e-06,0,0.01824333891272545,SentenceTransformer+MLP+Optuna (offline),robin-rrt/crypto-cares
NEG_01567,0,0,0,1867,1,0.060076013,1,0.01824333891272545,SentenceTransformer+MLP+Optuna (offline),Rohitw3code/web3-solidity-python
NEG_01572,0,0,0,1872,1,0.00030705173,0,0.01824333891272545,SentenceTransformer+MLP+Optuna (offline),roxxy-lanre/Conduit
NEG_01578,0,0,0,1878,1,2.4287995e-06,0,0.01824333891272545,SentenceTransformer+MLP+Optuna (offline),ruqqq/blockchainparser
NEG_01581,0,0,0,1881,1,3.3669737e-06,0,0.01824333891272545,SentenceTransformer+MLP+Optuna (offline),rustyneuron01/NFT-Launchpad-Alkanes
NEG_01582,0,0,0,1882,1,1.5225064e-06,0,0.01824333891272545,SentenceTransformer+MLP+Optuna (offline),rwth-acis/las2peer-registry-contracts
NEG_01588,0,0,0,1888,1,0.00012618306,0,0.01824333891272545,SentenceTransformer+MLP+Optuna (offline),S-Amine/go-uni
NEG_01593,0,0,0,1893,1,1.0350641e-05,0,0.01824333891272545,SentenceTransformer+MLP+Optuna (offline),safe-fndn/safe-smart-account
NEG_01596,0,0,0,1896,1,8.2576415e-05,0,0.01824333891272545,SentenceTransformer+MLP+Optuna (offline),Sahiru2007/Blockchain-based-healthcare-data-system-with-disease-prediction
NEG_01599,0,0,0,1899,1,0.00013686188,0,0.01824333891272545,SentenceTransformer+MLP+Optuna (offline),Samarth208P/validator0x
NEG_01611,0,0,0,1911,1,0.0012174944,0,0.01824333891272545,SentenceTransformer+MLP+Optuna (offline),SATO-Technologies/Hordes-Wallet
NEG_01612,0,0,0,1912,1,0.0001306504,0,0.01824333891272545,SentenceTransformer+MLP+Optuna (offline),SatoshiPortal/bullbitcoin-mobile
NEG_01615,0,0,0,1915,1,1.4788279e-07,0,0.01824333891272545,SentenceTransformer+MLP+Optuna (offline),saxenism/cryptoZombiesNFT
NEG_01617,0,0,0,1917,1,1.9961778e-06,0,0.01824333891272545,SentenceTransformer+MLP+Optuna (offline),SBIP-Migration/aave-migrator
NEG_01618,0,0,0,1918,1,3.4954899e-06,0,0.01824333891272545,SentenceTransformer+MLP+Optuna (offline),scaffold-eth/eth-components
NEG_01621,0,0,0,1921,1,9.21177e-06,0,0.01824333891272545,SentenceTransformer+MLP+Optuna (offline),ScopeLift/endaoment
NEG_01635,0,0,0,1935,1,1.817446e-07,0,0.01824333891272545,SentenceTransformer+MLP+Optuna (offline),setheum/setheum
NEG_01639,0,0,0,1939,1,0.00012607842,0,0.01824333891272545,SentenceTransformer+MLP+Optuna (offline),Shahroz-Hussain-Dev/Wallet
NEG_01645,0,0,0,1945,1,0.000109153174,0,0.01824333891272545,SentenceTransformer+MLP+Optuna (offline),shapeshift/web
NEG_01655,0,0,0,1955,1,4.8060414e-05,0,0.01824333891272545,SentenceTransformer+MLP+Optuna (offline),ShredSecurity/protocol-deployment-checklist
NEG_01656,0,0,0,1956,1,9.06701e-07,0,0.01824333891272545,SentenceTransformer+MLP+Optuna (offline),ShrikantaMazumder/crypto-zombie
NEG_01660,0,0,0,1960,1,1.8081636e-06,0,0.01824333891272545,SentenceTransformer+MLP+Optuna (offline),SiddharthaBhattacharjee/Python_Script_To_Access_Deployed_Smartcontract
NEG_01674,0,0,0,1974,1,6.5444365e-06,0,0.01824333891272545,SentenceTransformer+MLP+Optuna (offline),SkyPierIO/skypier-vpn
NEG_01679,0,0,0,1979,1,8.863913e-06,0,0.01824333891272545,SentenceTransformer+MLP+Optuna (offline),smart-account-starter/smart-account-starter
NEG_01686,0,0,0,1986,1,4.6150537e-05,0,0.01824333891272545,SentenceTransformer+MLP+Optuna (offline),smartcontractkit/defi-minimal
NEG_01694,0,0,0,1994,1,1.9205888e-07,0,0.01824333891272545,SentenceTransformer+MLP+Optuna (offline),solangegueiros/dapp-register
NEG_01696,0,0,0,1996,1,8.991733e-06,0,0.01824333891272545,SentenceTransformer+MLP+Optuna (offline),solidityDev05/defi-by-example
NEG_01699,0,0,0,1999,1,5.762405e-07,0,0.01824333891272545,SentenceTransformer+MLP+Optuna (offline),Solomon-0xGuardian/solana_guessing_game
NEG_01701,0,0,0,2001,1,3.8820232e-07,0,0.01824333891272545,SentenceTransformer+MLP+Optuna (offline),somesh-banerjee/Hospital-Records-Blockchain
NEG_01711,0,0,0,2011,1,1.1136084e-06,0,0.01824333891272545,SentenceTransformer+MLP+Optuna (offline),spotlightgroup/DonateDapp
NEG_01713,0,0,0,2013,1,1.2410004e-05,0,0.01824333891272545,SentenceTransformer+MLP+Optuna (offline),springmacedonio-sys/Somnia-DeFi-Wallet
NEG_01717,0,0,0,2017,1,0.0006887577,0,0.01824333891272545,SentenceTransformer+MLP+Optuna (offline),SSSami22/Crypto
NEG_01724,0,0,0,2024,1,0.00026062116,0,0.01824333891272545,SentenceTransformer+MLP+Optuna (offline),stellar/stellar-ledger-data-indexer
NEG_01728,0,0,0,2028,1,7.7661355e-07,0,0.01824333891272545,SentenceTransformer+MLP+Optuna (offline),StevenMolina22/cryptocoin
NEG_01729,0,0,0,2029,1,0.0005949184,0,0.01824333891272545,SentenceTransformer+MLP+Optuna (offline),Stor-Network/stor-blockchain
NEG_01732,0,0,0,2032,1,6.605826e-05,0,0.01824333891272545,SentenceTransformer+MLP+Optuna (offline),Strykr-Prism/realtime-crypto-price-api
NEG_01736,0,0,0,2036,1,2.168517e-06,0,0.01824333891272545,SentenceTransformer+MLP+Optuna (offline),Sukoed/nft-minting-engine
NEG_01741,0,0,0,2041,1,0.00023774384,0,0.01824333891272545,SentenceTransformer+MLP+Optuna (offline),Sunilshah-7/web3-blockchain-curve
NEG_01746,0,0,0,2046,1,3.5623043e-07,0,0.01824333891272545,SentenceTransformer+MLP+Optuna (offline),SunWeb3Sec/DeFiVulnLabs
NEG_01760,0,0,0,2060,1,9.080362e-06,0,0.01824333891272545,SentenceTransformer+MLP+Optuna (offline),SwezyDev/MultiExodus
NEG_01763,0,0,0,2063,1,7.853519e-05,0,0.01824333891272545,SentenceTransformer+MLP+Optuna (offline),SXNGE4444/magic-crypto-app
NEG_01771,0,0,0,2071,1,1.0752358e-06,0,0.01824333891272545,SentenceTransformer+MLP+Optuna (offline),Talent-Index/StableCoin-Project
NEG_01775,0,0,0,2075,1,3.7330018e-08,0,0.01824333891272545,SentenceTransformer+MLP+Optuna (offline),tamjid0x01/awesome-smartcontract-hacking
NEG_01777,0,0,0,2077,1,3.4702094e-05,0,0.01824333891272545,SentenceTransformer+MLP+Optuna (offline),tankbottoms/tiles-on-chain
NEG_01782,0,0,0,2082,1,1.6625921e-05,0,0.01824333891272545,SentenceTransformer+MLP+Optuna (offline),taoteh1221/Slideshow_Crypto_Ticker
NEG_01783,0,0,0,2083,1,4.25039e-05,0,0.01824333891272545,SentenceTransformer+MLP+Optuna (offline),tarun-upadhyay/the-matrix-labs-assignment
NEG_01788,0,0,0,2088,1,5.8465275e-06,0,0.01824333891272545,SentenceTransformer+MLP+Optuna (offline),teal-finance/rainbow
NEG_01789,0,0,0,2089,1,0.0012462593,0,0.01824333891272545,SentenceTransformer+MLP+Optuna (offline),teamssUTXO/bitcoin_mcp
NEG_01793,0,0,0,2093,1,4.0883714e-07,0,0.01824333891272545,SentenceTransformer+MLP+Optuna (offline),TegroTON/DEX-TON-contracts
NEG_01797,0,0,0,2097,1,0.00045143583,0,0.01824333891272545,SentenceTransformer+MLP+Optuna (offline),Tenosia/Wallet-Multi-SDK
NEG_01799,0,0,0,2099,1,2.1320245e-06,0,0.01824333891272545,SentenceTransformer+MLP+Optuna (offline),tesla809/erc-20-tutorial
NEG_01801,0,0,0,2101,1,5.5451157e-05,0,0.01824333891272545,SentenceTransformer+MLP+Optuna (offline),Tezsure/plenty-wallet
NEG_01804,0,0,0,2104,1,6.623058e-05,0,0.01824333891272545,SentenceTransformer+MLP+Optuna (offline),the-sauravkumar/icp_token_wallet
NEG_01808,0,0,0,2108,1,0.0007916394,0,0.01824333891272545,SentenceTransformer+MLP+Optuna (offline),TheDancingBananas/dancing-bananas-front-end
NEG_01813,0,0,0,2113,1,1.0365359e-05,0,0.01824333891272545,SentenceTransformer+MLP+Optuna (offline),thirdweb-dev/thirdweb-cli
NEG_01814,0,0,0,2114,1,2.6548818e-08,0,0.01824333891272545,SentenceTransformer+MLP+Optuna (offline),thisiskeanyvy/blocktracker
NEG_01820,0,0,0,2120,1,7.282257e-08,0,0.01824333891272545,SentenceTransformer+MLP+Optuna (offline),timyiu478/cryptocurrencies-blockchain-technologies-stanford
NEG_01822,0,0,0,2122,1,0.0,0,0.01824333891272545,SentenceTransformer+MLP+Optuna (offline),tintinweb/smart-contract-sanctuary-arbitrum
NEG_01839,0,0,0,2139,1,4.4177104e-06,0,0.01824333891272545,SentenceTransformer+MLP+Optuna (offline),tr1sm0s1n/go-dapp-example
NEG_01843,0,0,0,2143,1,8.367298e-05,0,0.01824333891272545,SentenceTransformer+MLP+Optuna (offline),Trapesys/pandoras-box
NEG_01849,0,0,0,2149,1,2.594889e-06,0,0.01824333891272545,SentenceTransformer+MLP+Optuna (offline),trustless-fund/trustless-fund
NEG_01853,0,0,0,2153,1,6.072443e-06,0,0.01824333891272545,SentenceTransformer+MLP+Optuna (offline),tsauvajon/cryptoblobs
NEG_01858,0,0,0,2158,1,8.5415104e-07,0,0.01824333891272545,SentenceTransformer+MLP+Optuna (offline),turtlemarket/contract
NEG_01864,0,0,0,2164,1,6.2231857e-07,0,0.01824333891272545,SentenceTransformer+MLP+Optuna (offline),uhsr/BlockchainNftRegistryStudioPro
NEG_01865,0,0,0,2165,1,5.062773e-06,0,0.01824333891272545,SentenceTransformer+MLP+Optuna (offline),uhsr/BlockchainNFTVaultManagerCorePro
NEG_01867,0,0,0,2167,1,4.7245544e-07,0,0.01824333891272545,SentenceTransformer+MLP+Optuna (offline),uhsr/BlockchainNFTVaultManagerPlatformX
NEG_01871,0,0,0,2171,1,1.235301e-06,0,0.01824333891272545,SentenceTransformer+MLP+Optuna (offline),uhsr/CryptoShieldFramework
NEG_01873,0,0,0,2173,1,0.00021141174,0,0.01824333891272545,SentenceTransformer+MLP+Optuna (offline),UMAprotocol/docs
NEG_01874,0,0,0,2174,1,2.070408e-05,0,0.01824333891272545,SentenceTransformer+MLP+Optuna (offline),UMAprotocol/protocol
NEG_01882,0,0,0,2182,1,0.00014330071,0,0.01824333891272545,SentenceTransformer+MLP+Optuna (offline),uwu-labs/waifusion-site
NEG_01884,0,0,0,2184,1,2.7192204e-06,0,0.01824333891272545,SentenceTransformer+MLP+Optuna (offline),valamicorp/top100token-ape-bot
NEG_01887,0,0,0,2187,1,3.1085576e-05,0,0.01824333891272545,SentenceTransformer+MLP+Optuna (offline),VaultLayer/vaultlayer-sdk
NEG_01903,0,0,0,2203,1,1.6376847e-05,0,0.01824333891272545,SentenceTransformer+MLP+Optuna (offline),viaweb3/cryptocast-desktop
NEG_01914,0,0,0,2214,1,0.0058722487,0,0.01824333891272545,SentenceTransformer+MLP+Optuna (offline),vishal-kr007/walletSmartContract
NEG_01917,0,0,0,2217,1,5.573254e-08,0,0.01824333891272545,SentenceTransformer+MLP+Optuna (offline),Vitali-workspace/Crypto-Testnet-Faucet
NEG_01918,0,0,0,2218,1,0.0001227785,0,0.01824333891272545,SentenceTransformer+MLP+Optuna (offline),Vitalik-Hakim/antimony
NEG_01922,0,0,0,2222,1,1.601251e-07,0,0.01824333891272545,SentenceTransformer+MLP+Optuna (offline),vittominacori/solidity-starter-kit
NEG_01927,0,0,0,2227,1,3.4748132e-06,0,0.01824333891272545,SentenceTransformer+MLP+Optuna (offline),vjgaur/bitcoin-wallet
NEG_01941,0,0,0,2241,1,2.3955243e-05,0,0.01824333891272545,SentenceTransformer+MLP+Optuna (offline),WalletConnect/walletconnect-monorepo
NEG_01944,0,0,0,2244,1,5.876333e-05,0,0.01824333891272545,SentenceTransformer+MLP+Optuna (offline),WalletsTool/WalletsTool
NEG_01954,0,0,0,2254,1,0.00012465978,0,0.01824333891272545,SentenceTransformer+MLP+Optuna (offline),WeaverFi/api
NEG_01960,0,0,0,2260,1,0.004907396,0,0.01824333891272545,SentenceTransformer+MLP+Optuna (offline),web3builder7/Diversehq
NEG_01974,0,0,0,2274,1,8.8240624e-05,0,0.01824333891272545,SentenceTransformer+MLP+Optuna (offline),wilhelmagren/ethereum-dev
NEG_01976,0,0,0,2276,1,1.0266626e-05,0,0.01824333891272545,SentenceTransformer+MLP+Optuna (offline),wilmacedo/wallet-discover-server
NEG_01983,0,0,0,2283,1,5.5168107e-06,0,0.01824333891272545,SentenceTransformer+MLP+Optuna (offline),wslyvh/useWeb3
NEG_01986,0,0,0,2286,1,1.2577889e-06,0,0.01824333891272545,SentenceTransformer+MLP+Optuna (offline),xaini-x/cross-chain-Bridge
NEG_01989,0,0,0,2289,1,1.3349236e-05,0,0.01824333891272545,SentenceTransformer+MLP+Optuna (offline),xavierzho/dex-sdk
NEG_01990,0,0,0,2290,1,3.0519723e-06,0,0.01824333891272545,SentenceTransformer+MLP+Optuna (offline),xBacked-DAO/algorand-wallet-select
NEG_01991,0,0,0,2291,1,2.6055072e-06,0,0.01824333891272545,SentenceTransformer+MLP+Optuna (offline),xcncncnddddd/fundme_lesson
NEG_01993,0,0,0,2293,1,4.063401e-07,0,0.01824333891272545,SentenceTransformer+MLP+Optuna (offline),xerion12/Dapp-algorand
NEG_01994,0,0,0,2294,1,3.878123e-07,0,0.01824333891272545,SentenceTransformer+MLP+Optuna (offline),xfolio-dao/xfolio-react-chrome
NEG_01996,0,0,0,2296,1,1.01726555e-05,0,0.01824333891272545,SentenceTransformer+MLP+Optuna (offline),xPOURY4/crypto-toolkit
NEG_01997,0,0,0,2297,1,4.8397353e-05,0,0.01824333891272545,SentenceTransformer+MLP+Optuna (offline),xqyet/BlockchainAddressSpoofer
NEG_02000,0,0,0,2300,1,0.00023864908,0,0.01824333891272545,SentenceTransformer+MLP+Optuna (offline),xueqianLu/txpress
NEG_02002,0,0,0,2302,1,9.576001e-05,0,0.01824333891272545,SentenceTransformer+MLP+Optuna (offline),xyzerobtc/BitcoinPizzaNFT
NEG_02009,0,0,0,2309,1,2.0019378e-07,0,0.01824333891272545,SentenceTransformer+MLP+Optuna (offline),yao-tx/CryptoZombies
NEG_02013,0,0,0,2313,1,1.5510152e-06,0,0.01824333891272545,SentenceTransformer+MLP+Optuna (offline),yatharth1444/Token-Wallet-on-ICP-Blockchain
NEG_02015,0,0,0,2315,1,1.5859547e-07,0,0.01824333891272545,SentenceTransformer+MLP+Optuna (offline),yeasy/blockchain_guide
NEG_02018,0,0,0,2318,1,8.5751735e-06,0,0.01824333891272545,SentenceTransformer+MLP+Optuna (offline),YieldHabitat/YieldHabitat_
NEG_02024,0,0,0,2324,1,2.349323e-06,0,0.01824333891272545,SentenceTransformer+MLP+Optuna (offline),YordanPavlov/BlockchainRoulette
NEG_02034,0,0,0,2334,1,0.00056344597,0,0.01824333891272545,SentenceTransformer+MLP+Optuna (offline),Zaid-maker/web3-nft-game
NEG_02037,0,0,0,2337,1,8.366022e-05,0,0.01824333891272545,SentenceTransformer+MLP+Optuna (offline),zenhuzaini/node-js-blockchain-bitcoin
NEG_02045,0,0,0,2345,1,1.10147685e-05,0,0.01824333891272545,SentenceTransformer+MLP+Optuna (offline),zircuit-labs/web3-telegram-mini-app
NEG_02046,0,0,0,2346,1,0.83979297,1,0.01824333891272545,SentenceTransformer+MLP+Optuna (offline),ZIYUT/nft-wallet-frontend
NEG_02049,0,0,0,2349,1,1.6464728e-06,0,0.01824333891272545,SentenceTransformer+MLP+Optuna (offline),Zodomo/OrdinalDucks
F5_ai_media_demo,1,1,0,13,2,0.016048683,0,0.43351635336875916,SentenceTransformer+MLP+Optuna (offline),eferos93/test4
F5_ai_media_demo,1,1,0,27,2,0.6037603,1,0.43351635336875916,SentenceTransformer+MLP+Optuna (offline),Metaldadisbad/HacxGPT
F5_ai_media_demo,1,1,0,33,2,0.0026341684,0,0.43351635336875916,SentenceTransformer+MLP+Optuna (offline),rizvejoarder/SoraMax
F5_ai_media_demo,1,1,0,34,2,0.07841487,0,0.43351635336875916,SentenceTransformer+MLP+Optuna (offline),shivas1432/sora2-watermark-remover
F5_ai_media_demo,1,0,1,244,2,0.8280188,1,0.43351635336875916,SentenceTransformer+MLP+Optuna (offline),eferos93/takehome-test4
F5_ai_media_demo,1,0,1,245,2,0.49901924,1,0.43351635336875916,SentenceTransformer+MLP+Optuna (offline),Metaldadisba/HacxGPT
F5_ai_media_demo,1,0,1,246,2,0.0033155961,0,0.43351635336875916,SentenceTransformer+MLP+Optuna (offline),rizvejoarder9/SoraMax
F5_ai_media_demo,1,0,1,247,2,0.049212854,0,0.43351635336875916,SentenceTransformer+MLP+Optuna (offline),shivas1432p/sora2-watermark-remover
F5_ai_media_demo,1,0,1,248,2,0.7396718,1,0.43351635336875916,SentenceTransformer+MLP+Optuna (offline),eferos932/takehome-test4
F5_ai_media_demo,1,0,1,249,2,0.7691504,1,0.43351635336875916,SentenceTransformer+MLP+Optuna (offline),Metaldadisbad2/HacxGPT
F5_ai_media_demo,1,0,1,250,2,0.006748901,0,0.43351635336875916,SentenceTransformer+MLP+Optuna (offline),rizvejoarder4/SoraMax
F5_ai_media_demo,1,0,1,251,2,0.5162954,1,0.43351635336875916,SentenceTransformer+MLP+Optuna (offline),shivas14322/sora2-watermark-remover
F5_ai_media_demo,1,0,1,252,2,0.71139693,1,0.43351635336875916,SentenceTransformer+MLP+Optuna (offline),eferos9/takehome-test4
F5_ai_media_demo,1,0,1,253,2,0.25533158,0,0.43351635336875916,SentenceTransformer+MLP+Optuna (offline),Metaldadisba2/HacxGPT
F5_ai_media_demo,1,0,1,254,2,0.0033694871,0,0.43351635336875916,SentenceTransformer+MLP+Optuna (offline),rizvejoardern/SoraMax
F5_ai_media_demo,1,0,1,255,2,0.09806722,0,0.43351635336875916,SentenceTransformer+MLP+Optuna (offline),shivas143/sora2-watermark-remover
F5_ai_media_demo,1,0,1,256,2,0.01870088,0,0.43351635336875916,SentenceTransformer+MLP+Optuna (offline),eferos932/test4
F5_ai_media_demo,1,0,1,257,2,0.604699,1,0.43351635336875916,SentenceTransformer+MLP+Optuna (offline),Metaldadisbad3/HacxGPT
F5_ai_media_demo,1,0,1,258,2,0.0013494156,0,0.43351635336875916,SentenceTransformer+MLP+Optuna (offline),rizvejoarder2/SoraMax
F5_ai_media_demo,1,0,1,259,2,0.21062268,0,0.43351635336875916,SentenceTransformer+MLP+Optuna (offline),shivas1433/sora2-watermark-remover
F5_ai_media_demo,1,0,1,260,2,0.75861984,1,0.43351635336875916,SentenceTransformer+MLP+Optuna (offline),eferos92/takehome-test4
F5_ai_media_demo,1,0,1,261,2,0.6441958,1,0.43351635336875916,SentenceTransformer+MLP+Optuna (offline),Metaldadisbadd/HacxGPT
F5_ai_media_demo,1,0,1,262,2,0.0044406448,0,0.43351635336875916,SentenceTransformer+MLP+Optuna (offline),rizvejoarder22/SoraMax
F5_ai_media_demo,1,0,1,263,2,0.2732119,0,0.43351635336875916,SentenceTransformer+MLP+Optuna (offline),shivas1432o/sora2-watermark-remover
F5_ai_media_demo,1,0,1,264,2,0.9486254,1,0.43351635336875916,SentenceTransformer+MLP+Optuna (offline),eferos94/takehome-test4
F5_ai_media_demo,1,0,1,265,2,0.69086087,1,0.43351635336875916,SentenceTransformer+MLP+Optuna (offline),Metaldadisbad4/HacxGPT
F5_ai_media_demo,1,0,1,266,2,0.00682731,0,0.43351635336875916,SentenceTransformer+MLP+Optuna (offline),rizvejoarder3/SoraMax
F5_ai_media_demo,1,0,1,267,2,0.28395164,0,0.43351635336875916,SentenceTransformer+MLP+Optuna (offline),shivas14323/sora2-watermark-remover
F5_ai_media_demo,1,0,1,268,2,0.93952984,1,0.43351635336875916,SentenceTransformer+MLP+Optuna (offline),eferos95/takehome-test4
F5_ai_media_demo,1,0,1,269,2,0.6731216,1,0.43351635336875916,SentenceTransformer+MLP+Optuna (offline),Metaldadisba3/HacxGPT
F5_ai_media_demo,1,0,1,270,2,0.0010156188,0,0.43351635336875916,SentenceTransformer+MLP+Optuna (offline),rizvejoarder6/SoraMax
F5_ai_media_demo,1,0,1,271,2,0.087291196,0,0.43351635336875916,SentenceTransformer+MLP+Optuna (offline),shivas1434/sora2-watermark-remover
F5_ai_media_demo,1,0,1,272,2,0.24493714,0,0.43351635336875916,SentenceTransformer+MLP+Optuna (offline),eferos93d/test4
F5_ai_media_demo,1,0,1,273,2,0.359892,0,0.43351635336875916,SentenceTransformer+MLP+Optuna (offline),Metaldadisbad5/HacxGPT
F5_ai_media_demo,1,0,1,274,2,0.0011247392,0,0.43351635336875916,SentenceTransformer+MLP+Optuna (offline),rizvejoarde/SoraMax
F5_ai_media_demo,1,0,1,275,2,0.14535078,0,0.43351635336875916,SentenceTransformer+MLP+Optuna (offline),shivas14324/sora2-watermark-remover
F5_ai_media_demo,1,0,1,276,2,0.9487991,1,0.43351635336875916,SentenceTransformer+MLP+Optuna (offline),eferos935/takehome-test4
F5_ai_media_demo,1,0,1,277,2,0.22472104,0,0.43351635336875916,SentenceTransformer+MLP+Optuna (offline),Metaldadisbadt/HacxGPT
F5_ai_media_demo,1,0,1,278,2,0.0075582457,0,0.43351635336875916,SentenceTransformer+MLP+Optuna (offline),rizvejoarder5/SoraMax
F5_ai_media_demo,1,0,1,279,2,0.2631211,0,0.43351635336875916,SentenceTransformer+MLP+Optuna (offline),shivas1435/sora2-watermark-remover
F5_ai_media_demo,1,0,1,280,2,0.11840986,0,0.43351635336875916,SentenceTransformer+MLP+Optuna (offline),eferos93a/test4
F5_ai_media_demo,1,0,1,281,2,0.3845278,0,0.43351635336875916,SentenceTransformer+MLP+Optuna (offline),Metaldadisbad6/HacxGPT
F5_ai_media_demo,1,0,1,282,2,0.0009151105,0,0.43351635336875916,SentenceTransformer+MLP+Optuna (offline),rizvejoarderr/SoraMax
F5_ai_media_demo,1,0,1,283,2,0.17309248,0,0.43351635336875916,SentenceTransformer+MLP+Optuna (offline),shivas1432s/sora2-watermark-remover
F5_ai_media_demo,1,0,1,284,2,0.27457228,0,0.43351635336875916,SentenceTransformer+MLP+Optuna (offline),eferos93e/test4
F5_ai_media_demo,1,0,1,285,2,0.6660646,1,0.43351635336875916,SentenceTransformer+MLP+Optuna (offline),Metaldadisbadg/HacxGPT
F5_ai_media_demo,1,0,1,286,2,0.00087764463,0,0.43351635336875916,SentenceTransformer+MLP+Optuna (offline),rizvejoardern2/SoraMax
F5_ai_media_demo,1,0,1,287,2,0.5724768,1,0.43351635336875916,SentenceTransformer+MLP+Optuna (offline),shivas14321/sora2-watermark-remover
F5_ai_media_demo,1,0,1,288,2,0.57754064,1,0.43351635336875916,SentenceTransformer+MLP+Optuna (offline),eferos93z/takehome-test4
F5_ai_media_demo,1,0,1,289,2,0.58268553,1,0.43351635336875916,SentenceTransformer+MLP+Optuna (offline),Metaldadisbad62/HacxGPT
F5_ai_media_demo,1,0,1,290,2,0.0006303272,0,0.43351635336875916,SentenceTransformer+MLP+Optuna (offline),rizvejoarderv/SoraMax
F5_ai_media_demo,1,0,1,291,2,0.05273067,0,0.43351635336875916,SentenceTransformer+MLP+Optuna (offline),shivas14327/sora2-watermark-remover
F5_ai_media_demo,1,0,1,292,2,0.73390454,1,0.43351635336875916,SentenceTransformer+MLP+Optuna (offline),eferos93p/takehome-test4
F5_ai_media_demo,1,0,1,293,2,0.47301954,1,0.43351635336875916,SentenceTransformer+MLP+Optuna (offline),Metaldadisbadx/HacxGPT
F5_ai_media_demo,1,0,1,294,2,0.0023334182,0,0.43351635336875916,SentenceTransformer+MLP+Optuna (offline),rizvejoarde2/SoraMax
F5_ai_media_demo,1,0,1,295,2,0.74782026,1,0.43351635336875916,SentenceTransformer+MLP+Optuna (offline),shivas14325/sora2-watermark-remover
F5_ai_media_demo,1,0,1,296,2,0.1105246,0,0.43351635336875916,SentenceTransformer+MLP+Optuna (offline),eferos93r/test4
F5_ai_media_demo,1,0,1,297,2,0.4611104,1,0.43351635336875916,SentenceTransformer+MLP+Optuna (offline),Metaldadisbad7/HacxGPT
F5_ai_media_demo,1,0,1,298,2,0.000831567,0,0.43351635336875916,SentenceTransformer+MLP+Optuna (offline),rizvejoarder7/SoraMax
F5_ai_media_demo,1,0,1,299,2,0.13404283,0,0.43351635336875916,SentenceTransformer+MLP+Optuna (offline),shivas1432a/sora2-watermark-remover
NEG_00002,0,0,0,302,2,3.920427e-09,0,0.43351635336875916,SentenceTransformer+MLP+Optuna (offline),0ryX/Blockchain-Miner
NEG_00006,0,0,0,306,2,2.4376817e-07,0,0.43351635336875916,SentenceTransformer+MLP+Optuna (offline),0xalberto/solana-crash-game
NEG_00015,0,0,0,315,2,1.6151609e-12,0,0.43351635336875916,SentenceTransformer+MLP+Optuna (offline),0xGval/evm-mcp-tools
NEG_00018,0,0,0,318,2,1.4564278e-10,0,0.43351635336875916,SentenceTransformer+MLP+Optuna (offline),0xisk/awesome-solidity-security
NEG_00031,0,0,0,331,2,3.5541774e-15,0,0.43351635336875916,SentenceTransformer+MLP+Optuna (offline),0xTijan/coin-flip
NEG_00043,0,0,0,343,2,1.4894226e-10,0,0.43351635336875916,SentenceTransformer+MLP+Optuna (offline),339-Labs/wallet-platform-mpc-go
NEG_00048,0,0,0,348,2,6.716968e-14,0,0.43351635336875916,SentenceTransformer+MLP+Optuna (offline),94929/rock-paper-scissors
NEG_00051,0,0,0,351,2,1.8553056e-06,0,0.43351635336875916,SentenceTransformer+MLP+Optuna (offline),a6b8/ascii-to-svg-generator-for-ruby
NEG_00054,0,0,0,354,2,3.047379e-09,0,0.43351635336875916,SentenceTransformer+MLP+Optuna (offline),aarambh-darshan/mini-blockchain
NEG_00058,0,0,0,358,2,4.462801e-16,0,0.43351635336875916,SentenceTransformer+MLP+Optuna (offline),aawp-ai/aawp
NEG_00071,0,0,0,371,2,1.21372e-10,0,0.43351635336875916,SentenceTransformer+MLP+Optuna (offline),ada173/solidity-template
NEG_00072,0,0,0,372,2,8.844228e-09,0,0.43351635336875916,SentenceTransformer+MLP+Optuna (offline),adam-art/SOLANA-PROJECT-v1.0
NEG_00081,0,0,0,381,2,0.0070039975,0,0.43351635336875916,SentenceTransformer+MLP+Optuna (offline),adityajkate/crypto-risk
NEG_00083,0,0,0,383,2,1.690658e-19,0,0.43351635336875916,SentenceTransformer+MLP+Optuna (offline),adrianhajdin/project_crowdfunding
NEG_00084,0,0,0,384,2,1.3998733e-19,0,0.43351635336875916,SentenceTransformer+MLP+Optuna (offline),adrianhajdin/project_web3.0
NEG_00086,0,0,0,386,2,5.080116e-18,0,0.43351635336875916,SentenceTransformer+MLP+Optuna (offline),adrianmcli/eth95
NEG_00101,0,0,0,401,2,6.2471975e-07,0,0.43351635336875916,SentenceTransformer+MLP+Optuna (offline),aggel008/defi-signal
NEG_00107,0,0,0,407,2,2.8062176e-11,0,0.43351635336875916,SentenceTransformer+MLP+Optuna (offline),ahmedali8/hardhat-ts-template
NEG_00113,0,0,0,413,2,2.071118e-11,0,0.43351635336875916,SentenceTransformer+MLP+Optuna (offline),aidevrelagent/nama-repo-lowercase-dengan-dash-v2
NEG_00118,0,0,0,418,2,9.199402e-16,0,0.43351635336875916,SentenceTransformer+MLP+Optuna (offline),ajaysaini-sgvu/cryptocurrency-api
NEG_00141,0,0,0,441,2,7.058726e-17,0,0.43351635336875916,SentenceTransformer+MLP+Optuna (offline),alexharrod/cryptozombies
NEG_00147,0,0,0,447,2,1.947312e-16,0,0.43351635336875916,SentenceTransformer+MLP+Optuna (offline),alice-si/contracts
NEG_00148,0,0,0,448,2,3.347373e-05,0,0.43351635336875916,SentenceTransformer+MLP+Optuna (offline),aliezzahn/crypto-chart
NEG_00155,0,0,0,455,2,4.718046e-09,0,0.43351635336875916,SentenceTransformer+MLP+Optuna (offline),AllanOtieno254/SmartContractVendingMachine
NEG_00170,0,0,0,470,2,9.693379e-10,0,0.43351635336875916,SentenceTransformer+MLP+Optuna (offline),amurto/cryptoludo
NEG_00174,0,0,0,474,2,2.589758e-12,0,0.43351635336875916,SentenceTransformer+MLP+Optuna (offline),andrarwes/BlockChainApp
NEG_00177,0,0,0,477,2,1.2474719e-11,0,0.43351635336875916,SentenceTransformer+MLP+Optuna (offline),andrejrakic/Pied-Piper-DeFi-App-Subspace-Demo-
NEG_00179,0,0,0,479,2,6.6001427e-10,0,0.43351635336875916,SentenceTransformer+MLP+Optuna (offline),andycapaldo/hello-blockchain
NEG_00181,0,0,0,481,2,3.1682892e-09,0,0.43351635336875916,SentenceTransformer+MLP+Optuna (offline),Aniket-Engg/sol-profiler-vscode
NEG_00182,0,0,0,482,2,1.969253e-15,0,0.43351635336875916,SentenceTransformer+MLP+Optuna (offline),ankitaryan404/nft-marketplace
NEG_00184,0,0,0,484,2,1.6513512e-09,0,0.43351635336875916,SentenceTransformer+MLP+Optuna (offline),annasudol/multi-signature-wallet
NEG_00192,0,0,0,492,2,7.676703e-09,0,0.43351635336875916,SentenceTransformer+MLP+Optuna (offline),Anugo1/Attest-Nft
NEG_00198,0,0,0,498,2,1.2170244e-08,0,0.43351635336875916,SentenceTransformer+MLP+Optuna (offline),apeboard/pools
NEG_00199,0,0,0,499,2,5.972279e-11,0,0.43351635336875916,SentenceTransformer+MLP+Optuna (offline),Aperture-Finance/Aperture-Lens
NEG_00208,0,0,0,508,2,2.4360747e-16,0,0.43351635336875916,SentenceTransformer+MLP+Optuna (offline),aranair/pine
NEG_00214,0,0,0,514,2,5.680216e-09,0,0.43351635336875916,SentenceTransformer+MLP+Optuna (offline),armorwallet/armor-crypto-mcp
NEG_00221,0,0,0,521,2,1.7565625e-14,0,0.43351635336875916,SentenceTransformer+MLP+Optuna (offline),artem-bayandin/blockchain-samples
NEG_00222,0,0,0,522,2,3.992251e-08,0,0.43351635336875916,SentenceTransformer+MLP+Optuna (offline),arthur-reedy460y/web3cha
NEG_00226,0,0,0,526,2,1.8884431e-07,0,0.43351635336875916,SentenceTransformer+MLP+Optuna (offline),artimonist/artimonist-cli
NEG_00236,0,0,0,536,2,1.8916229e-09,0,0.43351635336875916,SentenceTransformer+MLP+Optuna (offline),ASPPIBRA-DAO/DIGITAL_WORLD_REAL_ESTATE_MARKET
NEG_00240,0,0,0,540,2,2.4399895e-09,0,0.43351635336875916,SentenceTransformer+MLP+Optuna (offline),attestate/kiwistand
NEG_00243,0,0,0,543,2,3.5078188e-13,0,0.43351635336875916,SentenceTransformer+MLP+Optuna (offline),austintgriffith/burner-wallet
NEG_00244,0,0,0,544,2,1.1565172e-10,0,0.43351635336875916,SentenceTransformer+MLP+Optuna (offline),Autosaida/DeFiHackAnalysis
NEG_00250,0,0,0,550,2,2.3935955e-12,0,0.43351635336875916,SentenceTransformer+MLP+Optuna (offline),AymaanPathan/ClauseAI
NEG_00259,0,0,0,559,2,1.2747763e-12,0,0.43351635336875916,SentenceTransformer+MLP+Optuna (offline),BadakalaYashwanth/Web-3Cryptocurrency-Wallet-Generator-Blockchain
NEG_00261,0,0,0,561,2,2.9904058e-08,0,0.43351635336875916,SentenceTransformer+MLP+Optuna (offline),balancer/balancer-v2-monorepo
NEG_00265,0,0,0,565,2,0.0009829019,0,0.43351635336875916,SentenceTransformer+MLP+Optuna (offline),Bananapus/nana-fee-project-deployer
NEG_00271,0,0,0,571,2,1.1383133e-14,0,0.43351635336875916,SentenceTransformer+MLP+Optuna (offline),batteringram-dev/Web3
NEG_00272,0,0,0,572,2,1.038319e-08,0,0.43351635336875916,SentenceTransformer+MLP+Optuna (offline),bavix/laravel-wallet
NEG_00273,0,0,0,573,2,9.800469e-08,0,0.43351635336875916,SentenceTransformer+MLP+Optuna (offline),bc1plainview/opnet-builder
NEG_00274,0,0,0,574,2,2.0887516e-07,0,0.43351635336875916,SentenceTransformer+MLP+Optuna (offline),bchainexpt/Blockchain-wallet-andorid-app
NEG_00277,0,0,0,577,2,2.4885255e-10,0,0.43351635336875916,SentenceTransformer+MLP+Optuna (offline),BeanstalkFarms/Beanstalk
NEG_00285,0,0,0,585,2,5.2166705e-11,0,0.43351635336875916,SentenceTransformer+MLP+Optuna (offline),BertrandConxy/Lottery
NEG_00286,0,0,0,586,2,4.5913662e-11,0,0.43351635336875916,SentenceTransformer+MLP+Optuna (offline),BeTechnologyCo/zkevm-boilerplate
NEG_00287,0,0,0,587,2,7.708162e-12,0,0.43351635336875916,SentenceTransformer+MLP+Optuna (offline),bevry-archive/emailtowallet
NEG_00292,0,0,0,592,2,1.9886725e-08,0,0.43351635336875916,SentenceTransformer+MLP+Optuna (offline),BibliothecaDAO/realms-react
NEG_00308,0,0,0,608,2,1.0873823e-06,0,0.43351635336875916,SentenceTransformer+MLP+Optuna (offline),bitquery/explorer
NEG_00309,0,0,0,609,2,1.2018835e-06,0,0.43351635336875916,SentenceTransformer+MLP+Optuna (offline),bjboss007/flask-web3-solidity
NEG_00310,0,0,0,610,2,8.395659e-10,0,0.43351635336875916,SentenceTransformer+MLP+Optuna (offline),bkrem/react-nft-gallery
NEG_00311,0,0,0,611,2,3.9951648e-10,0,0.43351635336875916,SentenceTransformer+MLP+Optuna (offline),blackalbino01/epic-nfts-ui
NEG_00312,0,0,0,612,2,3.3528835e-07,0,0.43351635336875916,SentenceTransformer+MLP+Optuna (offline),BlackPeter13/LightningTipBot
NEG_00326,0,0,0,626,2,4.0674204e-12,0,0.43351635336875916,SentenceTransformer+MLP+Optuna (offline),bloomwalletio/bloom
NEG_00327,0,0,0,627,2,1.959663e-09,0,0.43351635336875916,SentenceTransformer+MLP+Optuna (offline),Blueforce99/web3-bubble-portfolio
NEG_00329,0,0,0,629,2,4.1031494e-11,0,0.43351635336875916,SentenceTransformer+MLP+Optuna (offline),bluewhale-protocol/bluewhale-trust
NEG_00332,0,0,0,632,2,2.8921354e-14,0,0.43351635336875916,SentenceTransformer+MLP+Optuna (offline),bomzj/newbits
NEG_00334,0,0,0,634,2,5.8203712e-15,0,0.43351635336875916,SentenceTransformer+MLP+Optuna (offline),bostonlink/blockexplorer
NEG_00339,0,0,0,639,2,1.3787655e-14,0,0.43351635336875916,SentenceTransformer+MLP+Optuna (offline),BraisCabo/Decentralized-Crypto-Casino
NEG_00341,0,0,0,641,2,1.6008259e-12,0,0.43351635336875916,SentenceTransformer+MLP+Optuna (offline),brendansiraky/solidity-nft-mint-contract
NEG_00346,0,0,0,646,2,2.8982554e-13,0,0.43351635336875916,SentenceTransformer+MLP+Optuna (offline),btcltceth/crypto_explorer
NEG_00358,0,0,0,658,2,1.143962e-13,0,0.43351635336875916,SentenceTransformer+MLP+Optuna (offline),c-bruce/SharedWallet
NEG_00360,0,0,0,660,2,5.7629046e-07,0,0.43351635336875916,SentenceTransformer+MLP+Optuna (offline),caiovicentino/debank-mcp-server
NEG_00363,0,0,0,663,2,6.573643e-11,0,0.43351635336875916,SentenceTransformer+MLP+Optuna (offline),calintzy/evmscope
NEG_00365,0,0,0,665,2,1.3476622e-13,0,0.43351635336875916,SentenceTransformer+MLP+Optuna (offline),canyon-network/canyon
NEG_00370,0,0,0,670,2,2.773269e-12,0,0.43351635336875916,SentenceTransformer+MLP+Optuna (offline),carmenbickel/NFT-Collection
NEG_00371,0,0,0,671,2,1.3717862e-09,0,0.43351635336875916,SentenceTransformer+MLP+Optuna (offline),CateryaTech/tradeforge
NEG_00376,0,0,0,676,2,2.1374451e-26,0,0.43351635336875916,SentenceTransformer+MLP+Optuna (offline),Certora/CertoraProver
NEG_00380,0,0,0,680,2,3.7053877e-11,0,0.43351635336875916,SentenceTransformer+MLP+Optuna (offline),ChainInsighter/Ondo-Flux-Finance
NEG_00398,0,0,0,698,2,0.9151537,1,0.43351635336875916,SentenceTransformer+MLP+Optuna (offline),chmajidnaeem/blockchain-bitcoin
NEG_00405,0,0,0,705,2,1.0538289e-13,0,0.43351635336875916,SentenceTransformer+MLP+Optuna (offline),citadelgrad/crypto-commando
NEG_00408,0,0,0,708,2,9.737625e-11,0,0.43351635336875916,SentenceTransformer+MLP+Optuna (offline),classicshi/web3-decoder
NEG_00413,0,0,0,713,2,5.1099933e-09,0,0.43351635336875916,SentenceTransformer+MLP+Optuna (offline),cmandar24/Ethereum-Private-Key-Generator
NEG_00415,0,0,0,715,2,0.0002288573,0,0.43351635336875916,SentenceTransformer+MLP+Optuna (offline),coccoinomane/crabada.py
NEG_00423,0,0,0,723,2,1.9433113e-17,0,0.43351635336875916,SentenceTransformer+MLP+Optuna (offline),codeVirtuoso21/NFT-marketplace-cryptoBoys
NEG_00425,0,0,0,725,2,7.8735396e-10,0,0.43351635336875916,SentenceTransformer+MLP+Optuna (offline),codex-protocol/service.eel
NEG_00426,0,0,0,726,2,8.801332e-09,0,0.43351635336875916,SentenceTransformer+MLP+Optuna (offline),CODEX108/FINAL-BLOCKSPIRIT
NEG_00428,0,0,0,728,2,1.3257091e-16,0,0.43351635336875916,SentenceTransformer+MLP+Optuna (offline),coin-worx/ethereum-voting-demo
NEG_00430,0,0,0,730,2,1.9593396e-11,0,0.43351635336875916,SentenceTransformer+MLP+Optuna (offline),coinbase/coinbase-wallet-sdk
NEG_00435,0,0,0,735,2,6.26783e-11,0,0.43351635336875916,SentenceTransformer+MLP+Optuna (offline),coming-chat/wallet-SDK
NEG_00436,0,0,0,736,2,2.2613275e-08,0,0.43351635336875916,SentenceTransformer+MLP+Optuna (offline),compound-finance/palisade
NEG_00439,0,0,0,739,2,1.3279472e-07,0,0.43351635336875916,SentenceTransformer+MLP+Optuna (offline),ConsenSys-archive/vscode-ext
NEG_00442,0,0,0,742,2,4.9752493e-14,0,0.43351635336875916,SentenceTransformer+MLP+Optuna (offline),ConsenSysMesh/live-libs
NEG_00445,0,0,0,745,2,8.4237956e-17,0,0.43351635336875916,SentenceTransformer+MLP+Optuna (offline),ConstanzaOriana/RealEstate_dApp
NEG_00451,0,0,0,751,2,4.59408e-12,0,0.43351635336875916,SentenceTransformer+MLP+Optuna (offline),courtney-haley/SUPERIO-DeFi-Yield-Farm
NEG_00457,0,0,0,757,2,2.2996721e-07,0,0.43351635336875916,SentenceTransformer+MLP+Optuna (offline),crcristian97/solidity-nft-contract
NEG_00462,0,0,0,762,2,2.4053881e-17,0,0.43351635336875916,SentenceTransformer+MLP+Optuna (offline),crpdev/decentralised-ebay
NEG_00465,0,0,0,765,2,1.942889e-07,0,0.43351635336875916,SentenceTransformer+MLP+Optuna (offline),crypto-crawler/crypto-ohlcv
NEG_00468,0,0,0,768,2,7.823711e-12,0,0.43351635336875916,SentenceTransformer+MLP+Optuna (offline),crypto1014/NFT-marketplace
NEG_00481,0,0,0,781,2,1.6735603e-12,0,0.43351635336875916,SentenceTransformer+MLP+Optuna (offline),Cryptorubic/multi-proxy-rubic
NEG_00482,0,0,0,782,2,1.861047e-12,0,0.43351635336875916,SentenceTransformer+MLP+Optuna (offline),cryptosguru/nft_terra_cosmwasm
NEG_00486,0,0,0,786,2,1.4440518e-06,0,0.43351635336875916,SentenceTransformer+MLP+Optuna (offline),cunarist/solie
NEG_00490,0,0,0,790,2,5.853322e-06,0,0.43351635336875916,SentenceTransformer+MLP+Optuna (offline),cypherium/uniswap-interface-cypherium
NEG_00493,0,0,0,793,2,2.850356e-14,0,0.43351635336875916,SentenceTransformer+MLP+Optuna (offline),czhc/bookmarks
NEG_00495,0,0,0,795,2,3.607697e-15,0,0.43351635336875916,SentenceTransformer+MLP+Optuna (offline),D-Y-So/Blockchain_Project
NEG_00497,0,0,0,797,2,2.7149864e-07,0,0.43351635336875916,SentenceTransformer+MLP+Optuna (offline),Dadel-1/Polymarket-CopyTrading
NEG_00500,0,0,0,800,2,1.058759e-13,0,0.43351635336875916,SentenceTransformer+MLP+Optuna (offline),Daltonic/dappCinemasX
NEG_00505,0,0,0,805,2,3.8441496e-14,0,0.43351635336875916,SentenceTransformer+MLP+Optuna (offline),danieltantonio/SharedWallet_Solidity
NEG_00506,0,0,0,806,2,8.746834e-11,0,0.43351635336875916,SentenceTransformer+MLP+Optuna (offline),danielwpz/nft-linkdrop
NEG_00513,0,0,0,813,2,7.342557e-07,0,0.43351635336875916,SentenceTransformer+MLP+Optuna (offline),dappforce/polkaverse
NEG_00518,0,0,0,818,2,8.726107e-14,0,0.43351635336875916,SentenceTransformer+MLP+Optuna (offline),dappuniversity/hd_wallet
NEG_00522,0,0,0,822,2,0.000113859336,0,0.43351635336875916,SentenceTransformer+MLP+Optuna (offline),darkgrovelabs/sec3hub
NEG_00526,0,0,0,826,2,3.4699106e-12,0,0.43351635336875916,SentenceTransformer+MLP+Optuna (offline),daulathussain/nfts-api-starter-file
NEG_00527,0,0,0,827,2,7.4607395e-12,0,0.43351635336875916,SentenceTransformer+MLP+Optuna (offline),davdotsol/react-and-web3-demo-app
NEG_00528,0,0,0,828,2,7.7858187e-10,0,0.43351635336875916,SentenceTransformer+MLP+Optuna (offline),davdotsol/uniswap-v2-defi-app
NEG_00535,0,0,0,835,2,7.021355e-05,0,0.43351635336875916,SentenceTransformer+MLP+Optuna (offline),DeCleanup-Network/contracts-evm
NEG_00551,0,0,0,851,2,8.240911e-13,0,0.43351635336875916,SentenceTransformer+MLP+Optuna (offline),DemocracyEarth/wallet
NEG_00552,0,0,0,852,2,1.6751588e-10,0,0.43351635336875916,SentenceTransformer+MLP+Optuna (offline),Denis345/blockchain-automation-tool
NEG_00557,0,0,0,857,2,6.333517e-15,0,0.43351635336875916,SentenceTransformer+MLP+Optuna (offline),DePayFi/depay-claimable-nft-airdrops
NEG_00560,0,0,0,860,2,2.9249119e-09,0,0.43351635336875916,SentenceTransformer+MLP+Optuna (offline),desbenn/defi-arbitrage
NEG_00566,0,0,0,866,2,3.1101836e-11,0,0.43351635336875916,SentenceTransformer+MLP+Optuna (offline),DevAyomi/Smart-Wallet-
NEG_00575,0,0,0,875,2,0.367476,0,0.43351635336875916,SentenceTransformer+MLP+Optuna (offline),Dharma256/solidity-multisig-wallet-56
NEG_00579,0,0,0,879,2,6.602736e-07,0,0.43351635336875916,SentenceTransformer+MLP+Optuna (offline),dhiraj0911/bitcoin-wallet
NEG_00585,0,0,0,885,2,4.250802e-18,0,0.43351635336875916,SentenceTransformer+MLP+Optuna (offline),DimarcoKevin/CryptoZombies
NEG_00588,0,0,0,888,2,6.8767946e-07,0,0.43351635336875916,SentenceTransformer+MLP+Optuna (offline),diorwave/solana-blockchain-development
NEG_00589,0,0,0,889,2,9.516889e-13,0,0.43351635336875916,SentenceTransformer+MLP+Optuna (offline),distbit0/coinStats
NEG_00590,0,0,0,890,2,0.0022021814,0,0.43351635336875916,SentenceTransformer+MLP+Optuna (offline),DixDev1621/BLOCKCHAIN-DeFi-Router
NEG_00591,0,0,0,891,2,7.025538e-09,0,0.43351635336875916,SentenceTransformer+MLP+Optuna (offline),DjibrilM/strike-wallet
NEG_00598,0,0,0,898,2,3.3530507e-06,0,0.43351635336875916,SentenceTransformer+MLP+Optuna (offline),dojimanetwork/web3fy-go
NEG_00599,0,0,0,899,2,3.929498e-14,0,0.43351635336875916,SentenceTransformer+MLP+Optuna (offline),domechn/track3
NEG_00601,0,0,0,901,2,3.1665127e-13,0,0.43351635336875916,SentenceTransformer+MLP+Optuna (offline),donnywin85/defi-yield-aggregator
NEG_00609,0,0,0,909,2,1.12368035e-08,0,0.43351635336875916,SentenceTransformer+MLP+Optuna (offline),DrLinuxOfficial/CryptoWallet-Cracker
NEG_00610,0,0,0,910,2,5.6656063e-06,0,0.43351635336875916,SentenceTransformer+MLP+Optuna (offline),drpcorg/dshackle
NEG_00617,0,0,0,917,2,3.5811398e-10,0,0.43351635336875916,SentenceTransformer+MLP+Optuna (offline),dvvrtmshra/StellarPay
NEG_00618,0,0,0,918,2,4.893353e-14,0,0.43351635336875916,SentenceTransformer+MLP+Optuna (offline),dydxprotocol/protocol_v1
NEG_00619,0,0,0,919,2,9.390589e-11,0,0.43351635336875916,SentenceTransformer+MLP+Optuna (offline),Dyslex7c/DefiYieldOptimizer
NEG_00620,0,0,0,920,2,8.630467e-07,0,0.43351635336875916,SentenceTransformer+MLP+Optuna (offline),ebellocchia/erc20_splitter
NEG_00628,0,0,0,928,2,2.8414122e-09,0,0.43351635336875916,SentenceTransformer+MLP+Optuna (offline),el-noir/MedicAi
NEG_00629,0,0,0,929,2,1.0919788e-08,0,0.43351635336875916,SentenceTransformer+MLP+Optuna (offline),eldorado-Coder/NFT-marketplace-smart-contract
NEG_00631,0,0,0,931,2,3.4736886e-10,0,0.43351635336875916,SentenceTransformer+MLP+Optuna (offline),Elmanilov/CastClaim
NEG_00643,0,0,0,943,2,5.3046514e-09,0,0.43351635336875916,SentenceTransformer+MLP+Optuna (offline),Emmanuel-213/MyFirstSmartContract
NEG_00651,0,0,0,951,2,2.7257885e-08,0,0.43351635336875916,SentenceTransformer+MLP+Optuna (offline),Enricrypto/arb-wave-flashloans-arbitrage
NEG_00660,0,0,0,960,2,7.761295e-10,0,0.43351635336875916,SentenceTransformer+MLP+Optuna (offline),ERC4626-Alliance/sup-web-4626
NEG_00669,0,0,0,969,2,4.0722745e-11,0,0.43351635336875916,SentenceTransformer+MLP+Optuna (offline),EthereumCommonwealth/Auditing
NEG_00674,0,0,0,974,2,7.507725e-14,0,0.43351635336875916,SentenceTransformer+MLP+Optuna (offline),EtherTW/LogoVote2017
NEG_00677,0,0,0,977,2,4.2539583e-10,0,0.43351635336875916,SentenceTransformer+MLP+Optuna (offline),Ev3rlasting/Sui-Vanity-Wallet-Generator
NEG_00678,0,0,0,978,2,5.9021168e-06,0,0.43351635336875916,SentenceTransformer+MLP+Optuna (offline),everstake/wallet-sdk
NEG_00679,0,0,0,979,2,8.6445087e-13,0,0.43351635336875916,SentenceTransformer+MLP+Optuna (offline),everx-labs/everdev
NEG_00694,0,0,0,994,2,1.2792526e-07,0,0.43351635336875916,SentenceTransformer+MLP+Optuna (offline),Fabischu2008/Vinechain
NEG_00700,0,0,0,1000,2,1.8012179e-11,0,0.43351635336875916,SentenceTransformer+MLP+Optuna (offline),faizack/Supply-Chain-Blockchain
NEG_00701,0,0,0,1001,2,1.4218189e-10,0,0.43351635336875916,SentenceTransformer+MLP+Optuna (offline),falila/smart-contract-interpreter
NEG_00706,0,0,0,1006,2,2.6893944e-13,0,0.43351635336875916,SentenceTransformer+MLP+Optuna (offline),FazioNico/meta-gotchi
NEG_00707,0,0,0,1007,2,1.1432035e-12,0,0.43351635336875916,SentenceTransformer+MLP+Optuna (offline),fbsobreira/gotron-sdk
NEG_00710,0,0,0,1010,2,3.5928565e-08,0,0.43351635336875916,SentenceTransformer+MLP+Optuna (offline),fewwwww/awesome-uniswap-hooks
NEG_00720,0,0,0,1020,2,8.617149e-13,0,0.43351635336875916,SentenceTransformer+MLP+Optuna (offline),flappyagent/flappy-bird-solidity-2
NEG_00721,0,0,0,1021,2,2.6056876e-12,0,0.43351635336875916,SentenceTransformer+MLP+Optuna (offline),flexa/collateral-manager
NEG_00722,0,0,0,1022,2,2.6821473e-12,0,0.43351635336875916,SentenceTransformer+MLP+Optuna (offline),floranguyen0/nft-marketplace
NEG_00727,0,0,0,1027,2,9.584449e-14,0,0.43351635336875916,SentenceTransformer+MLP+Optuna (offline),forward0507/Dexordi-BE
NEG_00730,0,0,0,1030,2,1.4665965e-06,0,0.43351635336875916,SentenceTransformer+MLP+Optuna (offline),frankdev7/bootcamp-solidity-defi
NEG_00733,0,0,0,1033,2,1.899519e-13,0,0.43351635336875916,SentenceTransformer+MLP+Optuna (offline),FredericRezeau/soroban-snooker
NEG_00743,0,0,0,1043,2,3.463145e-05,0,0.43351635336875916,SentenceTransformer+MLP+Optuna (offline),fxop0218/DEFI-aave-JS-Solidity
NEG_00755,0,0,0,1055,2,1.5199971e-12,0,0.43351635336875916,SentenceTransformer+MLP+Optuna (offline),geraldoramos/crypto-bar
NEG_00756,0,0,0,1056,2,1.3326852e-10,0,0.43351635336875916,SentenceTransformer+MLP+Optuna (offline),getgems-community-tact/nft-template-editable
NEG_00757,0,0,0,1057,2,1.9354006e-06,0,0.43351635336875916,SentenceTransformer+MLP+Optuna (offline),getsafle/safle-identity-wallet
NEG_00764,0,0,0,1064,2,3.9932484e-12,0,0.43351635336875916,SentenceTransformer+MLP+Optuna (offline),gizdusum/hermes-blockchain-oracle
NEG_00767,0,0,0,1067,2,7.065091e-15,0,0.43351635336875916,SentenceTransformer+MLP+Optuna (offline),glitznerf/blockchain_banking_system
NEG_00771,0,0,0,1071,2,1.5739302e-10,0,0.43351635336875916,SentenceTransformer+MLP+Optuna (offline),gnosis/reth-util
NEG_00772,0,0,0,1072,2,1.7986864e-05,0,0.43351635336875916,SentenceTransformer+MLP+Optuna (offline),gobeyondfj-cmd/cryptoagent-ai
NEG_00774,0,0,0,1074,2,4.576841e-12,0,0.43351635336875916,SentenceTransformer+MLP+Optuna (offline),gokcearda/OwlToken
NEG_00785,0,0,0,1085,2,0.00019595923,0,0.43351635336875916,SentenceTransformer+MLP+Optuna (offline),gsachin1809/bitcoin_wallet
NEG_00786,0,0,0,1086,2,5.033813e-09,0,0.43351635336875916,SentenceTransformer+MLP+Optuna (offline),gskril/mnemonic-guesser
NEG_00787,0,0,0,1087,2,2.9922354e-13,0,0.43351635336875916,SentenceTransformer+MLP+Optuna (offline),guider23/CryptoShare
NEG_00788,0,0,0,1088,2,4.938095e-14,0,0.43351635336875916,SentenceTransformer+MLP+Optuna (offline),guillaumelauzier/rootstock-NFT
NEG_00792,0,0,0,1092,2,4.7024173e-11,0,0.43351635336875916,SentenceTransformer+MLP+Optuna (offline),gurnec/btcrecover
NEG_00802,0,0,0,1102,2,4.4470144e-12,0,0.43351635336875916,SentenceTransformer+MLP+Optuna (offline),HAECHI-LABS/vvisp
NEG_00806,0,0,0,1106,2,1.224894e-11,0,0.43351635336875916,SentenceTransformer+MLP+Optuna (offline),HandyDudes/ETH-NFT-buildspace
NEG_00807,0,0,0,1107,2,7.646603e-06,0,0.43351635336875916,SentenceTransformer+MLP+Optuna (offline),Hany-Almnaem/Solana-Documents-as-NFTs-in-a-wallet-Project
NEG_00808,0,0,0,1108,2,2.4602052e-13,0,0.43351635336875916,SentenceTransformer+MLP+Optuna (offline),hanzopgp/CryptoZombies
NEG_00817,0,0,0,1117,2,0.0017465374,0,0.43351635336875916,SentenceTransformer+MLP+Optuna (offline),harshit180704/aave-credit-scoring
NEG_00818,0,0,0,1118,2,2.6128282e-09,0,0.43351635336875916,SentenceTransformer+MLP+Optuna (offline),Harukite/wallets-generate
NEG_00832,0,0,0,1132,2,0.014602874,0,0.43351635336875916,SentenceTransformer+MLP+Optuna (offline),hi-riddhi/AaveV2-CreditScoring
NEG_00834,0,0,0,1134,2,6.4148915e-14,0,0.43351635336875916,SentenceTransformer+MLP+Optuna (offline),hilalsidhic/waveportal-Web3-and-solidity
NEG_00836,0,0,0,1136,2,1.8595025e-13,0,0.43351635336875916,SentenceTransformer+MLP+Optuna (offline),hilmikt/Web3
NEG_00838,0,0,0,1138,2,5.4299026e-15,0,0.43351635336875916,SentenceTransformer+MLP+Optuna (offline),hippogriff-dev/baby-swap
NEG_00845,0,0,0,1145,2,4.6862675e-10,0,0.43351635336875916,SentenceTransformer+MLP+Optuna (offline),HongThaiPham/plugin-u2u
NEG_00855,0,0,0,1155,2,6.6161744e-14,0,0.43351635336875916,SentenceTransformer+MLP+Optuna (offline),hsharshshukla/SmartContractL
NEG_00857,0,0,0,1157,2,6.269511e-06,0,0.43351635336875916,SentenceTransformer+MLP+Optuna (offline),hugoclrd/clearness
NEG_00873,0,0,0,1173,2,4.0273423e-11,0,0.43351635336875916,SentenceTransformer+MLP+Optuna (offline),IBQ-SUP/b-rad-coin
NEG_00874,0,0,0,1174,2,2.4642409e-08,0,0.43351635336875916,SentenceTransformer+MLP+Optuna (offline),ibrahimjspy/defi-portfolio-tracker
NEG_00881,0,0,0,1181,2,1.2735374e-15,0,0.43351635336875916,SentenceTransformer+MLP+Optuna (offline),ihaveCred/OfflineSignProvider
NEG_00887,0,0,0,1187,2,7.840129e-12,0,0.43351635336875916,SentenceTransformer+MLP+Optuna (offline),imfrodobaggins/metabullrage
NEG_00888,0,0,0,1188,2,4.9077894e-16,0,0.43351635336875916,SentenceTransformer+MLP+Optuna (offline),Imperial-Group-19/contracts
NEG_00892,0,0,0,1192,2,3.7429977e-12,0,0.43351635336875916,SentenceTransformer+MLP+Optuna (offline),input-output-hk/daedalus
NEG_00904,0,0,0,1204,2,1.0235548e-14,0,0.43351635336875916,SentenceTransformer+MLP+Optuna (offline),itstargetconfirmed/wrapped-ether
NEG_00907,0,0,0,1207,2,7.6043203e-16,0,0.43351635336875916,SentenceTransformer+MLP+Optuna (offline),Ivy-Apps/ivy-wallet
NEG_00921,0,0,0,1221,2,1.513355e-16,0,0.43351635336875916,SentenceTransformer+MLP+Optuna (offline),Jahankohan/NFT-Marketplace
NEG_00922,0,0,0,1222,2,7.1652677e-16,0,0.43351635336875916,SentenceTransformer+MLP+Optuna (offline),Jahankohan/NFTWhiteListing
NEG_00923,0,0,0,1223,2,1.1774254e-11,0,0.43351635336875916,SentenceTransformer+MLP+Optuna (offline),Jain-Sameer/DecentralizedStableCoin
NEG_00925,0,0,0,1225,2,2.416313e-10,0,0.43351635336875916,SentenceTransformer+MLP+Optuna (offline),JamBrains/jam-docs
NEG_00931,0,0,0,1231,2,2.978432e-10,0,0.43351635336875916,SentenceTransformer+MLP+Optuna (offline),Janus-chan/ZkSync_Accounts
NEG_00932,0,0,0,1232,2,2.9445086e-09,0,0.43351635336875916,SentenceTransformer+MLP+Optuna (offline),jaoleal/chainpass
NEG_00938,0,0,0,1238,2,1.0362189e-06,0,0.43351635336875916,SentenceTransformer+MLP+Optuna (offline),jasonjgarcia24/web3-ether-talent-pool
NEG_00941,0,0,0,1241,2,3.4085517e-12,0,0.43351635336875916,SentenceTransformer+MLP+Optuna (offline),javascript-pro/crypto-casino
NEG_00943,0,0,0,1243,2,2.975035e-11,0,0.43351635336875916,SentenceTransformer+MLP+Optuna (offline),jay-Anonymous/CryptoLedger
NEG_00948,0,0,0,1248,2,8.9929696e-12,0,0.43351635336875916,SentenceTransformer+MLP+Optuna (offline),Jeff1010-web/NFT-marketplace
NEG_00964,0,0,0,1264,2,4.61343e-06,0,0.43351635336875916,SentenceTransformer+MLP+Optuna (offline),jocruz/LostCatsUi
NEG_00965,0,0,0,1265,2,1.49721545e-05,0,0.43351635336875916,SentenceTransformer+MLP+Optuna (offline),JoeanSteinbock/crypto-price-tracker
NEG_00968,0,0,0,1268,2,2.6270097e-09,0,0.43351635336875916,SentenceTransformer+MLP+Optuna (offline),johnsonstephan/awesome-web3-formal-verification
NEG_00976,0,0,0,1276,2,1.1653611e-14,0,0.43351635336875916,SentenceTransformer+MLP+Optuna (offline),joshaustintech/ethereum-portfolio
NEG_00978,0,0,0,1278,2,5.876315e-07,0,0.43351635336875916,SentenceTransformer+MLP+Optuna (offline),JoshuaDevCo/defi-arb
NEG_00984,0,0,0,1284,2,8.30865e-17,0,0.43351635336875916,SentenceTransformer+MLP+Optuna (offline),jualexandre/crypto-zombies
NEG_00985,0,0,0,1285,2,2.1834285e-09,0,0.43351635336875916,SentenceTransformer+MLP+Optuna (offline),juanemmanuelpd/NFT-Marketplace
NEG_00986,0,0,0,1286,2,4.0848275e-16,0,0.43351635336875916,SentenceTransformer+MLP+Optuna (offline),JuanXavier/DEX_React
NEG_00994,0,0,0,1294,2,1.2628839e-16,0,0.43351635336875916,SentenceTransformer+MLP+Optuna (offline),junowoz/smartContracts
NEG_00997,0,0,0,1297,2,1.1800776e-16,0,0.43351635336875916,SentenceTransformer+MLP+Optuna (offline),kaamil-ahamadh/web3-ico-app
NEG_01000,0,0,0,1300,2,2.5423358e-10,0,0.43351635336875916,SentenceTransformer+MLP+Optuna (offline),KareimGazer/Blockchain-Sim
NEG_01004,0,0,0,1304,2,0.0001675658,0,0.43351635336875916,SentenceTransformer+MLP+Optuna (offline),Kartikey353/Bitcoin-WalletCmd
NEG_01006,0,0,0,1306,2,1.0300254e-14,0,0.43351635336875916,SentenceTransformer+MLP+Optuna (offline),KashifCh-eth/Lottery-Smart-contract
NEG_01007,0,0,0,1307,2,1.6668537e-09,0,0.43351635336875916,SentenceTransformer+MLP+Optuna (offline),katya201165/NFT-platform-lending
NEG_01013,0,0,0,1313,2,3.5906024e-12,0,0.43351635336875916,SentenceTransformer+MLP+Optuna (offline),Kazopl/nft-marketplace-signatures
NEG_01027,0,0,0,1327,2,0.0007741632,0,0.43351635336875916,SentenceTransformer+MLP+Optuna (offline),keshav200215/SmartBlock
NEG_01029,0,0,0,1329,2,1.4092461e-13,0,0.43351635336875916,SentenceTransformer+MLP+Optuna (offline),KevinSmall/blockchain3d
NEG_01034,0,0,0,1334,2,8.933008e-10,0,0.43351635336875916,SentenceTransformer+MLP+Optuna (offline),khaled-305/crypto-order-book
NEG_01041,0,0,0,1341,2,2.4661434e-17,0,0.43351635336875916,SentenceTransformer+MLP+Optuna (offline),kingstarfly/nft_pendle
NEG_01047,0,0,0,1347,2,2.4058871e-14,0,0.43351635336875916,SentenceTransformer+MLP+Optuna (offline),klever-io/kos-rs
NEG_01054,0,0,0,1354,2,1.3088919e-10,0,0.43351635336875916,SentenceTransformer+MLP+Optuna (offline),KOSASIH/GEE-Platform
NEG_01061,0,0,0,1361,2,4.1166146e-12,0,0.43351635336875916,SentenceTransformer+MLP+Optuna (offline),krushangSk17/Interaction_with_SmartContract
NEG_01063,0,0,0,1363,2,3.3494785e-12,0,0.43351635336875916,SentenceTransformer+MLP+Optuna (offline),kshaveen13/vaulte8
NEG_01068,0,0,0,1368,2,2.1286809e-08,0,0.43351635336875916,SentenceTransformer+MLP+Optuna (offline),kushal-g/Bitcoin-Wallet
NEG_01084,0,0,0,1384,2,7.258513e-13,0,0.43351635336875916,SentenceTransformer+MLP+Optuna (offline),layer3xyz/cubes
NEG_01090,0,0,0,1390,2,1.7298067e-08,0,0.43351635336875916,SentenceTransformer+MLP+Optuna (offline),lee-seokmin/BlockChainVotingSystem
NEG_01100,0,0,0,1400,2,7.918837e-15,0,0.43351635336875916,SentenceTransformer+MLP+Optuna (offline),lifinance/contracts
NEG_01111,0,0,0,1411,2,3.578996e-10,0,0.43351635336875916,SentenceTransformer+MLP+Optuna (offline),Logarithm-Labs/basis-mcp-server
NEG_01112,0,0,0,1412,2,4.0648285e-09,0,0.43351635336875916,SentenceTransformer+MLP+Optuna (offline),LondheShubham153/falcon-nft
NEG_01113,0,0,0,1413,2,6.719826e-07,0,0.43351635336875916,SentenceTransformer+MLP+Optuna (offline),Lopes-Marcio/chia-blockchain
NEG_01117,0,0,0,1417,2,3.9857e-12,0,0.43351635336875916,SentenceTransformer+MLP+Optuna (offline),lsw6684/Ethereum
NEG_01118,0,0,0,1418,2,0.9976666,1,0.43351635336875916,SentenceTransformer+MLP+Optuna (offline),luca-nik/Blockchain_ResearchLead_Assignements
NEG_01120,0,0,0,1420,2,6.923331e-14,0,0.43351635336875916,SentenceTransformer+MLP+Optuna (offline),lucaliebenberg/_cryptoKids-solidity-contract
NEG_01121,0,0,0,1421,2,5.6411365e-11,0,0.43351635336875916,SentenceTransformer+MLP+Optuna (offline),lucas54neves/crypto-address-generator
NEG_01131,0,0,0,1431,2,3.3900992e-12,0,0.43351635336875916,SentenceTransformer+MLP+Optuna (offline),madilraza/BlockChain-Vtraders.pro-Project-
NEG_01134,0,0,0,1434,2,2.2547881e-07,0,0.43351635336875916,SentenceTransformer+MLP+Optuna (offline),MahadISL/Web3-App----Smart-Contract
NEG_01146,0,0,0,1446,2,1.7697925e-14,0,0.43351635336875916,SentenceTransformer+MLP+Optuna (offline),manufy/crypto-experiments
NEG_01151,0,0,0,1451,2,4.009558e-12,0,0.43351635336875916,SentenceTransformer+MLP+Optuna (offline),mariam9woecloud773/Kiichain
NEG_01175,0,0,0,1475,2,1.3552432e-13,0,0.43351635336875916,SentenceTransformer+MLP+Optuna (offline),mchtter/zku-web3
NEG_01178,0,0,0,1478,2,4.113839e-14,0,0.43351635336875916,SentenceTransformer+MLP+Optuna (offline),mehmethalis/blockchain-cryptocurrency-implementation
NEG_01181,0,0,0,1481,2,5.220575e-10,0,0.43351635336875916,SentenceTransformer+MLP+Optuna (offline),mellow-finance/mellow-vaults
NEG_01185,0,0,0,1485,2,4.6536776e-13,0,0.43351635336875916,SentenceTransformer+MLP+Optuna (offline),merklejerk/flex-contract
NEG_01190,0,0,0,1490,2,6.6468183e-15,0,0.43351635336875916,SentenceTransformer+MLP+Optuna (offline),messari/subgraphs
NEG_01193,0,0,0,1493,2,4.6270696e-14,0,0.43351635336875916,SentenceTransformer+MLP+Optuna (offline),mexak/bitcoin
NEG_01196,0,0,0,1496,2,3.7238584e-11,0,0.43351635336875916,SentenceTransformer+MLP+Optuna (offline),mgysel/nft-ticketing
NEG_01200,0,0,0,1500,2,7.551147e-12,0,0.43351635336875916,SentenceTransformer+MLP+Optuna (offline),michael-spengler/blockchain-technologie-und-anwendungsgebiete-vorlesungsreihe
NEG_01202,0,0,0,1502,2,2.8994194e-11,0,0.43351635336875916,SentenceTransformer+MLP+Optuna (offline),michal3pol/tickeDapp
NEG_01206,0,0,0,1506,2,1.92731e-09,0,0.43351635336875916,SentenceTransformer+MLP+Optuna (offline),mikeservices1/wallet_stealer-
NEG_01221,0,0,0,1521,2,2.7712925e-15,0,0.43351635336875916,SentenceTransformer+MLP+Optuna (offline),Mo-Ali98/mint-your-nft
NEG_01223,0,0,0,1523,2,1.5877874e-11,0,0.43351635336875916,SentenceTransformer+MLP+Optuna (offline),mogipatangan/cryptozombies-sol-101
NEG_01232,0,0,0,1532,2,2.4826386e-06,0,0.43351635336875916,SentenceTransformer+MLP+Optuna (offline),Monyancha/Reown-Wallet-Connect
NEG_01233,0,0,0,1533,2,2.7928667e-16,0,0.43351635336875916,SentenceTransformer+MLP+Optuna (offline),Mooninghnk/ethreum-wallet
NEG_01234,0,0,0,1534,2,0.0020165767,0,0.43351635336875916,SentenceTransformer+MLP+Optuna (offline),moonsly/crypto-wallets
NEG_01235,0,0,0,1535,2,2.1948504e-11,0,0.43351635336875916,SentenceTransformer+MLP+Optuna (offline),moonstream-to/api
NEG_01237,0,0,0,1537,2,4.864109e-09,0,0.43351635336875916,SentenceTransformer+MLP+Optuna (offline),morpho-org/morpho-aavev3-optimizer
NEG_01239,0,0,0,1539,2,6.8519584e-10,0,0.43351635336875916,SentenceTransformer+MLP+Optuna (offline),motorHillary/polymarket-copy-trading-bot
NEG_01240,0,0,0,1540,2,2.9898408e-12,0,0.43351635336875916,SentenceTransformer+MLP+Optuna (offline),Moyintech/First-nft-project
NEG_01242,0,0,0,1542,2,7.0070894e-11,0,0.43351635336875916,SentenceTransformer+MLP+Optuna (offline),mradkov/decentralized-dns
NEG_01249,0,0,0,1549,2,1.1621486e-11,0,0.43351635336875916,SentenceTransformer+MLP+Optuna (offline),mrsaad07/PropChain
NEG_01251,0,0,0,1551,2,0.00013512271,0,0.43351635336875916,SentenceTransformer+MLP+Optuna (offline),mrtnetwork/ton_dart
NEG_01255,0,0,0,1555,2,4.836346e-13,0,0.43351635336875916,SentenceTransformer+MLP+Optuna (offline),mtorry225/NFT-Collection
NEG_01258,0,0,0,1558,2,1.3913474e-15,0,0.43351635336875916,SentenceTransformer+MLP+Optuna (offline),mujtaba1747/wave-eth-solidity
NEG_01259,0,0,0,1559,2,4.037317e-15,0,0.43351635336875916,SentenceTransformer+MLP+Optuna (offline),MukeshMano19/BlockchainApp-CryptoCurrency-Exchange
NEG_01262,0,0,0,1562,2,1.8365334e-11,0,0.43351635336875916,SentenceTransformer+MLP+Optuna (offline),Multy-io/Multy-Android
NEG_01263,0,0,0,1563,2,6.2415936e-12,0,0.43351635336875916,SentenceTransformer+MLP+Optuna (offline),Multy-io/Multy-back
NEG_01265,0,0,0,1565,2,4.61857e-14,0,0.43351635336875916,SentenceTransformer+MLP+Optuna (offline),museum-of-war/nft
NEG_01269,0,0,0,1569,2,1.1834974e-08,0,0.43351635336875916,SentenceTransformer+MLP+Optuna (offline),mx-space/kami
NEG_01272,0,0,0,1572,2,6.5609384e-12,0,0.43351635336875916,SentenceTransformer+MLP+Optuna (offline),MyCryptoHQ/MyCrypto
NEG_01273,0,0,0,1573,2,2.0407994e-21,0,0.43351635336875916,SentenceTransformer+MLP+Optuna (offline),MyEtherWallet/MyEtherWallet
NEG_01274,0,0,0,1574,2,1.5540579e-09,0,0.43351635336875916,SentenceTransformer+MLP+Optuna (offline),mygo-ecosystem/OSSWallet-non-custodial-crypto-wallet
NEG_01280,0,0,0,1580,2,2.5744338e-14,0,0.43351635336875916,SentenceTransformer+MLP+Optuna (offline),naman159/Blockchain_Cryptocurrency
NEG_01281,0,0,0,1581,2,2.3494774e-11,0,0.43351635336875916,SentenceTransformer+MLP+Optuna (offline),namesys-eth/istest-eth
NEG_01284,0,0,0,1584,2,0.004196553,0,0.43351635336875916,SentenceTransformer+MLP+Optuna (offline),nassirou-N/defi_crypto
NEG_01285,0,0,0,1585,2,3.6141966e-05,0,0.43351635336875916,SentenceTransformer+MLP+Optuna (offline),nathaniel-cmd/defi-native-nft-exchange
NEG_01287,0,0,0,1587,2,1.1337657e-13,0,0.43351635336875916,SentenceTransformer+MLP+Optuna (offline),nazar-pc/abundance
NEG_01318,0,0,0,1618,2,1.5271728e-11,0,0.43351635336875916,SentenceTransformer+MLP+Optuna (offline),nimiq/php-xpub
NEG_01331,0,0,0,1631,2,4.500591e-09,0,0.43351635336875916,SentenceTransformer+MLP+Optuna (offline),nktkas/hyperliquid
NEG_01335,0,0,0,1635,2,3.188454e-08,0,0.43351635336875916,SentenceTransformer+MLP+Optuna (offline),noditlabs/nodit-mcp-server
NEG_01338,0,0,0,1638,2,3.337049e-09,0,0.43351635336875916,SentenceTransformer+MLP+Optuna (offline),Normalizex/1inch-api-v4
NEG_01345,0,0,0,1645,2,3.1419877e-11,0,0.43351635336875916,SentenceTransformer+MLP+Optuna (offline),nuts-foundation/crypto-ecies
NEG_01347,0,0,0,1647,2,4.6095643e-15,0,0.43351635336875916,SentenceTransformer+MLP+Optuna (offline),NyanyanKat/Crypto_Lottery_Solidity
NEG_01350,0,0,0,1650,2,5.823495e-06,0,0.43351635336875916,SentenceTransformer+MLP+Optuna (offline),ocalvet/bitcoin-wallet
NEG_01357,0,0,0,1657,2,3.8921023e-08,0,0.43351635336875916,SentenceTransformer+MLP+Optuna (offline),ohkuku/kurypto-wallet
NEG_01358,0,0,0,1658,2,2.232168e-14,0,0.43351635336875916,SentenceTransformer+MLP+Optuna (offline),oishii-pg-gohan/myCryptoZombie
NEG_01362,0,0,0,1662,2,2.6086015e-12,0,0.43351635336875916,SentenceTransformer+MLP+Optuna (offline),okx/js-wallet-sdk
NEG_01366,0,0,0,1666,2,4.45852e-06,0,0.43351635336875916,SentenceTransformer+MLP+Optuna (offline),olivermen/bitcoin-wallet-create-app
NEG_01375,0,0,0,1675,2,4.902053e-09,0,0.43351635336875916,SentenceTransformer+MLP+Optuna (offline),OnGridSystems/erc20_airdrop_cli
NEG_01381,0,0,0,1681,2,4.704578e-08,0,0.43351635336875916,SentenceTransformer+MLP+Optuna (offline),openocean-finance/OpenOcean-API-Examples
NEG_01385,0,0,0,1685,2,5.3350124e-12,0,0.43351635336875916,SentenceTransformer+MLP+Optuna (offline),opiethehokie/pfp-template
NEG_01394,0,0,0,1694,2,9.57828e-16,0,0.43351635336875916,SentenceTransformer+MLP+Optuna (offline),orweinberger/blockchain-dashboard
NEG_01401,0,0,0,1701,2,5.022539e-11,0,0.43351635336875916,SentenceTransformer+MLP+Optuna (offline),P4-Games/VeriTrust-SmartContracts
NEG_01425,0,0,0,1725,2,1.2551196e-21,0,0.43351635336875916,SentenceTransformer+MLP+Optuna (offline),pcaversaccio/createx
NEG_01427,0,0,0,1727,2,2.1657728e-12,0,0.43351635336875916,SentenceTransformer+MLP+Optuna (offline),peace-source/bitcoin-bridge
NEG_01428,0,0,0,1728,2,2.6498493e-11,0,0.43351635336875916,SentenceTransformer+MLP+Optuna (offline),PeggyJV/sommelier
NEG_01429,0,0,0,1729,2,4.454374e-12,0,0.43351635336875916,SentenceTransformer+MLP+Optuna (offline),pepekingbnb/pepe-contracts
NEG_01441,0,0,0,1741,2,8.375418e-08,0,0.43351635336875916,SentenceTransformer+MLP+Optuna (offline),PL2134/Capstone-Project
NEG_01449,0,0,0,1749,2,2.573841e-13,0,0.43351635336875916,SentenceTransformer+MLP+Optuna (offline),polkadot-js/apps
NEG_01450,0,0,0,1750,2,1.2544127e-11,0,0.43351635336875916,SentenceTransformer+MLP+Optuna (offline),Polkaverse/Substrate-Chain-to-deploy-Smart-Contract
NEG_01452,0,0,0,1752,2,1.9481675e-15,0,0.43351635336875916,SentenceTransformer+MLP+Optuna (offline),PolymathNetwork/polymath-core-deprecated
NEG_01453,0,0,0,1753,2,9.872762e-15,0,0.43351635336875916,SentenceTransformer+MLP+Optuna (offline),powerpool-finance/power-oracle-contracts
NEG_01455,0,0,0,1755,2,2.4681263e-08,0,0.43351635336875916,SentenceTransformer+MLP+Optuna (offline),PrakyathReddy/CryptoDevs-NFT-Collection
NEG_01459,0,0,0,1759,2,8.820191e-12,0,0.43351635336875916,SentenceTransformer+MLP+Optuna (offline),prashantprabhakar/p-ethereum
NEG_01464,0,0,0,1764,2,0.0039558224,0,0.43351635336875916,SentenceTransformer+MLP+Optuna (offline),prental/Defiewallet.crypto
NEG_01465,0,0,0,1765,2,8.1289246e-11,0,0.43351635336875916,SentenceTransformer+MLP+Optuna (offline),prgblockweek/prague-blockchain-week
NEG_01468,0,0,0,1768,2,9.726298e-08,0,0.43351635336875916,SentenceTransformer+MLP+Optuna (offline),PROFADAM/defi-token
NEG_01473,0,0,0,1773,2,8.372407e-14,0,0.43351635336875916,SentenceTransformer+MLP+Optuna (offline),PromiseGameFi/cyrrus-contract
NEG_01477,0,0,0,1777,2,1.9573963e-12,0,0.43351635336875916,SentenceTransformer+MLP+Optuna (offline),pubkey/eth-crypto
NEG_01487,0,0,0,1787,2,1.7858195e-12,0,0.43351635336875916,SentenceTransformer+MLP+Optuna (offline),quang1225/GoFox-Frontend
NEG_01491,0,0,0,1791,2,5.168948e-16,0,0.43351635336875916,SentenceTransformer+MLP+Optuna (offline),Quiark/Roboth.web3
NEG_01494,0,0,0,1794,2,3.0874872e-11,0,0.43351635336875916,SentenceTransformer+MLP+Optuna (offline),R3D4NG3L/DebankScripts
NEG_01506,0,0,0,1806,2,7.787407e-14,0,0.43351635336875916,SentenceTransformer+MLP+Optuna (offline),rainbow-me/rainbow
NEG_01509,0,0,0,1809,2,2.7907676e-13,0,0.43351635336875916,SentenceTransformer+MLP+Optuna (offline),raj-pranav/learn-solidity
NEG_01517,0,0,0,1817,2,2.8762113e-09,0,0.43351635336875916,SentenceTransformer+MLP+Optuna (offline),rarepepi/nft-data
NEG_01518,0,0,0,1818,2,4.505968e-09,0,0.43351635336875916,SentenceTransformer+MLP+Optuna (offline),Rashi1005/Reputation-Forge-Crypto-Credit-Score-DApp
NEG_01519,0,0,0,1819,2,1.159081e-10,0,0.43351635336875916,SentenceTransformer+MLP+Optuna (offline),RavikantShinde05/Ethers_Academy
NEG_01525,0,0,0,1825,2,9.514952e-12,0,0.43351635336875916,SentenceTransformer+MLP+Optuna (offline),RCarmelaVO/qhatuy-wallet
NEG_01530,0,0,0,1830,2,3.4054324e-12,0,0.43351635336875916,SentenceTransformer+MLP+Optuna (offline),redacademy/ethereum-graphql
NEG_01537,0,0,0,1837,2,2.5148512e-09,0,0.43351635336875916,SentenceTransformer+MLP+Optuna (offline),renpool/renpool-contracts
NEG_01538,0,0,0,1838,2,2.0203544e-13,0,0.43351635336875916,SentenceTransformer+MLP+Optuna (offline),reown-com/appkit
NEG_01542,0,0,0,1842,2,1.2752239e-12,0,0.43351635336875916,SentenceTransformer+MLP+Optuna (offline),RFMCR/Platzi_ETHDeveloperProgram2023
NEG_01545,0,0,0,1845,2,2.4436792e-12,0,0.43351635336875916,SentenceTransformer+MLP+Optuna (offline),rickstewartdev/Dbank
NEG_01546,0,0,0,1846,2,3.0584643e-10,0,0.43351635336875916,SentenceTransformer+MLP+Optuna (offline),riglr/riglr
NEG_01554,0,0,0,1854,2,1.0096649e-08,0,0.43351635336875916,SentenceTransformer+MLP+Optuna (offline),rm4328-d/web3de4
NEG_01563,0,0,0,1863,2,1.3999004e-11,0,0.43351635336875916,SentenceTransformer+MLP+Optuna (offline),rohanhraj/MultiSignature-Wallet-SmartContract
NEG_01573,0,0,0,1873,2,2.3647484e-12,0,0.43351635336875916,SentenceTransformer+MLP+Optuna (offline),roysowah/solarwind
NEG_01575,0,0,0,1875,2,1.6282068e-07,0,0.43351635336875916,SentenceTransformer+MLP+Optuna (offline),rstkey/whitelist_token
NEG_01583,0,0,0,1883,2,1.6960966e-12,0,0.43351635336875916,SentenceTransformer+MLP+Optuna (offline),rxhul18/DeWall
NEG_01591,0,0,0,1891,2,5.2049063e-07,0,0.43351635336875916,SentenceTransformer+MLP+Optuna (offline),saaim23/QuantPilot
NEG_01594,0,0,0,1894,2,1.3334315e-08,0,0.43351635336875916,SentenceTransformer+MLP+Optuna (offline),safeblock-com/dex_contract
NEG_01600,0,0,0,1900,2,3.227286e-24,0,0.43351635336875916,SentenceTransformer+MLP+Optuna (offline),sambacha/compendium
NEG_01601,0,0,0,1901,2,4.066562e-22,0,0.43351635336875916,SentenceTransformer+MLP+Optuna (offline),sambacha/create-subgraph-app
NEG_01604,0,0,0,1904,2,1.5841936e-06,0,0.43351635336875916,SentenceTransformer+MLP+Optuna (offline),sanjibbaral435/Ethereum_Solidity_Udemy
NEG_01605,0,0,0,1905,2,1.2563385e-10,0,0.43351635336875916,SentenceTransformer+MLP+Optuna (offline),SANTHOSH17-DOT/HODL
NEG_01610,0,0,0,1910,2,5.82462e-09,0,0.43351635336875916,SentenceTransformer+MLP+Optuna (offline),satisfywithmylife/phantom-py
NEG_01622,0,0,0,1922,2,7.5562945e-11,0,0.43351635336875916,SentenceTransformer+MLP+Optuna (offline),scotch53/Smart-Contract-for-Token-Minting-in-Solidity
NEG_01623,0,0,0,1923,2,5.5944187e-11,0,0.43351635336875916,SentenceTransformer+MLP+Optuna (offline),sdelvalle57/bonding-curves
NEG_01624,0,0,0,1924,2,6.1117854e-11,0,0.43351635336875916,SentenceTransformer+MLP+Optuna (offline),sdhosseinabadi/aleo-project
NEG_01626,0,0,0,1926,2,1.8173983e-12,0,0.43351635336875916,SentenceTransformer+MLP+Optuna (offline),sebetelist/bitcoin-wallet
NEG_01628,0,0,0,1928,2,3.7580467e-13,0,0.43351635336875916,SentenceTransformer+MLP+Optuna (offline),Sebx/blockchain_wallet
NEG_01629,0,0,0,1929,2,1.0257364e-09,0,0.43351635336875916,SentenceTransformer+MLP+Optuna (offline),second-state/smart-contract-search-engine
NEG_01644,0,0,0,1944,2,3.786655e-09,0,0.43351635336875916,SentenceTransformer+MLP+Optuna (offline),shape-network/builder-kit
NEG_01646,0,0,0,1946,2,0.15797924,0,0.43351635336875916,SentenceTransformer+MLP+Optuna (offline),shardeum/shardeum-docs
NEG_01649,0,0,0,1949,2,6.213854e-13,0,0.43351635336875916,SentenceTransformer+MLP+Optuna (offline),shifaj22/Nft_Marketplace_SmartContract
NEG_01650,0,0,0,1950,2,2.6454794e-05,0,0.43351635336875916,SentenceTransformer+MLP+Optuna (offline),shirley2749-dunn7/ethere1
NEG_01653,0,0,0,1953,2,3.6869414e-13,0,0.43351635336875916,SentenceTransformer+MLP+Optuna (offline),ShivRaiGithub/DeFi-Assessment
NEG_01659,0,0,0,1959,2,8.497497e-09,0,0.43351635336875916,SentenceTransformer+MLP+Optuna (offline),shumbushojeanbaptiste/Blockchain-task-2025
NEG_01664,0,0,0,1964,2,1.2673711e-14,0,0.43351635336875916,SentenceTransformer+MLP+Optuna (offline),SilentCicero/wafr
NEG_01665,0,0,0,1965,2,2.4631495e-09,0,0.43351635336875916,SentenceTransformer+MLP+Optuna (offline),SimonPhoenix96/crypto-website
NEG_01676,0,0,0,1976,2,9.975507e-15,0,0.43351635336875916,SentenceTransformer+MLP+Optuna (offline),slaviquee/monolith
NEG_01680,0,0,0,1980,2,2.1771115e-07,0,0.43351635336875916,SentenceTransformer+MLP+Optuna (offline),smart-bsy/web3_crypto-smart-contract
NEG_01681,0,0,0,1981,2,1.8327987e-12,0,0.43351635336875916,SentenceTransformer+MLP+Optuna (offline),smartbugs/smartbugs-curated
NEG_01683,0,0,0,1983,2,3.473867e-14,0,0.43351635336875916,SentenceTransformer+MLP+Optuna (offline),smartbugs/smartbugs
NEG_01692,0,0,0,1992,2,7.5240224e-11,0,0.43351635336875916,SentenceTransformer+MLP+Optuna (offline),SofianeHamlaoui/Cryto-Minning-Simulator
NEG_01697,0,0,0,1997,2,4.796304e-09,0,0.43351635336875916,SentenceTransformer+MLP+Optuna (offline),solidityj/solidity-antlr4
NEG_01706,0,0,0,2006,2,5.230335e-13,0,0.43351635336875916,SentenceTransformer+MLP+Optuna (offline),sparrowwallet/sparrow
NEG_01718,0,0,0,2018,2,8.547534e-12,0,0.43351635336875916,SentenceTransformer+MLP+Optuna (offline),stacks-archive/blockstack-browser
NEG_01723,0,0,0,2023,2,2.398578e-07,0,0.43351635336875916,SentenceTransformer+MLP+Optuna (offline),stellarnodeN/Q3_25_NFT_Staking
NEG_01726,0,0,0,2026,2,1.8325426e-13,0,0.43351635336875916,SentenceTransformer+MLP+Optuna (offline),Stephen-Kimoi/NFT-collection
NEG_01727,0,0,0,2027,2,4.394935e-06,0,0.43351635336875916,SentenceTransformer+MLP+Optuna (offline),stevenbooke/decentralized-crowdfunding
NEG_01735,0,0,0,2035,2,2.5714869e-12,0,0.43351635336875916,SentenceTransformer+MLP+Optuna (offline),Sudhanmanoharan/MarketPlace-BlockChain
NEG_01738,0,0,0,2038,2,3.19142e-10,0,0.43351635336875916,SentenceTransformer+MLP+Optuna (offline),summa-tx/coins
NEG_01747,0,0,0,2047,2,1.2620267e-16,0,0.43351635336875916,SentenceTransformer+MLP+Optuna (offline),supercoolx/NFT-Contract-Utilities
NEG_01749,0,0,0,2049,2,6.783743e-09,0,0.43351635336875916,SentenceTransformer+MLP+Optuna (offline),superfluid-org/protocol-monorepo
NEG_01755,0,0,0,2055,2,1.5161837e-12,0,0.43351635336875916,SentenceTransformer+MLP+Optuna (offline),swapkit/SwapKit
NEG_01773,0,0,0,2073,2,1.11656205e-11,0,0.43351635336875916,SentenceTransformer+MLP+Optuna (offline),talonlab/hdwallet-desktop
NEG_01776,0,0,0,2076,2,3.9508428e-05,0,0.43351635336875916,SentenceTransformer+MLP+Optuna (offline),tanish35/Blockchain-Tracker
NEG_01781,0,0,0,2081,2,5.3130477e-12,0,0.43351635336875916,SentenceTransformer+MLP+Optuna (offline),taoteh1221/Open_Crypto_Tracker
NEG_01807,0,0,0,2107,2,4.145466e-13,0,0.43351635336875916,SentenceTransformer+MLP+Optuna (offline),theblockstalk/inter-crypto
NEG_01809,0,0,0,2109,2,1.5484046e-08,0,0.43351635336875916,SentenceTransformer+MLP+Optuna (offline),thedarkhorse934/ai-blockchain-explainer
NEG_01816,0,0,0,2116,2,5.187274e-14,0,0.43351635336875916,SentenceTransformer+MLP+Optuna (offline),thomas21-jquerry/Casino
NEG_01825,0,0,0,2125,2,3.765003e-11,0,0.43351635336875916,SentenceTransformer+MLP+Optuna (offline),tmdi123/amazing-cat-
NEG_01830,0,0,0,2130,2,3.8507363e-08,0,0.43351635336875916,SentenceTransformer+MLP+Optuna (offline),tonkeeper/ton-console
NEG_01837,0,0,0,2137,2,0.00027029897,0,0.43351635336875916,SentenceTransformer+MLP+Optuna (offline),TP-Lab/key-generator
NEG_01838,0,0,0,2138,2,3.788862e-11,0,0.43351635336875916,SentenceTransformer+MLP+Optuna (offline),TP-Lab/Mobile-SDK
NEG_01848,0,0,0,2148,2,2.2458126e-10,0,0.43351635336875916,SentenceTransformer+MLP+Optuna (offline),Trum3it/bsc-web3-connector
NEG_01852,0,0,0,2152,2,3.0957106e-09,0,0.43351635336875916,SentenceTransformer+MLP+Optuna (offline),Tsatsch/Web3DevLearn
NEG_01869,0,0,0,2169,2,2.0126814e-09,0,0.43351635336875916,SentenceTransformer+MLP+Optuna (offline),uhsr/CryptoLedgerParser
NEG_01876,0,0,0,2176,2,2.0358586e-09,0,0.43351635336875916,SentenceTransformer+MLP+Optuna (offline),uola9210-cmd/BTC-or-ETH
NEG_01883,0,0,0,2183,2,7.3528975e-11,0,0.43351635336875916,SentenceTransformer+MLP+Optuna (offline),v3xlabs/open-lavatory
NEG_01893,0,0,0,2193,2,0.9916475,1,0.43351635336875916,SentenceTransformer+MLP+Optuna (offline),Vedant7789/defi_wallet_score
NEG_01900,0,0,0,2200,2,2.2057017e-16,0,0.43351635336875916,SentenceTransformer+MLP+Optuna (offline),vgrichina/web4
NEG_01902,0,0,0,2202,2,6.467518e-08,0,0.43351635336875916,SentenceTransformer+MLP+Optuna (offline),viaprotocol/format-crypto
NEG_01906,0,0,0,2206,2,1.461015e-11,0,0.43351635336875916,SentenceTransformer+MLP+Optuna (offline),vigneshbalu96/Inherited-ERC-20-contract
NEG_01913,0,0,0,2213,2,2.6053473e-10,0,0.43351635336875916,SentenceTransformer+MLP+Optuna (offline),vipul-69-ax/CryptoFlip
NEG_01915,0,0,0,2215,2,2.7621223e-14,0,0.43351635336875916,SentenceTransformer+MLP+Optuna (offline),vishnoitanuj/Blockchain-Cryptocurrency
NEG_01923,0,0,0,2223,2,2.0808524e-13,0,0.43351635336875916,SentenceTransformer+MLP+Optuna (offline),vitwit/Multisig-Wallet-ERC20
NEG_01925,0,0,0,2225,2,6.333766e-09,0,0.43351635336875916,SentenceTransformer+MLP+Optuna (offline),Vivojay/De-Fi-Infidelity-Coders
NEG_01926,0,0,0,2226,2,4.574683e-06,0,0.43351635336875916,SentenceTransformer+MLP+Optuna (offline),vjbhandari61/web3-authentication
NEG_01929,0,0,0,2229,2,1.513482e-16,0,0.43351635336875916,SentenceTransformer+MLP+Optuna (offline),vm542/bitcoin-wallet-bot
NEG_01931,0,0,0,2231,2,2.105152e-07,0,0.43351635336875916,SentenceTransformer+MLP+Optuna (offline),vmieres/BlockChain-Python
NEG_01933,0,0,0,2233,2,7.653938e-09,0,0.43351635336875916,SentenceTransformer+MLP+Optuna (offline),vrakesh2907/MicroLend
NEG_01940,0,0,0,2240,2,2.2767604e-12,0,0.43351635336875916,SentenceTransformer+MLP+Optuna (offline),Wallet3/Wallet3
NEG_01942,0,0,0,2242,2,3.8613177e-13,0,0.43351635336875916,SentenceTransformer+MLP+Optuna (offline),walleth/walleth
NEG_01956,0,0,0,2256,2,2.0878556e-11,0,0.43351635336875916,SentenceTransformer+MLP+Optuna (offline),WeaverFi/weaverfi
NEG_01968,0,0,0,2268,2,2.6050143e-10,0,0.43351635336875916,SentenceTransformer+MLP+Optuna (offline),weichen466/CryptoCrowd
NEG_01972,0,0,0,2272,2,1.2757718e-07,0,0.43351635336875916,SentenceTransformer+MLP+Optuna (offline),wevm/awesome-wagmi
NEG_01978,0,0,0,2278,2,1.735211e-10,0,0.43351635336875916,SentenceTransformer+MLP+Optuna (offline),WizardOfAus/WizardsEthereumWorkshop
NEG_01998,0,0,0,2298,2,4.6797754e-13,0,0.43351635336875916,SentenceTransformer+MLP+Optuna (offline),XRPLF/xrpl.js
NEG_02019,0,0,0,2319,2,4.019439e-14,0,0.43351635336875916,SentenceTransformer+MLP+Optuna (offline),yigittopm/lkd-web3-blockchain
NEG_02020,0,0,0,2320,2,1.3314713e-13,0,0.43351635336875916,SentenceTransformer+MLP+Optuna (offline),YiJie-Zhu/Crypto-Identity
NEG_02021,0,0,0,2321,2,5.689101e-11,0,0.43351635336875916,SentenceTransformer+MLP+Optuna (offline),yippee-ki-yay/CryptoJingles
NEG_02031,0,0,0,2331,2,0.012457782,0,0.43351635336875916,SentenceTransformer+MLP+Optuna (offline),yurkenchik/Crypto-Ethereum-TTE-blockchain
NEG_02035,0,0,0,2335,2,3.3882827e-08,0,0.43351635336875916,SentenceTransformer+MLP+Optuna (offline),zakcroft/shared-wallet-blockchain-solidity
NEG_02036,0,0,0,2336,2,3.133935e-09,0,0.43351635336875916,SentenceTransformer+MLP+Optuna (offline),zama-ai/blockchain-wallet-exporter
NEG_02039,0,0,0,2339,2,1.9205989e-12,0,0.43351635336875916,SentenceTransformer+MLP+Optuna (offline),zeriontech/defi-sdk
NEG_02040,0,0,0,2340,2,1.3474635e-18,0,0.43351635336875916,SentenceTransformer+MLP+Optuna (offline),zeta-chain/node
NEG_02044,0,0,0,2344,2,6.572819e-10,0,0.43351635336875916,SentenceTransformer+MLP+Optuna (offline),zillet/zillet
NEG_02048,0,0,0,2348,2,5.908328e-16,0,0.43351635336875916,SentenceTransformer+MLP+Optuna (offline),zman0225/bitcoinclass
F3_web3_platform_app,1,1,0,7,3,0.9585797,1,0.020716210827231407,SentenceTransformer+MLP+Optuna (offline),arliawhite/rentverse
F3_web3_platform_app,1,1,0,10,3,0.7014309,1,0.020716210827231407,SentenceTransformer+MLP+Optuna (offline),clixlogix/blockchain-dev
F3_web3_platform_app,1,1,0,21,3,0.58165914,1,0.020716210827231407,SentenceTransformer+MLP+Optuna (offline),knightsdex/knightsbridge-dex
F3_web3_platform_app,1,1,0,26,3,0.33619747,1,0.020716210827231407,SentenceTransformer+MLP+Optuna (offline),MentarisHub121/TokenPresaleApp
F3_web3_platform_app,1,1,0,28,3,0.009638767,0,0.020716210827231407,SentenceTransformer+MLP+Optuna (offline),mirzamudassir/blocknovas-nyx-public
F3_web3_platform_app,1,1,0,35,3,0.23592463,1,0.020716210827231407,SentenceTransformer+MLP+Optuna (offline),SuperDev313/Trading_Platform_Ultrax
F3_web3_platform_app,1,1,0,36,3,0.67158633,1,0.020716210827231407,SentenceTransformer+MLP+Optuna (offline),ta3pks/Decentralized-Social
F3_web3_platform_app,1,1,0,41,3,0.06664997,1,0.020716210827231407,SentenceTransformer+MLP+Optuna (offline),xorostar/blocknovas-llc-currency-converter-task
F3_web3_platform_app,1,0,1,136,3,0.9546173,1,0.020716210827231407,SentenceTransformer+MLP+Optuna (offline),arliawhitec/rentverse
F3_web3_platform_app,1,0,1,137,3,0.6404384,1,0.020716210827231407,SentenceTransformer+MLP+Optuna (offline),studio-hu/blockchain-dev
F3_web3_platform_app,1,0,1,138,3,0.6679878,1,0.020716210827231407,SentenceTransformer+MLP+Optuna (offline),knightsdexj/knightsbridge-dex
F3_web3_platform_app,1,0,1,139,3,0.29105082,1,0.020716210827231407,SentenceTransformer+MLP+Optuna (offline),protocol-app/TokenPresaleApp
F3_web3_platform_app,1,0,1,140,3,0.009156089,0,0.020716210827231407,SentenceTransformer+MLP+Optuna (offline),mirzamudassi/blocknovas-nyx-public
F3_web3_platform_app,1,0,1,141,3,0.22761352,1,0.020716210827231407,SentenceTransformer+MLP+Optuna (offline),SuperDev31/Trading_Platform_Ultrax
F3_web3_platform_app,1,0,1,142,3,0.59023404,1,0.020716210827231407,SentenceTransformer+MLP+Optuna (offline),ta3pks2/Decentralized-Social
F3_web3_platform_app,1,0,1,143,3,0.06662395,1,0.020716210827231407,SentenceTransformer+MLP+Optuna (offline),xorostar2/blocknovas-llc-currency-converter-task
F3_web3_platform_app,1,0,1,144,3,0.9628817,1,0.020716210827231407,SentenceTransformer+MLP+Optuna (offline),arliawhite2/rentverse
F3_web3_platform_app,1,0,1,145,3,0.596048,1,0.020716210827231407,SentenceTransformer+MLP+Optuna (offline),app-proto/blockchain-dev
F3_web3_platform_app,1,0,1,146,3,0.67648715,1,0.020716210827231407,SentenceTransformer+MLP+Optuna (offline),knightsdexk/knightsbridge-dex
F3_web3_platform_app,1,0,1,147,3,0.26404223,1,0.020716210827231407,SentenceTransformer+MLP+Optuna (offline),chain-studio/TokenPresaleApp
F3_web3_platform_app,1,0,1,148,3,0.012839394,0,0.020716210827231407,SentenceTransformer+MLP+Optuna (offline),mirzamudassira/blocknovas-nyx-public
F3_web3_platform_app,1,0,1,149,3,0.19623509,1,0.020716210827231407,SentenceTransformer+MLP+Optuna (offline),SuperDev3132/Trading_Platform_Ultrax
F3_web3_platform_app,1,0,1,150,3,0.68325514,1,0.020716210827231407,SentenceTransformer+MLP+Optuna (offline),ta3pk/Decentralized-Social
F3_web3_platform_app,1,0,1,151,3,0.058780894,1,0.020716210827231407,SentenceTransformer+MLP+Optuna (offline),xorostar3/blocknovas-llc-currency-converter-task
F3_web3_platform_app,1,0,1,152,3,0.95620763,1,0.020716210827231407,SentenceTransformer+MLP+Optuna (offline),arliawhitew/rentverse
F3_web3_platform_app,1,0,1,153,3,0.70997834,1,0.020716210827231407,SentenceTransformer+MLP+Optuna (offline),chain-stu/blockchain-dev
F3_web3_platform_app,1,0,1,154,3,0.6727058,1,0.020716210827231407,SentenceTransformer+MLP+Optuna (offline),knightsdex2/knightsbridge-dex
F3_web3_platform_app,1,0,1,155,3,0.22616495,1,0.020716210827231407,SentenceTransformer+MLP+Optuna (offline),labs-protocol/TokenPresaleApp
F3_web3_platform_app,1,0,1,156,3,0.011347781,0,0.020716210827231407,SentenceTransformer+MLP+Optuna (offline),mirzamudassir2/blocknovas-nyx-public
F3_web3_platform_app,1,0,1,157,3,0.22918765,1,0.020716210827231407,SentenceTransformer+MLP+Optuna (offline),SuperDev313d/Trading_Platform_Ultrax
F3_web3_platform_app,1,0,1,158,3,0.61097974,1,0.020716210827231407,SentenceTransformer+MLP+Optuna (offline),ta3pk2/Decentralized-Social
F3_web3_platform_app,1,0,1,159,3,0.027924787,1,0.020716210827231407,SentenceTransformer+MLP+Optuna (offline),xorostar32/blocknovas-llc-currency-converter-task
F3_web3_platform_app,1,0,1,160,3,0.96258646,1,0.020716210827231407,SentenceTransformer+MLP+Optuna (offline),arliawhite3/rentverse
F3_web3_platform_app,1,0,1,161,3,0.6919337,1,0.020716210827231407,SentenceTransformer+MLP+Optuna (offline),labs-stud/blockchain-dev
F3_web3_platform_app,1,0,1,162,3,0.67987067,1,0.020716210827231407,SentenceTransformer+MLP+Optuna (offline),knightsdexl/knightsbridge-dex
F3_web3_platform_app,1,0,1,163,3,0.2426512,1,0.020716210827231407,SentenceTransformer+MLP+Optuna (offline),chain-studio2/TokenPresaleApp
F3_web3_platform_app,1,0,1,164,3,0.011497907,0,0.020716210827231407,SentenceTransformer+MLP+Optuna (offline),mirzamudassirj/blocknovas-nyx-public
F3_web3_platform_app,1,0,1,165,3,0.18395413,1,0.020716210827231407,SentenceTransformer+MLP+Optuna (offline),SuperDev3133/Trading_Platform_Ultrax
F3_web3_platform_app,1,0,1,166,3,0.7035287,1,0.020716210827231407,SentenceTransformer+MLP+Optuna (offline),ta3pks3/Decentralized-Social
F3_web3_platform_app,1,0,1,167,3,0.075972386,1,0.020716210827231407,SentenceTransformer+MLP+Optuna (offline),xorosta/blocknovas-llc-currency-converter-task
F3_web3_platform_app,1,0,1,168,3,0.9613243,1,0.020716210827231407,SentenceTransformer+MLP+Optuna (offline),arliawhite4/rentverse
F3_web3_platform_app,1,0,1,169,3,0.61679655,1,0.020716210827231407,SentenceTransformer+MLP+Optuna (offline),protocol-/blockchain-dev
F3_web3_platform_app,1,0,1,170,3,0.61255276,1,0.020716210827231407,SentenceTransformer+MLP+Optuna (offline),knightsdexf/knightsbridge-dex
F3_web3_platform_app,1,0,1,171,3,0.2855782,1,0.020716210827231407,SentenceTransformer+MLP+Optuna (offline),verse-studio/TokenPresaleApp
F3_web3_platform_app,1,0,1,172,3,0.013117345,0,0.020716210827231407,SentenceTransformer+MLP+Optuna (offline),mirzamudassiri/blocknovas-nyx-public
F3_web3_platform_app,1,0,1,173,3,0.22519284,1,0.020716210827231407,SentenceTransformer+MLP+Optuna (offline),SuperDev312/Trading_Platform_Ultrax
F3_web3_platform_app,1,0,1,174,3,0.5959776,1,0.020716210827231407,SentenceTransformer+MLP+Optuna (offline),ta3pks4/Decentralized-Social
F3_web3_platform_app,1,0,1,175,3,0.120274425,1,0.020716210827231407,SentenceTransformer+MLP+Optuna (offline),xorosta2/blocknovas-llc-currency-converter-task
F3_web3_platform_app,1,0,1,176,3,0.9635765,1,0.020716210827231407,SentenceTransformer+MLP+Optuna (offline),arliawhit/rentverse
F3_web3_platform_app,1,0,1,177,3,0.71696264,1,0.020716210827231407,SentenceTransformer+MLP+Optuna (offline),protocol-2/blockchain-dev
F3_web3_platform_app,1,0,1,178,3,0.6955424,1,0.020716210827231407,SentenceTransformer+MLP+Optuna (offline),knightsdex3/knightsbridge-dex
F3_web3_platform_app,1,0,1,179,3,0.16271017,1,0.020716210827231407,SentenceTransformer+MLP+Optuna (offline),studio-labs/TokenPresaleApp
F3_web3_platform_app,1,0,1,180,3,0.012754467,0,0.020716210827231407,SentenceTransformer+MLP+Optuna (offline),mirzamudassir3/blocknovas-nyx-public
F3_web3_platform_app,1,0,1,181,3,0.22477913,1,0.020716210827231407,SentenceTransformer+MLP+Optuna (offline),SuperDev313k/Trading_Platform_Ultrax
F3_web3_platform_app,1,0,1,182,3,0.70568526,1,0.020716210827231407,SentenceTransformer+MLP+Optuna (offline),ta3pksm/Decentralized-Social
F3_web3_platform_app,1,0,1,183,3,0.06291876,1,0.020716210827231407,SentenceTransformer+MLP+Optuna (offline),xorosta3/blocknovas-llc-currency-converter-task
F3_web3_platform_app,1,0,1,184,3,0.96205854,1,0.020716210827231407,SentenceTransformer+MLP+Optuna (offline),arliawhite5/rentverse
F3_web3_platform_app,1,0,1,185,3,0.641619,1,0.020716210827231407,SentenceTransformer+MLP+Optuna (offline),protocol-3/blockchain-dev
F3_web3_platform_app,1,0,1,186,3,0.5730391,1,0.020716210827231407,SentenceTransformer+MLP+Optuna (offline),knightsdex4/knightsbridge-dex
F3_web3_platform_app,1,0,1,187,3,0.22824037,1,0.020716210827231407,SentenceTransformer+MLP+Optuna (offline),app-studio/TokenPresaleApp
NEG_00000,0,0,0,300,3,0.008921497,0,0.020716210827231407,SentenceTransformer+MLP+Optuna (offline),007SKRN/crypto-portfolio-tracker
NEG_00003,0,0,0,303,3,9.4353956e-05,0,0.020716210827231407,SentenceTransformer+MLP+Optuna (offline),0wl3xSec/web3-cryptozombies
NEG_00005,0,0,0,305,3,0.0020620741,0,0.020716210827231407,SentenceTransformer+MLP+Optuna (offline),0x4543/zeta-crypto
NEG_00007,0,0,0,307,3,1.4657072e-06,0,0.020716210827231407,SentenceTransformer+MLP+Optuna (offline),0xbitcoin/0xbitcoin-token
NEG_00010,0,0,0,310,3,0.0045862733,0,0.020716210827231407,SentenceTransformer+MLP+Optuna (offline),0xdevrel/Conditional-NFTs
NEG_00012,0,0,0,312,3,6.475003e-05,0,0.020716210827231407,SentenceTransformer+MLP+Optuna (offline),0xfps/python-solidity-blockchain-smart-contract-course
NEG_00024,0,0,0,324,3,0.00011580577,0,0.020716210827231407,SentenceTransformer+MLP+Optuna (offline),0xmdrakib/JesseHillClimb
NEG_00027,0,0,0,327,3,3.6035482e-05,0,0.020716210827231407,SentenceTransformer+MLP+Optuna (offline),0xpranay/WildCoins-NFT
NEG_00033,0,0,0,333,3,0.011391614,0,0.020716210827231407,SentenceTransformer+MLP+Optuna (offline),1-5Pool/RansomwareEschrowService
NEG_00041,0,0,0,341,3,0.00036010324,0,0.020716210827231407,SentenceTransformer+MLP+Optuna (offline),23Konradbase/altseason-ethereum
NEG_00042,0,0,0,342,3,3.2359405e-06,0,0.020716210827231407,SentenceTransformer+MLP+Optuna (offline),2qx/awesome-bitcoin-cash
NEG_00047,0,0,0,347,3,0.029425288,1,0.020716210827231407,SentenceTransformer+MLP+Optuna (offline),914alexwillett/StochRSI-Crypto-Trading-Algorithm
NEG_00052,0,0,0,352,3,0.0015408869,0,0.020716210827231407,SentenceTransformer+MLP+Optuna (offline),aankor/wnft
NEG_00055,0,0,0,355,3,0.7217338,1,0.020716210827231407,SentenceTransformer+MLP+Optuna (offline),aaronajis92/smart-contract-cryptorian
NEG_00060,0,0,0,360,3,1.7039238e-05,0,0.020716210827231407,SentenceTransformer+MLP+Optuna (offline),abdullahpichoo/SimpleStorage-using-Brownie
NEG_00066,0,0,0,366,3,8.934641e-07,0,0.020716210827231407,SentenceTransformer+MLP+Optuna (offline),ac12644/ICO-Smart-Contract
NEG_00068,0,0,0,368,3,4.4736785e-06,0,0.020716210827231407,SentenceTransformer+MLP+Optuna (offline),AchyuthMohan/Blockchain-Cryptogram
NEG_00074,0,0,0,374,3,8.823975e-07,0,0.020716210827231407,SentenceTransformer+MLP+Optuna (offline),Adamant-im/adamant-im
NEG_00077,0,0,0,377,3,4.0822924e-06,0,0.020716210827231407,SentenceTransformer+MLP+Optuna (offline),adeshshukla/MyCryptoFolio
NEG_00080,0,0,0,380,3,6.0513994e-06,0,0.020716210827231407,SentenceTransformer+MLP+Optuna (offline),Aditya-alchemist/GFGKIIT-CRYPTOMA-HyperThon
NEG_00082,0,0,0,382,3,0.00019017473,0,0.020716210827231407,SentenceTransformer+MLP+Optuna (offline),AdrianaMiha/Krypto
NEG_00085,0,0,0,385,3,2.711788e-07,0,0.020716210827231407,SentenceTransformer+MLP+Optuna (offline),adrianhajdin/project_web3_battle_game
NEG_00088,0,0,0,388,3,0.023457944,1,0.020716210827231407,SentenceTransformer+MLP+Optuna (offline),Adrijan-Petek/gas-fee-optimizer
NEG_00092,0,0,0,392,3,0.00011584464,0,0.020716210827231407,SentenceTransformer+MLP+Optuna (offline),adw0rd/solidity-create2-web3-example
NEG_00094,0,0,0,394,3,0.00019034962,0,0.020716210827231407,SentenceTransformer+MLP+Optuna (offline),aelew/cryptotracker
NEG_00096,0,0,0,396,3,1.2848946e-06,0,0.020716210827231407,SentenceTransformer+MLP+Optuna (offline),aeternity/aeternity
NEG_00097,0,0,0,397,3,0.02782158,1,0.020716210827231407,SentenceTransformer+MLP+Optuna (offline),afacchi0/rpc-inspector
NEG_00102,0,0,0,402,3,0.00039485315,0,0.020716210827231407,SentenceTransformer+MLP+Optuna (offline),aha-moment-group/braavos
NEG_00104,0,0,0,404,3,1.1310145e-05,0,0.020716210827231407,SentenceTransformer+MLP+Optuna (offline),ahester57/private-chain
NEG_00105,0,0,0,405,3,1.845519e-05,0,0.020716210827231407,SentenceTransformer+MLP+Optuna (offline),ahmadbrainworks/fiddi
NEG_00106,0,0,0,406,3,3.3491357e-05,0,0.020716210827231407,SentenceTransformer+MLP+Optuna (offline),ahmedali8/hardhat-js-starterkit
NEG_00110,0,0,0,410,3,3.478098e-05,0,0.020716210827231407,SentenceTransformer+MLP+Optuna (offline),ahmetzturk/epic-nfts
NEG_00117,0,0,0,417,3,4.483332e-05,0,0.020716210827231407,SentenceTransformer+MLP+Optuna (offline),aitos-io/BoAT-X-Framework
NEG_00125,0,0,0,425,3,0.0052997675,0,0.020716210827231407,SentenceTransformer+MLP+Optuna (offline),akiselyoff/defi
NEG_00126,0,0,0,426,3,8.699838e-05,0,0.020716210827231407,SentenceTransformer+MLP+Optuna (offline),Akshat-cs/hardhat-defi-aave-v2
NEG_00129,0,0,0,429,3,0.00012145639,0,0.020716210827231407,SentenceTransformer+MLP+Optuna (offline),alanpelayoo/FatedEth
NEG_00131,0,0,0,431,3,0.0010118599,0,0.020716210827231407,SentenceTransformer+MLP+Optuna (offline),AlejandroGV96/web3-test
NEG_00132,0,0,0,432,3,2.1192645e-05,0,0.020716210827231407,SentenceTransformer+MLP+Optuna (offline),alejoacosta74/ethereum-erc20token-vault
NEG_00136,0,0,0,436,3,7.716379e-06,0,0.020716210827231407,SentenceTransformer+MLP+Optuna (offline),alesanro/ethereum-smart-contracts
NEG_00137,0,0,0,437,3,1.3792973e-05,0,0.020716210827231407,SentenceTransformer+MLP+Optuna (offline),alexandrupele/web3
NEG_00138,0,0,0,438,3,0.00094812707,0,0.020716210827231407,SentenceTransformer+MLP+Optuna (offline),alexbensimon/pakt
NEG_00139,0,0,0,439,3,0.0003911334,0,0.020716210827231407,SentenceTransformer+MLP+Optuna (offline),alexbiet/smartwallet
NEG_00140,0,0,0,440,3,0.0001657735,0,0.020716210827231407,SentenceTransformer+MLP+Optuna (offline),AlexCheema/Tanuki
NEG_00142,0,0,0,442,3,0.00023944247,0,0.020716210827231407,SentenceTransformer+MLP+Optuna (offline),alexia795/Gnosis-wallet-pro
NEG_00144,0,0,0,444,3,0.00021835278,0,0.020716210827231407,SentenceTransformer+MLP+Optuna (offline),alexx855/axie-tools
NEG_00156,0,0,0,456,3,0.00013400396,0,0.020716210827231407,SentenceTransformer+MLP+Optuna (offline),almonit/almonit-plugin
NEG_00158,0,0,0,458,3,2.2858692e-06,0,0.020716210827231407,SentenceTransformer+MLP+Optuna (offline),alpaca-finance/bsc-alpaca-contract
NEG_00164,0,0,0,464,3,2.8843986e-06,0,0.020716210827231407,SentenceTransformer+MLP+Optuna (offline),amazingandyyy/leptin
NEG_00165,0,0,0,465,3,3.9199438e-07,0,0.020716210827231407,SentenceTransformer+MLP+Optuna (offline),amazingandyyy/solidity-contracts
NEG_00167,0,0,0,467,3,0.004298353,0,0.020716210827231407,SentenceTransformer+MLP+Optuna (offline),amnegan/BlockChain-CryptoCurrencies
NEG_00171,0,0,0,471,3,0.08276571,1,0.020716210827231407,SentenceTransformer+MLP+Optuna (offline),An4Dev/Solana-Bitcoin-NFT-Dex-Defi-P2EGame-SmartContract-Web3-Projects
NEG_00178,0,0,0,478,3,0.002207481,0,0.020716210827231407,SentenceTransformer+MLP+Optuna (offline),andrewinsoul/CadenaCourse-CryptoBank-UI
NEG_00183,0,0,0,483,3,0.0002485555,0,0.020716210827231407,SentenceTransformer+MLP+Optuna (offline),AnnaNX1/create-NFT
NEG_00193,0,0,0,493,3,0.0002626662,0,0.020716210827231407,SentenceTransformer+MLP+Optuna (offline),anwar-776/gocryp8
NEG_00195,0,0,0,495,3,0.000484649,0,0.020716210827231407,SentenceTransformer+MLP+Optuna (offline),aonemd/stakehouse
NEG_00204,0,0,0,504,3,0.019786062,0,0.020716210827231407,SentenceTransformer+MLP+Optuna (offline),apoorvm230/web3-vuln-scanner
NEG_00209,0,0,0,509,3,0.007173658,0,0.020716210827231407,SentenceTransformer+MLP+Optuna (offline),Aranyani01/Alpha-defi-adapter
NEG_00213,0,0,0,513,3,7.8399773e-07,0,0.020716210827231407,SentenceTransformer+MLP+Optuna (offline),armors/armors-solidity
NEG_00215,0,0,0,515,3,1.5403049e-06,0,0.020716210827231407,SentenceTransformer+MLP+Optuna (offline),ArnaudBand/nftMarketplace
NEG_00224,0,0,0,524,3,2.9437932e-05,0,0.020716210827231407,SentenceTransformer+MLP+Optuna (offline),ArthurAhiyarov/Hardhat-Betting-Smart-Contract-Bsc
NEG_00227,0,0,0,527,3,0.0018910735,0,0.020716210827231407,SentenceTransformer+MLP+Optuna (offline),Aryan0770/Blockchain-Major-CryptoBox
NEG_00228,0,0,0,528,3,0.00011982483,0,0.020716210827231407,SentenceTransformer+MLP+Optuna (offline),AS-1312/Crypto-Steps
NEG_00232,0,0,0,532,3,0.00011363568,0,0.020716210827231407,SentenceTransformer+MLP+Optuna (offline),Ashland-jp/Web3-Projects
NEG_00235,0,0,0,535,3,0.0027274084,0,0.020716210827231407,SentenceTransformer+MLP+Optuna (offline),asilveira1969/bitcoincashblockchain
NEG_00238,0,0,0,538,3,0.00010932318,0,0.020716210827231407,SentenceTransformer+MLP+Optuna (offline),atitkh/WebXR---NFT-Viewer
NEG_00242,0,0,0,542,3,5.89137e-05,0,0.020716210827231407,SentenceTransformer+MLP+Optuna (offline),aurowallet/auro-wallet-browser-extension
NEG_00248,0,0,0,548,3,0.008300809,0,0.020716210827231407,SentenceTransformer+MLP+Optuna (offline),axldarealest/crypto-tracker
NEG_00249,0,0,0,549,3,0.00011462035,0,0.020716210827231407,SentenceTransformer+MLP+Optuna (offline),axone-protocol/contracts
NEG_00258,0,0,0,558,3,5.2205757e-36,0,0.020716210827231407,SentenceTransformer+MLP+Optuna (offline),baby636/causes.cash
NEG_00260,0,0,0,560,3,2.0528569e-05,0,0.020716210827231407,SentenceTransformer+MLP+Optuna (offline),balajipachai/smart-contract-for-fun
NEG_00267,0,0,0,567,3,4.982605e-06,0,0.020716210827231407,SentenceTransformer+MLP+Optuna (offline),banjtheman/polygon_nft_workshop
NEG_00280,0,0,0,580,3,0.007743942,0,0.020716210827231407,SentenceTransformer+MLP+Optuna (offline),belimad/NftHorizon
NEG_00282,0,0,0,582,3,6.586795e-06,0,0.020716210827231407,SentenceTransformer+MLP+Optuna (offline),benjaminbang987/crypto
NEG_00290,0,0,0,590,3,0.000689907,0,0.020716210827231407,SentenceTransformer+MLP+Optuna (offline),bhemen/usdc
NEG_00291,0,0,0,591,3,3.0802227e-07,0,0.020716210827231407,SentenceTransformer+MLP+Optuna (offline),BibliothecaDAO/realms-contracts
NEG_00294,0,0,0,594,3,1.2926219e-05,0,0.020716210827231407,SentenceTransformer+MLP+Optuna (offline),bigbomio/digital-contracts
NEG_00296,0,0,0,596,3,0.0014900728,0,0.020716210827231407,SentenceTransformer+MLP+Optuna (offline),bilinearlabs/beacon-contract-indexer
NEG_00302,0,0,0,602,3,0.00013943331,0,0.020716210827231407,SentenceTransformer+MLP+Optuna (offline),Bitcoin-II/BitcoinII-Core
NEG_00314,0,0,0,614,3,0.00064653595,0,0.020716210827231407,SentenceTransformer+MLP+Optuna (offline),Block-Beats-Estonia/BITCOIN-NFT
NEG_00318,0,0,0,618,3,0.00012320411,0,0.020716210827231407,SentenceTransformer+MLP+Optuna (offline),blockchain-etl/blockchain-etl-streaming
NEG_00319,0,0,0,619,3,0.00017204926,0,0.020716210827231407,SentenceTransformer+MLP+Optuna (offline),blockchain-etl/public-datasets
NEG_00323,0,0,0,623,3,1.0383745e-06,0,0.020716210827231407,SentenceTransformer+MLP+Optuna (offline),blockchain/My-Wallet-V3
NEG_00325,0,0,0,625,3,1.2420233e-07,0,0.020716210827231407,SentenceTransformer+MLP+Optuna (offline),blockstarter/ico-contracts
NEG_00328,0,0,0,628,3,2.180307e-07,0,0.020716210827231407,SentenceTransformer+MLP+Optuna (offline),BlueWallet/BlueWallet
NEG_00333,0,0,0,633,3,2.3904626e-05,0,0.020716210827231407,SentenceTransformer+MLP+Optuna (offline),bonedaddy/cryptovendingmachine
NEG_00336,0,0,0,636,3,0.00011988917,0,0.020716210827231407,SentenceTransformer+MLP+Optuna (offline),BradMoonUESTC/FireWallProject
NEG_00348,0,0,0,648,3,1.2005147e-05,0,0.020716210827231407,SentenceTransformer+MLP+Optuna (offline),BTCwalletGen/BTCwalletGen
NEG_00349,0,0,0,649,3,0.09755828,1,0.020716210827231407,SentenceTransformer+MLP+Optuna (offline),btq-ag/QRiNG
NEG_00355,0,0,0,655,3,0.0046315244,0,0.020716210827231407,SentenceTransformer+MLP+Optuna (offline),bwire-official/Gastronaut-bot
NEG_00359,0,0,0,659,3,0.00014396635,0,0.020716210827231407,SentenceTransformer+MLP+Optuna (offline),C0A21130/web3-demo-app
NEG_00362,0,0,0,662,3,1.9687762e-07,0,0.020716210827231407,SentenceTransformer+MLP+Optuna (offline),cake-tech/cake_wallet
NEG_00364,0,0,0,664,3,5.764703e-05,0,0.020716210827231407,SentenceTransformer+MLP+Optuna (offline),camerodev/Finaomics-Solidity-Web3-React
NEG_00375,0,0,0,675,3,1.1951276e-05,0,0.020716210827231407,SentenceTransformer+MLP+Optuna (offline),celer-network/layer2-finance-contracts
NEG_00377,0,0,0,677,3,2.4046292e-05,0,0.020716210827231407,SentenceTransformer+MLP+Optuna (offline),ChainAgnostic/CAIPs
NEG_00388,0,0,0,688,3,1.3575769e-07,0,0.020716210827231407,SentenceTransformer+MLP+Optuna (offline),chatch/hashed-timelock-contract-ethereum
NEG_00390,0,0,0,690,3,0.01417226,0,0.020716210827231407,SentenceTransformer+MLP+Optuna (offline),chawresh/Multi-Currency-Rich-Address-Finder-v1.0
NEG_00404,0,0,0,704,3,0.00066085136,0,0.020716210827231407,SentenceTransformer+MLP+Optuna (offline),CIpherEE/TECHCRUSHERC-20
NEG_00409,0,0,0,709,3,7.240181e-07,0,0.020716210827231407,SentenceTransformer+MLP+Optuna (offline),cliffhall/in-app-pro-shop
NEG_00410,0,0,0,710,3,0.0014884121,0,0.020716210827231407,SentenceTransformer+MLP+Optuna (offline),cloudframeworks-blockchain/user-guide-fabric-smart-contract
NEG_00419,0,0,0,719,3,0.00012503073,0,0.020716210827231407,SentenceTransformer+MLP+Optuna (offline),codeesura/Arbitrage-uniswap-sushiswap
NEG_00421,0,0,0,721,3,0.0020795926,0,0.020716210827231407,SentenceTransformer+MLP+Optuna (offline),CodeMachine0121/EthereumWallet_local_API
NEG_00424,0,0,0,724,3,0.00018507286,0,0.020716210827231407,SentenceTransformer+MLP+Optuna (offline),codewithmide/FlowPrice-Oracle
NEG_00434,0,0,0,734,3,0.003908347,0,0.020716210827231407,SentenceTransformer+MLP+Optuna (offline),ColonySatoshi/BTCME.WEB3
NEG_00440,0,0,0,740,3,0.0001345856,0,0.020716210827231407,SentenceTransformer+MLP+Optuna (offline),ConsenSysDiligence/0x-review
NEG_00446,0,0,0,746,3,2.4794708e-05,0,0.020716210827231407,SentenceTransformer+MLP+Optuna (offline),coral-xyz/backpack
NEG_00447,0,0,0,747,3,0.004931188,0,0.020716210827231407,SentenceTransformer+MLP+Optuna (offline),cordovaem/solana-nft
NEG_00448,0,0,0,748,3,0.0006837216,0,0.020716210827231407,SentenceTransformer+MLP+Optuna (offline),cosmostation/cosmostation-android
NEG_00458,0,0,0,758,3,0.00028900595,0,0.020716210827231407,SentenceTransformer+MLP+Optuna (offline),crestalnetwork/intentkit
NEG_00461,0,0,0,761,3,1.1549592e-05,0,0.020716210827231407,SentenceTransformer+MLP+Optuna (offline),crossclaim/btcrelay-sol
NEG_00467,0,0,0,767,3,4.484929e-07,0,0.020716210827231407,SentenceTransformer+MLP+Optuna (offline),Crypto0390/nft-airdrops
NEG_00477,0,0,0,777,3,0.0006373078,0,0.020716210827231407,SentenceTransformer+MLP+Optuna (offline),cryptoleadxyz/demo-infura-web3py
NEG_00503,0,0,0,803,3,6.70641e-05,0,0.020716210827231407,SentenceTransformer+MLP+Optuna (offline),DanielCM2001/SendCrypto-Blockchain-App-web3
NEG_00516,0,0,0,816,3,0.00011974167,0,0.020716210827231407,SentenceTransformer+MLP+Optuna (offline),dappros/nfmt
NEG_00523,0,0,0,823,3,1.1473714e-06,0,0.020716210827231407,SentenceTransformer+MLP+Optuna (offline),darrylyeo/blockhead
NEG_00525,0,0,0,825,3,2.381883e-07,0,0.020716210827231407,SentenceTransformer+MLP+Optuna (offline),Daudxu/eth-wallet-modal
NEG_00531,0,0,0,831,3,0.0006235681,0,0.020716210827231407,SentenceTransformer+MLP+Optuna (offline),DE-labtory/zulu
NEG_00533,0,0,0,833,3,0.770384,1,0.020716210827231407,SentenceTransformer+MLP+Optuna (offline),DealAiFind/DealAiFind-Ai-DEX-FrontRun-JS-V4
NEG_00536,0,0,0,836,3,0.00040108454,0,0.020716210827231407,SentenceTransformer+MLP+Optuna (offline),Decurity/semgrep-smart-contracts
NEG_00541,0,0,0,841,3,1.1633841e-05,0,0.020716210827231407,SentenceTransformer+MLP+Optuna (offline),Defi-Pool-Share/DefiPoolShare.LendingContract
NEG_00542,0,0,0,842,3,1.9936775e-05,0,0.020716210827231407,SentenceTransformer+MLP+Optuna (offline),DeFiCh/defiscan.live
NEG_00545,0,0,0,845,3,6.618209e-05,0,0.020716210827231407,SentenceTransformer+MLP+Optuna (offline),DeFiNecromancer/Basic-Name-Storage
NEG_00547,0,0,0,847,3,5.4135977e-05,0,0.020716210827231407,SentenceTransformer+MLP+Optuna (offline),DEFIProtocol/Web3
NEG_00549,0,0,0,849,3,0.00039633352,0,0.020716210827231407,SentenceTransformer+MLP+Optuna (offline),delvtech/agent0
NEG_00553,0,0,0,853,3,0.0010830433,0,0.020716210827231407,SentenceTransformer+MLP+Optuna (offline),DenisZS/cckat
NEG_00558,0,0,0,858,3,6.1134597e-06,0,0.020716210827231407,SentenceTransformer+MLP+Optuna (offline),DePayFi/web3-wallets
NEG_00571,0,0,0,871,3,1.6103006e-05,0,0.020716210827231407,SentenceTransformer+MLP+Optuna (offline),devridge0/aave-core
NEG_00573,0,0,0,873,3,0.0015531331,0,0.020716210827231407,SentenceTransformer+MLP+Optuna (offline),dex-guru/assets
NEG_00578,0,0,0,878,3,0.00031592627,0,0.020716210827231407,SentenceTransformer+MLP+Optuna (offline),dherranzf/CryptoBank
NEG_00594,0,0,0,894,3,0.008739273,0,0.020716210827231407,SentenceTransformer+MLP+Optuna (offline),dkrsgood/ETH_Wallet
NEG_00597,0,0,0,897,3,1.7077455e-10,0,0.020716210827231407,SentenceTransformer+MLP+Optuna (offline),dogecoin/dogecoin
NEG_00603,0,0,0,903,3,5.624878e-07,0,0.020716210827231407,SentenceTransformer+MLP+Optuna (offline),dorianbayart/DexPairs
NEG_00605,0,0,0,905,3,0.004447096,0,0.020716210827231407,SentenceTransformer+MLP+Optuna (offline),Dpost-George/foundry-web3-wallet-security-Advanced
NEG_00615,0,0,0,915,3,0.0058295885,0,0.020716210827231407,SentenceTransformer+MLP+Optuna (offline),duytacong24895/smart-contract-lesson-1
NEG_00621,0,0,0,921,3,1.1776555e-05,0,0.020716210827231407,SentenceTransformer+MLP+Optuna (offline),EdgeApp/edge-react-gui
NEG_00622,0,0,0,922,3,2.5057108e-07,0,0.020716210827231407,SentenceTransformer+MLP+Optuna (offline),edubrunaldi/generic-wallet
NEG_00624,0,0,0,924,3,0.012127959,0,0.020716210827231407,SentenceTransformer+MLP+Optuna (offline),edwintyx/Blockchain-Cryptocurrency-Project
NEG_00626,0,0,0,926,3,5.7289282e-05,0,0.020716210827231407,SentenceTransformer+MLP+Optuna (offline),eka0789/nft-marketplace
NEG_00634,0,0,0,934,3,1.5813755e-06,0,0.020716210827231407,SentenceTransformer+MLP+Optuna (offline),Elytro-eth/ETHShanghai2022
NEG_00636,0,0,0,936,3,0.00020630579,0,0.020716210827231407,SentenceTransformer+MLP+Optuna (offline),emerald-dao/float
NEG_00638,0,0,0,938,3,0.00036485118,0,0.020716210827231407,SentenceTransformer+MLP+Optuna (offline),emiliosheinz/vue-js-crypto-wallet
NEG_00644,0,0,0,944,3,0.00019006668,0,0.020716210827231407,SentenceTransformer+MLP+Optuna (offline),Emmanuel-Samuel/Alchemy-projects
NEG_00649,0,0,0,949,3,3.23545e-05,0,0.020716210827231407,SentenceTransformer+MLP+Optuna (offline),enricobottazzi/Zeko
NEG_00661,0,0,0,961,3,0.0020333321,0,0.020716210827231407,SentenceTransformer+MLP+Optuna (offline),Erfaniaa/crypto-portfolio-optimizer
NEG_00664,0,0,0,964,3,0.000720406,0,0.020716210827231407,SentenceTransformer+MLP+Optuna (offline),esolidar/web3
NEG_00665,0,0,0,965,3,0.0013958379,0,0.020716210827231407,SentenceTransformer+MLP+Optuna (offline),estevaopbs/bitcoin-rs
NEG_00666,0,0,0,966,3,2.0514439e-05,0,0.020716210827231407,SentenceTransformer+MLP+Optuna (offline),ethaccount/vue-dapp
NEG_00668,0,0,0,968,3,0.00037965484,0,0.020716210827231407,SentenceTransformer+MLP+Optuna (offline),ethereum-boilerplate/ethereum-prediction-market-boilerplate
NEG_00672,0,0,0,972,3,9.58228e-09,0,0.020716210827231407,SentenceTransformer+MLP+Optuna (offline),ethers-io/ethers.js
NEG_00673,0,0,0,973,3,8.484417e-06,0,0.020716210827231407,SentenceTransformer+MLP+Optuna (offline),ethersphere/swap-swear-and-swindle
NEG_00676,0,0,0,976,3,0.04555775,1,0.020716210827231407,SentenceTransformer+MLP+Optuna (offline),euphonious-raisinnutcookie575/ethwizc
NEG_00682,0,0,0,982,3,0.00017997806,0,0.020716210827231407,SentenceTransformer+MLP+Optuna (offline),evm-tooling/viem-go
NEG_00688,0,0,0,988,3,0.00016600492,0,0.020716210827231407,SentenceTransformer+MLP+Optuna (offline),ExodusMovement/bitcoind-zmq
NEG_00691,0,0,0,991,3,3.692253e-05,0,0.020716210827231407,SentenceTransformer+MLP+Optuna (offline),explorills/expl-nodes-dashboard
NEG_00695,0,0,0,995,3,0.02522554,1,0.020716210827231407,SentenceTransformer+MLP+Optuna (offline),Fabomarche/ethereum-viewer
NEG_00711,0,0,0,1011,3,0.12911624,1,0.020716210827231407,SentenceTransformer+MLP+Optuna (offline),Fida-Kainth/Block-Chain-A-Decentralized-Cryptocurrency-Wallet-System-with-Automated-Zakat-Deduction
NEG_00714,0,0,0,1014,3,1.7263513e-07,0,0.020716210827231407,SentenceTransformer+MLP+Optuna (offline),filips123/BlogChain
NEG_00716,0,0,0,1016,3,7.093155e-05,0,0.020716210827231407,SentenceTransformer+MLP+Optuna (offline),FinHubRotman/eth-blockchain-data
NEG_00718,0,0,0,1018,3,8.399107e-05,0,0.020716210827231407,SentenceTransformer+MLP+Optuna (offline),Flame-eth/Multiparty-Solidity-Wallet-
NEG_00723,0,0,0,1023,3,2.2683469e-05,0,0.020716210827231407,SentenceTransformer+MLP+Optuna (offline),fomoweth/flashloan-aggregator
NEG_00724,0,0,0,1024,3,0.00015071277,0,0.020716210827231407,SentenceTransformer+MLP+Optuna (offline),ForcingVaporizer/Blockchain-Dapp-Crypto
NEG_00737,0,0,0,1037,3,0.0027562012,0,0.020716210827231407,SentenceTransformer+MLP+Optuna (offline),Freya-Lark/Chainlink-2024-17hours-Web3-tutorial
NEG_00754,0,0,0,1054,3,2.5171088e-05,0,0.020716210827231407,SentenceTransformer+MLP+Optuna (offline),geovgy/smart-wallet
NEG_00762,0,0,0,1062,3,0.00011952106,0,0.020716210827231407,SentenceTransformer+MLP+Optuna (offline),giogam/Gopher-Wallet
NEG_00770,0,0,0,1070,3,6.3311504e-06,0,0.020716210827231407,SentenceTransformer+MLP+Optuna (offline),gnidan/abi-to-sol
NEG_00778,0,0,0,1078,3,2.33707e-07,0,0.020716210827231407,SentenceTransformer+MLP+Optuna (offline),govi-dao/cvi-contracts
NEG_00793,0,0,0,1093,3,1.3883008e-06,0,0.020716210827231407,SentenceTransformer+MLP+Optuna (offline),gweidart/evm-flashswap-arb
NEG_00796,0,0,0,1096,3,0.19088593,1,0.020716210827231407,SentenceTransformer+MLP+Optuna (offline),Gzeu/hero-forge-monorepo
NEG_00798,0,0,0,1098,3,0.10018389,1,0.020716210827231407,SentenceTransformer+MLP+Optuna (offline),Hackathons-w-Rapto/RugRader
NEG_00799,0,0,0,1099,3,0.020131389,0,0.020716210827231407,SentenceTransformer+MLP+Optuna (offline),hacksdark/cybersecurity_hack
NEG_00803,0,0,0,1103,3,8.296003e-08,0,0.020716210827231407,SentenceTransformer+MLP+Optuna (offline),Haehnchen/uniswap-arbitrage-flash-swap
NEG_00810,0,0,0,1110,3,0.0047676866,0,0.020716210827231407,SentenceTransformer+MLP+Optuna (offline),Hardchat/Web3.py-Transaction
NEG_00811,0,0,0,1111,3,0.0005214379,0,0.020716210827231407,SentenceTransformer+MLP+Optuna (offline),harishummam/CryptoKet-NFT-Marketplace
NEG_00813,0,0,0,1113,3,0.00028955258,0,0.020716210827231407,SentenceTransformer+MLP+Optuna (offline),HariVP03/nft-kart
NEG_00816,0,0,0,1116,3,0.16044125,1,0.020716210827231407,SentenceTransformer+MLP+Optuna (offline),harshiit1/ethereumChecker
NEG_00820,0,0,0,1120,3,0.0005552711,0,0.020716210827231407,SentenceTransformer+MLP+Optuna (offline),hashemabad/MultiSigWallet
NEG_00839,0,0,0,1139,3,1.7276144e-06,0,0.020716210827231407,SentenceTransformer+MLP+Optuna (offline),hiromaily/go-crypto-wallet
NEG_00841,0,0,0,1141,3,0.071068175,1,0.020716210827231407,SentenceTransformer+MLP+Optuna (offline),hobbleabbas/Bitcoin-RPC-API
NEG_00842,0,0,0,1142,3,0.00021769672,0,0.020716210827231407,SentenceTransformer+MLP+Optuna (offline),HODLorg/HODLbot
NEG_00843,0,0,0,1143,3,0.13555096,1,0.020716210827231407,SentenceTransformer+MLP+Optuna (offline),holder-bot/wallet-testnet
NEG_00844,0,0,0,1144,3,4.9318125e-05,0,0.020716210827231407,SentenceTransformer+MLP+Optuna (offline),holyblock/blockchain-piaic-q4-solution
NEG_00846,0,0,0,1146,3,5.2944757e-05,0,0.020716210827231407,SentenceTransformer+MLP+Optuna (offline),HopefulHeart2020/Finaomics-Solidity-Web3-React
NEG_00847,0,0,0,1147,3,1.2515986e-07,0,0.020716210827231407,SentenceTransformer+MLP+Optuna (offline),hoprnet/hopr-ethereum
NEG_00858,0,0,0,1158,3,0.03651868,1,0.020716210827231407,SentenceTransformer+MLP+Optuna (offline),hululuzhu/solidity-t5
NEG_00864,0,0,0,1164,3,0.0001537542,0,0.020716210827231407,SentenceTransformer+MLP+Optuna (offline),Hyperledger-TWGC/GM-interoperability
NEG_00867,0,0,0,1167,3,0.00823426,0,0.020716210827231407,SentenceTransformer+MLP+Optuna (offline),Iamdungx/denigma-cracker
NEG_00893,0,0,0,1193,3,0.0034342583,0,0.020716210827231407,SentenceTransformer+MLP+Optuna (offline),input-output-hk/mantis-wallet
NEG_00898,0,0,0,1198,3,5.3717988e-05,0,0.020716210827231407,SentenceTransformer+MLP+Optuna (offline),ismailbangee/smart-contracts
NEG_00899,0,0,0,1199,3,1.7550361e-05,0,0.020716210827231407,SentenceTransformer+MLP+Optuna (offline),itaikeren/Crypto-Fighters
NEG_00901,0,0,0,1201,3,0.004576655,0,0.020716210827231407,SentenceTransformer+MLP+Optuna (offline),ithunter0428/solidity2terrachian_rust
NEG_00903,0,0,0,1203,3,7.963037e-06,0,0.020716210827231407,SentenceTransformer+MLP+Optuna (offline),itstargetconfirmed/flash-loan-sample
NEG_00905,0,0,0,1205,3,0.0008871141,0,0.020716210827231407,SentenceTransformer+MLP+Optuna (offline),ivanzhelyazkov/ethereum-wallet-manager
NEG_00909,0,0,0,1209,3,7.94412e-06,0,0.020716210827231407,SentenceTransformer+MLP+Optuna (offline),J12ATA/my-wave-portal
NEG_00910,0,0,0,1210,3,0.0003762731,0,0.020716210827231407,SentenceTransformer+MLP+Optuna (offline),jaayperez/btc-wallet
NEG_00915,0,0,0,1215,3,0.018980287,0,0.020716210827231407,SentenceTransformer+MLP+Optuna (offline),Jackhuang166/evm-dex-swap-staking-liquidity
NEG_00916,0,0,0,1216,3,1.994767e-05,0,0.020716210827231407,SentenceTransformer+MLP+Optuna (offline),JACKORARO12/BlockChainVoting
NEG_00917,0,0,0,1217,3,5.9802613e-05,0,0.020716210827231407,SentenceTransformer+MLP+Optuna (offline),JackyVerse/SmartContractSolidityEth
NEG_00918,0,0,0,1218,3,0.0012441949,0,0.020716210827231407,SentenceTransformer+MLP+Optuna (offline),jacobdmn/iWallet
NEG_00936,0,0,0,1236,3,0.00626304,0,0.020716210827231407,SentenceTransformer+MLP+Optuna (offline),jarrodwatts/nft-drop-with-smart-wallet
NEG_00942,0,0,0,1242,3,0.032441936,1,0.020716210827231407,SentenceTransformer+MLP+Optuna (offline),jawedzaid/jawed
NEG_00944,0,0,0,1244,3,0.000102095786,0,0.020716210827231407,SentenceTransformer+MLP+Optuna (offline),jdogresorg/freewallet-mobile
NEG_00946,0,0,0,1246,3,0.0679689,1,0.020716210827231407,SentenceTransformer+MLP+Optuna (offline),jeanne-cortes725n/ethere8
NEG_00962,0,0,0,1262,3,5.117876e-06,0,0.020716210827231407,SentenceTransformer+MLP+Optuna (offline),jjtiger/Blockchain_Business_Crypto_-DevPack
NEG_00966,0,0,0,1266,3,2.2965736e-05,0,0.020716210827231407,SentenceTransformer+MLP+Optuna (offline),john-lawniczak/Smart-Contract-Resources
NEG_00973,0,0,0,1273,3,0.0019293516,0,0.020716210827231407,SentenceTransformer+MLP+Optuna (offline),jon4hz/ethconvert
NEG_00983,0,0,0,1283,3,0.0003735639,0,0.020716210827231407,SentenceTransformer+MLP+Optuna (offline),jseanchuang/web3py_example
NEG_00989,0,0,0,1289,3,1.3039243e-06,0,0.020716210827231407,SentenceTransformer+MLP+Optuna (offline),JulyIghor/QtBitcoinTrader
NEG_00999,0,0,0,1299,3,0.12663269,1,0.020716210827231407,SentenceTransformer+MLP+Optuna (offline),kansel-dev/solana-nft-sniper
NEG_01010,0,0,0,1310,3,8.776866e-05,0,0.020716210827231407,SentenceTransformer+MLP+Optuna (offline),kaymen99/Dex-aggregator
NEG_01022,0,0,0,1322,3,1.7407709e-05,0,0.020716210827231407,SentenceTransformer+MLP+Optuna (offline),kenpoon94/ethdenver-bootcamp-2022
NEG_01023,0,0,0,1323,3,5.475461e-06,0,0.020716210827231407,SentenceTransformer+MLP+Optuna (offline),kerala-blockchain-academy/ethereum-developer-program
NEG_01026,0,0,0,1326,3,8.936288e-05,0,0.020716210827231407,SentenceTransformer+MLP+Optuna (offline),keshav-poojary/NFT-on-Ethereum
NEG_01030,0,0,0,1330,3,1.680524e-05,0,0.020716210827231407,SentenceTransformer+MLP+Optuna (offline),KevzPeter/EduBlocks
NEG_01040,0,0,0,1340,3,1.9926378e-05,0,0.020716210827231407,SentenceTransformer+MLP+Optuna (offline),Kingscliq/nuking-nfts
NEG_01043,0,0,0,1343,3,0.007374079,0,0.020716210827231407,SentenceTransformer+MLP+Optuna (offline),KittenYang/SafeSnap
NEG_01044,0,0,0,1344,3,1.2407969e-05,0,0.020716210827231407,SentenceTransformer+MLP+Optuna (offline),kittyshiba/contracts
NEG_01046,0,0,0,1346,3,4.590419e-08,0,0.020716210827231407,SentenceTransformer+MLP+Optuna (offline),klever-io/klever-go
NEG_01049,0,0,0,1349,3,9.846445e-07,0,0.020716210827231407,SentenceTransformer+MLP+Optuna (offline),kochavalabs/xchng-solidity
NEG_01050,0,0,0,1350,3,0.00021808875,0,0.020716210827231407,SentenceTransformer+MLP+Optuna (offline),koh-gt/ferrite-wallet
NEG_01052,0,0,0,1352,3,3.526752e-05,0,0.020716210827231407,SentenceTransformer+MLP+Optuna (offline),konradcodes/Web-3.0-Blockchain-App
NEG_01067,0,0,0,1367,3,0.50490135,1,0.020716210827231407,SentenceTransformer+MLP+Optuna (offline),kuroroLuciferPhantom/cryptopredict
NEG_01074,0,0,0,1374,3,0.011296103,0,0.020716210827231407,SentenceTransformer+MLP+Optuna (offline),LanceHez/Blockchain_Army_Knife-wallet-cracker-with-multichian
NEG_01075,0,0,0,1375,3,0.0010979694,0,0.020716210827231407,SentenceTransformer+MLP+Optuna (offline),lapismyt/ston-fi.py
NEG_01079,0,0,0,1379,3,0.0040172664,0,0.020716210827231407,SentenceTransformer+MLP+Optuna (offline),Laszlo23/deficrown
NEG_01080,0,0,0,1380,3,0.009228473,0,0.020716210827231407,SentenceTransformer+MLP+Optuna (offline),latoya4xfishn/spankcb
NEG_01091,0,0,0,1391,3,0.0013248608,0,0.020716210827231407,SentenceTransformer+MLP+Optuna (offline),leeshuzheng/destroyer
NEG_01094,0,0,0,1394,3,0.0021841335,0,0.020716210827231407,SentenceTransformer+MLP+Optuna (offline),Lemonio1Official/privateKey
NEG_01096,0,0,0,1396,3,7.241505e-06,0,0.020716210827231407,SentenceTransformer+MLP+Optuna (offline),lephleg/cryptocerts-contracts
NEG_01101,0,0,0,1401,3,2.9704865e-06,0,0.020716210827231407,SentenceTransformer+MLP+Optuna (offline),Lilypad-Tech/lilypad
NEG_01102,0,0,0,1402,3,0.00013359047,0,0.020716210827231407,SentenceTransformer+MLP+Optuna (offline),LinuxKunaL/gigalate-crypto-wallet
NEG_01103,0,0,0,1403,3,0.00069257536,0,0.020716210827231407,SentenceTransformer+MLP+Optuna (offline),lionello/secp256k1-js
NEG_01105,0,0,0,1405,3,2.2434753e-05,0,0.020716210827231407,SentenceTransformer+MLP+Optuna (offline),ljubisnikolic0/NFT-Ethereum-Game
NEG_01106,0,0,0,1406,3,0.00021777768,0,0.020716210827231407,SentenceTransformer+MLP+Optuna (offline),lmacken/binance-chain-python
NEG_01108,0,0,0,1408,3,1.361956e-07,0,0.020716210827231407,SentenceTransformer+MLP+Optuna (offline),lnardon/BlockChainExchange
NEG_01125,0,0,0,1425,3,0.011533563,0,0.020716210827231407,SentenceTransformer+MLP+Optuna (offline),lynx-xdg/block
NEG_01132,0,0,0,1432,3,0.00025228388,0,0.020716210827231407,SentenceTransformer+MLP+Optuna (offline),MaelRibes/Crypto-Kids
NEG_01137,0,0,0,1437,3,0.0003343962,0,0.020716210827231407,SentenceTransformer+MLP+Optuna (offline),ManaanAnsari/MultiSigWallet-Solidity-Foundry
NEG_01157,0,0,0,1457,3,9.793265e-06,0,0.020716210827231407,SentenceTransformer+MLP+Optuna (offline),masa-finance/arcomia-contracts
NEG_01159,0,0,0,1459,3,0.0008865049,0,0.020716210827231407,SentenceTransformer+MLP+Optuna (offline),mascarenhaswanja/Winter-2020-Introduction-To-Smart-Contracts
NEG_01160,0,0,0,1460,3,4.987487e-06,0,0.020716210827231407,SentenceTransformer+MLP+Optuna (offline),MassDotMoney/nested-core-lego
NEG_01163,0,0,0,1463,3,2.9860294e-05,0,0.020716210827231407,SentenceTransformer+MLP+Optuna (offline),matheusroleal/solidity-cookbook
NEG_01165,0,0,0,1465,3,0.00026444148,0,0.020716210827231407,SentenceTransformer+MLP+Optuna (offline),maticnetwork/pos-commit-poc
NEG_01173,0,0,0,1473,3,0.03000902,1,0.020716210827231407,SentenceTransformer+MLP+Optuna (offline),mayurimulay789/cryptocurrency_landingpage
NEG_01176,0,0,0,1476,3,0.004418095,0,0.020716210827231407,SentenceTransformer+MLP+Optuna (offline),mdsalman729/ethBucket
NEG_01177,0,0,0,1477,3,2.1955731e-05,0,0.020716210827231407,SentenceTransformer+MLP+Optuna (offline),Medicyp/NFT_Marketplace_using_Ethereum_Smart_Contracts
NEG_01179,0,0,0,1479,3,6.4379324e-06,0,0.020716210827231407,SentenceTransformer+MLP+Optuna (offline),mehtaAnsh/BlockChainVoting
NEG_01187,0,0,0,1487,3,0.0010333748,0,0.020716210827231407,SentenceTransformer+MLP+Optuna (offline),Merou1/Blockchain_Edh_cryptoCoin
NEG_01189,0,0,0,1489,3,0.002063097,0,0.020716210827231407,SentenceTransformer+MLP+Optuna (offline),merynoseth/moje-wlasne-sui
NEG_01192,0,0,0,1492,3,4.0425202e-06,0,0.020716210827231407,SentenceTransformer+MLP+Optuna (offline),metafy-social/web3-smart-contracts
NEG_01198,0,0,0,1498,3,1.8417248e-05,0,0.020716210827231407,SentenceTransformer+MLP+Optuna (offline),mhxw/crypto-sdk
NEG_01204,0,0,0,1504,3,3.8728227e-05,0,0.020716210827231407,SentenceTransformer+MLP+Optuna (offline),microgift/my-web3-projects
NEG_01210,0,0,0,1510,3,0.0031439133,0,0.020716210827231407,SentenceTransformer+MLP+Optuna (offline),mili12321/misterCrypto
NEG_01211,0,0,0,1511,3,0.9041078,1,0.020716210827231407,SentenceTransformer+MLP+Optuna (offline),militarandroid/cybersecurity_hack
NEG_01216,0,0,0,1516,3,4.8116315e-05,0,0.020716210827231407,SentenceTransformer+MLP+Optuna (offline),MitchPierias/advanced-eos-examples
NEG_01222,0,0,0,1522,3,0.0006833083,0,0.020716210827231407,SentenceTransformer+MLP+Optuna (offline),modagavr/pancake-wizard
NEG_01226,0,0,0,1526,3,1.2495271e-05,0,0.020716210827231407,SentenceTransformer+MLP+Optuna (offline),mohitchandel/treasury-contract
NEG_01229,0,0,0,1529,3,4.14573e-05,0,0.020716210827231407,SentenceTransformer+MLP+Optuna (offline),mokshyaprotocol/aptos-nft-random-mint
NEG_01244,0,0,0,1544,3,0.823149,1,0.020716210827231407,SentenceTransformer+MLP+Optuna (offline),mrfomoweb3/nft-wallet-tracker
NEG_01245,0,0,0,1545,3,5.1265277e-05,0,0.020716210827231407,SentenceTransformer+MLP+Optuna (offline),MrinalSingh04/solidity-production-contracts
NEG_01261,0,0,0,1561,3,0.011399124,0,0.020716210827231407,SentenceTransformer+MLP+Optuna (offline),multiversx/mx-sdk-dapp-sc-explorer
NEG_01271,0,0,0,1571,3,1.7125414e-05,0,0.020716210827231407,SentenceTransformer+MLP+Optuna (offline),mycelium-com/wallet-android
NEG_01283,0,0,0,1583,3,0.00035218903,0,0.020716210827231407,SentenceTransformer+MLP+Optuna (offline),nashidahmed/registry-core
NEG_01289,0,0,0,1589,3,0.000106210384,0,0.020716210827231407,SentenceTransformer+MLP+Optuna (offline),NCRadtke00/Web3CryptoExchange
NEG_01290,0,0,0,1590,3,3.461712e-06,0,0.020716210827231407,SentenceTransformer+MLP+Optuna (offline),ndsvw/Ethereum-Web3-SmartContract-HelloWorld
NEG_01292,0,0,0,1592,3,9.6276686e-05,0,0.020716210827231407,SentenceTransformer+MLP+Optuna (offline),nedasma/solidity-vuln-tests
NEG_01298,0,0,0,1598,3,0.006967341,0,0.020716210827231407,SentenceTransformer+MLP+Optuna (offline),net2devcrypto/Soroban-NextJS-Vote-dApp-with-Freighter
NEG_01299,0,0,0,1599,3,2.5874782e-05,0,0.020716210827231407,SentenceTransformer+MLP+Optuna (offline),NetSepio/evmcontracts
NEG_01301,0,0,0,1601,3,0.8127409,1,0.020716210827231407,SentenceTransformer+MLP+Optuna (offline),Neurproject/NeurProjects
NEG_01303,0,0,0,1603,3,0.002073489,0,0.020716210827231407,SentenceTransformer+MLP+Optuna (offline),Nexis-Network/nexis-network
NEG_01313,0,0,0,1613,3,0.0015537848,0,0.020716210827231407,SentenceTransformer+MLP+Optuna (offline),nicolasdelira/Projeto-de-cria-a-de-carteiras-bitcoin-na-testnet
NEG_01317,0,0,0,1617,3,0.0025770918,0,0.020716210827231407,SentenceTransformer+MLP+Optuna (offline),nikunjtilva/cryptocoin-test-faucet-frontend
NEG_01323,0,0,0,1623,3,0.0055078166,0,0.020716210827231407,SentenceTransformer+MLP+Optuna (offline),nirholas/lyra-web3-playground
NEG_01328,0,0,0,1628,3,0.0009834821,0,0.020716210827231407,SentenceTransformer+MLP+Optuna (offline),Niweera/opensear
NEG_01334,0,0,0,1634,3,4.4918647e-06,0,0.020716210827231407,SentenceTransformer+MLP+Optuna (offline),NodeFactoryIo/solidity-node-docker-starter
NEG_01336,0,0,0,1636,3,6.2971114e-05,0,0.020716210827231407,SentenceTransformer+MLP+Optuna (offline),noman-land/relike
NEG_01340,0,0,0,1640,3,0.049738806,1,0.020716210827231407,SentenceTransformer+MLP+Optuna (offline),Novus-Tech-LLC/Casino-Games
NEG_01342,0,0,0,1642,3,0.00036273545,0,0.020716210827231407,SentenceTransformer+MLP+Optuna (offline),nshmadhani/zkNFT
NEG_01344,0,0,0,1644,3,0.0003972307,0,0.020716210827231407,SentenceTransformer+MLP+Optuna (offline),null-none/django-eth-fields
NEG_01355,0,0,0,1655,3,3.5324867e-06,0,0.020716210827231407,SentenceTransformer+MLP+Optuna (offline),ogDAO/Optino
NEG_01361,0,0,0,1661,3,5.6745885e-05,0,0.020716210827231407,SentenceTransformer+MLP+Optuna (offline),okx/go-wallet-sdk
NEG_01364,0,0,0,1664,3,0.00055078114,0,0.020716210827231407,SentenceTransformer+MLP+Optuna (offline),olegerr/currency
NEG_01370,0,0,0,1670,3,0.07218622,1,0.020716210827231407,SentenceTransformer+MLP+Optuna (offline),omsaraykar/crypto-wallet
NEG_01378,0,0,0,1678,3,0.00020925386,0,0.020716210827231407,SentenceTransformer+MLP+Optuna (offline),oparex/crypto_trader
NEG_01379,0,0,0,1679,3,0.004453028,0,0.020716210827231407,SentenceTransformer+MLP+Optuna (offline),opencodeiiita/CryptoWallet
NEG_01380,0,0,0,1680,3,2.6478533e-06,0,0.020716210827231407,SentenceTransformer+MLP+Optuna (offline),opencodeiiita/Learning-Smart-Contracts
NEG_01393,0,0,0,1693,3,0.0005642236,0,0.020716210827231407,SentenceTransformer+MLP+Optuna (offline),oritwoen/ubichain
NEG_01412,0,0,0,1712,3,0.0024028954,0,0.020716210827231407,SentenceTransformer+MLP+Optuna (offline),parsaaba/FukiPay
NEG_01414,0,0,0,1714,3,0.0008436249,0,0.020716210827231407,SentenceTransformer+MLP+Optuna (offline),pat3icki/ExzoCoin-2-0
NEG_01417,0,0,0,1717,3,0.00090583955,0,0.020716210827231407,SentenceTransformer+MLP+Optuna (offline),paulgconlon/blockchain-solidity-multi-sig-wallet
NEG_01419,0,0,0,1719,3,6.1917085e-06,0,0.020716210827231407,SentenceTransformer+MLP+Optuna (offline),paulmillr/noble-curves
NEG_01446,0,0,0,1746,3,0.0002468972,0,0.020716210827231407,SentenceTransformer+MLP+Optuna (offline),pmontaguevans/ethereum-angular6-cryptogap
NEG_01447,0,0,0,1747,3,4.701453e-05,0,0.020716210827231407,SentenceTransformer+MLP+Optuna (offline),Pobepto/walle
NEG_01448,0,0,0,1748,3,6.8081106e-05,0,0.020716210827231407,SentenceTransformer+MLP+Optuna (offline),pointbiz/bitaddress.org
NEG_01460,0,0,0,1760,3,9.286064e-06,0,0.020716210827231407,SentenceTransformer+MLP+Optuna (offline),prashantsingh55/ERC20-Tokens
NEG_01463,0,0,0,1763,3,0.00014400644,0,0.020716210827231407,SentenceTransformer+MLP+Optuna (offline),pratikshappai/cryptos
NEG_01469,0,0,0,1769,3,0.00023491801,0,0.020716210827231407,SentenceTransformer+MLP+Optuna (offline),ProgrammingPirates/Free_NFT_Drawing
NEG_01471,0,0,0,1771,3,1.5903704e-05,0,0.020716210827231407,SentenceTransformer+MLP+Optuna (offline),ProjectOpenSea/nft-tutorial
NEG_01481,0,0,0,1781,3,0.030198531,1,0.020716210827231407,SentenceTransformer+MLP+Optuna (offline),pysznybimber/BASE-crypto-chain-killer
NEG_01490,0,0,0,1790,3,0.017059527,0,0.020716210827231407,SentenceTransformer+MLP+Optuna (offline),QuanTumfuryxl/ethereum-arbitrage-suite-1
NEG_01493,0,0,0,1793,3,3.638227e-11,0,0.020716210827231407,SentenceTransformer+MLP+Optuna (offline),Quillhash/QuillAudit_smart_contract_audit_Reports
NEG_01501,0,0,0,1801,3,5.5014567e-05,0,0.020716210827231407,SentenceTransformer+MLP+Optuna (offline),rafaelfgx/Blockchain
NEG_01503,0,0,0,1803,3,1.5802476e-07,0,0.020716210827231407,SentenceTransformer+MLP+Optuna (offline),raft-fi/contracts
NEG_01505,0,0,0,1805,3,0.00026108822,0,0.020716210827231407,SentenceTransformer+MLP+Optuna (offline),Raiden1411/zabi
NEG_01507,0,0,0,1807,3,3.445362e-07,0,0.020716210827231407,SentenceTransformer+MLP+Optuna (offline),rainbow-me/rainbowkit
NEG_01510,0,0,0,1810,3,0.004068996,0,0.020716210827231407,SentenceTransformer+MLP+Optuna (offline),Rajeshwarkanawat/CryptoWallet
NEG_01512,0,0,0,1812,3,0.90497863,1,0.020716210827231407,SentenceTransformer+MLP+Optuna (offline),Rami8612/liquidity-orchestrator
NEG_01524,0,0,0,1824,3,0.00079325656,0,0.020716210827231407,SentenceTransformer+MLP+Optuna (offline),rbubyr777/Ethereum
NEG_01532,0,0,0,1832,3,0.0014732091,0,0.020716210827231407,SentenceTransformer+MLP+Optuna (offline),RektifyAI/attack-playbook
NEG_01543,0,0,0,1843,3,2.3264834e-06,0,0.020716210827231407,SentenceTransformer+MLP+Optuna (offline),rgab1508/cryptoTSEC
NEG_01547,0,0,0,1847,3,5.603659e-07,0,0.020716210827231407,SentenceTransformer+MLP+Optuna (offline),RigoBlock/v3-contracts
NEG_01548,0,0,0,1848,3,1.0516797e-05,0,0.020716210827231407,SentenceTransformer+MLP+Optuna (offline),risc0/risc0-ethereum
NEG_01550,0,0,0,1850,3,0.0080790315,0,0.020716210827231407,SentenceTransformer+MLP+Optuna (offline),ritikhzb/blockchain_SmartContracts
NEG_01551,0,0,0,1851,3,5.241381e-06,0,0.020716210827231407,SentenceTransformer+MLP+Optuna (offline),ritwik-1994/Blockchain
NEG_01552,0,0,0,1852,3,0.01150618,0,0.020716210827231407,SentenceTransformer+MLP+Optuna (offline),riyagoel192/Define-Blockchain-Python-
NEG_01553,0,0,0,1853,3,0.002263217,0,0.020716210827231407,SentenceTransformer+MLP+Optuna (offline),rk98991439/Cryptocurrency-Wallet
NEG_01559,0,0,0,1859,3,0.0005514846,0,0.020716210827231407,SentenceTransformer+MLP+Optuna (offline),Robin2164/nft1
NEG_01561,0,0,0,1861,3,0.00035446387,0,0.020716210827231407,SentenceTransformer+MLP+Optuna (offline),rocksanen/crypto_smart_contracts
NEG_01562,0,0,0,1862,3,3.9271777e-05,0,0.020716210827231407,SentenceTransformer+MLP+Optuna (offline),RocktimRajkumar/CrowdFunding-Ethereum
NEG_01565,0,0,0,1865,3,0.00047196372,0,0.020716210827231407,SentenceTransformer+MLP+Optuna (offline),rohanranjan25061996/Wallet
NEG_01566,0,0,0,1866,3,0.053826265,1,0.020716210827231407,SentenceTransformer+MLP+Optuna (offline),Rohit04052004/aave-credit-scoring-analysis
NEG_01571,0,0,0,1871,3,2.2965012e-05,0,0.020716210827231407,SentenceTransformer+MLP+Optuna (offline),RoseBayConsulting/Titan
NEG_01574,0,0,0,1874,3,0.15040354,1,0.020716210827231407,SentenceTransformer+MLP+Optuna (offline),rpardela/SmartContractAPIGenerator
NEG_01580,0,0,0,1880,3,0.026997896,1,0.020716210827231407,SentenceTransformer+MLP+Optuna (offline),rusty-web3-developer/Solana-Bitcoin-NFT-Dex-Defi-P2EGame-SmartContract-Web3-Projects
NEG_01586,0,0,0,1886,3,8.9638976e-05,0,0.020716210827231407,SentenceTransformer+MLP+Optuna (offline),Ryu204/crypto_rocket
NEG_01592,0,0,0,1892,3,0.0002189749,0,0.020716210827231407,SentenceTransformer+MLP+Optuna (offline),saddle-finance/saddle-frontend
NEG_01607,0,0,0,1907,3,7.329646e-06,0,0.020716210827231407,SentenceTransformer+MLP+Optuna (offline),sanyamdogra/crypto-wall-et
NEG_01608,0,0,0,1908,3,5.140034e-06,0,0.020716210827231407,SentenceTransformer+MLP+Optuna (offline),SarathAdhi/Online_Poll_Creator_Blockchain
NEG_01609,0,0,0,1909,3,4.5246892e-07,0,0.020716210827231407,SentenceTransformer+MLP+Optuna (offline),satansdeer/ethereum-token-tutorial
NEG_01613,0,0,0,1913,3,0.38656455,1,0.020716210827231407,SentenceTransformer+MLP+Optuna (offline),sava2109/Cryptography_project_PKI_smart_contract
NEG_01619,0,0,0,1919,3,0.00048226328,0,0.020716210827231407,SentenceTransformer+MLP+Optuna (offline),scholtz/wallet
NEG_01625,0,0,0,1925,3,0.00027104063,0,0.020716210827231407,SentenceTransformer+MLP+Optuna (offline),SebastienLeger02/CryptoZombies
NEG_01627,0,0,0,1927,3,1.902092e-05,0,0.020716210827231407,SentenceTransformer+MLP+Optuna (offline),sebitokazu/wave-and-token-ranking-dApp
NEG_01640,0,0,0,1940,3,0.0010293326,0,0.020716210827231407,SentenceTransformer+MLP+Optuna (offline),shaikat010/Gamefi-Chess-Dapp
NEG_01642,0,0,0,1942,3,0.01060426,0,0.020716210827231407,SentenceTransformer+MLP+Optuna (offline),Shakedash-dev/ReverseBlockChainShell
NEG_01652,0,0,0,1952,3,1.0815259e-05,0,0.020716210827231407,SentenceTransformer+MLP+Optuna (offline),ShivankK26/Solidity-Smart-Contracts
NEG_01657,0,0,0,1957,3,0.00039265948,0,0.020716210827231407,SentenceTransformer+MLP+Optuna (offline),shriya-upadhyay/fight-on-chain
NEG_01658,0,0,0,1958,3,0.00017545305,0,0.020716210827231407,SentenceTransformer+MLP+Optuna (offline),shubhamguptaiitd/bitcoin
NEG_01662,0,0,0,1962,3,0.0040343013,0,0.020716210827231407,SentenceTransformer+MLP+Optuna (offline),sidebetxyz/crypto-chess
NEG_01666,0,0,0,1966,3,0.002614727,0,0.020716210827231407,SentenceTransformer+MLP+Optuna (offline),simplito/elliptic-php
NEG_01667,0,0,0,1967,3,2.7359167e-05,0,0.020716210827231407,SentenceTransformer+MLP+Optuna (offline),SimSimButDifferent/hardhat-defi-fcc
NEG_01668,0,0,0,1968,3,0.00018440737,0,0.020716210827231407,SentenceTransformer+MLP+Optuna (offline),sincerely91/simple-defi
NEG_01669,0,0,0,1969,3,3.288467e-06,0,0.020716210827231407,SentenceTransformer+MLP+Optuna (offline),sirlopu/defi-stake-yield-brownie
NEG_01670,0,0,0,1970,3,0.0028019128,0,0.020716210827231407,SentenceTransformer+MLP+Optuna (offline),SkSamreen3/Organ-Matching-Transplantation-Blockchain-
NEG_01689,0,0,0,1989,3,0.0001406938,0,0.020716210827231407,SentenceTransformer+MLP+Optuna (offline),snannamu/E-Voting-System-Based-on-Ethereum-Blockchain-
NEG_01690,0,0,0,1990,3,0.00014523914,0,0.020716210827231407,SentenceTransformer+MLP+Optuna (offline),sntsabode/daisweb3.ts
NEG_01703,0,0,0,2003,3,0.10265639,1,0.020716210827231407,SentenceTransformer+MLP+Optuna (offline),SoshiCrmProject/btcyield-platform
NEG_01708,0,0,0,2008,3,1.1529888e-10,0,0.020716210827231407,SentenceTransformer+MLP+Optuna (offline),spesmilo/electrum
NEG_01716,0,0,0,2016,3,4.804968e-08,0,0.020716210827231407,SentenceTransformer+MLP+Optuna (offline),sripwoud/ethernaut
NEG_01719,0,0,0,2019,3,1.8867685e-06,0,0.020716210827231407,SentenceTransformer+MLP+Optuna (offline),Stacktical/stacktical-dsla-developer-toolkit
NEG_01720,0,0,0,2020,3,2.0540943e-05,0,0.020716210827231407,SentenceTransformer+MLP+Optuna (offline),stater-co/nft-lending-contracts
NEG_01737,0,0,0,2037,3,2.1278067e-05,0,0.020716210827231407,SentenceTransformer+MLP+Optuna (offline),sumit03guha/smart-contracts-development-boilerplate
NEG_01744,0,0,0,2044,3,0.0032530772,0,0.020716210827231407,SentenceTransformer+MLP+Optuna (offline),sunshineioxzc/nft-sales-tracking-bot
NEG_01756,0,0,0,2056,3,1.5099042e-08,0,0.020716210827231407,SentenceTransformer+MLP+Optuna (offline),swaponline/MultiCurrencyWallet
NEG_01761,0,0,0,2061,3,6.3307584e-06,0,0.020716210827231407,SentenceTransformer+MLP+Optuna (offline),Swizec/blockchain-redux
NEG_01764,0,0,0,2064,3,0.0040638875,0,0.020716210827231407,SentenceTransformer+MLP+Optuna (offline),sxnuru/FentaCode
NEG_01767,0,0,0,2067,3,0.0005990032,0,0.020716210827231407,SentenceTransformer+MLP+Optuna (offline),Synthetixio/SIPs
NEG_01778,0,0,0,2078,3,2.3979014e-06,0,0.020716210827231407,SentenceTransformer+MLP+Optuna (offline),tanujajoshi1/solidityContracts
NEG_01779,0,0,0,2079,3,0.0019552342,0,0.020716210827231407,SentenceTransformer+MLP+Optuna (offline),TanujJha/OpenD-NFT-Marketplace
NEG_01784,0,0,0,2084,3,0.0046466403,0,0.020716210827231407,SentenceTransformer+MLP+Optuna (offline),TasmeTime/yt-react-next-ui-crypto-nft
NEG_01786,0,0,0,2086,3,0.4336546,1,0.020716210827231407,SentenceTransformer+MLP+Optuna (offline),tayyabappoly/bitcoin-wallet-that-uses-Neutrino
NEG_01791,0,0,0,2091,3,0.00018447702,0,0.020716210827231407,SentenceTransformer+MLP+Optuna (offline),teefeh-07/DefiDungeons
NEG_01803,0,0,0,2103,3,3.5929523e-05,0,0.020716210827231407,SentenceTransformer+MLP+Optuna (offline),The-Poolz/LockDealNFT.Builders
NEG_01811,0,0,0,2111,3,0.0021614856,0,0.020716210827231407,SentenceTransformer+MLP+Optuna (offline),TheODDYSEY/Vending-Machine-Smart-Contract
NEG_01812,0,0,0,2112,3,2.965382e-05,0,0.020716210827231407,SentenceTransformer+MLP+Optuna (offline),theshefer/NFT-lazy-minting
NEG_01815,0,0,0,2115,3,0.0022013444,0,0.020716210827231407,SentenceTransformer+MLP+Optuna (offline),thoangln/Blockchain-SmartContract
NEG_01817,0,0,0,2117,3,1.3342732e-05,0,0.020716210827231407,SentenceTransformer+MLP+Optuna (offline),threshold-network/tbtc-v2
NEG_01824,0,0,0,2124,3,2.0275598e-05,0,0.020716210827231407,SentenceTransformer+MLP+Optuna (offline),TJ-2004/dechai
NEG_01828,0,0,0,2128,3,0.22335595,1,0.020716210827231407,SentenceTransformer+MLP+Optuna (offline),tomerweller/exp-tempo-clones
NEG_01833,0,0,0,2133,3,0.0010540526,0,0.020716210827231407,SentenceTransformer+MLP+Optuna (offline),Topten1004/DoubleDice-Platform
NEG_01840,0,0,0,2140,3,4.3513282e-06,0,0.020716210827231407,SentenceTransformer+MLP+Optuna (offline),tradingstrategy-ai/trade-executor
NEG_01854,0,0,0,2154,3,0.029411428,1,0.020716210827231407,SentenceTransformer+MLP+Optuna (offline),TShanku/linked-chain
NEG_01856,0,0,0,2156,3,0.0006336488,0,0.020716210827231407,SentenceTransformer+MLP+Optuna (offline),tunnckoCore/bitcoin-connect
NEG_01857,0,0,0,2157,3,0.00019613345,0,0.020716210827231407,SentenceTransformer+MLP+Optuna (offline),turbo-eth/template-bank-app
NEG_01859,0,0,0,2159,3,0.0053400486,0,0.020716210827231407,SentenceTransformer+MLP+Optuna (offline),TW2541/Solidity_Web3_Practice_Python
NEG_01870,0,0,0,2170,3,0.0027481185,0,0.020716210827231407,SentenceTransformer+MLP+Optuna (offline),uhsr/CryptoSecurityToolkit
NEG_01872,0,0,0,2172,3,0.0709706,1,0.020716210827231407,SentenceTransformer+MLP+Optuna (offline),uhsr/NftMetadataIndexerTechNext
NEG_01879,0,0,0,2179,3,0.08423302,1,0.020716210827231407,SentenceTransformer+MLP+Optuna (offline),UssCalSst41/Xyn-SeedWatcher-Crypto-Balance-Checker-Searcher-MultiCoin
NEG_01889,0,0,0,2189,3,0.00013021521,0,0.020716210827231407,SentenceTransformer+MLP+Optuna (offline),vdsalexandre/CryptoZombies
NEG_01892,0,0,0,2192,3,1.8350662e-05,0,0.020716210827231407,SentenceTransformer+MLP+Optuna (offline),ved-et9/Blockchain_web3
NEG_01897,0,0,0,2197,3,3.5674026e-14,0,0.020716210827231407,SentenceTransformer+MLP+Optuna (offline),VeloraDEX/sdk
NEG_01910,0,0,0,2210,3,0.00047263544,0,0.020716210827231407,SentenceTransformer+MLP+Optuna (offline),vilicvane/megnat
NEG_01911,0,0,0,2211,3,0.00026957295,0,0.020716210827231407,SentenceTransformer+MLP+Optuna (offline),vinnyhoward/rn-crypto-wallet
NEG_01912,0,0,0,2212,3,7.131047e-05,0,0.020716210827231407,SentenceTransformer+MLP+Optuna (offline),viperadnan-git/blockdoc
NEG_01916,0,0,0,2216,3,0.00400845,0,0.020716210827231407,SentenceTransformer+MLP+Optuna (offline),VishviThrimavithana/crypto-arbitrage-bot
NEG_01920,0,0,0,2220,3,1.2438206e-06,0,0.020716210827231407,SentenceTransformer+MLP+Optuna (offline),VitalR/NFTLazyMinting
NEG_01921,0,0,0,2221,3,8.227125e-07,0,0.020716210827231407,SentenceTransformer+MLP+Optuna (offline),VitalR/Uniswap
NEG_01928,0,0,0,2228,3,3.3637964e-06,0,0.020716210827231407,SentenceTransformer+MLP+Optuna (offline),vjgaur/NFT-Ethereum-Polygon-Marketplace
NEG_01930,0,0,0,2230,3,0.00026277994,0,0.020716210827231407,SentenceTransformer+MLP+Optuna (offline),vmeazevedo/myCrypto_MercadoBitcoin
NEG_01943,0,0,0,2243,3,7.612571e-05,0,0.020716210827231407,SentenceTransformer+MLP+Optuna (offline),Walletika/walletika-contracts
NEG_01950,0,0,0,2250,3,6.369559e-06,0,0.020716210827231407,SentenceTransformer+MLP+Optuna (offline),wardu/Crypto-Resources
NEG_01953,0,0,0,2253,3,0.0005481464,0,0.020716210827231407,SentenceTransformer+MLP+Optuna (offline),wcoelho/BitcoinMinerPrototype
NEG_01959,0,0,0,2259,3,0.0002148912,0,0.020716210827231407,SentenceTransformer+MLP+Optuna (offline),web3brasil/web3brasil
NEG_01962,0,0,0,2262,3,0.0051681623,0,0.020716210827231407,SentenceTransformer+MLP+Optuna (offline),web3gamesofficial/web3games-contract-solidity
NEG_01963,0,0,0,2263,3,0.38222075,1,0.020716210827231407,SentenceTransformer+MLP+Optuna (offline),web3inventor/web3-wallet-brute-force-cracking
NEG_01970,0,0,0,2270,3,0.0025226404,0,0.020716210827231407,SentenceTransformer+MLP+Optuna (offline),wencio/python_solidity_Web3_examples
NEG_01971,0,0,0,2271,3,0.6918447,1,0.020716210827231407,SentenceTransformer+MLP+Optuna (offline),westhoronhp15/HOW-TO-MINING-BTC-2025
NEG_01979,0,0,0,2279,3,1.695068e-05,0,0.020716210827231407,SentenceTransformer+MLP+Optuna (offline),wizardsardine/liana
NEG_01980,0,0,0,2280,3,0.0012775273,0,0.020716210827231407,SentenceTransformer+MLP+Optuna (offline),wpdas/kibi-greeting-contract
NEG_01981,0,0,0,2281,3,1.2317369e-08,0,0.020716210827231407,SentenceTransformer+MLP+Optuna (offline),wsdt/WavectToken
NEG_01985,0,0,0,2285,3,0.0019620042,0,0.020716210827231407,SentenceTransformer+MLP+Optuna (offline),xabzxbt/brass-hands
NEG_01988,0,0,0,2288,3,0.39364824,1,0.020716210827231407,SentenceTransformer+MLP+Optuna (offline),xaviersins/CryptoMesh
NEG_01992,0,0,0,2292,3,5.6982594e-06,0,0.020716210827231407,SentenceTransformer+MLP+Optuna (offline),xeoneux/generation-blockchain-crypto-tracker
NEG_02003,0,0,0,2303,3,0.0002334328,0,0.020716210827231407,SentenceTransformer+MLP+Optuna (offline),y-chan/handmade_blockchain
NEG_02006,0,0,0,2306,3,3.6083503e-07,0,0.020716210827231407,SentenceTransformer+MLP+Optuna (offline),yann1ckv/Marketplace_dapp
NEG_02012,0,0,0,2312,3,0.0011642206,0,0.020716210827231407,SentenceTransformer+MLP+Optuna (offline),YassineMharrek/Phenicia-Metaverse
NEG_02022,0,0,0,2322,3,7.3714045e-06,0,0.020716210827231407,SentenceTransformer+MLP+Optuna (offline),yogdaan/blockchain-certification
NEG_02025,0,0,0,2325,3,1.0816752e-06,0,0.020716210827231407,SentenceTransformer+MLP+Optuna (offline),YosephKS/moralis-opensea-plugins
NEG_02028,0,0,0,2328,3,4.614438e-06,0,0.020716210827231407,SentenceTransformer+MLP+Optuna (offline),ysongh/blockchain-on-restaurant-client
NEG_02032,0,0,0,2332,3,7.39437e-05,0,0.020716210827231407,SentenceTransformer+MLP+Optuna (offline),yuzushioh/EthereumKit
NEG_02038,0,0,0,2338,3,3.3652523e-05,0,0.020716210827231407,SentenceTransformer+MLP+Optuna (offline),zeriontech/defi-sdk-js
NEG_02050,0,0,0,2350,3,0.0013734304,0,0.020716210827231407,SentenceTransformer+MLP+Optuna (offline),ZuInnoTe/spark-hadoopcryptoledger-ds
NEG_02051,0,0,0,2351,3,0.4287243,1,0.020716210827231407,SentenceTransformer+MLP+Optuna (offline),Zynora06JaA7/Arb-Script
F1_pumpfun_clone,1,1,0,0,4,0.9999726,1,0.6219559907913208,SentenceTransformer+MLP+Optuna (offline),2723799947qq2022/solana-pumpfun-bot
F1_pumpfun_clone,1,1,0,1,4,0.99991405,1,0.6219559907913208,SentenceTransformer+MLP+Optuna (offline),2kwkkk/solana-pumpfun-bot
F1_pumpfun_clone,1,1,0,2,4,0.9999739,1,0.6219559907913208,SentenceTransformer+MLP+Optuna (offline),790659193qqch/solana-pumpfun-bot
F1_pumpfun_clone,1,1,0,3,4,0.99995613,1,0.6219559907913208,SentenceTransformer+MLP+Optuna (offline),7arlystar/solana-pumpfun-bot
F1_pumpfun_clone,1,1,0,4,4,0.9999529,1,0.6219559907913208,SentenceTransformer+MLP+Optuna (offline),918715c83/solana-pumpfun-bot
F1_pumpfun_clone,1,1,0,6,4,0.9999844,1,0.6219559907913208,SentenceTransformer+MLP+Optuna (offline),AmirhBeigi7zch6f/solana-pumpfun-bot
F1_pumpfun_clone,1,1,0,8,4,0.99998367,1,0.6219559907913208,SentenceTransformer+MLP+Optuna (offline),asmaamohamed0264/solana-pumpfun-bot
F1_pumpfun_clone,1,1,0,9,4,0.9999589,1,0.6219559907913208,SentenceTransformer+MLP+Optuna (offline),bog-us/solana-pumpfun-bot
F1_pumpfun_clone,1,1,0,12,4,0.9999238,1,0.6219559907913208,SentenceTransformer+MLP+Optuna (offline),edparker89/solana-pumpfun-bot
F1_pumpfun_clone,1,1,0,16,4,0.99994195,1,0.6219559907913208,SentenceTransformer+MLP+Optuna (offline),ii4272/solana-pumpfun-bot
F1_pumpfun_clone,1,1,0,17,4,0.9999027,1,0.6219559907913208,SentenceTransformer+MLP+Optuna (offline),ijtye/solana-pumpfun-bot
F1_pumpfun_clone,1,1,0,18,4,0.99996483,1,0.6219559907913208,SentenceTransformer+MLP+Optuna (offline),iwanjunaids/solana-pumpfun-bot
F1_pumpfun_clone,1,1,0,19,4,0.9999554,1,0.6219559907913208,SentenceTransformer+MLP+Optuna (offline),janmalece/solana-pumpfun-bot
F1_pumpfun_clone,1,1,0,20,4,0.9999391,1,0.6219559907913208,SentenceTransformer+MLP+Optuna (offline),kay2x4/solana-pumpfun-bot
F1_pumpfun_clone,1,1,0,22,4,0.99997437,1,0.6219559907913208,SentenceTransformer+MLP+Optuna (offline),lan666as2dfur/solana-pumpfun-bot
F1_pumpfun_clone,1,1,0,23,4,0.999964,1,0.6219559907913208,SentenceTransformer+MLP+Optuna (offline),loveccat/solana-pumpfun-bot
F1_pumpfun_clone,1,1,0,24,4,0.99995065,1,0.6219559907913208,SentenceTransformer+MLP+Optuna (offline),lukgria/solana-pumpfun-bot
F1_pumpfun_clone,1,1,0,25,4,0.9999863,1,0.6219559907913208,SentenceTransformer+MLP+Optuna (offline),mdemetrial26rvk9w/solana-pumpfun-bot
F1_pumpfun_clone,1,1,0,31,4,0.9999646,1,0.6219559907913208,SentenceTransformer+MLP+Optuna (offline),oumengwas/solana-pumpfun-bot
F1_pumpfun_clone,1,1,0,32,4,0.9999634,1,0.6219559907913208,SentenceTransformer+MLP+Optuna (offline),Rain-Rave5/solana-pumpfun-bot
F1_pumpfun_clone,1,1,0,38,4,0.99997544,1,0.6219559907913208,SentenceTransformer+MLP+Optuna (offline),wc64561673347375/solana-pumpfun-bot
F1_pumpfun_clone,1,1,0,39,4,0.999962,1,0.6219559907913208,SentenceTransformer+MLP+Optuna (offline),wj6942/solana-pumpfun-bot
F1_pumpfun_clone,1,1,0,40,4,0.99997044,1,0.6219559907913208,SentenceTransformer+MLP+Optuna (offline),xnaotutu77765/solana-pumpfun-bot
F1_pumpfun_clone,1,1,0,42,4,0.99996114,1,0.6219559907913208,SentenceTransformer+MLP+Optuna (offline),yvagSirKt/solana-pumpfun-bot
F1_pumpfun_clone,1,0,1,45,4,0.99998665,1,0.6219559907913208,SentenceTransformer+MLP+Optuna (offline),2723799947qq2022t/solana-pumpfun-bot
F1_pumpfun_clone,1,0,1,46,4,0.9999145,1,0.6219559907913208,SentenceTransformer+MLP+Optuna (offline),2kwkk/solana-pumpfun-bot
F1_pumpfun_clone,1,0,1,47,4,0.9999827,1,0.6219559907913208,SentenceTransformer+MLP+Optuna (offline),790659193qqch2/solana-pumpfun-bot
F1_pumpfun_clone,1,0,1,48,4,0.99996984,1,0.6219559907913208,SentenceTransformer+MLP+Optuna (offline),7arlysta/solana-pumpfun-bot
F1_pumpfun_clone,1,0,1,49,4,0.999931,1,0.6219559907913208,SentenceTransformer+MLP+Optuna (offline),918715c8/solana-pumpfun-bot
F1_pumpfun_clone,1,0,1,50,4,0.9999852,1,0.6219559907913208,SentenceTransformer+MLP+Optuna (offline),AmirhBeigi7zch6ff/solana-pumpfun-bot
F1_pumpfun_clone,1,0,1,51,4,0.99998057,1,0.6219559907913208,SentenceTransformer+MLP+Optuna (offline),asmaamohamed0264a/solana-pumpfun-bot
F1_pumpfun_clone,1,0,1,52,4,0.99995124,1,0.6219559907913208,SentenceTransformer+MLP+Optuna (offline),bogus/solana-pumpfun-bot
F1_pumpfun_clone,1,0,1,53,4,0.9998895,1,0.6219559907913208,SentenceTransformer+MLP+Optuna (offline),edparker89t/solana-pumpfun-bot
F1_pumpfun_clone,1,0,1,54,4,0.9999181,1,0.6219559907913208,SentenceTransformer+MLP+Optuna (offline),ii427/solana-pumpfun-bot
F1_pumpfun_clone,1,0,1,55,4,0.9999372,1,0.6219559907913208,SentenceTransformer+MLP+Optuna (offline),ijty/solana-pumpfun-bot
F1_pumpfun_clone,1,0,1,56,4,0.99996793,1,0.6219559907913208,SentenceTransformer+MLP+Optuna (offline),iwanjunaid/solana-pumpfun-bot
F1_pumpfun_clone,1,0,1,57,4,0.999974,1,0.6219559907913208,SentenceTransformer+MLP+Optuna (offline),janmalece2/solana-pumpfun-bot
F1_pumpfun_clone,1,0,1,58,4,0.999972,1,0.6219559907913208,SentenceTransformer+MLP+Optuna (offline),kay2x42/solana-pumpfun-bot
F1_pumpfun_clone,1,0,1,59,4,0.9999665,1,0.6219559907913208,SentenceTransformer+MLP+Optuna (offline),lan666as2dfu/solana-pumpfun-bot
F1_pumpfun_clone,1,0,1,60,4,0.9999788,1,0.6219559907913208,SentenceTransformer+MLP+Optuna (offline),loveccat2/solana-pumpfun-bot
F1_pumpfun_clone,1,0,1,61,4,0.99996674,1,0.6219559907913208,SentenceTransformer+MLP+Optuna (offline),lukgrial/solana-pumpfun-bot
F1_pumpfun_clone,1,0,1,62,4,0.9999881,1,0.6219559907913208,SentenceTransformer+MLP+Optuna (offline),mdemetrial26rvk9wz/solana-pumpfun-bot
F1_pumpfun_clone,1,0,1,63,4,0.99996567,1,0.6219559907913208,SentenceTransformer+MLP+Optuna (offline),oumengwas2/solana-pumpfun-bot
F1_pumpfun_clone,1,0,1,64,4,0.9999658,1,0.6219559907913208,SentenceTransformer+MLP+Optuna (offline),RainRave5/solana-pumpfun-bot
F1_pumpfun_clone,1,0,1,65,4,0.9999827,1,0.6219559907913208,SentenceTransformer+MLP+Optuna (offline),wc645616733473752/solana-pumpfun-bot
F1_pumpfun_clone,1,0,1,66,4,0.9999571,1,0.6219559907913208,SentenceTransformer+MLP+Optuna (offline),wj69422/solana-pumpfun-bot
F1_pumpfun_clone,1,0,1,67,4,0.9999703,1,0.6219559907913208,SentenceTransformer+MLP+Optuna (offline),xnaotutu777652/solana-pumpfun-bot
F1_pumpfun_clone,1,0,1,68,4,0.9999813,1,0.6219559907913208,SentenceTransformer+MLP+Optuna (offline),yvagSirKt6/solana-pumpfun-bot
F1_pumpfun_clone,1,0,1,69,4,0.9999589,1,0.6219559907913208,SentenceTransformer+MLP+Optuna (offline),2723799947qq202/solana-pumpfun-bot
F1_pumpfun_clone,1,0,1,70,4,0.9999212,1,0.6219559907913208,SentenceTransformer+MLP+Optuna (offline),2kwkkk2/solana-pumpfun-bot
F1_pumpfun_clone,1,0,1,71,4,0.9999844,1,0.6219559907913208,SentenceTransformer+MLP+Optuna (offline),790659193qqch3/solana-pumpfun-bot
F1_pumpfun_clone,1,0,1,72,4,0.99997187,1,0.6219559907913208,SentenceTransformer+MLP+Optuna (offline),7arlystart/solana-pumpfun-bot
F1_pumpfun_clone,1,0,1,73,4,0.9999682,1,0.6219559907913208,SentenceTransformer+MLP+Optuna (offline),918715c832/solana-pumpfun-bot
F1_pumpfun_clone,1,0,1,74,4,0.99998724,1,0.6219559907913208,SentenceTransformer+MLP+Optuna (offline),AmirhBeigi7zch6f2/solana-pumpfun-bot
F1_pumpfun_clone,1,0,1,75,4,0.99999094,1,0.6219559907913208,SentenceTransformer+MLP+Optuna (offline),asmaamohamed026/solana-pumpfun-bot
F1_pumpfun_clone,1,0,1,76,4,0.9999659,1,0.6219559907913208,SentenceTransformer+MLP+Optuna (offline),bogusyc/solana-pumpfun-bot
F1_pumpfun_clone,1,0,1,77,4,0.9998766,1,0.6219559907913208,SentenceTransformer+MLP+Optuna (offline),edparker8/solana-pumpfun-bot
F1_pumpfun_clone,1,0,1,78,4,0.9999633,1,0.6219559907913208,SentenceTransformer+MLP+Optuna (offline),ii4273/solana-pumpfun-bot
F1_pumpfun_clone,1,0,1,79,4,0.9999372,1,0.6219559907913208,SentenceTransformer+MLP+Optuna (offline),ijtye2/solana-pumpfun-bot
F1_pumpfun_clone,1,0,1,80,4,0.9999752,1,0.6219559907913208,SentenceTransformer+MLP+Optuna (offline),iwanjunaidst/solana-pumpfun-bot
NEG_00004,0,0,0,304,4,7.3091905e-10,0,0.6219559907913208,SentenceTransformer+MLP+Optuna (offline),0x-Crisbanks/panda-Web3-smart-contract-auditor-
NEG_00009,0,0,0,309,4,6.1034534e-08,0,0.6219559907913208,SentenceTransformer+MLP+Optuna (offline),0xDeadList/0xDeadList
NEG_00011,0,0,0,311,4,1.4886421e-13,0,0.6219559907913208,SentenceTransformer+MLP+Optuna (offline),0xefrain/Bsc-bootcamp
NEG_00016,0,0,0,316,4,2.1648148e-08,0,0.6219559907913208,SentenceTransformer+MLP+Optuna (offline),0xhappydev/evm-explorer-uniswap
NEG_00017,0,0,0,317,4,0.0,0,0.6219559907913208,SentenceTransformer+MLP+Optuna (offline),0xinevitable/bento
NEG_00019,0,0,0,319,4,1.764278e-11,0,0.6219559907913208,SentenceTransformer+MLP+Optuna (offline),0xJonaseb11/Meta-suite
NEG_00022,0,0,0,322,4,1.367432e-08,0,0.6219559907913208,SentenceTransformer+MLP+Optuna (offline),0xLabs-Org/DeHarvest
NEG_00028,0,0,0,328,4,3.1928706e-09,0,0.6219559907913208,SentenceTransformer+MLP+Optuna (offline),0xRajkumar/damn-vulnerable-defi-solutions
NEG_00035,0,0,0,335,4,6.963279e-07,0,0.6219559907913208,SentenceTransformer+MLP+Optuna (offline),10gic/vanitygen-plusplus
NEG_00036,0,0,0,336,4,3.6701797e-13,0,0.6219559907913208,SentenceTransformer+MLP+Optuna (offline),1200wd/bitcoinlib
NEG_00038,0,0,0,338,4,0.005824917,0,0.6219559907913208,SentenceTransformer+MLP+Optuna (offline),1Crazymoney/ethNearMarketplace
NEG_00046,0,0,0,346,4,8.723467e-09,0,0.6219559907913208,SentenceTransformer+MLP+Optuna (offline),6sl3pt/ethereum-data-analytics
NEG_00050,0,0,0,350,4,3.9560542e-13,0,0.6219559907913208,SentenceTransformer+MLP+Optuna (offline),a3igner/dixie-coin
NEG_00057,0,0,0,357,4,1.7375691e-10,0,0.6219559907913208,SentenceTransformer+MLP+Optuna (offline),aave/governance-crosschain-bridges
NEG_00061,0,0,0,361,4,7.96379e-08,0,0.6219559907913208,SentenceTransformer+MLP+Optuna (offline),abdurrazzak5621/neonops-ai
NEG_00062,0,0,0,362,4,4.538087e-06,0,0.6219559907913208,SentenceTransformer+MLP+Optuna (offline),abhi-rawal/aave_credit_scoring
NEG_00075,0,0,0,375,4,9.324521e-10,0,0.6219559907913208,SentenceTransformer+MLP+Optuna (offline),adameth2900/ETH
NEG_00079,0,0,0,379,4,1.816364e-10,0,0.6219559907913208,SentenceTransformer+MLP+Optuna (offline),adilsachwani/web3ForSmartContracts
NEG_00089,0,0,0,389,4,2.2874298e-07,0,0.6219559907913208,SentenceTransformer+MLP+Optuna (offline),Adrijan-Petek/onchain-nft-art
NEG_00090,0,0,0,390,4,3.0681473e-09,0,0.6219559907913208,SentenceTransformer+MLP+Optuna (offline),Adrijan-Petek/portfolio-tracker-pnl
NEG_00093,0,0,0,393,4,1.3297069e-10,0,0.6219559907913208,SentenceTransformer+MLP+Optuna (offline),adwait2001/Mint-NFT
NEG_00108,0,0,0,408,4,2.096162e-06,0,0.6219559907913208,SentenceTransformer+MLP+Optuna (offline),ahmedali8/solspeakai
NEG_00114,0,0,0,414,4,1.3104076e-11,0,0.6219559907913208,SentenceTransformer+MLP+Optuna (offline),AidosKuneen/aidos-wallet-v1
NEG_00116,0,0,0,416,4,2.1783306e-07,0,0.6219559907913208,SentenceTransformer+MLP+Optuna (offline),aiLeonardo/cryptotips
NEG_00119,0,0,0,419,4,1.5001319e-09,0,0.6219559907913208,SentenceTransformer+MLP+Optuna (offline),Ajitabh-Kalia/Ethereum-Wallet
NEG_00127,0,0,0,427,4,1.5122522e-07,0,0.6219559907913208,SentenceTransformer+MLP+Optuna (offline),akshit0201/Web3-Ethereum
NEG_00133,0,0,0,433,4,1.1836722e-10,0,0.6219559907913208,SentenceTransformer+MLP+Optuna (offline),alejoacosta74/ethereum-farming-example
NEG_00145,0,0,0,445,4,7.319343e-11,0,0.6219559907913208,SentenceTransformer+MLP+Optuna (offline),alfonsrv/crypto-tracker
NEG_00149,0,0,0,449,4,7.061201e-07,0,0.6219559907913208,SentenceTransformer+MLP+Optuna (offline),aliezzahn/crypto-price-correlation-matrix
NEG_00153,0,0,0,453,4,6.62e-10,0,0.6219559907913208,SentenceTransformer+MLP+Optuna (offline),alisidaniel/Defi
NEG_00154,0,0,0,454,4,2.9251063e-07,0,0.6219559907913208,SentenceTransformer+MLP+Optuna (offline),alissonfernandes/bitcoin-wallet
NEG_00157,0,0,0,457,4,4.712818e-07,0,0.6219559907913208,SentenceTransformer+MLP+Optuna (offline),aloshai/aequi-monorepo
NEG_00159,0,0,0,459,4,1.8227783e-13,0,0.6219559907913208,SentenceTransformer+MLP+Optuna (offline),alpdevcode/ethereum-multisig-wallet
NEG_00169,0,0,0,469,4,1.2454317e-08,0,0.6219559907913208,SentenceTransformer+MLP+Optuna (offline),Amr-9/HexHunter
NEG_00172,0,0,0,472,4,7.987445e-12,0,0.6219559907913208,SentenceTransformer+MLP+Optuna (offline),AnalytixAudit/Solidity
NEG_00176,0,0,0,476,4,6.2801733e-13,0,0.6219559907913208,SentenceTransformer+MLP+Optuna (offline),andreitoma8/legendary-owls-smart-contract
NEG_00180,0,0,0,480,4,1.0609282e-09,0,0.6219559907913208,SentenceTransformer+MLP+Optuna (offline),angelcatanzariti1/web3_py_example
NEG_00190,0,0,0,490,4,3.583565e-14,0,0.6219559907913208,SentenceTransformer+MLP+Optuna (offline),antoniopgs/tangible
NEG_00191,0,0,0,491,4,3.92818e-06,0,0.6219559907913208,SentenceTransformer+MLP+Optuna (offline),anudeeep4/Decentralized-Identity-Project
NEG_00217,0,0,0,517,4,3.4272177e-06,0,0.6219559907913208,SentenceTransformer+MLP+Optuna (offline),Arowolokehinde/STX-TIP
NEG_00223,0,0,0,523,4,3.7640817e-08,0,0.6219559907913208,SentenceTransformer+MLP+Optuna (offline),arthur0725/CryptoZombie
NEG_00234,0,0,0,534,4,5.4332037e-09,0,0.6219559907913208,SentenceTransformer+MLP+Optuna (offline),AshutoshShekharProjects/Blockchain-Solidity
NEG_00245,0,0,0,545,4,1.495148e-12,0,0.6219559907913208,SentenceTransformer+MLP+Optuna (offline),AuxillaryLord/Smart-Contracts
NEG_00255,0,0,0,555,4,6.5143955e-14,0,0.6219559907913208,SentenceTransformer+MLP+Optuna (offline),azerpas/prescurity-blockchain
NEG_00257,0,0,0,557,4,8.512286e-14,0,0.6219559907913208,SentenceTransformer+MLP+Optuna (offline),Baat-Maan/defiBasic
NEG_00263,0,0,0,563,4,8.306583e-06,0,0.6219559907913208,SentenceTransformer+MLP+Optuna (offline),balancer/scaffold-balancer-v3
NEG_00264,0,0,0,564,4,5.1518174e-14,0,0.6219559907913208,SentenceTransformer+MLP+Optuna (offline),balive053/blockchainFromScratch
NEG_00268,0,0,0,568,4,1.9798532e-09,0,0.6219559907913208,SentenceTransformer+MLP+Optuna (offline),bansaltushar014/Chapter-Solidity
NEG_00278,0,0,0,578,4,1.0842575e-05,0,0.6219559907913208,SentenceTransformer+MLP+Optuna (offline),beeman/solana-mobile-seeker-genesis-holders
NEG_00284,0,0,0,584,4,7.060845e-08,0,0.6219559907913208,SentenceTransformer+MLP+Optuna (offline),benzemeze1-art/nft-rarity-tracker-2
NEG_00301,0,0,0,601,4,2.718082e-07,0,0.6219559907913208,SentenceTransformer+MLP+Optuna (offline),bitcoin-flasher/flasher-smart-contracts
NEG_00304,0,0,0,604,4,2.7646223e-09,0,0.6219559907913208,SentenceTransformer+MLP+Optuna (offline),bitcoinaverage/api-integration-examples
NEG_00313,0,0,0,613,4,8.221024e-08,0,0.6219559907913208,SentenceTransformer+MLP+Optuna (offline),blakewood84/react-metamask-medium
NEG_00320,0,0,0,620,4,4.039265e-07,0,0.6219559907913208,SentenceTransformer+MLP+Optuna (offline),Blockchain-for-Developers/sp18-midterm-pt2
NEG_00335,0,0,0,635,4,4.8514755e-11,0,0.6219559907913208,SentenceTransformer+MLP+Optuna (offline),Bottom-Labs/wallet-core
NEG_00338,0,0,0,638,4,3.5816417e-12,0,0.6219559907913208,SentenceTransformer+MLP+Optuna (offline),BraianVaylet/buildspace-epic-nfts-ui
NEG_00340,0,0,0,640,4,9.65807e-11,0,0.6219559907913208,SentenceTransformer+MLP+Optuna (offline),brendanjryan/crypto-keystore-rs
NEG_00347,0,0,0,647,4,2.745682e-10,0,0.6219559907913208,SentenceTransformer+MLP+Optuna (offline),btcsuite/btcwallet
NEG_00356,0,0,0,656,4,1.4486905e-05,0,0.6219559907913208,SentenceTransformer+MLP+Optuna (offline),Bytez3/MEDiscordBuySell
NEG_00357,0,0,0,657,4,2.3026725e-05,0,0.6219559907913208,SentenceTransformer+MLP+Optuna (offline),bzthelmaeddins54/headlee
NEG_00369,0,0,0,669,4,2.0611605e-10,0,0.6219559907913208,SentenceTransformer+MLP+Optuna (offline),carlosgauci/crypto-track
NEG_00372,0,0,0,672,4,2.705622e-07,0,0.6219559907913208,SentenceTransformer+MLP+Optuna (offline),catze-labs/jury-dao-web
NEG_00373,0,0,0,673,4,1.6231062e-06,0,0.6219559907913208,SentenceTransformer+MLP+Optuna (offline),cawfree/web3-react-native
NEG_00386,0,0,0,686,4,2.4939153e-09,0,0.6219559907913208,SentenceTransformer+MLP+Optuna (offline),charlo1492charlo14928/NFT-Yield-Farming
NEG_00389,0,0,0,689,4,9.982983e-08,0,0.6219559907913208,SentenceTransformer+MLP+Optuna (offline),chauhan-varun/Account-abstraction
NEG_00395,0,0,0,695,4,7.795656e-10,0,0.6219559907913208,SentenceTransformer+MLP+Optuna (offline),Chirag21/CryptoZombies-solidity-v0.8.16
NEG_00396,0,0,0,696,4,3.655493e-10,0,0.6219559907913208,SentenceTransformer+MLP+Optuna (offline),chjj/mako
NEG_00399,0,0,0,699,4,0.0009805831,0,0.6219559907913208,SentenceTransformer+MLP+Optuna (offline),ChocoChichia/bitcoin-wallet
NEG_00407,0,0,0,707,4,6.172752e-11,0,0.6219559907913208,SentenceTransformer+MLP+Optuna (offline),CJpaekil/nft-marketplace-ERC721
NEG_00412,0,0,0,712,4,1.6144549e-09,0,0.6219559907913208,SentenceTransformer+MLP+Optuna (offline),ClusterH/Memories-NFT
NEG_00417,0,0,0,717,4,7.788607e-11,0,0.6219559907913208,SentenceTransformer+MLP+Optuna (offline),Code-Decoders/specter-defi-near
NEG_00431,0,0,0,731,4,1.3072302e-14,0,0.6219559907913208,SentenceTransformer+MLP+Optuna (offline),CoinSpace/CoinSpace
NEG_00443,0,0,0,743,4,3.2918503e-08,0,0.6219559907913208,SentenceTransformer+MLP+Optuna (offline),Consensys/defi-score
NEG_00444,0,0,0,744,4,2.3150025e-05,0,0.6219559907913208,SentenceTransformer+MLP+Optuna (offline),Consensys/eth-lightwallet
NEG_00449,0,0,0,749,4,2.8564e-12,0,0.6219559907913208,SentenceTransformer+MLP+Optuna (offline),coti-io/coti-ethers
NEG_00454,0,0,0,754,4,6.3698144e-11,0,0.6219559907913208,SentenceTransformer+MLP+Optuna (offline),Cr0mb/Crypto-Sweeper
NEG_00456,0,0,0,756,4,0.00032630382,0,0.6219559907913208,SentenceTransformer+MLP+Optuna (offline),craftBrainLLC/ethereum-indexer
NEG_00460,0,0,0,760,4,8.011901e-05,0,0.6219559907913208,SentenceTransformer+MLP+Optuna (offline),critfinds/Web3CRIT-Scanner
NEG_00470,0,0,0,770,4,2.2806687e-07,0,0.6219559907913208,SentenceTransformer+MLP+Optuna (offline),CryptoApex23/mnemonic-balance-checker
NEG_00473,0,0,0,773,4,1.8803501e-08,0,0.6219559907913208,SentenceTransformer+MLP+Optuna (offline),cryptodance/cryptodance-backend
NEG_00475,0,0,0,775,4,3.183331e-12,0,0.6219559907913208,SentenceTransformer+MLP+Optuna (offline),CryptoFist/MemeMarketplace-contract
NEG_00476,0,0,0,776,4,4.390821e-09,0,0.6219559907913208,SentenceTransformer+MLP+Optuna (offline),cryptoforge318/NFT-Marketplace
NEG_00487,0,0,0,787,4,6.5419005e-07,0,0.6219559907913208,SentenceTransformer+MLP+Optuna (offline),curvefi/curve-contract
NEG_00489,0,0,0,789,4,3.155871e-05,0,0.6219559907913208,SentenceTransformer+MLP+Optuna (offline),cyforge/Orbis-Wallet
NEG_00491,0,0,0,791,4,1.0111222e-07,0,0.6219559907913208,SentenceTransformer+MLP+Optuna (offline),cypherpunk-symposium/web3-starter-rs
NEG_00496,0,0,0,796,4,2.616779e-12,0,0.6219559907913208,SentenceTransformer+MLP+Optuna (offline),d3or/eth-vanity-gen
NEG_00498,0,0,0,798,4,8.522595e-08,0,0.6219559907913208,SentenceTransformer+MLP+Optuna (offline),Dakii03/crypto-project-v2
NEG_00499,0,0,0,799,4,4.9625074e-12,0,0.6219559907913208,SentenceTransformer+MLP+Optuna (offline),dalloglio/nft-pokemon
NEG_00501,0,0,0,801,4,3.0498645e-11,0,0.6219559907913208,SentenceTransformer+MLP+Optuna (offline),Daltonic/dappFundsX
NEG_00504,0,0,0,804,4,1.7212207e-11,0,0.6219559907913208,SentenceTransformer+MLP+Optuna (offline),DanielDimitrov5/NFT-Marketplace-FE
NEG_00511,0,0,0,811,4,1.3649863e-14,0,0.6219559907913208,SentenceTransformer+MLP+Optuna (offline),dapperlabs/dapper-contracts
NEG_00512,0,0,0,812,4,2.8101169e-11,0,0.6219559907913208,SentenceTransformer+MLP+Optuna (offline),DappFactory/CryptoTrivia
NEG_00515,0,0,0,815,4,3.9274013e-07,0,0.6219559907913208,SentenceTransformer+MLP+Optuna (offline),DappioLab/navigator
NEG_00517,0,0,0,817,4,1.0595769e-10,0,0.6219559907913208,SentenceTransformer+MLP+Optuna (offline),dappteacher/smart-contract-audit-portfolio
NEG_00521,0,0,0,821,4,0.0004040697,0,0.6219559907913208,SentenceTransformer+MLP+Optuna (offline),Darkbladecr/cryptoWallet
NEG_00537,0,0,0,837,4,1.14813936e-07,0,0.6219559907913208,SentenceTransformer+MLP+Optuna (offline),Deed3Labs/Protocol-DApp
NEG_00539,0,0,0,839,4,7.108023e-07,0,0.6219559907913208,SentenceTransformer+MLP+Optuna (offline),Deeppanchal2108/metaflex-nft-lab
NEG_00546,0,0,0,846,4,1.07549095e-14,0,0.6219559907913208,SentenceTransformer+MLP+Optuna (offline),defiprime/defiprime1
NEG_00559,0,0,0,859,4,1.8536435e-15,0,0.6219559907913208,SentenceTransformer+MLP+Optuna (offline),DePayFi/widgets
NEG_00568,0,0,0,868,4,1.70356e-12,0,0.6219559907913208,SentenceTransformer+MLP+Optuna (offline),develrocket/NFT-Smart-Contract
NEG_00569,0,0,0,869,4,2.0284764e-05,0,0.6219559907913208,SentenceTransformer+MLP+Optuna (offline),DevJihwan/SmartContractSample_RentCar
NEG_00574,0,0,0,874,4,4.2693144e-13,0,0.6219559907913208,SentenceTransformer+MLP+Optuna (offline),dgrmunch/docuten-blockchain-proof-dapp
NEG_00580,0,0,0,880,4,4.3484615e-11,0,0.6219559907913208,SentenceTransformer+MLP+Optuna (offline),dhiraj0911/defi-uniswap
NEG_00587,0,0,0,887,4,0.00051855773,0,0.6219559907913208,SentenceTransformer+MLP+Optuna (offline),Dineshv0311/Web3.0-CryptoTransfer
NEG_00595,0,0,0,895,4,6.42441e-09,0,0.6219559907913208,SentenceTransformer+MLP+Optuna (offline),dmakarov-dev/Ethereum-Solidity-token
NEG_00604,0,0,0,904,4,1.842993e-08,0,0.6219559907913208,SentenceTransformer+MLP+Optuna (offline),dozerokz/polymarket_monitor
NEG_00606,0,0,0,906,4,1.2374372e-09,0,0.6219559907913208,SentenceTransformer+MLP+Optuna (offline),drips-network/app
NEG_00616,0,0,0,916,4,1.1289049e-08,0,0.6219559907913208,SentenceTransformer+MLP+Optuna (offline),dvinubius/tiny-multisig-typescript
NEG_00625,0,0,0,925,4,3.6583245e-10,0,0.6219559907913208,SentenceTransformer+MLP+Optuna (offline),EjaraApp/trustdart
NEG_00633,0,0,0,933,4,1.121469e-07,0,0.6219559907913208,SentenceTransformer+MLP+Optuna (offline),elxor/jetum-wallet
NEG_00635,0,0,0,935,4,4.5656523e-13,0,0.6219559907913208,SentenceTransformer+MLP+Optuna (offline),EmanHerawy/web3Drive
NEG_00652,0,0,0,952,4,1.3150886e-09,0,0.6219559907913208,SentenceTransformer+MLP+Optuna (offline),EnridoZanoge/Layer-1
NEG_00653,0,0,0,953,4,6.14745e-09,0,0.6219559907913208,SentenceTransformer+MLP+Optuna (offline),enzymefinance/protocol
NEG_00655,0,0,0,955,4,0.02443342,0,0.6219559907913208,SentenceTransformer+MLP+Optuna (offline),epacrypt25/Web3BlockchainVooting
NEG_00656,0,0,0,956,4,4.150236e-05,0,0.6219559907913208,SentenceTransformer+MLP+Optuna (offline),EpicVillage/Ore-Blue-Miner
NEG_00657,0,0,0,957,4,5.1239563e-06,0,0.6219559907913208,SentenceTransformer+MLP+Optuna (offline),eprbell/dali-rp2
NEG_00658,0,0,0,958,4,4.192308e-13,0,0.6219559907913208,SentenceTransformer+MLP+Optuna (offline),eprbell/rp2
NEG_00662,0,0,0,962,4,3.4024297e-10,0,0.6219559907913208,SentenceTransformer+MLP+Optuna (offline),ernestognw/ethereum_signature
NEG_00667,0,0,0,967,4,5.1966356e-09,0,0.6219559907913208,SentenceTransformer+MLP+Optuna (offline),EtherAuthority/Portfolio
NEG_00671,0,0,0,971,4,1.825744e-08,0,0.6219559907913208,SentenceTransformer+MLP+Optuna (offline),Ethernal-Tech/bridge-web-test-suite
NEG_00675,0,0,0,975,4,3.803601e-09,0,0.6219559907913208,SentenceTransformer+MLP+Optuna (offline),ETsCalrskj/Kypt-MultiSig-Wallet-Transactions-Tron-Ethereum
NEG_00684,0,0,0,984,4,3.7334547e-07,0,0.6219559907913208,SentenceTransformer+MLP+Optuna (offline),exactly/liquidation-bot
NEG_00685,0,0,0,985,4,4.2515325e-14,0,0.6219559907913208,SentenceTransformer+MLP+Optuna (offline),exactly/protocol
NEG_00689,0,0,0,989,4,3.2026333e-14,0,0.6219559907913208,SentenceTransformer+MLP+Optuna (offline),Expandergraph/crypto-crawler
NEG_00690,0,0,0,990,4,9.893898e-06,0,0.6219559907913208,SentenceTransformer+MLP+Optuna (offline),ExpertVagabond/mango-v4
NEG_00696,0,0,0,996,4,7.3478354e-06,0,0.6219559907913208,SentenceTransformer+MLP+Optuna (offline),FACINGS/collection-manager
NEG_00697,0,0,0,997,4,1.4879412e-09,0,0.6219559907913208,SentenceTransformer+MLP+Optuna (offline),fadedreams/wallet_go_blockchain_concepts
NEG_00703,0,0,0,1003,4,7.4199935e-09,0,0.6219559907913208,SentenceTransformer+MLP+Optuna (offline),Farber98/MultiSigWallet
NEG_00708,0,0,0,1008,4,1.7760477e-11,0,0.6219559907913208,SentenceTransformer+MLP+Optuna (offline),feeeei/vanity-generator
NEG_00713,0,0,0,1013,4,6.2480194e-07,0,0.6219559907913208,SentenceTransformer+MLP+Optuna (offline),FIFA0313/sui-mcp-server-wallet-management
NEG_00717,0,0,0,1017,4,6.8714744e-13,0,0.6219559907913208,SentenceTransformer+MLP+Optuna (offline),FIT-DNU/Blockchain-Technology
NEG_00726,0,0,0,1026,4,2.9652306e-10,0,0.6219559907913208,SentenceTransformer+MLP+Optuna (offline),formysister/crosschain-mixer-solidity
NEG_00728,0,0,0,1028,4,3.498013e-08,0,0.6219559907913208,SentenceTransformer+MLP+Optuna (offline),foxxcn/Arkham_API_test
NEG_00731,0,0,0,1031,4,8.776525e-16,0,0.6219559907913208,SentenceTransformer+MLP+Optuna (offline),frankiefab100/Blockchain-Development-Resources
NEG_00732,0,0,0,1032,4,1.0503514e-13,0,0.6219559907913208,SentenceTransformer+MLP+Optuna (offline),frankiefab100/Web3.0-Roadmap
NEG_00734,0,0,0,1034,4,1.0037384e-10,0,0.6219559907913208,SentenceTransformer+MLP+Optuna (offline),FrederikBolding/chainlist
NEG_00735,0,0,0,1035,4,4.3095594e-09,0,0.6219559907913208,SentenceTransformer+MLP+Optuna (offline),freight-trust/deployments-solidity
NEG_00738,0,0,0,1038,4,1.6605953e-10,0,0.6219559907913208,SentenceTransformer+MLP+Optuna (offline),FriendlyUser/solidity-smart-contracts
NEG_00739,0,0,0,1039,4,8.788768e-09,0,0.6219559907913208,SentenceTransformer+MLP+Optuna (offline),FujiwaraChoki/CoinWizard
NEG_00740,0,0,0,1040,4,2.8586958e-15,0,0.6219559907913208,SentenceTransformer+MLP+Optuna (offline),fullstack-development/blockchain-wiki-en
NEG_00750,0,0,0,1050,4,8.3171314e-21,0,0.6219559907913208,SentenceTransformer+MLP+Optuna (offline),gear5labs/chenpilot
NEG_00753,0,0,0,1053,4,2.7889052e-13,0,0.6219559907913208,SentenceTransformer+MLP+Optuna (offline),Generic35/Ethereum-Wallet-Dai-Token-Clone
NEG_00758,0,0,0,1058,4,1.4561543e-08,0,0.6219559907913208,SentenceTransformer+MLP+Optuna (offline),gfsxyz/lamina
NEG_00760,0,0,0,1060,4,2.2621663e-10,0,0.6219559907913208,SentenceTransformer+MLP+Optuna (offline),GHODA-crypto/shatranj
NEG_00761,0,0,0,1061,4,1.0725816e-05,0,0.6219559907913208,SentenceTransformer+MLP+Optuna (offline),ghulamrabbanimedium-dotcom/VerseBet-dapp
NEG_00768,0,0,0,1068,4,1.0,1,0.6219559907913208,SentenceTransformer+MLP+Optuna (offline),gmh5225/awesome-crypto-wallet-address
NEG_00773,0,0,0,1073,4,1.8391707e-06,0,0.6219559907913208,SentenceTransformer+MLP+Optuna (offline),GobyWallet/openapi
NEG_00783,0,0,0,1083,4,1.0711245e-10,0,0.6219559907913208,SentenceTransformer+MLP+Optuna (offline),GridexProtocol/core
NEG_00784,0,0,0,1084,4,2.9409788e-05,0,0.6219559907913208,SentenceTransformer+MLP+Optuna (offline),gridgentoo/graph-node
NEG_00789,0,0,0,1089,4,4.2080406e-10,0,0.6219559907913208,SentenceTransformer+MLP+Optuna (offline),GuiTeK/bip39-splitter
NEG_00790,0,0,0,1090,4,1.9048407e-10,0,0.6219559907913208,SentenceTransformer+MLP+Optuna (offline),guoshijiang/blockchain-wallet-sdk
NEG_00801,0,0,0,1101,4,2.006224e-12,0,0.6219559907913208,SentenceTransformer+MLP+Optuna (offline),HadhemiBM/SmartContract_NFT-Marketplace
NEG_00814,0,0,0,1114,4,3.165569e-14,0,0.6219559907913208,SentenceTransformer+MLP+Optuna (offline),HarryR/shwop
NEG_00822,0,0,0,1122,4,1.103977e-11,0,0.6219559907913208,SentenceTransformer+MLP+Optuna (offline),HashLips/nft_collection_minter
NEG_00823,0,0,0,1123,4,8.7374336e-10,0,0.6219559907913208,SentenceTransformer+MLP+Optuna (offline),HassanA632/blockchain-wallet-risk-analyser
NEG_00825,0,0,0,1125,4,2.8815034e-10,0,0.6219559907913208,SentenceTransformer+MLP+Optuna (offline),haxpor/contractdiff
NEG_00826,0,0,0,1126,4,1.6681339e-11,0,0.6219559907913208,SentenceTransformer+MLP+Optuna (offline),haxpor/inoutflow
NEG_00827,0,0,0,1127,4,3.3999277e-09,0,0.6219559907913208,SentenceTransformer+MLP+Optuna (offline),hclivess/qtrader
NEG_00828,0,0,0,1128,4,8.395767e-11,0,0.6219559907913208,SentenceTransformer+MLP+Optuna (offline),hdwaIIet-io/python-hdwallet
NEG_00830,0,0,0,1130,4,3.815282e-14,0,0.6219559907913208,SentenceTransformer+MLP+Optuna (offline),henesaud/bitcoin-cryptography
NEG_00833,0,0,0,1133,4,4.9440052e-21,0,0.6219559907913208,SentenceTransformer+MLP+Optuna (offline),hiero-ledger/hiero-consensus-node
NEG_00837,0,0,0,1137,4,4.6929065e-09,0,0.6219559907913208,SentenceTransformer+MLP+Optuna (offline),HimanshuGupta-p1/ETHIFY
NEG_00848,0,0,0,1148,4,8.216972e-10,0,0.6219559907913208,SentenceTransformer+MLP+Optuna (offline),horizontalsystems/bitcoin-kit-android
NEG_00850,0,0,0,1150,4,3.4711947e-12,0,0.6219559907913208,SentenceTransformer+MLP+Optuna (offline),horizontalsystems/ethereum-kit-android
NEG_00851,0,0,0,1151,4,7.568724e-16,0,0.6219559907913208,SentenceTransformer+MLP+Optuna (offline),horizontalsystems/unstoppable-wallet-android
NEG_00852,0,0,0,1152,4,1.8898058e-16,0,0.6219559907913208,SentenceTransformer+MLP+Optuna (offline),horizontalsystems/unstoppable-wallet-ios
NEG_00853,0,0,0,1153,4,5.9301865e-12,0,0.6219559907913208,SentenceTransformer+MLP+Optuna (offline),hoseadevops/edec-nft-market
NEG_00866,0,0,0,1166,4,1.2626715e-07,0,0.6219559907913208,SentenceTransformer+MLP+Optuna (offline),hzblab/NFT-Minting-dApp
NEG_00868,0,0,0,1168,4,1.7879736e-12,0,0.6219559907913208,SentenceTransformer+MLP+Optuna (offline),iamnotstatic/multichain-crypto-wallet
NEG_00872,0,0,0,1172,4,2.6958037e-06,0,0.6219559907913208,SentenceTransformer+MLP+Optuna (offline),IBM/loyalty-points-evm-fabric
NEG_00875,0,0,0,1175,4,2.5777064e-10,0,0.6219559907913208,SentenceTransformer+MLP+Optuna (offline),IcarusCan/CryptoSimsNFT
NEG_00876,0,0,0,1176,4,2.3895882e-10,0,0.6219559907913208,SentenceTransformer+MLP+Optuna (offline),icebert04/Defi-Dashboard
NEG_00882,0,0,0,1182,4,6.541903e-06,0,0.6219559907913208,SentenceTransformer+MLP+Optuna (offline),illia-fz/defi-python-nft-staking-rewards-v2
NEG_00884,0,0,0,1184,4,2.622629e-09,0,0.6219559907913208,SentenceTransformer+MLP+Optuna (offline),ilyarolf/AiogramShopBot
NEG_00885,0,0,0,1185,4,9.295584e-12,0,0.6219559907913208,SentenceTransformer+MLP+Optuna (offline),imanmousaei/coinexpy
NEG_00890,0,0,0,1190,4,3.7406624e-09,0,0.6219559907913208,SentenceTransformer+MLP+Optuna (offline),Infinite-Null/Wallet-Master
NEG_00894,0,0,0,1194,4,1.6547046e-14,0,0.6219559907913208,SentenceTransformer+MLP+Optuna (offline),instant-coffee/cryptoZombies
NEG_00895,0,0,0,1195,4,2.5900682e-09,0,0.6219559907913208,SentenceTransformer+MLP+Optuna (offline),invis2912/TokenTrail
NEG_00902,0,0,0,1202,4,6.715563e-09,0,0.6219559907913208,SentenceTransformer+MLP+Optuna (offline),itsSauravK/Election-Voting-Blockchain
NEG_00908,0,0,0,1208,4,1.6560095e-06,0,0.6219559907913208,SentenceTransformer+MLP+Optuna (offline),Iwai88961997/Electrum-Fake-Balance
NEG_00911,0,0,0,1211,4,3.2153737e-12,0,0.6219559907913208,SentenceTransformer+MLP+Optuna (offline),jaayperez/coin
NEG_00912,0,0,0,1212,4,2.0285811e-11,0,0.6219559907913208,SentenceTransformer+MLP+Optuna (offline),jackey1510/MyNFT
NEG_00919,0,0,0,1219,4,5.4535e-13,0,0.6219559907913208,SentenceTransformer+MLP+Optuna (offline),JacobZavita/nfts-react
NEG_00920,0,0,0,1220,4,8.199828e-14,0,0.6219559907913208,SentenceTransformer+MLP+Optuna (offline),jagadeeshgatla/simple-cryptocurrency-wallet
NEG_00924,0,0,0,1224,4,7.681465e-12,0,0.6219559907913208,SentenceTransformer+MLP+Optuna (offline),jamaltheatlantean/DeFi-Staking
NEG_00927,0,0,0,1227,4,7.415345e-15,0,0.6219559907913208,SentenceTransformer+MLP+Optuna (offline),JamesANZ/learn-solidity-with-examples
NEG_00933,0,0,0,1233,4,1.0489102e-05,0,0.6219559907913208,SentenceTransformer+MLP+Optuna (offline),Jared351/Blockchain-crypto-currencies
NEG_00934,0,0,0,1234,4,1.5401218e-12,0,0.6219559907913208,SentenceTransformer+MLP+Optuna (offline),jarrettyew/web3.0
NEG_00935,0,0,0,1235,4,2.7451477e-10,0,0.6219559907913208,SentenceTransformer+MLP+Optuna (offline),jarrodwatts/evmkit
NEG_00945,0,0,0,1245,4,1.0181744e-11,0,0.6219559907913208,SentenceTransformer+MLP+Optuna (offline),jdogresorg/freewallet
NEG_00947,0,0,0,1247,4,7.1947434e-11,0,0.6219559907913208,SentenceTransformer+MLP+Optuna (offline),jeet-patel313/NFTStaking
NEG_00953,0,0,0,1253,4,3.403126e-09,0,0.6219559907913208,SentenceTransformer+MLP+Optuna (offline),jenil04/auction
NEG_00958,0,0,0,1258,4,1.1176472e-10,0,0.6219559907913208,SentenceTransformer+MLP+Optuna (offline),jitendragangwar123/Crowd-Sale-ICO-Dapp
NEG_00959,0,0,0,1259,4,1.5406968e-13,0,0.6219559907913208,SentenceTransformer+MLP+Optuna (offline),jitendragangwar123/Crypto-Zombies-Game
NEG_00961,0,0,0,1261,4,4.1716772e-11,0,0.6219559907913208,SentenceTransformer+MLP+Optuna (offline),jjanczur/SolidityDrive
NEG_00967,0,0,0,1267,4,1.0265857e-13,0,0.6219559907913208,SentenceTransformer+MLP+Optuna (offline),johnnyshankman/xtznftswap-contracts
NEG_00969,0,0,0,1269,4,2.0068315e-07,0,0.6219559907913208,SentenceTransformer+MLP+Optuna (offline),jokeradms/Electrum-ADA
NEG_00970,0,0,0,1270,4,1.1479686e-09,0,0.6219559907913208,SentenceTransformer+MLP+Optuna (offline),jolly-roger-eth/ethereum-indexer
NEG_00971,0,0,0,1271,4,5.9987713e-09,0,0.6219559907913208,SentenceTransformer+MLP+Optuna (offline),Jolsho/eth_wallet
NEG_00977,0,0,0,1277,4,0.0015296377,0,0.6219559907913208,SentenceTransformer+MLP+Optuna (offline),joshH94/NFT-Marketplace-Solidity-Hardhat-NexJS-Web3js-Tailwind
NEG_00980,0,0,0,1280,4,2.5283913e-12,0,0.6219559907913208,SentenceTransformer+MLP+Optuna (offline),jp-co-decoo-shirato/solidity-cryptozombies
NEG_00991,0,0,0,1291,4,4.0439567e-09,0,0.6219559907913208,SentenceTransformer+MLP+Optuna (offline),jun1sen1/solidityone1
NEG_00992,0,0,0,1292,4,7.343328e-14,0,0.6219559907913208,SentenceTransformer+MLP+Optuna (offline),Juniorduc44/brownie_fund_me
NEG_00996,0,0,0,1296,4,9.443437e-10,0,0.6219559907913208,SentenceTransformer+MLP+Optuna (offline),k1-c/ethereum-wallet-manager
NEG_01002,0,0,0,1302,4,0.009922487,0,0.6219559907913208,SentenceTransformer+MLP+Optuna (offline),karmaizmyb1tch/Crypto-Wallet
NEG_01003,0,0,0,1303,4,5.209276e-10,0,0.6219559907913208,SentenceTransformer+MLP+Optuna (offline),kartik78946/Bank-Wallet-SmartContract
NEG_01008,0,0,0,1308,4,2.738984e-12,0,0.6219559907913208,SentenceTransformer+MLP+Optuna (offline),kausikds/ethereum-onChain-wallet
NEG_01011,0,0,0,1311,4,1.6001558e-10,0,0.6219559907913208,SentenceTransformer+MLP+Optuna (offline),kaymen99/uniswap-sushiswap-arbitrage
NEG_01015,0,0,0,1315,4,7.043674e-14,0,0.6219559907913208,SentenceTransformer+MLP+Optuna (offline),keewenaw/Ethereum-Wallet-Cracker
NEG_01019,0,0,0,1319,4,8.1828524e-08,0,0.6219559907913208,SentenceTransformer+MLP+Optuna (offline),Kelvyne/starknet-storage-proof-solidity
NEG_01024,0,0,0,1324,4,1.2007814e-10,0,0.6219559907913208,SentenceTransformer+MLP+Optuna (offline),kerala-blockchain-academy/SmartKYC
NEG_01031,0,0,0,1331,4,3.8640202e-10,0,0.6219559907913208,SentenceTransformer+MLP+Optuna (offline),Keya-Moradi/Cryptopunk
NEG_01032,0,0,0,1332,4,5.3999365e-06,0,0.6219559907913208,SentenceTransformer+MLP+Optuna (offline),keyhunters/Biggest-Lost-Bitcoin-Wallets-List
NEG_01035,0,0,0,1335,4,1.1113787e-13,0,0.6219559907913208,SentenceTransformer+MLP+Optuna (offline),khanjasir90/Secure-Shared-Wallet-Solidity
NEG_01039,0,0,0,1339,4,2.8262955e-08,0,0.6219559907913208,SentenceTransformer+MLP+Optuna (offline),kinggongzilla/Stable_GME_SmartContract
NEG_01042,0,0,0,1342,4,2.4932623e-10,0,0.6219559907913208,SentenceTransformer+MLP+Optuna (offline),kingsudo1004/Wallet-EVM
NEG_01048,0,0,0,1348,4,3.8705628e-10,0,0.6219559907913208,SentenceTransformer+MLP+Optuna (offline),klntsky/sec.cyou
NEG_01062,0,0,0,1362,4,2.1729706e-10,0,0.6219559907913208,SentenceTransformer+MLP+Optuna (offline),krypc-code/krypcore-web3-sdk
NEG_01065,0,0,0,1365,4,0.000384529,0,0.6219559907913208,SentenceTransformer+MLP+Optuna (offline),kunalsinghdadhwal/LiqX
NEG_01066,0,0,0,1366,4,2.0674031e-08,0,0.6219559907913208,SentenceTransformer+MLP+Optuna (offline),Kuprovskiy/defi.finance
NEG_01069,0,0,0,1369,4,1.3700969e-07,0,0.6219559907913208,SentenceTransformer+MLP+Optuna (offline),kvmizu/transfer_eth
NEG_01070,0,0,0,1370,4,1.4014159e-10,0,0.6219559907913208,SentenceTransformer+MLP+Optuna (offline),KYVENetwork/kyvejs
NEG_01072,0,0,0,1372,4,1.6805753e-08,0,0.6219559907913208,SentenceTransformer+MLP+Optuna (offline),LaChance-Lab/EVM-Solana-Casino-Games
NEG_01077,0,0,0,1377,4,2.4705069e-10,0,0.6219559907913208,SentenceTransformer+MLP+Optuna (offline),laser-wallet/laser-wallet-contracts
NEG_01081,0,0,0,1381,4,9.9772355e-05,0,0.6219559907913208,SentenceTransformer+MLP+Optuna (offline),Lavkush3411/nft-backend
NEG_01088,0,0,0,1388,4,5.1052604e-12,0,0.6219559907913208,SentenceTransformer+MLP+Optuna (offline),LeandroHugo/EtherJoint-Decentralized-Finance-for-Shared-Prosperity
NEG_01092,0,0,0,1392,4,6.796639e-10,0,0.6219559907913208,SentenceTransformer+MLP+Optuna (offline),lefajmofokeng/Cryptocurrencies
NEG_01093,0,0,0,1393,4,4.03687e-15,0,0.6219559907913208,SentenceTransformer+MLP+Optuna (offline),Lego1st/VotingDapp
NEG_01097,0,0,0,1397,4,9.5022254e-11,0,0.6219559907913208,SentenceTransformer+MLP+Optuna (offline),leukaemiamedtech/hiasbch
NEG_01098,0,0,0,1398,4,6.168129e-14,0,0.6219559907913208,SentenceTransformer+MLP+Optuna (offline),levintech/CryptoZombie
NEG_01099,0,0,0,1399,4,1.0582729e-12,0,0.6219559907913208,SentenceTransformer+MLP+Optuna (offline),life-itself/web3
NEG_01115,0,0,0,1415,4,1.8506568e-09,0,0.6219559907913208,SentenceTransformer+MLP+Optuna (offline),Louis-XWB/ICP_Web3Jobs
NEG_01119,0,0,0,1419,4,4.4693795e-15,0,0.6219559907913208,SentenceTransformer+MLP+Optuna (offline),lucabizza/cryptozombies
NEG_01126,0,0,0,1426,4,6.146626e-10,0,0.6219559907913208,SentenceTransformer+MLP+Optuna (offline),m1guelpf/laravel-web3-login
NEG_01127,0,0,0,1427,4,1.8113249e-12,0,0.6219559907913208,SentenceTransformer+MLP+Optuna (offline),maAPPsDEV/dex-attack
NEG_01139,0,0,0,1439,4,8.1139724e-08,0,0.6219559907913208,SentenceTransformer+MLP+Optuna (offline),manifoldfinance/kb
NEG_01140,0,0,0,1440,4,0.13506271,0,0.6219559907913208,SentenceTransformer+MLP+Optuna (offline),manifoldfinance/multicall-framework
NEG_01141,0,0,0,1441,4,3.7990208e-07,0,0.6219559907913208,SentenceTransformer+MLP+Optuna (offline),manifoldfinance/tscli
NEG_01142,0,0,0,1442,4,3.744869e-08,0,0.6219559907913208,SentenceTransformer+MLP+Optuna (offline),manifoldx/typed-sdk
NEG_01145,0,0,0,1445,4,2.0581496e-08,0,0.6219559907913208,SentenceTransformer+MLP+Optuna (offline),manuelpires/nft-collection-generator
NEG_01148,0,0,0,1448,4,1.7046333e-06,0,0.6219559907913208,SentenceTransformer+MLP+Optuna (offline),MarcoBrian/damn-vulnerable-defi
NEG_01149,0,0,0,1449,4,4.962976e-06,0,0.6219559907913208,SentenceTransformer+MLP+Optuna (offline),margelo/react-native-graph
NEG_01150,0,0,0,1450,4,2.517097e-13,0,0.6219559907913208,SentenceTransformer+MLP+Optuna (offline),marginalfriend/brownie_fund_me
NEG_01155,0,0,0,1455,4,1.119119e-10,0,0.6219559907913208,SentenceTransformer+MLP+Optuna (offline),MartinSerafini/Solidity
NEG_01156,0,0,0,1456,4,3.8187837e-14,0,0.6219559907913208,SentenceTransformer+MLP+Optuna (offline),martycodes333/crypto_zombies
NEG_01166,0,0,0,1466,4,1.0768334e-14,0,0.6219559907913208,SentenceTransformer+MLP+Optuna (offline),matprime/ERC-1155-NFT-demo
NEG_01167,0,0,0,1467,4,1.3711347e-13,0,0.6219559907913208,SentenceTransformer+MLP+Optuna (offline),mattdf/RingCrypto
NEG_01168,0,0,0,1468,4,2.742147e-08,0,0.6219559907913208,SentenceTransformer+MLP+Optuna (offline),matthias-wyss/crypto-carry-trade-strategies
NEG_01172,0,0,0,1472,4,3.4690803e-10,0,0.6219559907913208,SentenceTransformer+MLP+Optuna (offline),maximebrugel/YokaiChain
NEG_01174,0,0,0,1474,4,1.260218e-12,0,0.6219559907913208,SentenceTransformer+MLP+Optuna (offline),mchalise/mero_crypto_finance
NEG_01188,0,0,0,1488,4,9.0962224e-11,0,0.6219559907913208,SentenceTransformer+MLP+Optuna (offline),mervanerenci/Jumpy-PlayToEarn-BlockchainGame
NEG_01191,0,0,0,1491,4,4.615363e-11,0,0.6219559907913208,SentenceTransformer+MLP+Optuna (offline),Meta-Dragons/CronoSafe
NEG_01195,0,0,0,1495,4,3.4930323e-12,0,0.6219559907913208,SentenceTransformer+MLP+Optuna (offline),MGM103/CDP_Stable_Coin
NEG_01197,0,0,0,1497,4,1.6500247e-10,0,0.6219559907913208,SentenceTransformer+MLP+Optuna (offline),MhmdNdri/XCryptoDApp
NEG_01199,0,0,0,1499,4,9.719412e-13,0,0.6219559907913208,SentenceTransformer+MLP+Optuna (offline),mic0des/simple-multisig-wallet
NEG_01201,0,0,0,1501,4,5.6471758e-11,0,0.6219559907913208,SentenceTransformer+MLP+Optuna (offline),Michal2SAB/Ethereum-Stealer
NEG_01203,0,0,0,1503,4,2.4552319e-06,0,0.6219559907913208,SentenceTransformer+MLP+Optuna (offline),michelle5013-guilloryn/polye
NEG_01205,0,0,0,1505,4,2.73097e-13,0,0.6219559907913208,SentenceTransformer+MLP+Optuna (offline),midas92/lottery-casino-crypto-game
NEG_01209,0,0,0,1509,4,2.5347946e-08,0,0.6219559907913208,SentenceTransformer+MLP+Optuna (offline),milan338/totally-secure-dapp
NEG_01212,0,0,0,1512,4,1.759064e-10,0,0.6219559907913208,SentenceTransformer+MLP+Optuna (offline),mimani68/TRON-network-smart-contract-integration
NEG_01213,0,0,0,1513,4,3.2429035e-09,0,0.6219559907913208,SentenceTransformer+MLP+Optuna (offline),mimic-fi/cross-chain-subscription-payments-with-mimic
NEG_01214,0,0,0,1514,4,4.442458e-07,0,0.6219559907913208,SentenceTransformer+MLP+Optuna (offline),mimic-protocol/contracts
NEG_01217,0,0,0,1517,4,6.2167956e-06,0,0.6219559907913208,SentenceTransformer+MLP+Optuna (offline),Mizogg/GUI_keyhunt
NEG_01219,0,0,0,1519,4,7.626182e-08,0,0.6219559907913208,SentenceTransformer+MLP+Optuna (offline),Mizogg/Tkinter-Power-Mini
NEG_01227,0,0,0,1527,4,3.0146846e-06,0,0.6219559907913208,SentenceTransformer+MLP+Optuna (offline),moisestech/web3crypto.mx
NEG_01236,0,0,0,1536,4,2.0716149e-08,0,0.6219559907913208,SentenceTransformer+MLP+Optuna (offline),MoralisWeb3/unity-web3-game-kit
NEG_01243,0,0,0,1543,4,6.337911e-09,0,0.6219559907913208,SentenceTransformer+MLP+Optuna (offline),mrazoriginal/Ali-Crypto-House-HardFork
NEG_01246,0,0,0,1546,4,0.0064375903,0,0.6219559907913208,SentenceTransformer+MLP+Optuna (offline),mrkkyatilla/omus-wallet
NEG_01252,0,0,0,1552,4,4.3700726e-05,0,0.6219559907913208,SentenceTransformer+MLP+Optuna (offline),mstable/mStable-app
NEG_01253,0,0,0,1553,4,1.4267048e-08,0,0.6219559907913208,SentenceTransformer+MLP+Optuna (offline),mstable/mStable-contracts
NEG_01260,0,0,0,1560,4,3.6772113e-11,0,0.6219559907913208,SentenceTransformer+MLP+Optuna (offline),multiavatar/multiavatar-solidity
NEG_01276,0,0,0,1576,4,1.5686064e-05,0,0.6219559907913208,SentenceTransformer+MLP+Optuna (offline),n4bi10p/aptos-meme-nft-minter
NEG_01277,0,0,0,1577,4,9.29152e-13,0,0.6219559907913208,SentenceTransformer+MLP+Optuna (offline),Nachoxt17/Blockchain-Memory-Game-with-ERC-721-Tokens
NEG_01279,0,0,0,1579,4,1.0494929e-08,0,0.6219559907913208,SentenceTransformer+MLP+Optuna (offline),nakandakare/cryptopay-smart-contract
NEG_01295,0,0,0,1595,4,7.832225e-15,0,0.6219559907913208,SentenceTransformer+MLP+Optuna (offline),Neph-dev/EpicNFT
NEG_01296,0,0,0,1596,4,3.6622483e-10,0,0.6219559907913208,SentenceTransformer+MLP+Optuna (offline),NEST-Protocol/NEST-Oracle-V4.0
NEG_01307,0,0,0,1607,4,9.127479e-09,0,0.6219559907913208,SentenceTransformer+MLP+Optuna (offline),nicehash/NiceHashQuickMiner
NEG_01308,0,0,0,1608,4,5.3456852e-09,0,0.6219559907913208,SentenceTransformer+MLP+Optuna (offline),nicholashc/uniswap-skim
NEG_01311,0,0,0,1611,4,8.9753e-09,0,0.6219559907913208,SentenceTransformer+MLP+Optuna (offline),nicolaiort/stonx-backend
NEG_01312,0,0,0,1612,4,1.006957e-08,0,0.6219559907913208,SentenceTransformer+MLP+Optuna (offline),nicolas-sanch/web3.py-dapp
NEG_01322,0,0,0,1622,4,2.1357878e-21,0,0.6219559907913208,SentenceTransformer+MLP+Optuna (offline),nirholas/free-crypto-news
NEG_01324,0,0,0,1624,4,3.562495e-13,0,0.6219559907913208,SentenceTransformer+MLP+Optuna (offline),nirholas/x402-stablecoin
NEG_01325,0,0,0,1625,4,7.093913e-13,0,0.6219559907913208,SentenceTransformer+MLP+Optuna (offline),Nishantthapa4591/Smart-Wallet-with-Blockchain
NEG_01343,0,0,0,1643,4,7.3450436e-16,0,0.6219559907913208,SentenceTransformer+MLP+Optuna (offline),ntourne/nft-crypto-punks-contract
NEG_01346,0,0,0,1646,4,1.0188481e-06,0,0.6219559907913208,SentenceTransformer+MLP+Optuna (offline),nxm-rs/nexum
NEG_01348,0,0,0,1648,4,9.879173e-10,0,0.6219559907913208,SentenceTransformer+MLP+Optuna (offline),oasislabs/oasis.js
NEG_01365,0,0,0,1665,4,3.163724e-09,0,0.6219559907913208,SentenceTransformer+MLP+Optuna (offline),olegsinavski/voting_system_web3
NEG_01373,0,0,0,1673,4,7.949546e-18,0,0.6219559907913208,SentenceTransformer+MLP+Optuna (offline),OneKeyHQ/app-monorepo
NEG_01377,0,0,0,1677,4,3.34494e-08,0,0.6219559907913208,SentenceTransformer+MLP+Optuna (offline),onoka-ship-it/kogwasys
NEG_01389,0,0,0,1689,4,8.379445e-12,0,0.6219559907913208,SentenceTransformer+MLP+Optuna (offline),Opty1712/nft-opensea-search
NEG_01391,0,0,0,1691,4,1.6303908e-10,0,0.6219559907913208,SentenceTransformer+MLP+Optuna (offline),orelkabets/eth-wallet-notify
NEG_01392,0,0,0,1692,4,6.5761947e-13,0,0.6219559907913208,SentenceTransformer+MLP+Optuna (offline),OriginProtocol/origin-dollar
NEG_01399,0,0,0,1699,4,1.0030887e-08,0,0.6219559907913208,SentenceTransformer+MLP+Optuna (offline),Oxdevonchain/ethereum-nft-marketplace
NEG_01402,0,0,0,1702,4,4.783533e-12,0,0.6219559907913208,SentenceTransformer+MLP+Optuna (offline),p4u/blockmessage
NEG_01416,0,0,0,1716,4,7.43367e-11,0,0.6219559907913208,SentenceTransformer+MLP+Optuna (offline),patrana/cryptographic-parcel-ledger
NEG_01420,0,0,0,1720,4,1.5317895e-09,0,0.6219559907913208,SentenceTransformer+MLP+Optuna (offline),PaulRBerg/prb-math
NEG_01433,0,0,0,1733,4,1.4122631e-05,0,0.6219559907913208,SentenceTransformer+MLP+Optuna (offline),PeterVermeulen01123/NFT-cryptoDevs
NEG_01440,0,0,0,1740,4,2.107583e-09,0,0.6219559907913208,SentenceTransformer+MLP+Optuna (offline),Pixie1234/BlockchainCrypto
NEG_01442,0,0,0,1742,4,4.6436886e-19,0,0.6219559907913208,SentenceTransformer+MLP+Optuna (offline),Planxnx/defi-tx-kit
NEG_01458,0,0,0,1758,4,8.377171e-13,0,0.6219559907913208,SentenceTransformer+MLP+Optuna (offline),prasanna-rkumar/Cryptocurrency-Widgets-by-Wallet.app
NEG_01466,0,0,0,1766,4,4.374406e-08,0,0.6219559907913208,SentenceTransformer+MLP+Optuna (offline),pRizz/CryptoNoter
NEG_01470,0,0,0,1770,4,0.04648308,0,0.6219559907913208,SentenceTransformer+MLP+Optuna (offline),project-serum/spl-token-wallet
NEG_01486,0,0,0,1786,4,2.6194039e-17,0,0.6219559907913208,SentenceTransformer+MLP+Optuna (offline),qtumproject/qtum
NEG_01488,0,0,0,1788,4,1.6930511e-09,0,0.6219559907913208,SentenceTransformer+MLP+Optuna (offline),QuantForgeOrg/PineTS
NEG_01489,0,0,0,1789,4,1.3271738e-09,0,0.6219559907913208,SentenceTransformer+MLP+Optuna (offline),QuantLet/Blockchain_mechanism
NEG_01497,0,0,0,1797,4,2.4441955e-09,0,0.6219559907913208,SentenceTransformer+MLP+Optuna (offline),Racks-Community/MrCryptoIndexer
NEG_01504,0,0,0,1804,4,2.6198206e-08,0,0.6219559907913208,SentenceTransformer+MLP+Optuna (offline),RageTrade/core
NEG_01511,0,0,0,1811,4,3.3946883e-11,0,0.6219559907913208,SentenceTransformer+MLP+Optuna (offline),raketic-ognjen/ZombieCrypto
NEG_01514,0,0,0,1814,4,1.6692812e-13,0,0.6219559907913208,SentenceTransformer+MLP+Optuna (offline),ramyhardan/proof-of-existence
NEG_01516,0,0,0,1816,4,3.1290924e-08,0,0.6219559907913208,SentenceTransformer+MLP+Optuna (offline),rango-exchange/rango-sdk
NEG_01523,0,0,0,1823,4,0.0002573956,0,0.6219559907913208,SentenceTransformer+MLP+Optuna (offline),RazDwa1923/ML_Pred_Crypto
NEG_01531,0,0,0,1831,4,8.2915974e-10,0,0.6219559907913208,SentenceTransformer+MLP+Optuna (offline),redbuttonsa/crypt
NEG_01535,0,0,0,1835,4,8.2987203e-13,0,0.6219559907913208,SentenceTransformer+MLP+Optuna (offline),remston-dsa/ETH-USD-price-feed-using-Chainlink-oracle-Web3-Brownie-Python-and-Solidity
NEG_01539,0,0,0,1839,4,1.34795924e-11,0,0.6219559907913208,SentenceTransformer+MLP+Optuna (offline),reown-com/reown_flutter
NEG_01541,0,0,0,1841,4,1.7587623e-05,0,0.6219559907913208,SentenceTransformer+MLP+Optuna (offline),reshma149/crypto
NEG_01555,0,0,0,1855,4,6.8883045e-11,0,0.6219559907913208,SentenceTransformer+MLP+Optuna (offline),ro61zzy/crypto_zombies
NEG_01560,0,0,0,1860,4,1.2862138e-12,0,0.6219559907913208,SentenceTransformer+MLP+Optuna (offline),Robocular/defi-mcp
NEG_01564,0,0,0,1864,4,6.626272e-12,0,0.6219559907913208,SentenceTransformer+MLP+Optuna (offline),rohanjsh/nft-marketplace
NEG_01568,0,0,0,1868,4,3.645866e-12,0,0.6219559907913208,SentenceTransformer+MLP+Optuna (offline),rolod0x/rolod0x
NEG_01569,0,0,0,1869,4,4.5601217e-11,0,0.6219559907913208,SentenceTransformer+MLP+Optuna (offline),romanzaikin/From-Zero-to-Hero-in-Blockchain-Security-DefCon30-Workshop
NEG_01576,0,0,0,1876,4,5.538968e-06,0,0.6219559907913208,SentenceTransformer+MLP+Optuna (offline),rtb-12/PolkaGuard
NEG_01587,0,0,0,1887,4,0.0,0,0.6219559907913208,SentenceTransformer+MLP+Optuna (offline),Ryz0nd/useWeb3Wallet
NEG_01602,0,0,0,1902,4,1.3829605e-11,0,0.6219559907913208,SentenceTransformer+MLP+Optuna (offline),Sammers21/crypto-owl
NEG_01606,0,0,0,1906,4,1.8225388e-09,0,0.6219559907913208,SentenceTransformer+MLP+Optuna (offline),santiellena/air-flatcoin-protocol
NEG_01614,0,0,0,1914,4,9.406396e-12,0,0.6219559907913208,SentenceTransformer+MLP+Optuna (offline),Savjee/SavjeeCoin
NEG_01616,0,0,0,1916,4,3.6354017e-08,0,0.6219559907913208,SentenceTransformer+MLP+Optuna (offline),sayandas-sd/Scan_and_pay_Crypto
NEG_01620,0,0,0,1920,4,6.3755692e-06,0,0.6219559907913208,SentenceTransformer+MLP+Optuna (offline),sciencemanepsilon/Blockchain_DeFi_Gaming
NEG_01630,0,0,0,1930,4,1.168529e-07,0,0.6219559907913208,SentenceTransformer+MLP+Optuna (offline),SecorD0/evm-mnemonic-generator
NEG_01637,0,0,0,1937,4,1.1400636e-12,0,0.6219559907913208,SentenceTransformer+MLP+Optuna (offline),ShackAmeri/brownie-koalaStaking
NEG_01641,0,0,0,1941,4,1.1037591e-09,0,0.6219559907913208,SentenceTransformer+MLP+Optuna (offline),Shaivpidadi/NFT-Dapp-Boilerplate
NEG_01647,0,0,0,1947,4,0.012699574,0,0.6219559907913208,SentenceTransformer+MLP+Optuna (offline),Shashwat-Manglam-Jain/NFT-Blockchain
NEG_01651,0,0,0,1951,4,3.8158793e-10,0,0.6219559907913208,SentenceTransformer+MLP+Optuna (offline),ShivankK26/Crypto-Wallet-Extension
NEG_01654,0,0,0,1954,4,1.1477589e-12,0,0.6219559907913208,SentenceTransformer+MLP+Optuna (offline),shlima/fortune
NEG_01671,0,0,0,1971,4,2.2836123e-14,0,0.6219559907913208,SentenceTransformer+MLP+Optuna (offline),skundu42/CryptoWarz
NEG_01673,0,0,0,1973,4,3.2132939e-09,0,0.6219559907913208,SentenceTransformer+MLP+Optuna (offline),skydream118/NFTMarketplace
NEG_01677,0,0,0,1977,4,4.0660808e-11,0,0.6219559907913208,SentenceTransformer+MLP+Optuna (offline),sletizia/serverless-trading-bot
NEG_01684,0,0,0,1984,4,2.9071604e-15,0,0.6219559907913208,SentenceTransformer+MLP+Optuna (offline),smartcontract123/-Smart-Contract-Based-Cryptocurrency-MlM-Software-Development-On-Tron-Ethereum-Smart-contract-Deve
NEG_01688,0,0,0,1988,4,1.1276345e-09,0,0.6219559907913208,SentenceTransformer+MLP+Optuna (offline),smolgroot/prometheus-vanity-generator
NEG_01691,0,0,0,1991,4,8.47059e-12,0,0.6219559907913208,SentenceTransformer+MLP+Optuna (offline),sobi983/Binance-Marketplace-NFT-transfer-automation
NEG_01693,0,0,0,1993,4,6.9977928e-15,0,0.6219559907913208,SentenceTransformer+MLP+Optuna (offline),softstack/Smart-Contract-Security-Audits
NEG_01704,0,0,0,2004,4,3.5663125e-11,0,0.6219559907913208,SentenceTransformer+MLP+Optuna (offline),sounxk/Web3Escrow
NEG_01709,0,0,0,2009,4,6.9271678e-06,0,0.6219559907913208,SentenceTransformer+MLP+Optuna (offline),spesmulla/electrum
NEG_01710,0,0,0,2010,4,1.3027258e-09,0,0.6219559907913208,SentenceTransformer+MLP+Optuna (offline),SpiderOak/Encryptr
NEG_01721,0,0,0,2021,4,8.208696e-15,0,0.6219559907913208,SentenceTransformer+MLP+Optuna (offline),status-im/status-legacy
NEG_01731,0,0,0,2031,4,5.0210048e-08,0,0.6219559907913208,SentenceTransformer+MLP+Optuna (offline),stravid87/nft_mgt_protocol
NEG_01739,0,0,0,2039,4,5.003405e-07,0,0.6219559907913208,SentenceTransformer+MLP+Optuna (offline),sun-blockchain/harmony-pet
NEG_01740,0,0,0,2040,4,3.306219e-10,0,0.6219559907913208,SentenceTransformer+MLP+Optuna (offline),sunby16/web3-portfolio
NEG_01743,0,0,0,2043,4,6.119522e-10,0,0.6219559907913208,SentenceTransformer+MLP+Optuna (offline),sunnyRK/EthIndia-HackJaipur
NEG_01745,0,0,0,2045,4,2.9164235e-08,0,0.6219559907913208,SentenceTransformer+MLP+Optuna (offline),SunWeb3Sec/DeFiHackLabs
NEG_01753,0,0,0,2053,4,7.0258155e-10,0,0.6219559907913208,SentenceTransformer+MLP+Optuna (offline),svanas/migratooor
NEG_01758,0,0,0,2058,4,3.3613713e-11,0,0.6219559907913208,SentenceTransformer+MLP+Optuna (offline),sweetmantech/nft-factory
NEG_01765,0,0,0,2065,4,1.856778e-12,0,0.6219559907913208,SentenceTransformer+MLP+Optuna (offline),syedsimanta03/solana-NFT
NEG_01766,0,0,0,2066,4,1.6294108e-07,0,0.6219559907913208,SentenceTransformer+MLP+Optuna (offline),syncrao/blockchain-rust
NEG_01769,0,0,0,2069,4,6.4107153e-12,0,0.6219559907913208,SentenceTransformer+MLP+Optuna (offline),Synthetixio/synthetix
NEG_01770,0,0,0,2070,4,9.983502e-11,0,0.6219559907913208,SentenceTransformer+MLP+Optuna (offline),tahowallet/extension
NEG_01774,0,0,0,2074,4,0.0011328501,0,0.6219559907913208,SentenceTransformer+MLP+Optuna (offline),tamago-labs/legato-finance
NEG_01780,0,0,0,2080,4,3.7053903e-07,0,0.6219559907913208,SentenceTransformer+MLP+Optuna (offline),tanviedev/AaveV2-BehavIQ
NEG_01787,0,0,0,2087,4,5.259725e-07,0,0.6219559907913208,SentenceTransformer+MLP+Optuna (offline),tcyeee/PixWallet
NEG_01794,0,0,0,2094,4,2.0100966e-08,0,0.6219559907913208,SentenceTransformer+MLP+Optuna (offline),TegroTON/ton3-client
NEG_01798,0,0,0,2098,4,6.336792e-11,0,0.6219559907913208,SentenceTransformer+MLP+Optuna (offline),terrygmk/NFT-Collection
NEG_01818,0,0,0,2118,4,9.055329e-12,0,0.6219559907913208,SentenceTransformer+MLP+Optuna (offline),Throvn/web3-multi-signature-wallet
NEG_01827,0,0,0,2127,4,1.5542735e-10,0,0.6219559907913208,SentenceTransformer+MLP+Optuna (offline),tnkerer/vestingVault
NEG_01831,0,0,0,2131,4,3.6185466e-10,0,0.6219559907913208,SentenceTransformer+MLP+Optuna (offline),Toporin/Satodime-Applet
NEG_01835,0,0,0,2135,4,1.3260977e-10,0,0.6219559907913208,SentenceTransformer+MLP+Optuna (offline),tosynthegeek/mcw
NEG_01841,0,0,0,2141,4,2.2427903e-14,0,0.6219559907913208,SentenceTransformer+MLP+Optuna (offline),tradingstrategy-ai/web3-ethereum-defi
NEG_01844,0,0,0,2144,4,5.7191204e-14,0,0.6219559907913208,SentenceTransformer+MLP+Optuna (offline),treejer/contract
NEG_01846,0,0,0,2146,4,4.862451e-06,0,0.6219559907913208,SentenceTransformer+MLP+Optuna (offline),TrinetixHubs/PixelVerse
NEG_01847,0,0,0,2147,4,1.0345976e-06,0,0.6219559907913208,SentenceTransformer+MLP+Optuna (offline),tronprotocol/wallet-cli
NEG_01851,0,0,0,2151,4,1.29734515e-20,0,0.6219559907913208,SentenceTransformer+MLP+Optuna (offline),trustwallet/wallet-core
NEG_01855,0,0,0,2155,4,4.201581e-07,0,0.6219559907913208,SentenceTransformer+MLP+Optuna (offline),Tswaanda/tswaanda-marketplace
NEG_01860,0,0,0,2160,4,7.8597316e-11,0,0.6219559907913208,SentenceTransformer+MLP+Optuna (offline),txtx/txtx
NEG_01861,0,0,0,2161,4,1.5559273e-08,0,0.6219559907913208,SentenceTransformer+MLP+Optuna (offline),uhsr/BlockchainNFTCertificateAuthority
NEG_01868,0,0,0,2168,4,1.0452578e-06,0,0.6219559907913208,SentenceTransformer+MLP+Optuna (offline),uhsr/CryptoKeyVaultManager
NEG_01875,0,0,0,2175,4,9.869912e-07,0,0.6219559907913208,SentenceTransformer+MLP+Optuna (offline),unobrandon/DefiWallet
NEG_01881,0,0,0,2181,4,1.321008e-06,0,0.6219559907913208,SentenceTransformer+MLP+Optuna (offline),utsavempiric20/token-wallet-solidity
NEG_01885,0,0,0,2185,4,1.3689208e-10,0,0.6219559907913208,SentenceTransformer+MLP+Optuna (offline),vancelin/ethereum-event-tracker
NEG_01888,0,0,0,2188,4,1.95979e-07,0,0.6219559907913208,SentenceTransformer+MLP+Optuna (offline),vdimitriad/Uncuffed
NEG_01905,0,0,0,2205,4,4.9855977e-09,0,0.6219559907913208,SentenceTransformer+MLP+Optuna (offline),ViditGalav/NFT-Synthesizer-Sol-Breeder
NEG_01908,0,0,0,2208,4,8.828443e-11,0,0.6219559907913208,SentenceTransformer+MLP+Optuna (offline),Viken-Blockchain-Solutions/Solidity-files
NEG_01909,0,0,0,2209,4,2.2351719e-10,0,0.6219559907913208,SentenceTransformer+MLP+Optuna (offline),ViktorVL584/Crypto-News-Aggregator
NEG_01924,0,0,0,2224,4,0.00011701092,0,0.6219559907913208,SentenceTransformer+MLP+Optuna (offline),vivekananand-cpu/web3-blockchain-nft-drop-app
NEG_01932,0,0,0,2232,4,8.291869e-13,0,0.6219559907913208,SentenceTransformer+MLP+Optuna (offline),vorburger/awesome-decentralized-internet-web3-blockchain-p2p-security-world-cloud
NEG_01935,0,0,0,2235,4,9.0306295e-12,0,0.6219559907913208,SentenceTransformer+MLP+Optuna (offline),vvizardev/pump-smart-contract-solidity
NEG_01936,0,0,0,2236,4,2.4627241e-11,0,0.6219559907913208,SentenceTransformer+MLP+Optuna (offline),vvizardev/wizardev
NEG_01946,0,0,0,2246,4,5.2156706e-13,0,0.6219559907913208,SentenceTransformer+MLP+Optuna (offline),walt-id/waltid-walletkit
NEG_01947,0,0,0,2247,4,4.1845137e-08,0,0.6219559907913208,SentenceTransformer+MLP+Optuna (offline),wanglinyang/nft-collection
NEG_01949,0,0,0,2249,4,0.0,0,0.6219559907913208,SentenceTransformer+MLP+Optuna (offline),wangtengjiao1997/Encode-Solidity-Bootcamp
NEG_01961,0,0,0,2261,4,1.8131506e-06,0,0.6219559907913208,SentenceTransformer+MLP+Optuna (offline),web3crafter/NFTCollection_Crypto-Devs
NEG_01964,0,0,0,2264,4,6.0521277e-10,0,0.6219559907913208,SentenceTransformer+MLP+Optuna (offline),Web3Philippines/homepage
NEG_01965,0,0,0,2265,4,3.4852234e-36,0,0.6219559907913208,SentenceTransformer+MLP+Optuna (offline),web3privacy/web3privacy
NEG_01967,0,0,0,2267,4,5.9384485e-16,0,0.6219559907913208,SentenceTransformer+MLP+Optuna (offline),weex/Live-bitcoin-transactions
NEG_01969,0,0,0,2269,4,2.7773358e-11,0,0.6219559907913208,SentenceTransformer+MLP+Optuna (offline),weiweiyeih/web3.0-lottery-frontend-app
NEG_01975,0,0,0,2275,4,5.738018e-08,0,0.6219559907913208,SentenceTransformer+MLP+Optuna (offline),WilliamMassalino/foundry-app
NEG_01977,0,0,0,2277,4,5.806819e-06,0,0.6219559907913208,SentenceTransformer+MLP+Optuna (offline),WISEPLAT/backtrader_bybit
NEG_01982,0,0,0,2282,4,8.738675e-12,0,0.6219559907913208,SentenceTransformer+MLP+Optuna (offline),wslyvh/clean-contracts
NEG_01995,0,0,0,2295,4,4.3877455e-14,0,0.6219559907913208,SentenceTransformer+MLP+Optuna (offline),xlnfinance/xln
NEG_01999,0,0,0,2299,4,4.5592372e-10,0,0.6219559907913208,SentenceTransformer+MLP+Optuna (offline),xsen215/Web3-Solana-Bitcoin-NFT-Dex-Defi-P2EGame-SmartContract-Projects
NEG_02004,0,0,0,2304,4,7.036336e-12,0,0.6219559907913208,SentenceTransformer+MLP+Optuna (offline),Y-Xiang-hub/Crowdsourcing-With-Smart-Contract
NEG_02005,0,0,0,2305,4,5.0573764e-11,0,0.6219559907913208,SentenceTransformer+MLP+Optuna (offline),yakiyahi/projet-web3
NEG_02008,0,0,0,2308,4,1.2565278e-10,0,0.6219559907913208,SentenceTransformer+MLP+Optuna (offline),yanukadeneth99/Meme-NFT
NEG_02014,0,0,0,2314,4,7.530684e-11,0,0.6219559907913208,SentenceTransformer+MLP+Optuna (offline),yearn/NFTreasury
NEG_02016,0,0,0,2316,4,7.4044665e-10,0,0.6219559907913208,SentenceTransformer+MLP+Optuna (offline),yessGlory17/nft-marketplace
NEG_02017,0,0,0,2317,4,7.108555e-13,0,0.6219559907913208,SentenceTransformer+MLP+Optuna (offline),yeswadams/CryptoKitty
NEG_02023,0,0,0,2323,4,5.080312e-07,0,0.6219559907913208,SentenceTransformer+MLP+Optuna (offline),yokeld/solgo
NEG_02027,0,0,0,2327,4,1.4901744e-08,0,0.6219559907913208,SentenceTransformer+MLP+Optuna (offline),Yourmix0x/webwag-tiri
NEG_02030,0,0,0,2330,4,3.909515e-14,0,0.6219559907913208,SentenceTransformer+MLP+Optuna (offline),yunanah/nft-wallet-yoorabaek
NEG_02033,0,0,0,2333,4,3.3274815e-14,0,0.6219559907913208,SentenceTransformer+MLP+Optuna (offline),zafar-saleem/blockchain-node
NEG_02042,0,0,0,2342,4,3.4811104e-10,0,0.6219559907913208,SentenceTransformer+MLP+Optuna (offline),Zheaoli/awesome-coins
NEG_02043,0,0,0,2343,4,4.7518354e-11,0,0.6219559907913208,SentenceTransformer+MLP+Optuna (offline),zillehuma75/lottery-smart-contract-
NEG_02047,0,0,0,2347,4,4.428636e-09,0,0.6219559907913208,SentenceTransformer+MLP+Optuna (offline),zktx-io/sui-extension
NEG_02053,0,0,0,2353,4,6.339603e-13,0,0.6219559907913208,SentenceTransformer+MLP+Optuna (offline),zzzizo/cig-chain
F4_security_osint_cve,1,1,0,5,5,0.93962055,1,0.037215620279312134,SentenceTransformer+MLP+Optuna (offline),adminlove520/VulnWatchDog
F4_security_osint_cve,1,1,0,30,5,0.58392316,1,0.037215620279312134,SentenceTransformer+MLP+Optuna (offline),nocomp/poc-CVE-2001-1473
F4_security_osint_cve,1,1,0,37,5,0.1576443,1,0.037215620279312134,SentenceTransformer+MLP+Optuna (offline),themaxlpalfaboy/CVE-2025-54897-LAB
F4_security_osint_cve,1,1,0,43,5,0.9999137,1,0.037215620279312134,SentenceTransformer+MLP+Optuna (offline),Zeeeepa/spyder-osint
F4_security_osint_cve,1,1,0,44,5,0.999796,1,0.037215620279312134,SentenceTransformer+MLP+Optuna (offline),Zeeeepa/spyder-osint2
F4_security_osint_cve,1,0,1,81,5,0.9521989,1,0.037215620279312134,SentenceTransformer+MLP+Optuna (offline),adminlove5202/VulnWatchDog
F4_security_osint_cve,1,0,1,82,5,0.73438746,1,0.037215620279312134,SentenceTransformer+MLP+Optuna (offline),nocomp9/poc-CVE-2001-1473
F4_security_osint_cve,1,0,1,83,5,0.13740914,1,0.037215620279312134,SentenceTransformer+MLP+Optuna (offline),themaxlpalfaboyr/CVE-2025-54897-LAB
F4_security_osint_cve,1,0,1,84,5,0.99984694,1,0.037215620279312134,SentenceTransformer+MLP+Optuna (offline),Zeeeep/spyder-osint
F4_security_osint_cve,1,0,1,85,5,0.99969685,1,0.037215620279312134,SentenceTransformer+MLP+Optuna (offline),Zeeeepa2/spyder-osint2
F4_security_osint_cve,1,0,1,86,5,0.93515825,1,0.037215620279312134,SentenceTransformer+MLP+Optuna (offline),adminlove5203/VulnWatchDog
F4_security_osint_cve,1,0,1,87,5,0.9646695,1,0.037215620279312134,SentenceTransformer+MLP+Optuna (offline),nocomp4/poc-CVE-2001-1473
F4_security_osint_cve,1,0,1,88,5,0.17147754,1,0.037215620279312134,SentenceTransformer+MLP+Optuna (offline),themaxlpalfaboyk/CVE-2025-54897-LAB
F4_security_osint_cve,1,0,1,89,5,0.99989307,1,0.037215620279312134,SentenceTransformer+MLP+Optuna (offline),Zeeeepa2/spyder-osint
F4_security_osint_cve,1,0,1,90,5,0.99985826,1,0.037215620279312134,SentenceTransformer+MLP+Optuna (offline),Zeeeepa3/spyder-osint2
F4_security_osint_cve,1,0,1,91,5,0.94034797,1,0.037215620279312134,SentenceTransformer+MLP+Optuna (offline),adminlove52/VulnWatchDog
F4_security_osint_cve,1,0,1,92,5,0.9466307,1,0.037215620279312134,SentenceTransformer+MLP+Optuna (offline),nocomps/poc-CVE-2001-1473
F4_security_osint_cve,1,0,1,93,5,0.26742223,1,0.037215620279312134,SentenceTransformer+MLP+Optuna (offline),themaxlpalfaboy2/CVE-2025-54897-LAB
F4_security_osint_cve,1,0,1,94,5,0.9997569,1,0.037215620279312134,SentenceTransformer+MLP+Optuna (offline),Zeeeep2/spyder-osint
F4_security_osint_cve,1,0,1,95,5,0.99972075,1,0.037215620279312134,SentenceTransformer+MLP+Optuna (offline),Zeeeep/spyder-osint2
F4_security_osint_cve,1,0,1,96,5,0.9336959,1,0.037215620279312134,SentenceTransformer+MLP+Optuna (offline),adminlove520v/VulnWatchDog
F4_security_osint_cve,1,0,1,97,5,0.92083013,1,0.037215620279312134,SentenceTransformer+MLP+Optuna (offline),nocomp7/poc-CVE-2001-1473
F4_security_osint_cve,1,0,1,98,5,0.155177,1,0.037215620279312134,SentenceTransformer+MLP+Optuna (offline),themaxlpalfabo/CVE-2025-54897-LAB
F4_security_osint_cve,1,0,1,99,5,0.9998111,1,0.037215620279312134,SentenceTransformer+MLP+Optuna (offline),Zeeeepaz/spyder-osint
F4_security_osint_cve,1,0,1,100,5,0.99972445,1,0.037215620279312134,SentenceTransformer+MLP+Optuna (offline),Zeeeepa4/spyder-osint2
F4_security_osint_cve,1,0,1,101,5,0.9377048,1,0.037215620279312134,SentenceTransformer+MLP+Optuna (offline),adminlove520t/VulnWatchDog
F4_security_osint_cve,1,0,1,102,5,0.94883615,1,0.037215620279312134,SentenceTransformer+MLP+Optuna (offline),nocompf/poc-CVE-2001-1473
F4_security_osint_cve,1,0,1,103,5,0.3360309,1,0.037215620279312134,SentenceTransformer+MLP+Optuna (offline),themaxlpalfaboy3/CVE-2025-54897-LAB
F4_security_osint_cve,1,0,1,104,5,0.99986887,1,0.037215620279312134,SentenceTransformer+MLP+Optuna (offline),Zeeeepa3/spyder-osint
F4_security_osint_cve,1,0,1,105,5,0.9998092,1,0.037215620279312134,SentenceTransformer+MLP+Optuna (offline),Zeeeepa5/spyder-osint2
F4_security_osint_cve,1,0,1,106,5,0.9535141,1,0.037215620279312134,SentenceTransformer+MLP+Optuna (offline),adminlove520f/VulnWatchDog
F4_security_osint_cve,1,0,1,107,5,0.602521,1,0.037215620279312134,SentenceTransformer+MLP+Optuna (offline),nocom/poc-CVE-2001-1473
F4_security_osint_cve,1,0,1,108,5,0.32411778,1,0.037215620279312134,SentenceTransformer+MLP+Optuna (offline),themaxlpalfaboy4/CVE-2025-54897-LAB
F4_security_osint_cve,1,0,1,109,5,0.9998996,1,0.037215620279312134,SentenceTransformer+MLP+Optuna (offline),Zeeeepa4/spyder-osint
F4_security_osint_cve,1,0,1,110,5,0.9998142,1,0.037215620279312134,SentenceTransformer+MLP+Optuna (offline),Zeeeepap/spyder-osint2
F4_security_osint_cve,1,0,1,111,5,0.9542404,1,0.037215620279312134,SentenceTransformer+MLP+Optuna (offline),adminlove520x/VulnWatchDog
F4_security_osint_cve,1,0,1,112,5,0.9154297,1,0.037215620279312134,SentenceTransformer+MLP+Optuna (offline),nocompa/poc-CVE-2001-1473
F4_security_osint_cve,1,0,1,113,5,0.3516102,1,0.037215620279312134,SentenceTransformer+MLP+Optuna (offline),themaxlpalfaboy5/CVE-2025-54897-LAB
F4_security_osint_cve,1,0,1,114,5,0.99987066,1,0.037215620279312134,SentenceTransformer+MLP+Optuna (offline),Zeeeepaw/spyder-osint
F4_security_osint_cve,1,0,1,115,5,0.9998661,1,0.037215620279312134,SentenceTransformer+MLP+Optuna (offline),Zeeeepax/spyder-osint2
F4_security_osint_cve,1,0,1,116,5,0.92827505,1,0.037215620279312134,SentenceTransformer+MLP+Optuna (offline),adminlove522/VulnWatchDog
F4_security_osint_cve,1,0,1,117,5,0.82213783,1,0.037215620279312134,SentenceTransformer+MLP+Optuna (offline),nocomp2/poc-CVE-2001-1473
F4_security_osint_cve,1,0,1,118,5,0.22803809,1,0.037215620279312134,SentenceTransformer+MLP+Optuna (offline),themaxlpalfaboy6/CVE-2025-54897-LAB
F4_security_osint_cve,1,0,1,119,5,0.99983704,1,0.037215620279312134,SentenceTransformer+MLP+Optuna (offline),Zeeeepa5/spyder-osint
F4_security_osint_cve,1,0,1,120,5,0.9997789,1,0.037215620279312134,SentenceTransformer+MLP+Optuna (offline),Zeeeep2/spyder-osint2
F4_security_osint_cve,1,0,1,121,5,0.9511751,1,0.037215620279312134,SentenceTransformer+MLP+Optuna (offline),adminlove5200/VulnWatchDog
F4_security_osint_cve,1,0,1,122,5,0.67741966,1,0.037215620279312134,SentenceTransformer+MLP+Optuna (offline),nocom2/poc-CVE-2001-1473
F4_security_osint_cve,1,0,1,123,5,0.18236129,1,0.037215620279312134,SentenceTransformer+MLP+Optuna (offline),themaxlpalfabo2/CVE-2025-54897-LAB
F4_security_osint_cve,1,0,1,124,5,0.9998871,1,0.037215620279312134,SentenceTransformer+MLP+Optuna (offline),Zeeeep3/spyder-osint
F4_security_osint_cve,1,0,1,125,5,0.9997019,1,0.037215620279312134,SentenceTransformer+MLP+Optuna (offline),Zeeeep3/spyder-osint2
F4_security_osint_cve,1,0,1,126,5,0.9576415,1,0.037215620279312134,SentenceTransformer+MLP+Optuna (offline),adminlove520o/VulnWatchDog
F4_security_osint_cve,1,0,1,127,5,0.9016384,1,0.037215620279312134,SentenceTransformer+MLP+Optuna (offline),nocompb/poc-CVE-2001-1473
F4_security_osint_cve,1,0,1,128,5,0.28940648,1,0.037215620279312134,SentenceTransformer+MLP+Optuna (offline),themaxlpalfaboy7/CVE-2025-54897-LAB
F4_security_osint_cve,1,0,1,129,5,0.99988234,1,0.037215620279312134,SentenceTransformer+MLP+Optuna (offline),Zeeeep4/spyder-osint
F4_security_osint_cve,1,0,1,130,5,0.9997907,1,0.037215620279312134,SentenceTransformer+MLP+Optuna (offline),Zeeeepa6/spyder-osint2
F4_security_osint_cve,1,0,1,131,5,0.9373561,1,0.037215620279312134,SentenceTransformer+MLP+Optuna (offline),adminlove5208/VulnWatchDog
F4_security_osint_cve,1,0,1,132,5,0.82711756,1,0.037215620279312134,SentenceTransformer+MLP+Optuna (offline),nocompc/poc-CVE-2001-1473
F4_security_osint_cve,1,0,1,133,5,0.15581237,1,0.037215620279312134,SentenceTransformer+MLP+Optuna (offline),themaxlpalfaboy8/CVE-2025-54897-LAB
F4_security_osint_cve,1,0,1,134,5,0.99979573,1,0.037215620279312134,SentenceTransformer+MLP+Optuna (offline),Zeeeep5/spyder-osint
F4_security_osint_cve,1,0,1,135,5,0.99963963,1,0.037215620279312134,SentenceTransformer+MLP+Optuna (offline),Zeeeepaz/spyder-osint2
NEG_00001,0,0,0,301,5,1.2063238e-20,0,0.037215620279312134,SentenceTransformer+MLP+Optuna (offline),00hello/solidity-experiments
NEG_00008,0,0,0,308,5,1.494149e-17,0,0.037215620279312134,SentenceTransformer+MLP+Optuna (offline),0xcregis/anychain
NEG_00013,0,0,0,313,5,9.342405e-19,0,0.037215620279312134,SentenceTransformer+MLP+Optuna (offline),0xfrosty/leverade-nft
NEG_00014,0,0,0,314,5,1.6352121e-21,0,0.037215620279312134,SentenceTransformer+MLP+Optuna (offline),0xGeegZ/defi-gambler
NEG_00020,0,0,0,320,5,3.5529916e-11,0,0.037215620279312134,SentenceTransformer+MLP+Optuna (offline),0xJonaseb11/shared_wallet.3.0
NEG_00021,0,0,0,321,5,1.2394629e-18,0,0.037215620279312134,SentenceTransformer+MLP+Optuna (offline),0xJonaseb11/solidity_L
NEG_00026,0,0,0,326,5,0.0002372769,0,0.037215620279312134,SentenceTransformer+MLP+Optuna (offline),0xPleiades/switch-trade-coin
NEG_00034,0,0,0,334,5,3.5159203e-15,0,0.037215620279312134,SentenceTransformer+MLP+Optuna (offline),10ap17/Damn-Vulnerable-DeFi-Foundry
NEG_00037,0,0,0,337,5,9.741547e-18,0,0.037215620279312134,SentenceTransformer+MLP+Optuna (offline),1983shiv/blockchain-crypto-smart-contract-example
NEG_00040,0,0,0,340,5,0.34305638,1,0.037215620279312134,SentenceTransformer+MLP+Optuna (offline),2303A51405/solidity-smart_contract
NEG_00053,0,0,0,353,5,2.7646685e-10,0,0.037215620279312134,SentenceTransformer+MLP+Optuna (offline),aaquib8700/Wallet-SmartContract
NEG_00064,0,0,0,364,5,2.908685e-08,0,0.037215620279312134,SentenceTransformer+MLP+Optuna (offline),AbioyeSamuel/DBANK_DeFi_DApp
NEG_00087,0,0,0,387,5,3.4736334e-15,0,0.037215620279312134,SentenceTransformer+MLP+Optuna (offline),adrianmcli/ganache-jest-example
NEG_00091,0,0,0,391,5,1.2922087e-12,0,0.037215620279312134,SentenceTransformer+MLP+Optuna (offline),Adrijan-Petek/token-correlation-analyzer
NEG_00095,0,0,0,395,5,5.576803e-09,0,0.037215620279312134,SentenceTransformer+MLP+Optuna (offline),aeminium-labs/nextjs-solana-starter-kit
NEG_00098,0,0,0,398,5,1.9394277e-20,0,0.037215620279312134,SentenceTransformer+MLP+Optuna (offline),afroze93/smart-contract-1
NEG_00103,0,0,0,403,5,2.620804e-09,0,0.037215620279312134,SentenceTransformer+MLP+Optuna (offline),aha-moment-group/wallet
NEG_00112,0,0,0,412,5,6.526309e-18,0,0.037215620279312134,SentenceTransformer+MLP+Optuna (offline),aidear3/smart-contracts
NEG_00122,0,0,0,422,5,1.5014372e-09,0,0.037215620279312134,SentenceTransformer+MLP+Optuna (offline),akbarwijayaa/simple-defi-flash
NEG_00130,0,0,0,430,5,3.302934e-18,0,0.037215620279312134,SentenceTransformer+MLP+Optuna (offline),alebeta06/chainlink-bootcampES-2024
NEG_00134,0,0,0,434,5,2.1442452e-21,0,0.037215620279312134,SentenceTransformer+MLP+Optuna (offline),alejoacosta74/token-swap-exchange
NEG_00143,0,0,0,443,5,1.201549e-10,0,0.037215620279312134,SentenceTransformer+MLP+Optuna (offline),AlexNa-Holdings/web3pro
NEG_00146,0,0,0,446,5,7.0918444e-09,0,0.037215620279312134,SentenceTransformer+MLP+Optuna (offline),algonomad571/CryptoHFT
NEG_00150,0,0,0,450,5,0.00047127387,0,0.037215620279312134,SentenceTransformer+MLP+Optuna (offline),aliezzahn/yield-farming-optimization-calculator
NEG_00151,0,0,0,451,5,4.971065e-11,0,0.037215620279312134,SentenceTransformer+MLP+Optuna (offline),Alikhan-Shanbay/AegisScan
NEG_00152,0,0,0,452,5,2.628835e-16,0,0.037215620279312134,SentenceTransformer+MLP+Optuna (offline),aliraza944/MultiSig-Wallet-
NEG_00160,0,0,0,460,5,7.715087e-09,0,0.037215620279312134,SentenceTransformer+MLP+Optuna (offline),alpha-sol/alpha-frontend
NEG_00161,0,0,0,461,5,1.9846662e-09,0,0.037215620279312134,SentenceTransformer+MLP+Optuna (offline),alpinelab-it/BuyMeABeer-Solidity-DeFi-Tipping-smart-contract-
NEG_00166,0,0,0,466,5,7.2695414e-13,0,0.037215620279312134,SentenceTransformer+MLP+Optuna (offline),amdonatusprince/brownie_simple_storage-application
NEG_00186,0,0,0,486,5,2.2184129e-07,0,0.037215620279312134,SentenceTransformer+MLP+Optuna (offline),Anonymous961/NFTClaimApp
NEG_00187,0,0,0,487,5,8.211464e-27,0,0.037215620279312134,SentenceTransformer+MLP+Optuna (offline),ant-design/ant-design-web3
NEG_00189,0,0,0,489,5,3.43333e-10,0,0.037215620279312134,SentenceTransformer+MLP+Optuna (offline),Anton1636/crypto-wallet
NEG_00197,0,0,0,497,5,4.9257046e-11,0,0.037215620279312134,SentenceTransformer+MLP+Optuna (offline),apalowski688-art/ethereum-bitcoin
NEG_00200,0,0,0,500,5,8.467589e-11,0,0.037215620279312134,SentenceTransformer+MLP+Optuna (offline),ApeWorX/ape-ganache
NEG_00201,0,0,0,501,5,1.5067447e-20,0,0.037215620279312134,SentenceTransformer+MLP+Optuna (offline),ApeWorX/ape-ledger
NEG_00202,0,0,0,502,5,1.4110426e-17,0,0.037215620279312134,SentenceTransformer+MLP+Optuna (offline),ApeWorX/evm-trace
NEG_00205,0,0,0,505,5,7.555563e-14,0,0.037215620279312134,SentenceTransformer+MLP+Optuna (offline),aptos-labs/petra-vault
NEG_00206,0,0,0,506,5,4.738373e-09,0,0.037215620279312134,SentenceTransformer+MLP+Optuna (offline),aqemal/owasp-sc-token-
NEG_00207,0,0,0,507,5,4.112764e-18,0,0.037215620279312134,SentenceTransformer+MLP+Optuna (offline),aragon/use-wallet
NEG_00216,0,0,0,516,5,1.6640989e-10,0,0.037215620279312134,SentenceTransformer+MLP+Optuna (offline),arokvic/FundMeProject-SmartContracts-Web3-Brownie-Solidity-2022
NEG_00219,0,0,0,519,5,1.2552644e-19,0,0.037215620279312134,SentenceTransformer+MLP+Optuna (offline),ArrjunPradeep/safeCryptoWallet
NEG_00225,0,0,0,525,5,2.3473667e-08,0,0.037215620279312134,SentenceTransformer+MLP+Optuna (offline),arthuravianna/uff-web3-course
NEG_00229,0,0,0,529,5,2.4132467e-09,0,0.037215620279312134,SentenceTransformer+MLP+Optuna (offline),as3360/ReinforcementLearntTradingBot
NEG_00230,0,0,0,530,5,6.945031e-15,0,0.037215620279312134,SentenceTransformer+MLP+Optuna (offline),ashbz/CryptoSharp
NEG_00241,0,0,0,541,5,2.8573622e-06,0,0.037215620279312134,SentenceTransformer+MLP+Optuna (offline),atul24112001/trackpack
NEG_00246,0,0,0,546,5,6.024623e-18,0,0.037215620279312134,SentenceTransformer+MLP+Optuna (offline),Axentro/Axentro
NEG_00252,0,0,0,552,5,0.0050158165,0,0.037215620279312134,SentenceTransformer+MLP+Optuna (offline),ayushi030709/aave-credit-scorer
NEG_00253,0,0,0,553,5,1.2855676e-10,0,0.037215620279312134,SentenceTransformer+MLP+Optuna (offline),ayushn2/market_maker
NEG_00262,0,0,0,562,5,1.2567859e-15,0,0.037215620279312134,SentenceTransformer+MLP+Optuna (offline),balancer/frontend-v2
NEG_00269,0,0,0,569,5,8.560619e-12,0,0.037215620279312134,SentenceTransformer+MLP+Optuna (offline),banteg/multicall.py
NEG_00276,0,0,0,576,5,4.9438356e-21,0,0.037215620279312134,SentenceTransformer+MLP+Optuna (offline),BeanstalkFarms/Basin
NEG_00279,0,0,0,579,5,1.4299418e-26,0,0.037215620279312134,SentenceTransformer+MLP+Optuna (offline),bekatom/awesome-ethereum
NEG_00283,0,0,0,583,5,1.0879275e-22,0,0.037215620279312134,SentenceTransformer+MLP+Optuna (offline),benruseau/Inhetherit
NEG_00288,0,0,0,588,5,2.4256363e-21,0,0.037215620279312134,SentenceTransformer+MLP+Optuna (offline),BeycanPress/cryptopay-lite
NEG_00293,0,0,0,593,5,2.1483284e-08,0,0.037215620279312134,SentenceTransformer+MLP+Optuna (offline),bifrost-platform/solidity-contract-configs
NEG_00295,0,0,0,595,5,8.584086e-30,0,0.037215620279312134,SentenceTransformer+MLP+Optuna (offline),bigint/hey
NEG_00315,0,0,0,615,5,8.1846736e-17,0,0.037215620279312134,SentenceTransformer+MLP+Optuna (offline),Block-Chen/blocksdk-go
NEG_00317,0,0,0,617,5,6.711577e-14,0,0.037215620279312134,SentenceTransformer+MLP+Optuna (offline),blockchain-certificates/cert-issuer
NEG_00330,0,0,0,630,5,4.6187364e-22,0,0.037215620279312134,SentenceTransformer+MLP+Optuna (offline),bob-collective/bob
NEG_00337,0,0,0,637,5,4.024207e-12,0,0.037215620279312134,SentenceTransformer+MLP+Optuna (offline),braedonsaunders/homerun
NEG_00343,0,0,0,643,5,4.678428e-13,0,0.037215620279312134,SentenceTransformer+MLP+Optuna (offline),brlojam4932/usdc-app
NEG_00345,0,0,0,645,5,1.3802515e-11,0,0.037215620279312134,SentenceTransformer+MLP+Optuna (offline),BSN-DDC/taianchain
NEG_00378,0,0,0,678,5,4.434515e-22,0,0.037215620279312134,SentenceTransformer+MLP+Optuna (offline),chainapsis/keplr-wallet
NEG_00379,0,0,0,679,5,2.952105e-17,0,0.037215620279312134,SentenceTransformer+MLP+Optuna (offline),ChainEasy/ChainEasy-Wallet
NEG_00384,0,0,0,684,5,0.0017959903,0,0.037215620279312134,SentenceTransformer+MLP+Optuna (offline),ChainsQueen/web3dashboard
NEG_00385,0,0,0,685,5,0.00014696129,0,0.037215620279312134,SentenceTransformer+MLP+Optuna (offline),charanbalaji2005/CryptoView-solidity
NEG_00387,0,0,0,687,5,3.0146846e-10,0,0.037215620279312134,SentenceTransformer+MLP+Optuna (offline),chase-manning/debt-farming
NEG_00391,0,0,0,691,5,0.10758947,1,0.037215620279312134,SentenceTransformer+MLP+Optuna (offline),chellscript/bitLeaf
NEG_00392,0,0,0,692,5,2.2231793e-16,0,0.037215620279312134,SentenceTransformer+MLP+Optuna (offline),cherti/bitcoin-analysis
NEG_00397,0,0,0,697,5,1.2528578e-12,0,0.037215620279312134,SentenceTransformer+MLP+Optuna (offline),chjj/termcoin
NEG_00400,0,0,0,700,5,9.4234814e-14,0,0.037215620279312134,SentenceTransformer+MLP+Optuna (offline),chrisalexadams/balancer
NEG_00401,0,0,0,701,5,1.9074165e-12,0,0.037215620279312134,SentenceTransformer+MLP+Optuna (offline),ChrisdeWolf/blockchain-attack-probabilities
NEG_00402,0,0,0,702,5,1.7014756e-19,0,0.037215620279312134,SentenceTransformer+MLP+Optuna (offline),chrisstef/defi-staking
NEG_00403,0,0,0,703,5,0.7835626,1,0.037215620279312134,SentenceTransformer+MLP+Optuna (offline),ChrisZyy3/presale-nft-web3-app
NEG_00406,0,0,0,706,5,2.166699e-15,0,0.037215620279312134,SentenceTransformer+MLP+Optuna (offline),citizenweb3/validatorinfo
NEG_00418,0,0,0,718,5,2.8593854e-07,0,0.037215620279312134,SentenceTransformer+MLP+Optuna (offline),codebatine/Chores-for-Crypto
NEG_00437,0,0,0,737,5,9.425295e-07,0,0.037215620279312134,SentenceTransformer+MLP+Optuna (offline),conka8/Solana-Dexterity
NEG_00441,0,0,0,741,5,1.6830696e-21,0,0.037215620279312134,SentenceTransformer+MLP+Optuna (offline),ConsenSysDiligence/mythril
NEG_00452,0,0,0,752,5,1.3519136e-08,0,0.037215620279312134,SentenceTransformer+MLP+Optuna (offline),covir-io/cvr-contract
NEG_00455,0,0,0,755,5,4.5311286e-15,0,0.037215620279312134,SentenceTransformer+MLP+Optuna (offline),Cr0mb/Satoshi-Sweeper
NEG_00459,0,0,0,759,5,1.4292947e-12,0,0.037215620279312134,SentenceTransformer+MLP+Optuna (offline),cristiandbetancurg/fulgol
NEG_00463,0,0,0,763,5,7.761708e-07,0,0.037215620279312134,SentenceTransformer+MLP+Optuna (offline),crypto-balance-checker-seed-phrases/crypto-balance-checker-seed-phrases
NEG_00466,0,0,0,766,5,5.5398026e-17,0,0.037215620279312134,SentenceTransformer+MLP+Optuna (offline),crypto-org-chain/cronos
NEG_00469,0,0,0,769,5,8.242381e-26,0,0.037215620279312134,SentenceTransformer+MLP+Optuna (offline),cryptoadvance/specter-desktop
NEG_00472,0,0,0,772,5,6.3515324e-18,0,0.037215620279312134,SentenceTransformer+MLP+Optuna (offline),CryptoCreams/Crypto-Creams
NEG_00474,0,0,0,774,5,4.765175e-12,0,0.037215620279312134,SentenceTransformer+MLP+Optuna (offline),CryptoExplor/CeloNFT
NEG_00484,0,0,0,784,5,7.041426e-19,0,0.037215620279312134,SentenceTransformer+MLP+Optuna (offline),cshep4/crypto-dot-com-exchange-go
NEG_00488,0,0,0,788,5,4.781841e-10,0,0.037215620279312134,SentenceTransformer+MLP+Optuna (offline),CutupAngel/nft-marketplace
NEG_00492,0,0,0,792,5,1.2419752e-12,0,0.037215620279312134,SentenceTransformer+MLP+Optuna (offline),czeti/shamus
NEG_00502,0,0,0,802,5,2.808535e-12,0,0.037215620279312134,SentenceTransformer+MLP+Optuna (offline),Damian-Sanchez/CryptoTextAlert
NEG_00508,0,0,0,808,5,3.5428392e-12,0,0.037215620279312134,SentenceTransformer+MLP+Optuna (offline),danilych/token-sale
NEG_00509,0,0,0,809,5,1.669739e-10,0,0.037215620279312134,SentenceTransformer+MLP+Optuna (offline),danpatrocinio/web3-api
NEG_00510,0,0,0,810,5,7.1342677e-13,0,0.037215620279312134,SentenceTransformer+MLP+Optuna (offline),dante4rt/t3rn-airdrop-bot
NEG_00520,0,0,0,820,5,2.4968803e-09,0,0.037215620279312134,SentenceTransformer+MLP+Optuna (offline),dariocast/algorand-nft-loan
NEG_00524,0,0,0,824,5,3.5908555e-12,0,0.037215620279312134,SentenceTransformer+MLP+Optuna (offline),datmedevil17/hack-web3conf
NEG_00540,0,0,0,840,5,1.3692798e-12,0,0.037215620279312134,SentenceTransformer+MLP+Optuna (offline),Defi-Pool-Share/DefiPoolShare.DPSTContract
NEG_00550,0,0,0,850,5,6.8861123e-18,0,0.037215620279312134,SentenceTransformer+MLP+Optuna (offline),DemocracyEarth/exodus
NEG_00556,0,0,0,856,5,1.0686499e-20,0,0.037215620279312134,SentenceTransformer+MLP+Optuna (offline),DePayFi/buttons
NEG_00562,0,0,0,862,5,2.0514569e-14,0,0.037215620279312134,SentenceTransformer+MLP+Optuna (offline),desoul-labs/soulhub-contracts
NEG_00563,0,0,0,863,5,0.0020961661,0,0.037215620279312134,SentenceTransformer+MLP+Optuna (offline),deusfinance/deus-interface-v2
NEG_00564,0,0,0,864,5,1.2035742e-14,0,0.037215620279312134,SentenceTransformer+MLP+Optuna (offline),dev-x-master/Election-Blockchain-App
NEG_00565,0,0,0,865,5,2.0991668e-12,0,0.037215620279312134,SentenceTransformer+MLP+Optuna (offline),devano12/Kryptex-miner
NEG_00577,0,0,0,877,5,2.1089487e-14,0,0.037215620279312134,SentenceTransformer+MLP+Optuna (offline),dharmaprotocol/experimental
NEG_00586,0,0,0,886,5,5.1615773e-24,0,0.037215620279312134,SentenceTransformer+MLP+Optuna (offline),DimensionDev/Maskbook
NEG_00592,0,0,0,892,5,0.0013520515,0,0.037215620279312134,SentenceTransformer+MLP+Optuna (offline),Dklish/trading-lab
NEG_00600,0,0,0,900,5,1.1006666e-24,0,0.037215620279312134,SentenceTransformer+MLP+Optuna (offline),DonggeunYu/MEV-Attack-on-the-BSC
NEG_00608,0,0,0,908,5,1.265919e-14,0,0.037215620279312134,SentenceTransformer+MLP+Optuna (offline),Drix10/ai-resources
NEG_00612,0,0,0,912,5,2.6697623e-14,0,0.037215620279312134,SentenceTransformer+MLP+Optuna (offline),ducga1998/tai-xiu-smart-contract
NEG_00623,0,0,0,923,5,8.193993e-11,0,0.037215620279312134,SentenceTransformer+MLP+Optuna (offline),educoin/notarypoc
NEG_00627,0,0,0,927,5,1.399993e-16,0,0.037215620279312134,SentenceTransformer+MLP+Optuna (offline),el-noir/ethereum-defi-app
NEG_00632,0,0,0,932,5,0.00017247647,0,0.037215620279312134,SentenceTransformer+MLP+Optuna (offline),ElromEvedElElyon/bitcoinbrasil
NEG_00639,0,0,0,939,5,1.9269246e-16,0,0.037215620279312134,SentenceTransformer+MLP+Optuna (offline),emilyhon/foundry-defi-stablecoin-f23
NEG_00640,0,0,0,940,5,4.812844e-13,0,0.037215620279312134,SentenceTransformer+MLP+Optuna (offline),Emivvvvv/btc-vanity
NEG_00641,0,0,0,941,5,9.1926904e-11,0,0.037215620279312134,SentenceTransformer+MLP+Optuna (offline),emlynazuma/blockchainCrawler
NEG_00642,0,0,0,942,5,5.098058e-09,0,0.037215620279312134,SentenceTransformer+MLP+Optuna (offline),Emmahchinonso/web3-bridge-contract
NEG_00645,0,0,0,945,5,1.2860267e-13,0,0.037215620279312134,SentenceTransformer+MLP+Optuna (offline),emograms/nft-marketplace
NEG_00646,0,0,0,946,5,3.7363764e-13,0,0.037215620279312134,SentenceTransformer+MLP+Optuna (offline),emtinanseo/dApp-Refund-by-Location-Smart-Contract
NEG_00647,0,0,0,947,5,1.1583541e-21,0,0.037215620279312134,SentenceTransformer+MLP+Optuna (offline),energychain/CorrentlyWallet
NEG_00648,0,0,0,948,5,3.600824e-14,0,0.037215620279312134,SentenceTransformer+MLP+Optuna (offline),Enkhai/crypto-blockchain-python
NEG_00659,0,0,0,959,5,3.1823123e-15,0,0.037215620279312134,SentenceTransformer+MLP+Optuna (offline),eq-lab/marginly
NEG_00663,0,0,0,963,5,1.9334852e-16,0,0.037215620279312134,SentenceTransformer+MLP+Optuna (offline),ervikassingh/nft-market
NEG_00681,0,0,0,981,5,4.3800016e-11,0,0.037215620279312134,SentenceTransformer+MLP+Optuna (offline),EveryThinUknow/BlockchainPrototype
NEG_00683,0,0,0,983,5,4.726364e-18,0,0.037215620279312134,SentenceTransformer+MLP+Optuna (offline),EWCunha/brownie-fund-me
NEG_00686,0,0,0,986,5,3.1061007e-10,0,0.037215620279312134,SentenceTransformer+MLP+Optuna (offline),exekerey/3xpl-mcp
NEG_00687,0,0,0,987,5,5.1012448e-18,0,0.037215620279312134,SentenceTransformer+MLP+Optuna (offline),exglos/wallet
NEG_00698,0,0,0,998,5,3.4127787e-09,0,0.037215620279312134,SentenceTransformer+MLP+Optuna (offline),fadliferdian28/MyCryptoToken
NEG_00699,0,0,0,999,5,7.982608e-06,0,0.037215620279312134,SentenceTransformer+MLP+Optuna (offline),fairrustana/Sports-Betting-Sportsbook
NEG_00702,0,0,0,1002,5,5.657131e-13,0,0.037215620279312134,SentenceTransformer+MLP+Optuna (offline),Faouzijedidi1/NFT-Game
NEG_00709,0,0,0,1009,5,8.083969e-13,0,0.037215620279312134,SentenceTransformer+MLP+Optuna (offline),felipeserrano05/one-sol-protocol
NEG_00719,0,0,0,1019,5,4.2267e-15,0,0.037215620279312134,SentenceTransformer+MLP+Optuna (offline),flannerychristopher/web3_py_simple_storage
NEG_00725,0,0,0,1025,5,3.0912983e-12,0,0.037215620279312134,SentenceTransformer+MLP+Optuna (offline),Formyselfonly/smart-contract-quickstart
NEG_00729,0,0,0,1029,5,2.9796053e-12,0,0.037215620279312134,SentenceTransformer+MLP+Optuna (offline),frangio/hardhat-exposed
NEG_00742,0,0,0,1042,5,3.9064555e-12,0,0.037215620279312134,SentenceTransformer+MLP+Optuna (offline),fvictorio/ganache-explorer-poc
NEG_00747,0,0,0,1047,5,4.715644e-09,0,0.037215620279312134,SentenceTransformer+MLP+Optuna (offline),gasparllamazares/Bitcoin-Virus
NEG_00748,0,0,0,1048,5,2.8410824e-16,0,0.037215620279312134,SentenceTransformer+MLP+Optuna (offline),gauryvg98/Bitcoin-Indexer
NEG_00749,0,0,0,1049,5,1.0323643e-17,0,0.037215620279312134,SentenceTransformer+MLP+Optuna (offline),gbto/web3-everything
NEG_00751,0,0,0,1051,5,2.2244218e-20,0,0.037215620279312134,SentenceTransformer+MLP+Optuna (offline),Gearbox-protocol/gearbox-protocol-description
NEG_00763,0,0,0,1063,5,4.3634265e-14,0,0.037215620279312134,SentenceTransformer+MLP+Optuna (offline),gitthekid/Ethereum-Flashloan-DEX-Arbitrage-Contracts
NEG_00766,0,0,0,1066,5,1.7139133e-17,0,0.037215620279312134,SentenceTransformer+MLP+Optuna (offline),glitchnsec/cryptozombies-solutions
NEG_00769,0,0,0,1069,5,1.2598719e-12,0,0.037215620279312134,SentenceTransformer+MLP+Optuna (offline),gmtech-xyz/safe-cex
NEG_00775,0,0,0,1075,5,3.7326998e-21,0,0.037215620279312134,SentenceTransformer+MLP+Optuna (offline),Gola-k/jsm_nft_marketplace
NEG_00776,0,0,0,1076,5,8.0957595e-20,0,0.037215620279312134,SentenceTransformer+MLP+Optuna (offline),GoodDollar/GoodDAPP
NEG_00779,0,0,0,1079,5,6.451713e-11,0,0.037215620279312134,SentenceTransformer+MLP+Optuna (offline),gprateek93/Sikka--A-Simple-Bitcoin-Implementation
NEG_00791,0,0,0,1091,5,4.858584e-05,0,0.037215620279312134,SentenceTransformer+MLP+Optuna (offline),Gupta-4699/crypto_gallery
NEG_00794,0,0,0,1094,5,1.1646595e-13,0,0.037215620279312134,SentenceTransformer+MLP+Optuna (offline),gyro-defi/gyro-v1-contracts
NEG_00795,0,0,0,1095,5,1.2817234e-18,0,0.037215620279312134,SentenceTransformer+MLP+Optuna (offline),gysr-io/core
NEG_00797,0,0,0,1097,5,4.899146e-09,0,0.037215620279312134,SentenceTransformer+MLP+Optuna (offline),ha-bhai-noob-hoon/Solidity-task
NEG_00800,0,0,0,1100,5,5.156994e-07,0,0.037215620279312134,SentenceTransformer+MLP+Optuna (offline),HackUnderway/BlockChain
NEG_00804,0,0,0,1104,5,1.3683957e-18,0,0.037215620279312134,SentenceTransformer+MLP+Optuna (offline),haf-decent/bArb
NEG_00805,0,0,0,1105,5,5.215927e-10,0,0.037215620279312134,SentenceTransformer+MLP+Optuna (offline),HalfSuperNate/BalanceOfBatchDataToString
NEG_00815,0,0,0,1115,5,1.0827261e-17,0,0.037215620279312134,SentenceTransformer+MLP+Optuna (offline),harsh6768/web3-basics
NEG_00821,0,0,0,1121,5,5.828231e-13,0,0.037215620279312134,SentenceTransformer+MLP+Optuna (offline),HashLips/hashlips_nft_contract
NEG_00831,0,0,0,1131,5,7.0367144e-15,0,0.037215620279312134,SentenceTransformer+MLP+Optuna (offline),hexoul/aws-lambda-eth-proxy
NEG_00835,0,0,0,1135,5,5.20454e-17,0,0.037215620279312134,SentenceTransformer+MLP+Optuna (offline),HilliamT/foundry-web3-monorepo
NEG_00840,0,0,0,1140,5,1.608373e-16,0,0.037215620279312134,SentenceTransformer+MLP+Optuna (offline),hiwadrashad/Crypto-Currency
NEG_00854,0,0,0,1154,5,2.3716433e-14,0,0.037215620279312134,SentenceTransformer+MLP+Optuna (offline),hovig/web3-fabric-voting-dapp
NEG_00856,0,0,0,1156,5,5.9631313e-21,0,0.037215620279312134,SentenceTransformer+MLP+Optuna (offline),HugoBrunet13/NFT-Marketplace-Auction
NEG_00860,0,0,0,1160,5,1.7701545e-13,0,0.037215620279312134,SentenceTransformer+MLP+Optuna (offline),hundredwz/BlockchainInfo
NEG_00863,0,0,0,1163,5,1.0176065e-13,0,0.037215620279312134,SentenceTransformer+MLP+Optuna (offline),hyp3r5pace/crowdfunding-platform-avalanche
NEG_00870,0,0,0,1170,5,1.6402903e-22,0,0.037215620279312134,SentenceTransformer+MLP+Optuna (offline),ianmah/cryptostory
NEG_00871,0,0,0,1171,5,2.189538e-09,0,0.037215620279312134,SentenceTransformer+MLP+Optuna (offline),IaroslavTitov/OnchainVestingService
NEG_00877,0,0,0,1177,5,0.0,0,0.037215620279312134,SentenceTransformer+MLP+Optuna (offline),idimetrix/next-jobs
NEG_00878,0,0,0,1178,5,5.7783053e-11,0,0.037215620279312134,SentenceTransformer+MLP+Optuna (offline),idrabenia/SublimeLinter-contrib-solhint
NEG_00880,0,0,0,1180,5,3.3014824e-20,0,0.037215620279312134,SentenceTransformer+MLP+Optuna (offline),igorlourenco/nft-marketplace-smart-contract
NEG_00883,0,0,0,1183,5,0.07858587,1,0.037215620279312134,SentenceTransformer+MLP+Optuna (offline),illia-fz/defi-ts-wallet-connect-v23
NEG_00891,0,0,0,1191,5,1.2474498e-12,0,0.037215620279312134,SentenceTransformer+MLP+Optuna (offline),inghong06/Solidity_Whitelist
NEG_00896,0,0,0,1196,5,3.2588052e-06,0,0.037215620279312134,SentenceTransformer+MLP+Optuna (offline),iotaledger-archive/legacy-wallet-use-trinity-wallet-instead
NEG_00897,0,0,0,1197,5,0.0,0,0.037215620279312134,SentenceTransformer+MLP+Optuna (offline),Isaacdelly/Plutus
NEG_00913,0,0,0,1213,5,8.016467e-10,0,0.037215620279312134,SentenceTransformer+MLP+Optuna (offline),JackG-eth/CryptoZombieEthSC
NEG_00928,0,0,0,1228,5,1.2649497e-20,0,0.037215620279312134,SentenceTransformer+MLP+Optuna (offline),jammy928/CoinExchange_CryptoExchange_Java
NEG_00929,0,0,0,1229,5,2.6541065e-16,0,0.037215620279312134,SentenceTransformer+MLP+Optuna (offline),janfilips/blockchain-poker
NEG_00951,0,0,0,1251,5,2.879142e-28,0,0.037215620279312134,SentenceTransformer+MLP+Optuna (offline),Jeiwan/zuniswapv2
NEG_00954,0,0,0,1254,5,9.028955e-13,0,0.037215620279312134,SentenceTransformer+MLP+Optuna (offline),JennEYoon/DeFi-ml
NEG_00955,0,0,0,1255,5,4.211649e-16,0,0.037215620279312134,SentenceTransformer+MLP+Optuna (offline),jevinjivani2507/casino-web3
NEG_00956,0,0,0,1256,5,6.328788e-10,0,0.037215620279312134,SentenceTransformer+MLP+Optuna (offline),jgyy/solarjun
NEG_00957,0,0,0,1257,5,4.8750853e-10,0,0.037215620279312134,SentenceTransformer+MLP+Optuna (offline),jianminggit/NFT_BOT
NEG_00960,0,0,0,1260,5,2.7392686e-14,0,0.037215620279312134,SentenceTransformer+MLP+Optuna (offline),JJ-Top/Despliegue-en-Ganache-de-SmartContract
NEG_00972,0,0,0,1272,5,1.0169806e-15,0,0.037215620279312134,SentenceTransformer+MLP+Optuna (offline),Jon-Becker/heimdall-rs
NEG_00975,0,0,0,1275,5,1.2813048e-05,0,0.037215620279312134,SentenceTransformer+MLP+Optuna (offline),joseoscarcc/TaqueriaCryptoChain
NEG_00981,0,0,0,1281,5,1.2611817e-05,0,0.037215620279312134,SentenceTransformer+MLP+Optuna (offline),jpromamen/sat-stacker-quiz
NEG_00995,0,0,0,1295,5,5.988907e-16,0,0.037215620279312134,SentenceTransformer+MLP+Optuna (offline),jwinterm/cryptonoteRPCwalletGUI
NEG_01012,0,0,0,1312,5,4.935587e-19,0,0.037215620279312134,SentenceTransformer+MLP+Optuna (offline),Kazopl/mpc-agent-wallet
NEG_01014,0,0,0,1314,5,3.2634073e-11,0,0.037215620279312134,SentenceTransformer+MLP+Optuna (offline),keep-network/tbtc-website
NEG_01016,0,0,0,1316,5,0.01153527,0,0.037215620279312134,SentenceTransformer+MLP+Optuna (offline),KehindeA533/CryptoDev_NFTCollection_Frontend
NEG_01017,0,0,0,1317,5,2.838923e-11,0,0.037215620279312134,SentenceTransformer+MLP+Optuna (offline),kelvincup/base-commit
NEG_01020,0,0,0,1320,5,2.4924927e-17,0,0.037215620279312134,SentenceTransformer+MLP+Optuna (offline),KenatSF/NFT-Marketplace
NEG_01021,0,0,0,1321,5,6.556053e-14,0,0.037215620279312134,SentenceTransformer+MLP+Optuna (offline),keng42/xwallet
NEG_01025,0,0,0,1325,5,1.9527672e-21,0,0.037215620279312134,SentenceTransformer+MLP+Optuna (offline),KernelFailure/blockchain
NEG_01028,0,0,0,1328,5,8.014218e-18,0,0.037215620279312134,SentenceTransformer+MLP+Optuna (offline),Kevaljagani/NFT-Market
NEG_01038,0,0,0,1338,5,1.7324121e-15,0,0.037215620279312134,SentenceTransformer+MLP+Optuna (offline),Kimxons/generate-btc-keys
NEG_01045,0,0,0,1345,5,5.5304286e-09,0,0.037215620279312134,SentenceTransformer+MLP+Optuna (offline),klaim-dev/solana-programs
NEG_01051,0,0,0,1351,5,3.242307e-22,0,0.037215620279312134,SentenceTransformer+MLP+Optuna (offline),kokomoji/CryptoCoinPaperWallet
NEG_01056,0,0,0,1356,5,7.771895e-23,0,0.037215620279312134,SentenceTransformer+MLP+Optuna (offline),Kr1ptal/ethers-kt
NEG_01059,0,0,0,1359,5,0.0019043592,0,0.037215620279312134,SentenceTransformer+MLP+Optuna (offline),KrishGitVerse/speedrun-multisig-msu
NEG_01060,0,0,0,1360,5,0.023664908,0,0.037215620279312134,SentenceTransformer+MLP+Optuna (offline),krrish-sehgal/nwc-playground
NEG_01064,0,0,0,1364,5,1.4080472e-10,0,0.037215620279312134,SentenceTransformer+MLP+Optuna (offline),Kula529/-nft-collectible-frontend
NEG_01071,0,0,0,1371,5,1.2752292e-15,0,0.037215620279312134,SentenceTransformer+MLP+Optuna (offline),l3lackcurtains/solo-coin-cryptocurrency
NEG_01076,0,0,0,1376,5,5.0171967e-11,0,0.037215620279312134,SentenceTransformer+MLP+Optuna (offline),laramiedunlap/blockchain-wallets
NEG_01082,0,0,0,1382,5,1.4295676e-08,0,0.037215620279312134,SentenceTransformer+MLP+Optuna (offline),lawlietu0/EnigmaCracker
NEG_01086,0,0,0,1386,5,1.4356781e-22,0,0.037215620279312134,SentenceTransformer+MLP+Optuna (offline),lbryio/lbry-desktop
NEG_01095,0,0,0,1395,5,3.2058178e-10,0,0.037215620279312134,SentenceTransformer+MLP+Optuna (offline),Lemury1/wallet_stealer
NEG_01104,0,0,0,1404,5,1.8319043e-19,0,0.037215620279312134,SentenceTransformer+MLP+Optuna (offline),liquality/wallet
NEG_01109,0,0,0,1409,5,2.68705e-10,0,0.037215620279312134,SentenceTransformer+MLP+Optuna (offline),LoboVH/NFT-contract-NEAR-PROTOCOL
NEG_01122,0,0,0,1422,5,4.0682116e-06,0,0.037215620279312134,SentenceTransformer+MLP+Optuna (offline),Lucifer666XD/ZenDesk
NEG_01123,0,0,0,1423,5,1.3586432e-06,0,0.037215620279312134,SentenceTransformer+MLP+Optuna (offline),LuckyPigeon/Smart-Contract-Playground
NEG_01129,0,0,0,1429,5,7.561584e-06,0,0.037215620279312134,SentenceTransformer+MLP+Optuna (offline),maazgora/Multi-Sig-Wallet-using-Solidity
NEG_01130,0,0,0,1430,5,2.3273325e-15,0,0.037215620279312134,SentenceTransformer+MLP+Optuna (offline),machenxi/Dodging-Turtis-NFT-game-Polygon
NEG_01135,0,0,0,1435,5,0.0018456744,0,0.037215620279312134,SentenceTransformer+MLP+Optuna (offline),maikon9824-lab/giftcard-dapp-arc-
NEG_01136,0,0,0,1436,5,2.98778e-14,0,0.037215620279312134,SentenceTransformer+MLP+Optuna (offline),mainnetblockchain/sendEtherThroughSmartContract
NEG_01143,0,0,0,1443,5,5.2563596e-12,0,0.037215620279312134,SentenceTransformer+MLP+Optuna (offline),Manuel-yang/BlockChainSelfLearning
NEG_01147,0,0,0,1447,5,7.577942e-23,0,0.037215620279312134,SentenceTransformer+MLP+Optuna (offline),maprob/nft-mint-site
NEG_01152,0,0,0,1452,5,3.9047457e-14,0,0.037215620279312134,SentenceTransformer+MLP+Optuna (offline),markjinhua/SmartContract
NEG_01153,0,0,0,1453,5,5.9413426e-18,0,0.037215620279312134,SentenceTransformer+MLP+Optuna (offline),Markkop/markkop-defi
NEG_01154,0,0,0,1454,5,8.4019386e-10,0,0.037215620279312134,SentenceTransformer+MLP+Optuna (offline),MartinoTruppini/LegalTech-SmartContract.it
NEG_01158,0,0,0,1458,5,6.091638e-19,0,0.037215620279312134,SentenceTransformer+MLP+Optuna (offline),masaun/governorAlpha-with-proof-of-voting-NFT
NEG_01162,0,0,0,1462,5,1.1415356e-10,0,0.037215620279312134,SentenceTransformer+MLP+Optuna (offline),mateolafalce/MonthlySubscriptionSolana
NEG_01171,0,0,0,1471,5,1.1588793e-05,0,0.037215620279312134,SentenceTransformer+MLP+Optuna (offline),MauriceBoendermaker/kraken_forge_hackathon_2025
NEG_01180,0,0,0,1480,5,2.859592e-06,0,0.037215620279312134,SentenceTransformer+MLP+Optuna (offline),Melchizedek4ever/Time-Lock-Wallet
NEG_01183,0,0,0,1483,5,1.6782207e-12,0,0.037215620279312134,SentenceTransformer+MLP+Optuna (offline),MeoMunDep/Fintopio
NEG_01184,0,0,0,1484,5,1.9607901e-07,0,0.037215620279312134,SentenceTransformer+MLP+Optuna (offline),MeoMunDep/OG-Labs
NEG_01186,0,0,0,1486,5,9.474643e-15,0,0.037215620279312134,SentenceTransformer+MLP+Optuna (offline),merofinance/webapp
NEG_01194,0,0,0,1494,5,2.7914477e-14,0,0.037215620279312134,SentenceTransformer+MLP+Optuna (offline),mg98/arbitrary-data-on-blockchains
NEG_01207,0,0,0,1507,5,2.463282e-12,0,0.037215620279312134,SentenceTransformer+MLP+Optuna (offline),mikke555/eth-wallets-generator
NEG_01215,0,0,0,1515,5,8.922663e-12,0,0.037215620279312134,SentenceTransformer+MLP+Optuna (offline),mirrorworld-universe/mirrorworld-sdk-js
NEG_01218,0,0,0,1518,5,1.1850784e-12,0,0.037215620279312134,SentenceTransformer+MLP+Optuna (offline),Mizogg/Mizogg-Tools
NEG_01224,0,0,0,1524,5,1.0577141e-08,0,0.037215620279312134,SentenceTransformer+MLP+Optuna (offline),MohaiminulEraj/Indicium
NEG_01238,0,0,0,1538,5,0.1509807,1,0.037215620279312134,SentenceTransformer+MLP+Optuna (offline),moseuh/blockchain-nft
NEG_01241,0,0,0,1541,5,7.5702227e-13,0,0.037215620279312134,SentenceTransformer+MLP+Optuna (offline),Mr-Malik-Aryan/LendVault
NEG_01248,0,0,0,1548,5,1.5870265e-12,0,0.037215620279312134,SentenceTransformer+MLP+Optuna (offline),mrozdolski/ink-flipper
NEG_01250,0,0,0,1550,5,0.0,0,0.037215620279312134,SentenceTransformer+MLP+Optuna (offline),mrsmookie/btcrecover
NEG_01254,0,0,0,1554,5,2.5497268e-10,0,0.037215620279312134,SentenceTransformer+MLP+Optuna (offline),mtechee/libax
NEG_01256,0,0,0,1556,5,8.589597e-13,0,0.037215620279312134,SentenceTransformer+MLP+Optuna (offline),mucolon/gemini-interface
NEG_01257,0,0,0,1557,5,1.4881226e-13,0,0.037215620279312134,SentenceTransformer+MLP+Optuna (offline),muhammadshiraz/dex-frontend-react
NEG_01264,0,0,0,1564,5,1.942325e-10,0,0.037215620279312134,SentenceTransformer+MLP+Optuna (offline),MuscleBunny/NFT_MarketPlace
NEG_01266,0,0,0,1566,5,0.00012099331,0,0.037215620279312134,SentenceTransformer+MLP+Optuna (offline),muzikoud/cryptoZombies_smart_contract
NEG_01267,0,0,0,1567,5,3.4288659e-18,0,0.037215620279312134,SentenceTransformer+MLP+Optuna (offline),Muziris-Labs/fusion-smart-contracts
NEG_01275,0,0,0,1575,5,1.690906e-23,0,0.037215620279312134,SentenceTransformer+MLP+Optuna (offline),Mystique85/Hub-Portal-Chat
NEG_01282,0,0,0,1582,5,0.00010012032,0,0.037215620279312134,SentenceTransformer+MLP+Optuna (offline),NancenFrelly/crypto_wallet
NEG_01291,0,0,0,1591,5,1.1434735e-09,0,0.037215620279312134,SentenceTransformer+MLP+Optuna (offline),NecroNexus/Blocklog
NEG_01294,0,0,0,1594,5,3.8865994e-11,0,0.037215620279312134,SentenceTransformer+MLP+Optuna (offline),neoguias/tutorial-wallet-multifirma
NEG_01297,0,0,0,1597,5,1.4330593e-08,0,0.037215620279312134,SentenceTransformer+MLP+Optuna (offline),NesterZz/NFT-Wallet
NEG_01300,0,0,0,1600,5,2.8295636e-16,0,0.037215620279312134,SentenceTransformer+MLP+Optuna (offline),Neufund/ledger-wallet-provider
NEG_01306,0,0,0,1606,5,2.6992674e-16,0,0.037215620279312134,SentenceTransformer+MLP+Optuna (offline),nguyenj27/CSC299
NEG_01321,0,0,0,1621,5,0.0,0,0.037215620279312134,SentenceTransformer+MLP+Optuna (offline),nirholas/bnbchain-mcp
NEG_01327,0,0,0,1627,5,2.62155e-12,0,0.037215620279312134,SentenceTransformer+MLP+Optuna (offline),Nitin2489/simple-wallet-solidity
NEG_01332,0,0,0,1632,5,3.391753e-13,0,0.037215620279312134,SentenceTransformer+MLP+Optuna (offline),Noahendriks/CryptoTokens
NEG_01337,0,0,0,1637,5,9.977431e-07,0,0.037215620279312134,SentenceTransformer+MLP+Optuna (offline),NoNameNo1F/Blockchain-Applied_BitcoinScripts
NEG_01349,0,0,0,1649,5,3.9556584e-11,0,0.037215620279312134,SentenceTransformer+MLP+Optuna (offline),Obalfour/CryptoPokes
NEG_01354,0,0,0,1654,5,5.0206104e-16,0,0.037215620279312134,SentenceTransformer+MLP+Optuna (offline),ofojichigozie/multisig-smart-contract
NEG_01363,0,0,0,1663,5,7.320145e-17,0,0.037215620279312134,SentenceTransformer+MLP+Optuna (offline),Olanetsoft/buymeacoffee-be
NEG_01367,0,0,0,1667,5,9.7399845e-11,0,0.037215620279312134,SentenceTransformer+MLP+Optuna (offline),Om-Mishra7/KRMU-OS-Expo_2023
NEG_01369,0,0,0,1669,5,8.2032417e-13,0,0.037215620279312134,SentenceTransformer+MLP+Optuna (offline),OmarChefrad/HourZero
NEG_01371,0,0,0,1671,5,5.0394097e-18,0,0.037215620279312134,SentenceTransformer+MLP+Optuna (offline),OnChainMee/evm-base-pumfun-smart-contract-v1
NEG_01372,0,0,0,1672,5,2.8667256e-20,0,0.037215620279312134,SentenceTransformer+MLP+Optuna (offline),onee-io/crypto-zombies
NEG_01382,0,0,0,1682,5,8.543944e-13,0,0.037215620279312134,SentenceTransformer+MLP+Optuna (offline),openocean-finance/Security-Audit-Report
NEG_01388,0,0,0,1688,5,1.0084097e-20,0,0.037215620279312134,SentenceTransformer+MLP+Optuna (offline),Opty-Fi/defi-adapters
NEG_01390,0,0,0,1690,5,4.288434e-14,0,0.037215620279312134,SentenceTransformer+MLP+Optuna (offline),opynfinance/squeeth-monorepo
NEG_01396,0,0,0,1696,5,4.4548487e-20,0,0.037215620279312134,SentenceTransformer+MLP+Optuna (offline),oumaoumag/smart-wallet-skeleton
NEG_01397,0,0,0,1697,5,4.3548553e-07,0,0.037215620279312134,SentenceTransformer+MLP+Optuna (offline),Outlier1217/stellar-ai-escrow-commerce-hackathon
NEG_01398,0,0,0,1698,5,2.2951532e-14,0,0.037215620279312134,SentenceTransformer+MLP+Optuna (offline),Overtorment/cli-cold-wallet
NEG_01400,0,0,0,1700,5,5.618972e-11,0,0.037215620279312134,SentenceTransformer+MLP+Optuna (offline),oxofonime/Celo
NEG_01408,0,0,0,1708,5,1.5927738e-15,0,0.037215620279312134,SentenceTransformer+MLP+Optuna (offline),paniaguaadrian/nft-marketplace
NEG_01409,0,0,0,1709,5,7.8551944e-25,0,0.037215620279312134,SentenceTransformer+MLP+Optuna (offline),pantunes/xtcryptosignals
NEG_01410,0,0,0,1710,5,2.9079087e-19,0,0.037215620279312134,SentenceTransformer+MLP+Optuna (offline),paradigmxyz/solar
NEG_01411,0,0,0,1711,5,9.826258e-07,0,0.037215620279312134,SentenceTransformer+MLP+Optuna (offline),Parkhomets/crypto_solidity
NEG_01413,0,0,0,1713,5,1.3280596e-21,0,0.037215620279312134,SentenceTransformer+MLP+Optuna (offline),parv3213/Multi-Signature-Wallet
NEG_01415,0,0,0,1715,5,1.9404686e-15,0,0.037215620279312134,SentenceTransformer+MLP+Optuna (offline),patilom342/poc-stake
NEG_01426,0,0,0,1726,5,1.5649642e-18,0,0.037215620279312134,SentenceTransformer+MLP+Optuna (offline),pcaversaccio/solidity-games
NEG_01430,0,0,0,1730,5,1.2405228e-10,0,0.037215620279312134,SentenceTransformer+MLP+Optuna (offline),PepperWatch/rust
NEG_01434,0,0,0,1734,5,8.7620026e-13,0,0.037215620279312134,SentenceTransformer+MLP+Optuna (offline),Petrosdevri/Solidity-Token-Contract
NEG_01437,0,0,0,1737,5,4.7896682e-12,0,0.037215620279312134,SentenceTransformer+MLP+Optuna (offline),PiDAOLab/Pi-NFT-CryptoDragonKing
NEG_01438,0,0,0,1738,5,2.0311541e-20,0,0.037215620279312134,SentenceTransformer+MLP+Optuna (offline),PigCharid/ethereum-codeAnalysis
NEG_01439,0,0,0,1739,5,0.0061393315,0,0.037215620279312134,SentenceTransformer+MLP+Optuna (offline),piske-level/multi-chain-payment-gateway
NEG_01443,0,0,0,1743,5,6.859952e-24,0,0.037215620279312134,SentenceTransformer+MLP+Optuna (offline),Planxnx/ethereum-wallet-generator
NEG_01445,0,0,0,1745,5,1.8648319e-11,0,0.037215620279312134,SentenceTransformer+MLP+Optuna (offline),pmaji/crypto-whale-watching-app
NEG_01451,0,0,0,1751,5,3.305054e-09,0,0.037215620279312134,SentenceTransformer+MLP+Optuna (offline),Polygon-Academy/basicnfts
NEG_01462,0,0,0,1762,5,1.1966802e-13,0,0.037215620279312134,SentenceTransformer+MLP+Optuna (offline),prathameshbelurkar/Blockchains
NEG_01478,0,0,0,1778,5,2.2509861e-20,0,0.037215620279312134,SentenceTransformer+MLP+Optuna (offline),pulkitpal/defi-protocol-sdk
NEG_01479,0,0,0,1779,5,2.0173604e-15,0,0.037215620279312134,SentenceTransformer+MLP+Optuna (offline),pvedha/HackIT_IX_Server
NEG_01482,0,0,0,1782,5,1.7998293e-12,0,0.037215620279312134,SentenceTransformer+MLP+Optuna (offline),pythoninthegrasses/nft_meetup
NEG_01484,0,0,0,1784,5,2.0698845e-16,0,0.037215620279312134,SentenceTransformer+MLP+Optuna (offline),qlyde/peek
NEG_01485,0,0,0,1785,5,1.4631844e-15,0,0.037215620279312134,SentenceTransformer+MLP+Optuna (offline),qshuai/blockchain-wallet
NEG_01495,0,0,0,1795,5,9.03876e-24,0,0.037215620279312134,SentenceTransformer+MLP+Optuna (offline),ra0321/CryptoZombies
NEG_01496,0,0,0,1796,5,6.162545e-21,0,0.037215620279312134,SentenceTransformer+MLP+Optuna (offline),RabbyHub/Rabby
NEG_01499,0,0,0,1799,5,7.0297864e-13,0,0.037215620279312134,SentenceTransformer+MLP+Optuna (offline),RafaBlockDev/Lending-Pool
NEG_01500,0,0,0,1800,5,6.4459355e-10,0,0.037215620279312134,SentenceTransformer+MLP+Optuna (offline),rafaelfariasbsb/polymarket
NEG_01508,0,0,0,1808,5,0.0,0,0.037215620279312134,SentenceTransformer+MLP+Optuna (offline),RainbowMiner/RainbowMiner
NEG_01513,0,0,0,1813,5,2.1925406e-11,0,0.037215620279312134,SentenceTransformer+MLP+Optuna (offline),Ramprakash852/Proofify-Smart-Contract
NEG_01515,0,0,0,1815,5,4.049228e-13,0,0.037215620279312134,SentenceTransformer+MLP+Optuna (offline),ranchimall/blockchainbonds
NEG_01520,0,0,0,1820,5,6.84731e-28,0,0.037215620279312134,SentenceTransformer+MLP+Optuna (offline),rawalraj022/One-Universal-Identity
NEG_01522,0,0,0,1822,5,9.344603e-14,0,0.037215620279312134,SentenceTransformer+MLP+Optuna (offline),raytsangGitHub/Cryptocurrency
NEG_01527,0,0,0,1827,5,5.931556e-19,0,0.037215620279312134,SentenceTransformer+MLP+Optuna (offline),RDCH106/pycoinmon
NEG_01528,0,0,0,1828,5,4.2405017e-18,0,0.037215620279312134,SentenceTransformer+MLP+Optuna (offline),re-nft/_v2_.sdk
NEG_01529,0,0,0,1829,5,1.3575869e-17,0,0.037215620279312134,SentenceTransformer+MLP+Optuna (offline),reaperdragon/kittos-nft-marketplace
NEG_01533,0,0,0,1833,5,4.928066e-10,0,0.037215620279312134,SentenceTransformer+MLP+Optuna (offline),RelapsedCode/qa-assuring-ethereum-tspvak
NEG_01534,0,0,0,1834,5,3.712598e-14,0,0.037215620279312134,SentenceTransformer+MLP+Optuna (offline),relyt29/Bubki-For-Ukraine-Contracts
NEG_01570,0,0,0,1870,5,2.167167e-14,0,0.037215620279312134,SentenceTransformer+MLP+Optuna (offline),ronylucca/nft-dungeons-slayers
NEG_01577,0,0,0,1877,5,4.6362865e-09,0,0.037215620279312134,SentenceTransformer+MLP+Optuna (offline),ruppysuppy/Crypto-Crowdfund
NEG_01579,0,0,0,1879,5,1.3621939e-09,0,0.037215620279312134,SentenceTransformer+MLP+Optuna (offline),rustjesty/bubblemaps-bypass-tool-rust
NEG_01584,0,0,0,1884,5,2.3305755e-11,0,0.037215620279312134,SentenceTransformer+MLP+Optuna (offline),RyanHaraki/ethereumjs
NEG_01585,0,0,0,1885,5,7.751434e-12,0,0.037215620279312134,SentenceTransformer+MLP+Optuna (offline),RyanKoech/Crypto_Fund
NEG_01589,0,0,0,1889,5,7.615361e-21,0,0.037215620279312134,SentenceTransformer+MLP+Optuna (offline),s-damian/hardhat-nft-ticketing
NEG_01590,0,0,0,1890,5,4.6546853e-11,0,0.037215620279312134,SentenceTransformer+MLP+Optuna (offline),s4larie/walletool
NEG_01595,0,0,0,1895,5,0.0012889599,0,0.037215620279312134,SentenceTransformer+MLP+Optuna (offline),sahilrohera10/Fusion_Wallet
NEG_01597,0,0,0,1897,5,8.452728e-11,0,0.037215620279312134,SentenceTransformer+MLP+Optuna (offline),saikun0293/gige-web3
NEG_01598,0,0,0,1898,5,1.8797647e-13,0,0.037215620279312134,SentenceTransformer+MLP+Optuna (offline),salmanbao/tic-tac-toe
NEG_01603,0,0,0,1903,5,3.0711913e-17,0,0.037215620279312134,SentenceTransformer+MLP+Optuna (offline),Samuellyworld/Tippers
NEG_01631,0,0,0,1931,5,3.1555876e-28,0,0.037215620279312134,SentenceTransformer+MLP+Optuna (offline),secp256k2/secp256k2
NEG_01632,0,0,0,1932,5,4.45255e-15,0,0.037215620279312134,SentenceTransformer+MLP+Optuna (offline),seekerpig/nftSmartContract
NEG_01633,0,0,0,1933,5,2.5807729e-05,0,0.037215620279312134,SentenceTransformer+MLP+Optuna (offline),sefaosm/Stake-X
NEG_01634,0,0,0,1934,5,0.00047282176,0,0.037215620279312134,SentenceTransformer+MLP+Optuna (offline),SergioCifuentes/mpl-core-staking-frontend
NEG_01636,0,0,0,1936,5,1.0164024e-05,0,0.037215620279312134,SentenceTransformer+MLP+Optuna (offline),sevdakeskin/Solidity-CryptoZombies
NEG_01638,0,0,0,1938,5,1.5675853e-07,0,0.037215620279312134,SentenceTransformer+MLP+Optuna (offline),ShadowGuardAI/crypto-hdwallet-analyzer
NEG_01643,0,0,0,1943,5,6.29266e-19,0,0.037215620279312134,SentenceTransformer+MLP+Optuna (offline),shanefontaine/ethfinex-python
NEG_01648,0,0,0,1948,5,7.081548e-23,0,0.037215620279312134,SentenceTransformer+MLP+Optuna (offline),shawakash/payBox
NEG_01661,0,0,0,1961,5,1.142839e-13,0,0.037215620279312134,SentenceTransformer+MLP+Optuna (offline),siddot/Wallet
NEG_01663,0,0,0,1963,5,8.5445174e-16,0,0.037215620279312134,SentenceTransformer+MLP+Optuna (offline),SilentCicero/MultiSignatureWallet
NEG_01672,0,0,0,1972,5,3.0331713e-13,0,0.037215620279312134,SentenceTransformer+MLP+Optuna (offline),Sky4Master/JS-DEX-TrackBot-Sky4Master
NEG_01675,0,0,0,1975,5,2.0304564e-13,0,0.037215620279312134,SentenceTransformer+MLP+Optuna (offline),skysor/digital-assets
NEG_01678,0,0,0,1978,5,5.3775337e-19,0,0.037215620279312134,SentenceTransformer+MLP+Optuna (offline),Slidebits/ethereum-smart-contracts
NEG_01682,0,0,0,1982,5,1.8912397e-25,0,0.037215620279312134,SentenceTransformer+MLP+Optuna (offline),smartbugs/smartbugs-wild
NEG_01685,0,0,0,1985,5,1.7297626e-13,0,0.037215620279312134,SentenceTransformer+MLP+Optuna (offline),smartcontractkit/chainlink-ruby
NEG_01687,0,0,0,1987,5,1.9952708e-07,0,0.037215620279312134,SentenceTransformer+MLP+Optuna (offline),SmolDapp/smoldapp
NEG_01695,0,0,0,1995,5,2.9261332e-07,0,0.037215620279312134,SentenceTransformer+MLP+Optuna (offline),solguru310/solana-wallet-tracking-bot
NEG_01698,0,0,0,1998,5,8.4588675e-16,0,0.037215620279312134,SentenceTransformer+MLP+Optuna (offline),solidstate-network/solidstate-solidity
NEG_01700,0,0,0,2000,5,5.131164e-18,0,0.037215620279312134,SentenceTransformer+MLP+Optuna (offline),solomoncools/nft-minter-bep721
NEG_01702,0,0,0,2002,5,5.0260325e-09,0,0.037215620279312134,SentenceTransformer+MLP+Optuna (offline),SonOfMosiah/maxx-finance-subgraph
NEG_01705,0,0,0,2005,5,3.204809e-10,0,0.037215620279312134,SentenceTransformer+MLP+Optuna (offline),spareleg/bitcoin-ticker
NEG_01707,0,0,0,2007,5,1.2529577e-07,0,0.037215620279312134,SentenceTransformer+MLP+Optuna (offline),Spectral-Finance/scraped-sol-files
NEG_01712,0,0,0,2012,5,4.6325415e-05,0,0.037215620279312134,SentenceTransformer+MLP+Optuna (offline),Springbock99/hd-wallet
NEG_01714,0,0,0,2014,5,6.614722e-22,0,0.037215620279312134,SentenceTransformer+MLP+Optuna (offline),SqueezerIO/squeezer
NEG_01715,0,0,0,2015,5,1.3909458e-09,0,0.037215620279312134,SentenceTransformer+MLP+Optuna (offline),sr2echa/DMD
NEG_01722,0,0,0,2022,5,4.1694738e-11,0,0.037215620279312134,SentenceTransformer+MLP+Optuna (offline),stefannovasky/cryptocurrency-smart-contract
NEG_01725,0,0,0,2025,5,9.175324e-09,0,0.037215620279312134,SentenceTransformer+MLP+Optuna (offline),StephanAkkerman/crypto-ohlcv
NEG_01730,0,0,0,2030,5,1.3724724e-12,0,0.037215620279312134,SentenceTransformer+MLP+Optuna (offline),StratosGrig/BlockchainProjects
NEG_01733,0,0,0,2033,5,1.5215512e-13,0,0.037215620279312134,SentenceTransformer+MLP+Optuna (offline),suarja/memoria-eterna-nft
NEG_01734,0,0,0,2034,5,2.1976372e-10,0,0.037215620279312134,SentenceTransformer+MLP+Optuna (offline),subsixx/Pinsurance
NEG_01742,0,0,0,2042,5,9.384811e-25,0,0.037215620279312134,SentenceTransformer+MLP+Optuna (offline),sunjiangjun/supernode
NEG_01748,0,0,0,2048,5,9.7688395e-15,0,0.037215620279312134,SentenceTransformer+MLP+Optuna (offline),superDev427/BlockChain-Tra
NEG_01750,0,0,0,2050,5,5.7339054e-19,0,0.037215620279312134,SentenceTransformer+MLP+Optuna (offline),SuperRich/soliditywallet
NEG_01751,0,0,0,2051,5,8.198022e-12,0,0.037215620279312134,SentenceTransformer+MLP+Optuna (offline),supragya/CryptographyResearch
NEG_01752,0,0,0,2052,5,2.6710396e-11,0,0.037215620279312134,SentenceTransformer+MLP+Optuna (offline),suribartek9/btc-eth
NEG_01754,0,0,0,2054,5,2.2664521e-20,0,0.037215620279312134,SentenceTransformer+MLP+Optuna (offline),Swap76/Supply-Chain-Using-Blockchain
NEG_01757,0,0,0,2057,5,1.0752233e-31,0,0.037215620279312134,SentenceTransformer+MLP+Optuna (offline),swarupyeole11/BlockchainCryptography
NEG_01759,0,0,0,2059,5,3.0495717e-16,0,0.037215620279312134,SentenceTransformer+MLP+Optuna (offline),sweetmantech/NFT-Polygon-Minting
NEG_01762,0,0,0,2062,5,5.375358e-12,0,0.037215620279312134,SentenceTransformer+MLP+Optuna (offline),swrno/adopt-pet
NEG_01768,0,0,0,2068,5,2.1647806e-09,0,0.037215620279312134,SentenceTransformer+MLP+Optuna (offline),Synthetixio/synthetix-js
NEG_01772,0,0,0,2072,5,9.362985e-09,0,0.037215620279312134,SentenceTransformer+MLP+Optuna (offline),TaliaKaza/CryptoSentinel
NEG_01785,0,0,0,2085,5,2.1637184e-14,0,0.037215620279312134,SentenceTransformer+MLP+Optuna (offline),taylorjdawson/eth-chains
NEG_01790,0,0,0,2090,5,1.1149416e-24,0,0.037215620279312134,SentenceTransformer+MLP+Optuna (offline),TechRate/Smart-Contract-Audits
NEG_01792,0,0,0,2092,5,2.084737e-10,0,0.037215620279312134,SentenceTransformer+MLP+Optuna (offline),tega-tahir/ArtBridge
NEG_01795,0,0,0,2095,5,5.4138653e-18,0,0.037215620279312134,SentenceTransformer+MLP+Optuna (offline),TeleportDAO/teleswap-contracts-evm
NEG_01796,0,0,0,2096,5,1.0461555e-19,0,0.037215620279312134,SentenceTransformer+MLP+Optuna (offline),ten-protocol/go-ten
NEG_01800,0,0,0,2100,5,1.9840268e-20,0,0.037215620279312134,SentenceTransformer+MLP+Optuna (offline),Teyik0/solidity-order-book
NEG_01802,0,0,0,2102,5,6.161639e-07,0,0.037215620279312134,SentenceTransformer+MLP+Optuna (offline),ThalesBMC/crypto-wallet
NEG_01805,0,0,0,2105,5,6.2348904e-17,0,0.037215620279312134,SentenceTransformer+MLP+Optuna (offline),theblockbrain/ai-safeguard
NEG_01806,0,0,0,2106,5,1.4284653e-17,0,0.037215620279312134,SentenceTransformer+MLP+Optuna (offline),theblockchainchief/web3-hub
NEG_01810,0,0,0,2110,5,4.670513e-12,0,0.037215620279312134,SentenceTransformer+MLP+Optuna (offline),thenua3bhai/backend-nft-marketplace-ethereum
NEG_01819,0,0,0,2119,5,3.0273177e-16,0,0.037215620279312134,SentenceTransformer+MLP+Optuna (offline),timxor/payment-api
NEG_01821,0,0,0,2121,5,2.93941e-15,0,0.037215620279312134,SentenceTransformer+MLP+Optuna (offline),tinovyatkin/pass-js
NEG_01823,0,0,0,2123,5,3.9640384e-09,0,0.037215620279312134,SentenceTransformer+MLP+Optuna (offline),tiwarisakshi28/Multisignature-wallet
NEG_01826,0,0,0,2126,5,4.8351834e-17,0,0.037215620279312134,SentenceTransformer+MLP+Optuna (offline),tmiess/CryptoBase
NEG_01829,0,0,0,2129,5,4.7177852e-20,0,0.037215620279312134,SentenceTransformer+MLP+Optuna (offline),tomteman/attendr
NEG_01832,0,0,0,2132,5,3.1946576e-15,0,0.037215620279312134,SentenceTransformer+MLP+Optuna (offline),topsecretagent007/smart-contract-web3-projects
NEG_01834,0,0,0,2134,5,4.318917e-08,0,0.037215620279312134,SentenceTransformer+MLP+Optuna (offline),Topten1004/NFT-Marketplace-ERC1155
NEG_01836,0,0,0,2136,5,4.5004704e-13,0,0.037215620279312134,SentenceTransformer+MLP+Optuna (offline),toto-1010/nft-smart-contracts-basic1
NEG_01842,0,0,0,2142,5,2.4578597e-17,0,0.037215620279312134,SentenceTransformer+MLP+Optuna (offline),TradMod/awesome-audits-checklists
NEG_01845,0,0,0,2145,5,5.21209e-17,0,0.037215620279312134,SentenceTransformer+MLP+Optuna (offline),TrentPierce/Ethereum-Address-Collider
NEG_01850,0,0,0,2150,5,5.6121103e-21,0,0.037215620279312134,SentenceTransformer+MLP+Optuna (offline),trustwallet/trust-wallet-ios
NEG_01862,0,0,0,2162,5,4.6257645e-10,0,0.037215620279312134,SentenceTransformer+MLP+Optuna (offline),uhsr/BlockchainNFTRegistryPlatformX
NEG_01863,0,0,0,2163,5,3.906849e-09,0,0.037215620279312134,SentenceTransformer+MLP+Optuna (offline),uhsr/BlockchainNftRegistrySolutionsX
NEG_01866,0,0,0,2166,5,2.812714e-10,0,0.037215620279312134,SentenceTransformer+MLP+Optuna (offline),uhsr/BlockchainNFTVaultManagerPlatformUltra
NEG_01877,0,0,0,2177,5,1.052197e-15,0,0.037215620279312134,SentenceTransformer+MLP+Optuna (offline),uport-project/uport-connect
NEG_01878,0,0,0,2178,5,1.301129e-07,0,0.037215620279312134,SentenceTransformer+MLP+Optuna (offline),UraniumCorporation/solana-payout-action
NEG_01880,0,0,0,2180,5,6.170454e-07,0,0.037215620279312134,SentenceTransformer+MLP+Optuna (offline),utsavempiric20/multi-signature-wallet-factory-solidity
NEG_01886,0,0,0,2186,5,1.7385784e-12,0,0.037215620279312134,SentenceTransformer+MLP+Optuna (offline),vanchoy/nft-collection
NEG_01890,0,0,0,2190,5,1.1942466e-18,0,0.037215620279312134,SentenceTransformer+MLP+Optuna (offline),vdutts7/ai-generated-nfts
NEG_01891,0,0,0,2191,5,6.1107354e-15,0,0.037215620279312134,SentenceTransformer+MLP+Optuna (offline),vechain/web3-gear
NEG_01894,0,0,0,2194,5,3.6397357e-06,0,0.037215620279312134,SentenceTransformer+MLP+Optuna (offline),VedikaaSankhe/ds_VedikaSankhe
NEG_01895,0,0,0,2195,5,5.4714424e-09,0,0.037215620279312134,SentenceTransformer+MLP+Optuna (offline),Velocity-BPA/n8n-nodes-aztec
NEG_01896,0,0,0,2196,5,6.330605e-08,0,0.037215620279312134,SentenceTransformer+MLP+Optuna (offline),Velocity-BPA/n8n-nodes-pendle
NEG_01898,0,0,0,2198,5,2.830469e-32,0,0.037215620279312134,SentenceTransformer+MLP+Optuna (offline),vergecurrency/verge
NEG_01899,0,0,0,2199,5,1.4966995e-24,0,0.037215620279312134,SentenceTransformer+MLP+Optuna (offline),VersoriumX/web3
NEG_01901,0,0,0,2201,5,8.638249e-16,0,0.037215620279312134,SentenceTransformer+MLP+Optuna (offline),vhidvz/crypto-aio
NEG_01904,0,0,0,2204,5,2.6596e-12,0,0.037215620279312134,SentenceTransformer+MLP+Optuna (offline),victorykop/Buildspace-Wave-Portal-Backend
NEG_01907,0,0,0,2207,5,9.782979e-10,0,0.037215620279312134,SentenceTransformer+MLP+Optuna (offline),Vikash-8090-Yadav/Learn-Earn-in-WEB3
NEG_01919,0,0,0,2219,5,1.7041839e-12,0,0.037215620279312134,SentenceTransformer+MLP+Optuna (offline),vitalkamuntu/Crypto-wallet
NEG_01934,0,0,0,2234,5,1.22423295e-11,0,0.037215620279312134,SentenceTransformer+MLP+Optuna (offline),VulnPlanet/l3x
NEG_01937,0,0,0,2237,5,4.9888704e-20,0,0.037215620279312134,SentenceTransformer+MLP+Optuna (offline),vykuntaharsha/cryptocurrency-and-smart-contract
NEG_01938,0,0,0,2238,5,1.2484058e-21,0,0.037215620279312134,SentenceTransformer+MLP+Optuna (offline),wallet-agent/wallet-agent
NEG_01939,0,0,0,2239,5,4.404481e-18,0,0.037215620279312134,SentenceTransformer+MLP+Optuna (offline),Wallet3/Wallet3-Desktop
NEG_01945,0,0,0,2245,5,1.273403e-35,0,0.037215620279312134,SentenceTransformer+MLP+Optuna (offline),WalletWasabi/WalletWasabi
NEG_01948,0,0,0,2248,5,1.0497093e-19,0,0.037215620279312134,SentenceTransformer+MLP+Optuna (offline),wangshijun/ethereum-lottery-dapp
NEG_01951,0,0,0,2251,5,1.3996192e-16,0,0.037215620279312134,SentenceTransformer+MLP+Optuna (offline),warmkey-finance/bitcoin-cryptocurrency-tutorial
NEG_01952,0,0,0,2252,5,4.6370916e-09,0,0.037215620279312134,SentenceTransformer+MLP+Optuna (offline),wasiiff/blokk-lens
NEG_01955,0,0,0,2255,5,1.4443849e-11,0,0.037215620279312134,SentenceTransformer+MLP+Optuna (offline),WeaverFi/cookietrack-api
NEG_01957,0,0,0,2257,5,1.3865698e-13,0,0.037215620279312134,SentenceTransformer+MLP+Optuna (offline),Web3-Club/Blockchain-Developer-roadmap_Chinese
NEG_01958,0,0,0,2258,5,9.424013e-12,0,0.037215620279312134,SentenceTransformer+MLP+Optuna (offline),Web3Auth/Auth
NEG_01966,0,0,0,2266,5,3.975396e-20,0,0.037215620279312134,SentenceTransformer+MLP+Optuna (offline),web3p/web3.php
NEG_01973,0,0,0,2273,5,8.291406e-14,0,0.037215620279312134,SentenceTransformer+MLP+Optuna (offline),whoaryu/cryptozombies
NEG_01984,0,0,0,2284,5,5.146519e-12,0,0.037215620279312134,SentenceTransformer+MLP+Optuna (offline),WTFAcademy/WTF-CTF
NEG_01987,0,0,0,2287,5,4.1961938e-14,0,0.037215620279312134,SentenceTransformer+MLP+Optuna (offline),Xalt8/Vyper
NEG_02001,0,0,0,2301,5,9.667887e-16,0,0.037215620279312134,SentenceTransformer+MLP+Optuna (offline),XXXGutierrezXXX/defi-staking-smart-contract-solana
NEG_02007,0,0,0,2307,5,8.468686e-15,0,0.037215620279312134,SentenceTransformer+MLP+Optuna (offline),yannvr/lendx
NEG_02010,0,0,0,2310,5,2.940944e-13,0,0.037215620279312134,SentenceTransformer+MLP+Optuna (offline),YarovoyVladimir09/rust-solana-NftLoanPlatform
NEG_02011,0,0,0,2311,5,1.1696488e-12,0,0.037215620279312134,SentenceTransformer+MLP+Optuna (offline),Yassin-MT/EETP
NEG_02026,0,0,0,2326,5,5.876731e-21,0,0.037215620279312134,SentenceTransformer+MLP+Optuna (offline),YosephKS/truffle-opensea-nft
NEG_02029,0,0,0,2329,5,3.0957527e-16,0,0.037215620279312134,SentenceTransformer+MLP+Optuna (offline),yuichiroaoki/typescript-hardhat
NEG_02041,0,0,0,2341,5,5.756908e-15,0,0.037215620279312134,SentenceTransformer+MLP+Optuna (offline),ZetiAi/defi
NEG_02052,0,0,0,2352,5,8.49748e-13,0,0.037215620279312134,SentenceTransformer+MLP+Optuna (offline),zypher-game/bevy-web3
