label,y_proba,y_pred,repo_full_name,family_id,is_real_positive,is_generated_positive
1,0.9960304,1,2723799947qq2022/solana-pumpfun-bot,F1_pumpfun_clone,1,0
1,0.9960304,1,2kwkkk/solana-pumpfun-bot,F1_pumpfun_clone,1,0
1,0.9960304,1,790659193qqch/solana-pumpfun-bot,F1_pumpfun_clone,1,0
1,0.9960304,1,7arlystar/solana-pumpfun-bot,F1_pumpfun_clone,1,0
1,0.9960304,1,918715c83/solana-pumpfun-bot,F1_pumpfun_clone,1,0
1,0.9751077,1,adminlove520/VulnWatchDog,F4_security_osint_cve,1,0
1,0.9960304,1,AmirhBeigi7zch6f/solana-pumpfun-bot,F1_pumpfun_clone,1,0
1,0.9708349,1,arliawhite/rentverse,F3_web3_platform_app,1,0
1,0.9960304,1,asmaamohamed0264/solana-pumpfun-bot,F1_pumpfun_clone,1,0
1,0.9960304,1,bog-us/solana-pumpfun-bot,F1_pumpfun_clone,1,0
1,0.9523845,1,clixlogix/blockchain-dev,F3_web3_platform_app,1,0
1,0.9815244,1,dev-protocol/polymarket-copytrading-bot-sport,F2_crypto_trading_bot,1,0
1,0.9960304,1,edparker89/solana-pumpfun-bot,F1_pumpfun_clone,1,0
1,0.9748727,1,eferos93/test4,F5_ai_media_demo,1,0
1,0.96022826,1,FaceOFWood/SniperBot-Solana-PumpSwap,F2_crypto_trading_bot,1,0
1,0.99009514,1,harshith-vaddiparthy/quant-bot,F2_crypto_trading_bot,1,0
1,0.9960304,1,ii4272/solana-pumpfun-bot,F1_pumpfun_clone,1,0
1,0.9960304,1,ijtye/solana-pumpfun-bot,F1_pumpfun_clone,1,0
1,0.9951384,1,iwanjunaids/solana-pumpfun-bot,F1_pumpfun_clone,1,0
1,0.9960304,1,janmalece/solana-pumpfun-bot,F1_pumpfun_clone,1,0
1,0.9960304,1,kay2x4/solana-pumpfun-bot,F1_pumpfun_clone,1,0
1,0.9662651,1,knightsdex/knightsbridge-dex,F3_web3_platform_app,1,0
1,0.9960304,1,lan666as2dfur/solana-pumpfun-bot,F1_pumpfun_clone,1,0
1,0.99587643,1,loveccat/solana-pumpfun-bot,F1_pumpfun_clone,1,0
1,0.9960304,1,lukgria/solana-pumpfun-bot,F1_pumpfun_clone,1,0
1,0.9960304,1,mdemetrial26rvk9w/solana-pumpfun-bot,F1_pumpfun_clone,1,0
1,0.9610037,1,MentarisHub121/TokenPresaleApp,F3_web3_platform_app,1,0
1,0.9826146,1,Metaldadisbad/HacxGPT,F5_ai_media_demo,1,0
1,0.9838816,1,mirzamudassir/blocknovas-nyx-public,F3_web3_platform_app,1,0
1,0.97754216,1,Morning-Star213/Solana-pumpfun-bot,F2_crypto_trading_bot,1,0
1,0.9776194,1,nocomp/poc-CVE-2001-1473,F4_security_osint_cve,1,0
1,0.9960304,1,oumengwas/solana-pumpfun-bot,F1_pumpfun_clone,1,0
1,0.9960304,1,Rain-Rave5/solana-pumpfun-bot,F1_pumpfun_clone,1,0
1,0.98498255,1,rizvejoarder/SoraMax,F5_ai_media_demo,1,0
1,0.9834253,1,shivas1432/sora2-watermark-remover,F5_ai_media_demo,1,0
1,0.9511646,1,SuperDev313/Trading_Platform_Ultrax,F3_web3_platform_app,1,0
1,0.97484165,1,ta3pks/Decentralized-Social,F3_web3_platform_app,1,0
1,0.9811504,1,themaxlpalfaboy/CVE-2025-54897-LAB,F4_security_osint_cve,1,0
1,0.9960304,1,wc64561673347375/solana-pumpfun-bot,F1_pumpfun_clone,1,0
1,0.9960304,1,wj6942/solana-pumpfun-bot,F1_pumpfun_clone,1,0
1,0.9960304,1,xnaotutu77765/solana-pumpfun-bot,F1_pumpfun_clone,1,0
1,0.9855929,1,xorostar/blocknovas-llc-currency-converter-task,F3_web3_platform_app,1,0
1,0.9960304,1,yvagSirKt/solana-pumpfun-bot,F1_pumpfun_clone,1,0
1,0.98275733,1,Zeeeepa/spyder-osint,F4_security_osint_cve,1,0
1,0.98280495,1,Zeeeepa/spyder-osint2,F4_security_osint_cve,1,0
1,0.9960304,1,2723799947qq2022t/solana-pumpfun-bot,F1_pumpfun_clone,0,1
1,0.9960304,1,2kwkk/solana-pumpfun-bot,F1_pumpfun_clone,0,1
1,0.9960304,1,790659193qqch2/solana-pumpfun-bot,F1_pumpfun_clone,0,1
1,0.9960304,1,7arlysta/solana-pumpfun-bot,F1_pumpfun_clone,0,1
1,0.9955414,1,918715c8/solana-pumpfun-bot,F1_pumpfun_clone,0,1
1,0.99583495,1,AmirhBeigi7zch6ff/solana-pumpfun-bot,F1_pumpfun_clone,0,1
1,0.9955414,1,asmaamohamed0264a/solana-pumpfun-bot,F1_pumpfun_clone,0,1
1,0.9960304,1,bogus/solana-pumpfun-bot,F1_pumpfun_clone,0,1
1,0.9960304,1,edparker89t/solana-pumpfun-bot,F1_pumpfun_clone,0,1
1,0.99583495,1,ii427/solana-pumpfun-bot,F1_pumpfun_clone,0,1
1,0.99583495,1,ijty/solana-pumpfun-bot,F1_pumpfun_clone,0,1
1,0.9951384,1,iwanjunaid/solana-pumpfun-bot,F1_pumpfun_clone,0,1
1,0.9960304,1,janmalece2/solana-pumpfun-bot,F1_pumpfun_clone,0,1
1,0.9960304,1,kay2x42/solana-pumpfun-bot,F1_pumpfun_clone,0,1
1,0.9956956,1,lan666as2dfu/solana-pumpfun-bot,F1_pumpfun_clone,0,1
1,0.9956735,1,loveccat2/solana-pumpfun-bot,F1_pumpfun_clone,0,1
1,0.9960304,1,lukgrial/solana-pumpfun-bot,F1_pumpfun_clone,0,1
1,0.9960304,1,mdemetrial26rvk9wz/solana-pumpfun-bot,F1_pumpfun_clone,0,1
1,0.9960304,1,oumengwas2/solana-pumpfun-bot,F1_pumpfun_clone,0,1
1,0.9960304,1,RainRave5/solana-pumpfun-bot,F1_pumpfun_clone,0,1
1,0.99583495,1,wc645616733473752/solana-pumpfun-bot,F1_pumpfun_clone,0,1
1,0.9960304,1,wj69422/solana-pumpfun-bot,F1_pumpfun_clone,0,1
1,0.9955414,1,xnaotutu777652/solana-pumpfun-bot,F1_pumpfun_clone,0,1
1,0.9960304,1,yvagSirKt6/solana-pumpfun-bot,F1_pumpfun_clone,0,1
1,0.9960304,1,2723799947qq202/solana-pumpfun-bot,F1_pumpfun_clone,0,1
1,0.9960304,1,2kwkkk2/solana-pumpfun-bot,F1_pumpfun_clone,0,1
1,0.9960304,1,790659193qqch3/solana-pumpfun-bot,F1_pumpfun_clone,0,1
1,0.9960304,1,7arlystart/solana-pumpfun-bot,F1_pumpfun_clone,0,1
1,0.9960304,1,918715c832/solana-pumpfun-bot,F1_pumpfun_clone,0,1
1,0.9955414,1,AmirhBeigi7zch6f2/solana-pumpfun-bot,F1_pumpfun_clone,0,1
1,0.9960304,1,asmaamohamed026/solana-pumpfun-bot,F1_pumpfun_clone,0,1
1,0.9960304,1,bogusyc/solana-pumpfun-bot,F1_pumpfun_clone,0,1
1,0.9955414,1,edparker8/solana-pumpfun-bot,F1_pumpfun_clone,0,1
1,0.9960304,1,ii4273/solana-pumpfun-bot,F1_pumpfun_clone,0,1
1,0.9935586,1,ijtye2/solana-pumpfun-bot,F1_pumpfun_clone,0,1
1,0.9951384,1,iwanjunaidst/solana-pumpfun-bot,F1_pumpfun_clone,0,1
1,0.9751077,1,adminlove5202/VulnWatchDog,F4_security_osint_cve,0,1
1,0.9770935,1,nocomp9/poc-CVE-2001-1473,F4_security_osint_cve,0,1
1,0.9811504,1,themaxlpalfaboyr/CVE-2025-54897-LAB,F4_security_osint_cve,0,1
1,0.98275733,1,Zeeeep/spyder-osint,F4_security_osint_cve,0,1
1,0.98280495,1,Zeeeepa2/spyder-osint2,F4_security_osint_cve,0,1
1,0.9751077,1,adminlove5203/VulnWatchDog,F4_security_osint_cve,0,1
1,0.9760285,1,nocomp4/poc-CVE-2001-1473,F4_security_osint_cve,0,1
1,0.9811504,1,themaxlpalfaboyk/CVE-2025-54897-LAB,F4_security_osint_cve,0,1
1,0.98275733,1,Zeeeepa2/spyder-osint,F4_security_osint_cve,0,1
1,0.98280495,1,Zeeeepa3/spyder-osint2,F4_security_osint_cve,0,1
1,0.9751077,1,adminlove52/VulnWatchDog,F4_security_osint_cve,0,1
1,0.9776194,1,nocomps/poc-CVE-2001-1473,F4_security_osint_cve,0,1
1,0.9811504,1,themaxlpalfaboy2/CVE-2025-54897-LAB,F4_security_osint_cve,0,1
1,0.98275733,1,Zeeeep2/spyder-osint,F4_security_osint_cve,0,1
1,0.98280495,1,Zeeeep/spyder-osint2,F4_security_osint_cve,0,1
1,0.9751077,1,adminlove520v/VulnWatchDog,F4_security_osint_cve,0,1
1,0.9472961,1,nocomp7/poc-CVE-2001-1473,F4_security_osint_cve,0,1
1,0.9811504,1,themaxlpalfabo/CVE-2025-54897-LAB,F4_security_osint_cve,0,1
1,0.98275733,1,Zeeeepaz/spyder-osint,F4_security_osint_cve,0,1
1,0.98280495,1,Zeeeepa4/spyder-osint2,F4_security_osint_cve,0,1
1,0.9751077,1,adminlove520t/VulnWatchDog,F4_security_osint_cve,0,1
1,0.9771064,1,nocompf/poc-CVE-2001-1473,F4_security_osint_cve,0,1
1,0.9811504,1,themaxlpalfaboy3/CVE-2025-54897-LAB,F4_security_osint_cve,0,1
1,0.98275733,1,Zeeeepa3/spyder-osint,F4_security_osint_cve,0,1
1,0.98280495,1,Zeeeepa5/spyder-osint2,F4_security_osint_cve,0,1
1,0.9751077,1,adminlove520f/VulnWatchDog,F4_security_osint_cve,0,1
1,0.9732925,1,nocom/poc-CVE-2001-1473,F4_security_osint_cve,0,1
1,0.9811504,1,themaxlpalfaboy4/CVE-2025-54897-LAB,F4_security_osint_cve,0,1
1,0.98275733,1,Zeeeepa4/spyder-osint,F4_security_osint_cve,0,1
1,0.98280495,1,Zeeeepap/spyder-osint2,F4_security_osint_cve,0,1
1,0.9751077,1,adminlove520x/VulnWatchDog,F4_security_osint_cve,0,1
1,0.9674146,1,nocompa/poc-CVE-2001-1473,F4_security_osint_cve,0,1
1,0.9811504,1,themaxlpalfaboy5/CVE-2025-54897-LAB,F4_security_osint_cve,0,1
1,0.98275733,1,Zeeeepaw/spyder-osint,F4_security_osint_cve,0,1
1,0.98280495,1,Zeeeepax/spyder-osint2,F4_security_osint_cve,0,1
1,0.9751077,1,adminlove522/VulnWatchDog,F4_security_osint_cve,0,1
1,0.9776194,1,nocomp2/poc-CVE-2001-1473,F4_security_osint_cve,0,1
1,0.9811504,1,themaxlpalfaboy6/CVE-2025-54897-LAB,F4_security_osint_cve,0,1
1,0.98275733,1,Zeeeepa5/spyder-osint,F4_security_osint_cve,0,1
1,0.98280495,1,Zeeeep2/spyder-osint2,F4_security_osint_cve,0,1
1,0.9751077,1,adminlove5200/VulnWatchDog,F4_security_osint_cve,0,1
1,0.9771064,1,nocom2/poc-CVE-2001-1473,F4_security_osint_cve,0,1
1,0.9811504,1,themaxlpalfabo2/CVE-2025-54897-LAB,F4_security_osint_cve,0,1
1,0.98275733,1,Zeeeep3/spyder-osint,F4_security_osint_cve,0,1
1,0.98280495,1,Zeeeep3/spyder-osint2,F4_security_osint_cve,0,1
1,0.9751077,1,adminlove520o/VulnWatchDog,F4_security_osint_cve,0,1
1,0.9771064,1,nocompb/poc-CVE-2001-1473,F4_security_osint_cve,0,1
1,0.9811504,1,themaxlpalfaboy7/CVE-2025-54897-LAB,F4_security_osint_cve,0,1
1,0.98275733,1,Zeeeep4/spyder-osint,F4_security_osint_cve,0,1
1,0.98280495,1,Zeeeepa6/spyder-osint2,F4_security_osint_cve,0,1
1,0.9751077,1,adminlove5208/VulnWatchDog,F4_security_osint_cve,0,1
1,0.96955925,1,nocompc/poc-CVE-2001-1473,F4_security_osint_cve,0,1
1,0.9811504,1,themaxlpalfaboy8/CVE-2025-54897-LAB,F4_security_osint_cve,0,1
1,0.98275733,1,Zeeeep5/spyder-osint,F4_security_osint_cve,0,1
1,0.98280495,1,Zeeeepaz/spyder-osint2,F4_security_osint_cve,0,1
1,0.9708349,1,arliawhitec/rentverse,F3_web3_platform_app,0,1
1,0.9523845,1,studio-hu/blockchain-dev,F3_web3_platform_app,0,1
1,0.955814,1,knightsdexj/knightsbridge-dex,F3_web3_platform_app,0,1
1,0.9610037,1,protocol-app/TokenPresaleApp,F3_web3_platform_app,0,1
1,0.9839827,1,mirzamudassi/blocknovas-nyx-public,F3_web3_platform_app,0,1
1,0.94521594,1,SuperDev31/Trading_Platform_Ultrax,F3_web3_platform_app,0,1
1,0.97484165,1,ta3pks2/Decentralized-Social,F3_web3_platform_app,0,1
1,0.98388875,1,xorostar2/blocknovas-llc-currency-converter-task,F3_web3_platform_app,0,1
1,0.9708349,1,arliawhite2/rentverse,F3_web3_platform_app,0,1
1,0.9523845,1,app-proto/blockchain-dev,F3_web3_platform_app,0,1
1,0.9566585,1,knightsdexk/knightsbridge-dex,F3_web3_platform_app,0,1
1,0.9610037,1,chain-studio/TokenPresaleApp,F3_web3_platform_app,0,1
1,0.9831404,1,mirzamudassira/blocknovas-nyx-public,F3_web3_platform_app,0,1
1,0.9492281,1,SuperDev3132/Trading_Platform_Ultrax,F3_web3_platform_app,0,1
1,0.97484165,1,ta3pk/Decentralized-Social,F3_web3_platform_app,0,1
1,0.98306596,1,xorostar3/blocknovas-llc-currency-converter-task,F3_web3_platform_app,0,1
1,0.9702581,1,arliawhitew/rentverse,F3_web3_platform_app,0,1
1,0.9523845,1,chain-stu/blockchain-dev,F3_web3_platform_app,0,1
1,0.95879096,1,knightsdex2/knightsbridge-dex,F3_web3_platform_app,0,1
1,0.9610037,1,labs-protocol/TokenPresaleApp,F3_web3_platform_app,0,1
1,0.958983,1,mirzamudassir2/blocknovas-nyx-public,F3_web3_platform_app,0,1
1,0.9463967,1,SuperDev313d/Trading_Platform_Ultrax,F3_web3_platform_app,0,1
1,0.96746606,1,ta3pk2/Decentralized-Social,F3_web3_platform_app,0,1
1,0.98553354,1,xorostar32/blocknovas-llc-currency-converter-task,F3_web3_platform_app,0,1
1,0.9673418,1,arliawhite3/rentverse,F3_web3_platform_app,0,1
1,0.9523845,1,labs-stud/blockchain-dev,F3_web3_platform_app,0,1
1,0.9669166,1,knightsdexl/knightsbridge-dex,F3_web3_platform_app,0,1
1,0.96530294,1,chain-studio2/TokenPresaleApp,F3_web3_platform_app,0,1
1,0.9633641,1,mirzamudassirj/blocknovas-nyx-public,F3_web3_platform_app,0,1
1,0.9511646,1,SuperDev3133/Trading_Platform_Ultrax,F3_web3_platform_app,0,1
1,0.97484165,1,ta3pks3/Decentralized-Social,F3_web3_platform_app,0,1
1,0.98450917,1,xorosta/blocknovas-llc-currency-converter-task,F3_web3_platform_app,0,1
1,0.9708349,1,arliawhite4/rentverse,F3_web3_platform_app,0,1
1,0.94869995,1,protocol-/blockchain-dev,F3_web3_platform_app,0,1
1,0.96252537,1,knightsdexf/knightsbridge-dex,F3_web3_platform_app,0,1
1,0.9601311,1,verse-studio/TokenPresaleApp,F3_web3_platform_app,0,1
1,0.978965,1,mirzamudassiri/blocknovas-nyx-public,F3_web3_platform_app,0,1
1,0.94521594,1,SuperDev312/Trading_Platform_Ultrax,F3_web3_platform_app,0,1
1,0.97484165,1,ta3pks4/Decentralized-Social,F3_web3_platform_app,0,1
1,0.98682666,1,xorosta2/blocknovas-llc-currency-converter-task,F3_web3_platform_app,0,1
1,0.9691073,1,arliawhit/rentverse,F3_web3_platform_app,0,1
1,0.95146096,1,protocol-2/blockchain-dev,F3_web3_platform_app,0,1
1,0.96421003,1,knightsdex3/knightsbridge-dex,F3_web3_platform_app,0,1
1,0.964523,1,studio-labs/TokenPresaleApp,F3_web3_platform_app,0,1
1,0.984809,1,mirzamudassir3/blocknovas-nyx-public,F3_web3_platform_app,0,1
1,0.9430577,1,SuperDev313k/Trading_Platform_Ultrax,F3_web3_platform_app,0,1
1,0.97484165,1,ta3pksm/Decentralized-Social,F3_web3_platform_app,0,1
1,0.9831697,1,xorosta3/blocknovas-llc-currency-converter-task,F3_web3_platform_app,0,1
1,0.96375775,1,arliawhite5/rentverse,F3_web3_platform_app,0,1
1,0.9523845,1,protocol-3/blockchain-dev,F3_web3_platform_app,0,1
1,0.9669166,1,knightsdex4/knightsbridge-dex,F3_web3_platform_app,0,1
1,0.9610037,1,app-studio/TokenPresaleApp,F3_web3_platform_app,0,1
1,0.98110425,1,labs-market/polymarket-copytrading-bot-sport,F2_crypto_trading_bot,0,1
1,0.9676097,1,FaceOFWoo/SniperBot-Solana-PumpSwap,F2_crypto_trading_bot,0,1
1,0.9906501,1,harshithvaddiparthyy/quant-bot,F2_crypto_trading_bot,0,1
1,0.976148,1,MorningStar213ry/Solana-pumpfun-bot,F2_crypto_trading_bot,0,1
1,0.98147017,1,dex-copy/polymarket-copytrading-bot-sport,F2_crypto_trading_bot,0,1
1,0.9676097,1,FaceOFWoodv/SniperBot-Solana-PumpSwap,F2_crypto_trading_bot,0,1
1,0.98978895,1,harshithvaddiparthy4/quant-bot,F2_crypto_trading_bot,0,1
1,0.97327536,1,MorningStar213/Solana-pumpfun-bot,F2_crypto_trading_bot,0,1
1,0.9818034,1,dex-bot/polymarket-copytrading-bot-sport,F2_crypto_trading_bot,0,1
1,0.9676097,1,FaceOFWood2/SniperBot-Solana-PumpSwap,F2_crypto_trading_bot,0,1
1,0.99009514,1,harshithvaddiparthy42/quant-bot,F2_crypto_trading_bot,0,1
1,0.97621506,1,MorningStar2132/Solana-pumpfun-bot,F2_crypto_trading_bot,0,1
1,0.9815244,1,dex-trade/polymarket-copytrading-bot-sport,F2_crypto_trading_bot,0,1
1,0.9676097,1,FaceOFWoodk/SniperBot-Solana-PumpSwap,F2_crypto_trading_bot,0,1
1,0.990126,1,harshithvaddiparthyu/quant-bot,F2_crypto_trading_bot,0,1
1,0.9751048,1,MorningStar2133/Solana-pumpfun-bot,F2_crypto_trading_bot,0,1
1,0.9816629,1,bot-trade/polymarket-copytrading-bot-sport,F2_crypto_trading_bot,0,1
1,0.9676097,1,FaceOFWood3/SniperBot-Solana-PumpSwap,F2_crypto_trading_bot,0,1
1,0.9893416,1,harshithvaddiparthy/quant-bot,F2_crypto_trading_bot,0,1
1,0.9768414,1,MorningStar213o3/Solana-pumpfun-bot,F2_crypto_trading_bot,0,1
1,0.9818034,1,dex-signal/polymarket-copytrading-bot-sport,F2_crypto_trading_bot,0,1
1,0.9676097,1,FaceOFWood4/SniperBot-Solana-PumpSwap,F2_crypto_trading_bot,0,1
1,0.99009514,1,harshithvaddiparthyy2/quant-bot,F2_crypto_trading_bot,0,1
1,0.97693425,1,MorningStar213gg/Solana-pumpfun-bot,F2_crypto_trading_bot,0,1
1,0.98147017,1,signal-labs/polymarket-copytrading-bot-sport,F2_crypto_trading_bot,0,1
1,0.9676097,1,FaceOFWoo2/SniperBot-Solana-PumpSwap,F2_crypto_trading_bot,0,1
1,0.9885352,1,harshithvaddiparthy2/quant-bot,F2_crypto_trading_bot,0,1
1,0.9741538,1,MorningStar2132q/Solana-pumpfun-bot,F2_crypto_trading_bot,0,1
1,0.98147017,1,copy-trade/polymarket-copytrading-bot-sport,F2_crypto_trading_bot,0,1
1,0.9676097,1,FaceOFWood5/SniperBot-Solana-PumpSwap,F2_crypto_trading_bot,0,1
1,0.9886656,1,harshithvaddiparthy3/quant-bot,F2_crypto_trading_bot,0,1
1,0.97693425,1,MorningStar213q/Solana-pumpfun-bot,F2_crypto_trading_bot,0,1
1,0.9818034,1,signal-marke/polymarket-copytrading-bot-sport,F2_crypto_trading_bot,0,1
1,0.9676097,1,FaceOFWoo3/SniperBot-Solana-PumpSwap,F2_crypto_trading_bot,0,1
1,0.9902623,1,harshithvaddiparthy32/quant-bot,F2_crypto_trading_bot,0,1
1,0.97693425,1,MorningStar213j/Solana-pumpfun-bot,F2_crypto_trading_bot,0,1
1,0.98147017,1,bot-market/polymarket-copytrading-bot-sport,F2_crypto_trading_bot,0,1
1,0.9676097,1,FaceOFWoodh/SniperBot-Solana-PumpSwap,F2_crypto_trading_bot,0,1
1,0.990126,1,harshithvaddiparthyv/quant-bot,F2_crypto_trading_bot,0,1
1,0.9752044,1,MorningStar213h/Solana-pumpfun-bot,F2_crypto_trading_bot,0,1
1,0.98147017,1,dex-copy2/polymarket-copytrading-bot-sport,F2_crypto_trading_bot,0,1
1,0.9676097,1,FaceOFWood6/SniperBot-Solana-PumpSwap,F2_crypto_trading_bot,0,1
1,0.99037546,1,harshithvaddiparthyo/quant-bot,F2_crypto_trading_bot,0,1
1,0.97754216,1,MorningStar2131/Solana-pumpfun-bot,F2_crypto_trading_bot,0,1
1,0.9801813,1,bot-market2/polymarket-copytrading-bot-sport,F2_crypto_trading_bot,0,1
1,0.9676097,1,FaceOFWood7/SniperBot-Solana-PumpSwap,F2_crypto_trading_bot,0,1
1,0.988289,1,harshithvaddiparthyt/quant-bot,F2_crypto_trading_bot,0,1
1,0.9748332,1,MorningStar213mf/Solana-pumpfun-bot,F2_crypto_trading_bot,0,1
1,0.98147017,1,copy-signal/polymarket-copytrading-bot-sport,F2_crypto_trading_bot,0,1
1,0.9676097,1,FaceOFWood8/SniperBot-Solana-PumpSwap,F2_crypto_trading_bot,0,1
1,0.99118024,1,harshithvaddiparthy5/quant-bot,F2_crypto_trading_bot,0,1
1,0.97754216,1,MorningStar21397/Solana-pumpfun-bot,F2_crypto_trading_bot,0,1
1,0.98147017,1,bot-market3/polymarket-copytrading-bot-sport,F2_crypto_trading_bot,0,1
1,0.9676097,1,FaceOFWood9/SniperBot-Solana-PumpSwap,F2_crypto_trading_bot,0,1
1,0.99009514,1,harshithvaddiparthyp/quant-bot,F2_crypto_trading_bot,0,1
1,0.9762581,1,MorningStar2134v/Solana-pumpfun-bot,F2_crypto_trading_bot,0,1
1,0.9748727,1,eferos93/takehome-test4,F5_ai_media_demo,0,1
1,0.98203444,1,Metaldadisba/HacxGPT,F5_ai_media_demo,0,1
1,0.9846527,1,rizvejoarder9/SoraMax,F5_ai_media_demo,0,1
1,0.9834253,1,shivas1432p/sora2-watermark-remover,F5_ai_media_demo,0,1
1,0.9748727,1,eferos932/takehome-test4,F5_ai_media_demo,0,1
1,0.9826146,1,Metaldadisbad2/HacxGPT,F5_ai_media_demo,0,1
1,0.9846527,1,rizvejoarder4/SoraMax,F5_ai_media_demo,0,1
1,0.9834253,1,shivas14322/sora2-watermark-remover,F5_ai_media_demo,0,1
1,0.9748727,1,eferos9/takehome-test4,F5_ai_media_demo,0,1
1,0.9826146,1,Metaldadisba2/HacxGPT,F5_ai_media_demo,0,1
1,0.98442996,1,rizvejoardern/SoraMax,F5_ai_media_demo,0,1
1,0.9834253,1,shivas143/sora2-watermark-remover,F5_ai_media_demo,0,1
1,0.9748727,1,eferos932/test4,F5_ai_media_demo,0,1
1,0.9786829,1,Metaldadisbad3/HacxGPT,F5_ai_media_demo,0,1
1,0.98662764,1,rizvejoarder2/SoraMax,F5_ai_media_demo,0,1
1,0.9834253,1,shivas1433/sora2-watermark-remover,F5_ai_media_demo,0,1
1,0.9748727,1,eferos92/takehome-test4,F5_ai_media_demo,0,1
1,0.9826146,1,Metaldadisbadd/HacxGPT,F5_ai_media_demo,0,1
1,0.98408806,1,rizvejoarder22/SoraMax,F5_ai_media_demo,0,1
1,0.9834253,1,shivas1432o/sora2-watermark-remover,F5_ai_media_demo,0,1
1,0.9748727,1,eferos94/takehome-test4,F5_ai_media_demo,0,1
1,0.9826146,1,Metaldadisbad4/HacxGPT,F5_ai_media_demo,0,1
1,0.98498255,1,rizvejoarder3/SoraMax,F5_ai_media_demo,0,1
1,0.9834253,1,shivas14323/sora2-watermark-remover,F5_ai_media_demo,0,1
1,0.9748727,1,eferos95/takehome-test4,F5_ai_media_demo,0,1
1,0.9786829,1,Metaldadisba3/HacxGPT,F5_ai_media_demo,0,1
1,0.98498255,1,rizvejoarder6/SoraMax,F5_ai_media_demo,0,1
1,0.9834253,1,shivas1434/sora2-watermark-remover,F5_ai_media_demo,0,1
1,0.9727453,1,eferos93d/test4,F5_ai_media_demo,0,1
1,0.9826146,1,Metaldadisbad5/HacxGPT,F5_ai_media_demo,0,1
1,0.9846527,1,rizvejoarde/SoraMax,F5_ai_media_demo,0,1
1,0.9834253,1,shivas14324/sora2-watermark-remover,F5_ai_media_demo,0,1
1,0.9748727,1,eferos935/takehome-test4,F5_ai_media_demo,0,1
1,0.98130256,1,Metaldadisbadt/HacxGPT,F5_ai_media_demo,0,1
1,0.98442996,1,rizvejoarder5/SoraMax,F5_ai_media_demo,0,1
1,0.9834253,1,shivas1435/sora2-watermark-remover,F5_ai_media_demo,0,1
1,0.9748727,1,eferos93a/test4,F5_ai_media_demo,0,1
1,0.9786829,1,Metaldadisbad6/HacxGPT,F5_ai_media_demo,0,1
1,0.98498255,1,rizvejoarderr/SoraMax,F5_ai_media_demo,0,1
1,0.9834253,1,shivas1432s/sora2-watermark-remover,F5_ai_media_demo,0,1
1,0.9748727,1,eferos93e/test4,F5_ai_media_demo,0,1
1,0.9826146,1,Metaldadisbadg/HacxGPT,F5_ai_media_demo,0,1
1,0.98408806,1,rizvejoardern2/SoraMax,F5_ai_media_demo,0,1
1,0.9834253,1,shivas14321/sora2-watermark-remover,F5_ai_media_demo,0,1
1,0.9748727,1,eferos93z/takehome-test4,F5_ai_media_demo,0,1
1,0.9786829,1,Metaldadisbad62/HacxGPT,F5_ai_media_demo,0,1
1,0.98498255,1,rizvejoarderv/SoraMax,F5_ai_media_demo,0,1
1,0.9834253,1,shivas14327/sora2-watermark-remover,F5_ai_media_demo,0,1
1,0.9748727,1,eferos93p/takehome-test4,F5_ai_media_demo,0,1
1,0.9826146,1,Metaldadisbadx/HacxGPT,F5_ai_media_demo,0,1
1,0.98662764,1,rizvejoarde2/SoraMax,F5_ai_media_demo,0,1
1,0.9834253,1,shivas14325/sora2-watermark-remover,F5_ai_media_demo,0,1
1,0.9748727,1,eferos93r/test4,F5_ai_media_demo,0,1
1,0.9826146,1,Metaldadisbad7/HacxGPT,F5_ai_media_demo,0,1
1,0.98498255,1,rizvejoarder7/SoraMax,F5_ai_media_demo,0,1
1,0.9834253,1,shivas1432a/sora2-watermark-remover,F5_ai_media_demo,0,1
0,0.004868249,0,007SKRN/crypto-portfolio-tracker,NEG_00000,0,0
0,0.0015600787,0,00hello/solidity-experiments,NEG_00001,0,0
0,0.00054033415,0,0ryX/Blockchain-Miner,NEG_00002,0,0
0,0.0010360256,0,0wl3xSec/web3-cryptozombies,NEG_00003,0,0
0,0.008083015,0,0x-Crisbanks/panda-Web3-smart-contract-auditor-,NEG_00004,0,0
0,0.0037991267,0,0x4543/zeta-crypto,NEG_00005,0,0
0,0.0027125606,0,0xalberto/solana-crash-game,NEG_00006,0,0
0,0.0006456139,0,0xbitcoin/0xbitcoin-token,NEG_00007,0,0
0,0.0002845185,0,0xcregis/anychain,NEG_00008,0,0
0,0.0011672965,0,0xDeadList/0xDeadList,NEG_00009,0,0
0,0.0010553282,0,0xdevrel/Conditional-NFTs,NEG_00010,0,0
0,0.00032820576,0,0xefrain/Bsc-bootcamp,NEG_00011,0,0
0,0.0004116471,0,0xfps/python-solidity-blockchain-smart-contract-course,NEG_00012,0,0
0,0.00090836803,0,0xfrosty/leverade-nft,NEG_00013,0,0
0,0.0008523156,0,0xGeegZ/defi-gambler,NEG_00014,0,0
0,0.0029226437,0,0xGval/evm-mcp-tools,NEG_00015,0,0
0,0.003368909,0,0xhappydev/evm-explorer-uniswap,NEG_00016,0,0
0,0.0007907354,0,0xinevitable/bento,NEG_00017,0,0
0,0.00055593386,0,0xisk/awesome-solidity-security,NEG_00018,0,0
0,0.00028980806,0,0xJonaseb11/Meta-suite,NEG_00019,0,0
0,0.00070450566,0,0xJonaseb11/shared_wallet.3.0,NEG_00020,0,0
0,0.00025102065,0,0xJonaseb11/solidity_L,NEG_00021,0,0
0,0.0012264748,0,0xLabs-Org/DeHarvest,NEG_00022,0,0
0,0.00133631,0,0xMaka/w3py,NEG_00023,0,0
0,0.0007803556,0,0xmdrakib/JesseHillClimb,NEG_00024,0,0
0,0.03428685,0,0xMesinTempur/Flappyster,NEG_00025,0,0
0,0.0017368962,0,0xPleiades/switch-trade-coin,NEG_00026,0,0
0,0.00041967368,0,0xpranay/WildCoins-NFT,NEG_00027,0,0
0,0.00022012857,0,0xRajkumar/damn-vulnerable-defi-solutions,NEG_00028,0,0
0,0.0002895159,0,0xRobWatson/Allowance-dApp,NEG_00029,0,0
0,0.0003750342,0,0xTaoDev/Wallet-Trades-Tracker,NEG_00030,0,0
0,0.00029703608,0,0xTijan/coin-flip,NEG_00031,0,0
0,0.0023265015,0,0xwagmi/bitcoin_wallet,NEG_00032,0,0
0,0.0010019466,0,1-5Pool/RansomwareEschrowService,NEG_00033,0,0
0,0.00050860964,0,10ap17/Damn-Vulnerable-DeFi-Foundry,NEG_00034,0,0
0,0.0006658727,0,10gic/vanitygen-plusplus,NEG_00035,0,0
0,0.00036001933,0,1200wd/bitcoinlib,NEG_00036,0,0
0,0.00073734915,0,1983shiv/blockchain-crypto-smart-contract-example,NEG_00037,0,0
0,0.0016713246,0,1Crazymoney/ethNearMarketplace,NEG_00038,0,0
0,0.0003014136,0,1poolfinance/1Pool-Strategy,NEG_00039,0,0
0,0.026832575,0,2303A51405/solidity-smart_contract,NEG_00040,0,0
0,0.00088803633,0,23Konradbase/altseason-ethereum,NEG_00041,0,0
0,0.0010410319,0,2qx/awesome-bitcoin-cash,NEG_00042,0,0
0,0.0031282534,0,339-Labs/wallet-platform-mpc-go,NEG_00043,0,0
0,0.00037027997,0,3Dpass/wallet,NEG_00044,0,0
0,0.0007216676,0,5ajaki/safe-mcp-server,NEG_00045,0,0
0,0.0010301949,0,6sl3pt/ethereum-data-analytics,NEG_00046,0,0
0,0.0025207167,0,914alexwillett/StochRSI-Crypto-Trading-Algorithm,NEG_00047,0,0
0,0.00046330833,0,94929/rock-paper-scissors,NEG_00048,0,0
0,0.00039791255,0,a1fred/cryptoportfolio,NEG_00049,0,0
0,0.0016843298,0,a3igner/dixie-coin,NEG_00050,0,0
0,0.0005078004,0,a6b8/ascii-to-svg-generator-for-ruby,NEG_00051,0,0
0,0.000572537,0,aankor/wnft,NEG_00052,0,0
0,0.0011069888,0,aaquib8700/Wallet-SmartContract,NEG_00053,0,0
0,0.00041942453,0,aarambh-darshan/mini-blockchain,NEG_00054,0,0
0,0.019442007,0,aaronajis92/smart-contract-cryptorian,NEG_00055,0,0
0,0.00076858955,0,aave/aave-v3-core,NEG_00056,0,0
0,0.0005527721,0,aave/governance-crosschain-bridges,NEG_00057,0,0
0,0.0038713193,0,aawp-ai/aawp,NEG_00058,0,0
0,0.0010698095,0,abba-platforms/NADD,NEG_00059,0,0
0,0.0003073399,0,abdullahpichoo/SimpleStorage-using-Brownie,NEG_00060,0,0
0,0.005277898,0,abdurrazzak5621/neonops-ai,NEG_00061,0,0
0,0.0019034541,0,abhi-rawal/aave_credit_scoring,NEG_00062,0,0
0,0.0034939277,0,AbhinavOC24/sPay,NEG_00063,0,0
0,0.0008914753,0,AbioyeSamuel/DBANK_DeFi_DApp,NEG_00064,0,0
0,0.0008088876,0,AbushakerJamil/Hardhat-Test,NEG_00065,0,0
0,0.00038850884,0,ac12644/ICO-Smart-Contract,NEG_00066,0,0
0,0.000310424,0,acebusters/acebusters-frontend,NEG_00067,0,0
0,0.0018512724,0,AchyuthMohan/Blockchain-Cryptogram,NEG_00068,0,0
0,0.0011010588,0,AchyuthMohan/cryptogram-nmit-block-chain-,NEG_00069,0,0
0,0.00030637713,0,ACINQ/phoenix,NEG_00070,0,0
0,0.00041755152,0,ada173/solidity-template,NEG_00071,0,0
0,0.014306908,0,adam-art/SOLANA-PROJECT-v1.0,NEG_00072,0,0
0,0.0014603594,0,Adamant-im/adamant-api-jsclient,NEG_00073,0,0
0,0.00060810754,0,Adamant-im/adamant-im,NEG_00074,0,0
0,0.00085157366,0,adameth2900/ETH,NEG_00075,0,0
0,0.00077437755,0,adamocallaghan/membrane-finance-v2,NEG_00076,0,0
0,0.0007896643,0,adeshshukla/MyCryptoFolio,NEG_00077,0,0
0,0.0039839856,0,adhithim09/Dsurv---Crypto_Token,NEG_00078,0,0
0,0.001809813,0,adilsachwani/web3ForSmartContracts,NEG_00079,0,0
0,0.0006603096,0,Aditya-alchemist/GFGKIIT-CRYPTOMA-HyperThon,NEG_00080,0,0
0,0.01058576,0,adityajkate/crypto-risk,NEG_00081,0,0
0,0.00052700075,0,AdrianaMiha/Krypto,NEG_00082,0,0
0,0.0011773149,0,adrianhajdin/project_crowdfunding,NEG_00083,0,0
0,0.0010856615,0,adrianhajdin/project_web3.0,NEG_00084,0,0
0,0.0030710688,0,adrianhajdin/project_web3_battle_game,NEG_00085,0,0
0,0.00043155393,0,adrianmcli/eth95,NEG_00086,0,0
0,0.00044708137,0,adrianmcli/ganache-jest-example,NEG_00087,0,0
0,0.00082310487,0,Adrijan-Petek/gas-fee-optimizer,NEG_00088,0,0
0,0.09547256,1,Adrijan-Petek/onchain-nft-art,NEG_00089,0,0
0,0.001890368,0,Adrijan-Petek/portfolio-tracker-pnl,NEG_00090,0,0
0,0.0033580142,0,Adrijan-Petek/token-correlation-analyzer,NEG_00091,0,0
0,0.001410959,0,adw0rd/solidity-create2-web3-example,NEG_00092,0,0
0,0.0003199302,0,adwait2001/Mint-NFT,NEG_00093,0,0
0,0.00054802775,0,aelew/cryptotracker,NEG_00094,0,0
0,0.0002851545,0,aeminium-labs/nextjs-solana-starter-kit,NEG_00095,0,0
0,0.00053006446,0,aeternity/aeternity,NEG_00096,0,0
0,0.0017456764,0,afacchi0/rpc-inspector,NEG_00097,0,0
0,0.00034020303,0,afroze93/smart-contract-1,NEG_00098,0,0
0,0.03379231,0,Afrozllm/Web3-Wallet-Connect,NEG_00099,0,0
0,0.0013150383,0,agencyenterprise/serpro-web3-hackathon,NEG_00100,0,0
0,0.013355361,0,aggel008/defi-signal,NEG_00101,0,0
0,0.00057604595,0,aha-moment-group/braavos,NEG_00102,0,0
0,0.00045105195,0,aha-moment-group/wallet,NEG_00103,0,0
0,0.0005470117,0,ahester57/private-chain,NEG_00104,0,0
0,0.0005725567,0,ahmadbrainworks/fiddi,NEG_00105,0,0
0,0.00078800606,0,ahmedali8/hardhat-js-starterkit,NEG_00106,0,0
0,0.000823419,0,ahmedali8/hardhat-ts-template,NEG_00107,0,0
0,0.052920416,1,ahmedali8/solspeakai,NEG_00108,0,0
0,0.00048652917,0,ahmetozlu/defi_yield_farming,NEG_00109,0,0
0,0.00037025192,0,ahmetzturk/epic-nfts,NEG_00110,0,0
0,0.00029383248,0,AICoin-io/AICoin,NEG_00111,0,0
0,0.0016370362,0,aidear3/smart-contracts,NEG_00112,0,0
0,0.0028817907,0,aidevrelagent/nama-repo-lowercase-dengan-dash-v2,NEG_00113,0,0
0,0.0010676337,0,AidosKuneen/aidos-wallet-v1,NEG_00114,0,0
0,0.0018934464,0,AiKay96/Bitcoin-Wallet,NEG_00115,0,0
0,0.0042722267,0,aiLeonardo/cryptotips,NEG_00116,0,0
0,0.0009285613,0,aitos-io/BoAT-X-Framework,NEG_00117,0,0
0,0.00036368056,0,ajaysaini-sgvu/cryptocurrency-api,NEG_00118,0,0
0,0.00037590307,0,Ajitabh-Kalia/Ethereum-Wallet,NEG_00119,0,0
0,0.00035312536,0,ajsizzle/bitcoin-ticker,NEG_00120,0,0
0,0.00047971023,0,akashmehrotra29/my-wave-portal,NEG_00121,0,0
0,0.00070074445,0,akbarwijayaa/simple-defi-flash,NEG_00122,0,0
0,0.00044655427,0,akhileshthite/dtube,NEG_00123,0,0
0,0.00048794388,0,akinncar/ar-nft,NEG_00124,0,0
0,0.0004896424,0,akiselyoff/defi,NEG_00125,0,0
0,0.001445324,0,Akshat-cs/hardhat-defi-aave-v2,NEG_00126,0,0
0,0.0011298863,0,akshit0201/Web3-Ethereum,NEG_00127,0,0
0,0.0019313194,0,AkshitTiwarii/carbonx,NEG_00128,0,0
0,0.00032379283,0,alanpelayoo/FatedEth,NEG_00129,0,0
0,0.0031172896,0,alebeta06/chainlink-bootcampES-2024,NEG_00130,0,0
0,0.0005074658,0,AlejandroGV96/web3-test,NEG_00131,0,0
0,0.0008209206,0,alejoacosta74/ethereum-erc20token-vault,NEG_00132,0,0
0,0.0003734779,0,alejoacosta74/ethereum-farming-example,NEG_00133,0,0
0,0.00066843285,0,alejoacosta74/token-swap-exchange,NEG_00134,0,0
0,0.00036856573,0,AleRapchan/nft-token-factory,NEG_00135,0,0
0,0.00041474664,0,alesanro/ethereum-smart-contracts,NEG_00136,0,0
0,0.00032890175,0,alexandrupele/web3,NEG_00137,0,0
0,0.004965003,0,alexbensimon/pakt,NEG_00138,0,0
0,0.0003126379,0,alexbiet/smartwallet,NEG_00139,0,0
0,0.0014042932,0,AlexCheema/Tanuki,NEG_00140,0,0
0,0.000429383,0,alexharrod/cryptozombies,NEG_00141,0,0
0,0.0010422232,0,alexia795/Gnosis-wallet-pro,NEG_00142,0,0
0,0.0020304855,0,AlexNa-Holdings/web3pro,NEG_00143,0,0
0,0.0052531445,0,alexx855/axie-tools,NEG_00144,0,0
0,0.00050522486,0,alfonsrv/crypto-tracker,NEG_00145,0,0
0,0.008608411,0,algonomad571/CryptoHFT,NEG_00146,0,0
0,0.0009089027,0,alice-si/contracts,NEG_00147,0,0
0,0.015791304,0,aliezzahn/crypto-chart,NEG_00148,0,0
0,0.00053851097,0,aliezzahn/crypto-price-correlation-matrix,NEG_00149,0,0
0,0.00051228766,0,aliezzahn/yield-farming-optimization-calculator,NEG_00150,0,0
0,0.0009331244,0,Alikhan-Shanbay/AegisScan,NEG_00151,0,0
0,0.00060369325,0,aliraza944/MultiSig-Wallet-,NEG_00152,0,0
0,0.00028918294,0,alisidaniel/Defi,NEG_00153,0,0
0,0.016930113,0,alissonfernandes/bitcoin-wallet,NEG_00154,0,0
0,0.00291158,0,AllanOtieno254/SmartContractVendingMachine,NEG_00155,0,0
0,0.0010233579,0,almonit/almonit-plugin,NEG_00156,0,0
0,0.011492202,0,aloshai/aequi-monorepo,NEG_00157,0,0
0,0.0006199329,0,alpaca-finance/bsc-alpaca-contract,NEG_00158,0,0
0,0.0004447908,0,alpdevcode/ethereum-multisig-wallet,NEG_00159,0,0
0,0.00058252487,0,alpha-sol/alpha-frontend,NEG_00160,0,0
0,0.0018262464,0,alpinelab-it/BuyMeABeer-Solidity-DeFi-Tipping-smart-contract-,NEG_00161,0,0
0,0.001134183,0,alto-io/contractor,NEG_00162,0,0
0,0.00027142567,0,amandladev/erc721-nftMint-smartContract,NEG_00163,0,0
0,0.00023919308,0,amazingandyyy/leptin,NEG_00164,0,0
0,0.00028488002,0,amazingandyyy/solidity-contracts,NEG_00165,0,0
0,0.0003980795,0,amdonatusprince/brownie_simple_storage-application,NEG_00166,0,0
0,0.0024428964,0,amnegan/BlockChain-CryptoCurrencies,NEG_00167,0,0
0,0.00097044377,0,amonrak/rustychain,NEG_00168,0,0
0,0.00079440064,0,Amr-9/HexHunter,NEG_00169,0,0
0,0.0003177683,0,amurto/cryptoludo,NEG_00170,0,0
0,0.020227933,0,An4Dev/Solana-Bitcoin-NFT-Dex-Defi-P2EGame-SmartContract-Web3-Projects,NEG_00171,0,0
0,0.00076656195,0,AnalytixAudit/Solidity,NEG_00172,0,0
0,0.032472175,0,ancutadaniel/ethereum_hardhat_nft_marketplace,NEG_00173,0,0
0,0.0003753767,0,andrarwes/BlockChainApp,NEG_00174,0,0
0,0.0008808286,0,AndreiD/qv_voting,NEG_00175,0,0
0,0.00033511332,0,andreitoma8/legendary-owls-smart-contract,NEG_00176,0,0
0,0.00040625135,0,andrejrakic/Pied-Piper-DeFi-App-Subspace-Demo-,NEG_00177,0,0
0,0.0013823214,0,andrewinsoul/CadenaCourse-CryptoBank-UI,NEG_00178,0,0
0,0.0010131525,0,andycapaldo/hello-blockchain,NEG_00179,0,0
0,0.00040615766,0,angelcatanzariti1/web3_py_example,NEG_00180,0,0
0,0.0005904419,0,Aniket-Engg/sol-profiler-vscode,NEG_00181,0,0
0,0.0008080513,0,ankitaryan404/nft-marketplace,NEG_00182,0,0
0,0.0011774809,0,AnnaNX1/create-NFT,NEG_00183,0,0
0,0.005149317,0,annasudol/multi-signature-wallet,NEG_00184,0,0
0,0.0006508581,0,anoff/cryptobooks,NEG_00185,0,0
0,0.0009327804,0,Anonymous961/NFTClaimApp,NEG_00186,0,0
0,0.0005797311,0,ant-design/ant-design-web3,NEG_00187,0,0
0,0.00077575987,0,AntoineBastide47/Blockchain,NEG_00188,0,0
0,0.0011789931,0,Anton1636/crypto-wallet,NEG_00189,0,0
0,0.00033790566,0,antoniopgs/tangible,NEG_00190,0,0
0,0.003935282,0,anudeeep4/Decentralized-Identity-Project,NEG_00191,0,0
0,0.0028712922,0,Anugo1/Attest-Nft,NEG_00192,0,0
0,0.003001926,0,anwar-776/gocryp8,NEG_00193,0,0
0,0.00029431048,0,anza-xyz/wallet-adapter,NEG_00194,0,0
0,0.0010003366,0,aonemd/stakehouse,NEG_00195,0,0
0,0.0011770295,0,apache/incubator-resilientdb-ResLens,NEG_00196,0,0
0,0.00054259726,0,apalowski688-art/ethereum-bitcoin,NEG_00197,0,0
0,0.0007095936,0,apeboard/pools,NEG_00198,0,0
0,0.00028920884,0,Aperture-Finance/Aperture-Lens,NEG_00199,0,0
0,0.0027309563,0,ApeWorX/ape-ganache,NEG_00200,0,0
0,0.003386,0,ApeWorX/ape-ledger,NEG_00201,0,0
0,0.00063090003,0,ApeWorX/evm-trace,NEG_00202,0,0
0,0.0002459928,0,apoorvlathey/Crypto-Car-Battle,NEG_00203,0,0
0,0.0031035051,0,apoorvm230/web3-vuln-scanner,NEG_00204,0,0
0,0.0014206783,0,aptos-labs/petra-vault,NEG_00205,0,0
0,0.024211537,0,aqemal/owasp-sc-token-,NEG_00206,0,0
0,0.00035258834,0,aragon/use-wallet,NEG_00207,0,0
0,0.000520062,0,aranair/pine,NEG_00208,0,0
0,0.0017733974,0,Aranyani01/Alpha-defi-adapter,NEG_00209,0,0
0,0.0015399241,0,ardriveapp/turbo-app,NEG_00210,0,0
0,0.00064382976,0,aridder/pengekrukka,NEG_00211,0,0
0,0.04269895,1,Arifin036/defi-staking-dapp,NEG_00212,0,0
0,0.00036449952,0,armors/armors-solidity,NEG_00213,0,0
0,0.0012719599,0,armorwallet/armor-crypto-mcp,NEG_00214,0,0
0,0.0012973351,0,ArnaudBand/nftMarketplace,NEG_00215,0,0
0,0.00048769347,0,arokvic/FundMeProject-SmartContracts-Web3-Brownie-Solidity-2022,NEG_00216,0,0
0,0.0010933174,0,Arowolokehinde/STX-TIP,NEG_00217,0,0
0,0.00032797898,0,arpesh28/solidity-wallet-contract-collections,NEG_00218,0,0
0,0.000548388,0,ArrjunPradeep/safeCryptoWallet,NEG_00219,0,0
0,0.00035192491,0,ArshS1/sengh-nft,NEG_00220,0,0
0,0.0002522093,0,artem-bayandin/blockchain-samples,NEG_00221,0,0
0,0.0019306659,0,arthur-reedy460y/web3cha,NEG_00222,0,0
0,0.00033386424,0,arthur0725/CryptoZombie,NEG_00223,0,0
0,0.00034064913,0,ArthurAhiyarov/Hardhat-Betting-Smart-Contract-Bsc,NEG_00224,0,0
0,0.0008789435,0,arthuravianna/uff-web3-course,NEG_00225,0,0
0,0.0038239642,0,artimonist/artimonist-cli,NEG_00226,0,0
0,0.0018195993,0,Aryan0770/Blockchain-Major-CryptoBox,NEG_00227,0,0
0,0.00050676224,0,AS-1312/Crypto-Steps,NEG_00228,0,0
0,0.000707953,0,as3360/ReinforcementLearntTradingBot,NEG_00229,0,0
0,0.0005787972,0,ashbz/CryptoSharp,NEG_00230,0,0
0,0.00048578912,0,ashelkovnykov/offline-wallet-generator,NEG_00231,0,0
0,0.00043828762,0,Ashland-jp/Web3-Projects,NEG_00232,0,0
0,0.0028064821,0,ashok-p/module-19-Cryptowallets,NEG_00233,0,0
0,0.0004085731,0,AshutoshShekharProjects/Blockchain-Solidity,NEG_00234,0,0
0,0.00047559355,0,asilveira1969/bitcoincashblockchain,NEG_00235,0,0
0,0.00054947316,0,ASPPIBRA-DAO/DIGITAL_WORLD_REAL_ESTATE_MARKET,NEG_00236,0,0
0,0.0027162032,0,AssetifyLabsTeams/Assetifily,NEG_00237,0,0
0,0.00049618725,0,atitkh/WebXR---NFT-Viewer,NEG_00238,0,0
0,0.0003101019,0,atlaschain/contracts,NEG_00239,0,0
0,0.00071156013,0,attestate/kiwistand,NEG_00240,0,0
0,0.003779652,0,atul24112001/trackpack,NEG_00241,0,0
0,0.0060721124,0,aurowallet/auro-wallet-browser-extension,NEG_00242,0,0
0,0.0007252835,0,austintgriffith/burner-wallet,NEG_00243,0,0
0,0.00022027362,0,Autosaida/DeFiHackAnalysis,NEG_00244,0,0
0,0.0005739847,0,AuxillaryLord/Smart-Contracts,NEG_00245,0,0
0,0.00037333427,0,Axentro/Axentro,NEG_00246,0,0
0,0.0047426196,0,axiomchronicles/blockchain_simulation,NEG_00247,0,0
0,0.0026246095,0,axldarealest/crypto-tracker,NEG_00248,0,0
0,0.0006214805,0,axone-protocol/contracts,NEG_00249,0,0
0,0.006619803,0,AymaanPathan/ClauseAI,NEG_00250,0,0
0,0.0010900883,0,Aytaditya/NFT_Staking_app,NEG_00251,0,0
0,0.051039424,1,ayushi030709/aave-credit-scorer,NEG_00252,0,0
0,0.007951069,0,ayushn2/market_maker,NEG_00253,0,0
0,0.000560524,0,azerpas/Crypto2discord,NEG_00254,0,0
0,0.0009783324,0,azerpas/prescurity-blockchain,NEG_00255,0,0
0,0.0007503383,0,B3Pay/B3Wallet,NEG_00256,0,0
0,0.00030057854,0,Baat-Maan/defiBasic,NEG_00257,0,0
0,0.00311997,0,baby636/causes.cash,NEG_00258,0,0
0,0.00047070484,0,BadakalaYashwanth/Web-3Cryptocurrency-Wallet-Generator-Blockchain,NEG_00259,0,0
0,0.0006776836,0,balajipachai/smart-contract-for-fun,NEG_00260,0,0
0,0.002336196,0,balancer/balancer-v2-monorepo,NEG_00261,0,0
0,0.0032494846,0,balancer/frontend-v2,NEG_00262,0,0
0,0.007349701,0,balancer/scaffold-balancer-v3,NEG_00263,0,0
0,0.00023696016,0,balive053/blockchainFromScratch,NEG_00264,0,0
0,0.01793688,0,Bananapus/nana-fee-project-deployer,NEG_00265,0,0
0,0.00049823686,0,banjtheman/highwind,NEG_00266,0,0
0,0.0004423901,0,banjtheman/polygon_nft_workshop,NEG_00267,0,0
0,0.00025000647,0,bansaltushar014/Chapter-Solidity,NEG_00268,0,0
0,0.0003081209,0,banteg/multicall.py,NEG_00269,0,0
0,0.0017745695,0,BasinLogix/BLX_chain,NEG_00270,0,0
0,0.00035783794,0,batteringram-dev/Web3,NEG_00271,0,0
0,0.0051726364,0,bavix/laravel-wallet,NEG_00272,0,0
0,0.008694476,0,bc1plainview/opnet-builder,NEG_00273,0,0
0,0.0013217718,0,bchainexpt/Blockchain-wallet-andorid-app,NEG_00274,0,0
0,0.0007219428,0,bcoin-org/bcoin,NEG_00275,0,0
0,0.00042442148,0,BeanstalkFarms/Basin,NEG_00276,0,0
0,0.0040382347,0,BeanstalkFarms/Beanstalk,NEG_00277,0,0
0,0.011722721,0,beeman/solana-mobile-seeker-genesis-holders,NEG_00278,0,0
0,0.00092675124,0,bekatom/awesome-ethereum,NEG_00279,0,0
0,0.010627684,0,belimad/NftHorizon,NEG_00280,0,0
0,0.0012490245,0,BendDAO/bend-lending-protocol,NEG_00281,0,0
0,0.0014769665,0,benjaminbang987/crypto,NEG_00282,0,0
0,0.0005881136,0,benruseau/Inhetherit,NEG_00283,0,0
0,0.0010199803,0,benzemeze1-art/nft-rarity-tracker-2,NEG_00284,0,0
0,0.0020088179,0,BertrandConxy/Lottery,NEG_00285,0,0
0,0.0026443817,0,BeTechnologyCo/zkevm-boilerplate,NEG_00286,0,0
0,0.0012218783,0,bevry-archive/emailtowallet,NEG_00287,0,0
0,0.00045190364,0,BeycanPress/cryptopay-lite,NEG_00288,0,0
0,0.0006961437,0,bhau7233/MSig-,NEG_00289,0,0
0,0.00042448216,0,bhemen/usdc,NEG_00290,0,0
0,0.00029461537,0,BibliothecaDAO/realms-contracts,NEG_00291,0,0
0,0.0017371567,0,BibliothecaDAO/realms-react,NEG_00292,0,0
0,0.00047552463,0,bifrost-platform/solidity-contract-configs,NEG_00293,0,0
0,0.00024025084,0,bigbomio/digital-contracts,NEG_00294,0,0
0,0.0025029262,0,bigint/hey,NEG_00295,0,0
0,0.0005192383,0,bilinearlabs/beacon-contract-indexer,NEG_00296,0,0
0,0.0015018693,0,bilix-software/eth-new-contracts,NEG_00297,0,0
0,0.0020794442,0,Bill171991/SATFLOW-,NEG_00298,0,0
0,0.00036985733,0,BirthdayResearch/defichain-wallet,NEG_00299,0,0
0,0.0026966275,0,birukG09/DeFiVerse-Bank-Simulator-,NEG_00300,0,0
0,0.0024742808,0,bitcoin-flasher/flasher-smart-contracts,NEG_00301,0,0
0,0.0023410777,0,Bitcoin-II/BitcoinII-Core,NEG_00302,0,0
0,0.0006261187,0,bitcoin-wallet/bitcoin-wallet,NEG_00303,0,0
0,0.00023866432,0,bitcoinaverage/api-integration-examples,NEG_00304,0,0
0,0.0013251505,0,bitpay/bitpay-app,NEG_00305,0,0
0,0.00072721305,0,bitpay/wallet,NEG_00306,0,0
0,0.00049143535,0,BitPortal/bitportal-client,NEG_00307,0,0
0,0.0006823653,0,bitquery/explorer,NEG_00308,0,0
0,0.0021304332,0,bjboss007/flask-web3-solidity,NEG_00309,0,0
0,0.00038688022,0,bkrem/react-nft-gallery,NEG_00310,0,0
0,0.00040771827,0,blackalbino01/epic-nfts-ui,NEG_00311,0,0
0,0.0013526633,0,BlackPeter13/LightningTipBot,NEG_00312,0,0
0,0.00038617145,0,blakewood84/react-metamask-medium,NEG_00313,0,0
0,0.0029239503,0,Block-Beats-Estonia/BITCOIN-NFT,NEG_00314,0,0
0,0.0024759737,0,Block-Chen/blocksdk-go,NEG_00315,0,0
0,0.00041042655,0,block-foundation/solidity-digital-twin,NEG_00316,0,0
0,0.00068278814,0,blockchain-certificates/cert-issuer,NEG_00317,0,0
0,0.00037066953,0,blockchain-etl/blockchain-etl-streaming,NEG_00318,0,0
0,0.00024224786,0,blockchain-etl/public-datasets,NEG_00319,0,0
0,0.0009565892,0,Blockchain-for-Developers/sp18-midterm-pt2,NEG_00320,0,0
0,0.00056771166,0,blockchaingate/eXchangily-web,NEG_00321,0,0
0,0.0004505739,0,blockchain/blockchain-wallet-v4-frontend,NEG_00322,0,0
0,0.00048676552,0,blockchain/My-Wallet-V3,NEG_00323,0,0
0,0.0004769408,0,blockonomics/prestashop-plugin,NEG_00324,0,0
0,0.00028119798,0,blockstarter/ico-contracts,NEG_00325,0,0
0,0.0018361903,0,bloomwalletio/bloom,NEG_00326,0,0
0,0.002272455,0,Blueforce99/web3-bubble-portfolio,NEG_00327,0,0
0,0.0021058996,0,BlueWallet/BlueWallet,NEG_00328,0,0
0,0.0009605881,0,bluewhale-protocol/bluewhale-trust,NEG_00329,0,0
0,0.0003329193,0,bob-collective/bob,NEG_00330,0,0
0,0.00047170513,0,bokkypoobah/Nix,NEG_00331,0,0
0,0.00048478186,0,bomzj/newbits,NEG_00332,0,0
0,0.000350967,0,bonedaddy/cryptovendingmachine,NEG_00333,0,0
0,0.0007754328,0,bostonlink/blockexplorer,NEG_00334,0,0
0,0.00075085973,0,Bottom-Labs/wallet-core,NEG_00335,0,0
0,0.00066130405,0,BradMoonUESTC/FireWallProject,NEG_00336,0,0
0,0.043674868,1,braedonsaunders/homerun,NEG_00337,0,0
0,0.00022420101,0,BraianVaylet/buildspace-epic-nfts-ui,NEG_00338,0,0
0,0.001241549,0,BraisCabo/Decentralized-Crypto-Casino,NEG_00339,0,0
0,0.00085695664,0,brendanjryan/crypto-keystore-rs,NEG_00340,0,0
0,0.000279838,0,brendansiraky/solidity-nft-mint-contract,NEG_00341,0,0
0,0.0006203209,0,brilliant927/nft-mint-polygon,NEG_00342,0,0
0,0.00053905556,0,brlojam4932/usdc-app,NEG_00343,0,0
0,0.0022004985,0,Brunomike/cryptopunk-clone-web3,NEG_00344,0,0
0,0.00039395134,0,BSN-DDC/taianchain,NEG_00345,0,0
0,0.000901208,0,btcltceth/crypto_explorer,NEG_00346,0,0
0,0.0025190148,0,btcsuite/btcwallet,NEG_00347,0,0
0,0.00036186524,0,BTCwalletGen/BTCwalletGen,NEG_00348,0,0
0,0.0012239728,0,btq-ag/QRiNG,NEG_00349,0,0
0,0.0027426837,0,buihuudong19/E-Wallet-Blockchain-sourcecode,NEG_00350,0,0
0,0.006176545,0,Busulis/OPNet-Vesting,NEG_00351,0,0
0,0.0010677838,0,ButterDevelop/AutoBlumSmartContract,NEG_00352,0,0
0,0.00040033125,0,buybackoff/SolidityAuction,NEG_00353,0,0
0,0.00044632112,0,Bwest981/BitcoinSig,NEG_00354,0,0
0,0.0008773115,0,bwire-official/Gastronaut-bot,NEG_00355,0,0
0,0.011814918,0,Bytez3/MEDiscordBuySell,NEG_00356,0,0
0,0.0016257502,0,bzthelmaeddins54/headlee,NEG_00357,0,0
0,0.00072951685,0,c-bruce/SharedWallet,NEG_00358,0,0
0,0.006935471,0,C0A21130/web3-demo-app,NEG_00359,0,0
0,0.0027210396,0,caiovicentino/debank-mcp-server,NEG_00360,0,0
0,0.0005120819,0,CaiqueRibeiro/decentralized-stripe,NEG_00361,0,0
0,0.00039535595,0,cake-tech/cake_wallet,NEG_00362,0,0
0,0.0021975155,0,calintzy/evmscope,NEG_00363,0,0
0,0.00080045307,0,camerodev/Finaomics-Solidity-Web3-React,NEG_00364,0,0
0,0.00056555023,0,canyon-network/canyon,NEG_00365,0,0
0,0.0003765677,0,capsulesocial/capsule-near,NEG_00366,0,0
0,0.0011650088,0,captain-woof/meta-nft,NEG_00367,0,0
0,0.008792131,0,cardano-foundation/cardano-wallet,NEG_00368,0,0
0,0.0005933187,0,carlosgauci/crypto-track,NEG_00369,0,0
0,0.001138069,0,carmenbickel/NFT-Collection,NEG_00370,0,0
0,0.008164832,0,CateryaTech/tradeforge,NEG_00371,0,0
0,0.00058891234,0,catze-labs/jury-dao-web,NEG_00372,0,0
0,0.00050044607,0,cawfree/web3-react-native,NEG_00373,0,0
0,0.0014619672,0,cdc-Hitesh/cdc-Hitesh.github.io,NEG_00374,0,0
0,0.0004370329,0,celer-network/layer2-finance-contracts,NEG_00375,0,0
0,0.0013095483,0,Certora/CertoraProver,NEG_00376,0,0
0,0.00079861586,0,ChainAgnostic/CAIPs,NEG_00377,0,0
0,0.0004622897,0,chainapsis/keplr-wallet,NEG_00378,0,0
0,0.00039944344,0,ChainEasy/ChainEasy-Wallet,NEG_00379,0,0
0,0.019438175,0,ChainInsighter/Ondo-Flux-Finance,NEG_00380,0,0
0,0.0021630155,0,ChainInsighter/Web3-Casino-Crash-Game,NEG_00381,0,0
0,0.00090308447,0,chainjet/platform,NEG_00382,0,0
0,0.00034533287,0,ChainShot/AAVEDaiEscrow,NEG_00383,0,0
0,0.012631322,0,ChainsQueen/web3dashboard,NEG_00384,0,0
0,0.01233649,0,charanbalaji2005/CryptoView-solidity,NEG_00385,0,0
0,0.0021244083,0,charlo1492charlo14928/NFT-Yield-Farming,NEG_00386,0,0
0,0.00023714299,0,chase-manning/debt-farming,NEG_00387,0,0
0,0.00026408068,0,chatch/hashed-timelock-contract-ethereum,NEG_00388,0,0
0,0.0010012358,0,chauhan-varun/Account-abstraction,NEG_00389,0,0
0,0.0003666238,0,chawresh/Multi-Currency-Rich-Address-Finder-v1.0,NEG_00390,0,0
0,0.012012698,0,chellscript/bitLeaf,NEG_00391,0,0
0,0.00041311065,0,cherti/bitcoin-analysis,NEG_00392,0,0
0,0.0018704224,0,cherylwilson314/web3py_crypto,NEG_00393,0,0
0,0.00067822245,0,Chia-Network/chia-blockchain,NEG_00394,0,0
0,0.0007920763,0,Chirag21/CryptoZombies-solidity-v0.8.16,NEG_00395,0,0
0,0.00043737984,0,chjj/mako,NEG_00396,0,0
0,0.000617521,0,chjj/termcoin,NEG_00397,0,0
0,0.016324049,0,chmajidnaeem/blockchain-bitcoin,NEG_00398,0,0
0,0.026113167,0,ChocoChichia/bitcoin-wallet,NEG_00399,0,0
0,0.0008933286,0,chrisalexadams/balancer,NEG_00400,0,0
0,0.0005093281,0,ChrisdeWolf/blockchain-attack-probabilities,NEG_00401,0,0
0,0.00060013414,0,chrisstef/defi-staking,NEG_00402,0,0
0,0.018658707,0,ChrisZyy3/presale-nft-web3-app,NEG_00403,0,0
0,0.0017480678,0,CIpherEE/TECHCRUSHERC-20,NEG_00404,0,0
0,0.000519219,0,citadelgrad/crypto-commando,NEG_00405,0,0
0,0.00054987264,0,citizenweb3/validatorinfo,NEG_00406,0,0
0,0.00061135256,0,CJpaekil/nft-marketplace-ERC721,NEG_00407,0,0
0,0.00070511183,0,classicshi/web3-decoder,NEG_00408,0,0
0,0.00061849674,0,cliffhall/in-app-pro-shop,NEG_00409,0,0
0,0.0014386325,0,cloudframeworks-blockchain/user-guide-fabric-smart-contract,NEG_00410,0,0
0,0.00030278918,0,cluck135/First-Deployed-Token,NEG_00411,0,0
0,0.00028013246,0,ClusterH/Memories-NFT,NEG_00412,0,0
0,0.00068821735,0,cmandar24/Ethereum-Private-Key-Generator,NEG_00413,0,0
0,0.0009479577,0,cmdruid/tapscript,NEG_00414,0,0
0,0.0046915696,0,coccoinomane/crabada.py,NEG_00415,0,0
0,0.0017465259,0,Cocodrilette/DeFi-Staking-SolidityContracts,NEG_00416,0,0
0,0.0014731755,0,Code-Decoders/specter-defi-near,NEG_00417,0,0
0,0.007128023,0,codebatine/Chores-for-Crypto,NEG_00418,0,0
0,0.0010723149,0,codeesura/Arbitrage-uniswap-sushiswap,NEG_00419,0,0
0,0.0010070653,0,codegenius2/solana-verify-eddsa,NEG_00420,0,0
0,0.0019787985,0,CodeMachine0121/EthereumWallet_local_API,NEG_00421,0,0
0,0.0018335267,0,coderasha/NFT-Marketplace--EThereum-Polygon,NEG_00422,0,0
0,0.00055634096,0,codeVirtuoso21/NFT-marketplace-cryptoBoys,NEG_00423,0,0
0,0.0004965558,0,codewithmide/FlowPrice-Oracle,NEG_00424,0,0
0,0.0006644587,0,codex-protocol/service.eel,NEG_00425,0,0
0,0.0029133623,0,CODEX108/FINAL-BLOCKSPIRIT,NEG_00426,0,0
0,0.00077996275,0,codymj/GeminiCryptoTrader,NEG_00427,0,0
0,0.00081212516,0,coin-worx/ethereum-voting-demo,NEG_00428,0,0
0,0.0006860982,0,coinbase/chainstorage,NEG_00429,0,0
0,0.00064203166,0,coinbase/coinbase-wallet-sdk,NEG_00430,0,0
0,0.00035208702,0,CoinSpace/CoinSpace,NEG_00431,0,0
0,0.0049023507,0,Coldcard/firmware,NEG_00432,0,0
0,0.0003197055,0,colonelxy/CryptoZombies,NEG_00433,0,0
0,0.0013891535,0,ColonySatoshi/BTCME.WEB3,NEG_00434,0,0
0,0.0003738906,0,coming-chat/wallet-SDK,NEG_00435,0,0
0,0.00037726117,0,compound-finance/palisade,NEG_00436,0,0
0,0.0028273517,0,conka8/Solana-Dexterity,NEG_00437,0,0
0,0.0016311388,0,consenlabs/imkey-manager,NEG_00438,0,0
0,0.000348132,0,ConsenSys-archive/vscode-ext,NEG_00439,0,0
0,0.0004680971,0,ConsenSysDiligence/0x-review,NEG_00440,0,0
0,0.0003348125,0,ConsenSysDiligence/mythril,NEG_00441,0,0
0,0.00047638165,0,ConsenSysMesh/live-libs,NEG_00442,0,0
0,0.0005843535,0,Consensys/defi-score,NEG_00443,0,0
0,0.002028,0,Consensys/eth-lightwallet,NEG_00444,0,0
0,0.00063021074,0,ConstanzaOriana/RealEstate_dApp,NEG_00445,0,0
0,0.0031805115,0,coral-xyz/backpack,NEG_00446,0,0
0,0.00077073043,0,cordovaem/solana-nft,NEG_00447,0,0
0,0.00046723092,0,cosmostation/cosmostation-android,NEG_00448,0,0
0,0.00062824285,0,coti-io/coti-ethers,NEG_00449,0,0
0,0.005334808,0,coti-io/coti-sdk-python,NEG_00450,0,0
0,0.0012660916,0,courtney-haley/SUPERIO-DeFi-Yield-Farm,NEG_00451,0,0
0,0.0008077945,0,covir-io/cvr-contract,NEG_00452,0,0
0,0.0027042981,0,CPix18/CryptoCopyRights,NEG_00453,0,0
0,0.0010319533,0,Cr0mb/Crypto-Sweeper,NEG_00454,0,0
0,0.0011746589,0,Cr0mb/Satoshi-Sweeper,NEG_00455,0,0
0,0.002923454,0,craftBrainLLC/ethereum-indexer,NEG_00456,0,0
0,0.008798288,0,crcristian97/solidity-nft-contract,NEG_00457,0,0
0,0.002752208,0,crestalnetwork/intentkit,NEG_00458,0,0
0,0.00096035475,0,cristiandbetancurg/fulgol,NEG_00459,0,0
0,0.0057056854,0,critfinds/Web3CRIT-Scanner,NEG_00460,0,0
0,0.00042080818,0,crossclaim/btcrelay-sol,NEG_00461,0,0
0,0.0009486896,0,crpdev/decentralised-ebay,NEG_00462,0,0
0,0.00083376444,0,crypto-balance-checker-seed-phrases/crypto-balance-checker-seed-phrases,NEG_00463,0,0
0,0.0028984533,0,crypto-cooker/Web3-Project-Overview,NEG_00464,0,0
0,0.0006362227,0,crypto-crawler/crypto-ohlcv,NEG_00465,0,0
0,0.0012445397,0,crypto-org-chain/cronos,NEG_00466,0,0
0,0.00035228342,0,Crypto0390/nft-airdrops,NEG_00467,0,0
0,0.0015045947,0,crypto1014/NFT-marketplace,NEG_00468,0,0
0,0.0013289814,0,cryptoadvance/specter-desktop,NEG_00469,0,0
0,0.00095220946,0,CryptoApex23/mnemonic-balance-checker,NEG_00470,0,0
0,0.0006624373,0,cryptococks-xyz/cryptococks-contract,NEG_00471,0,0
0,0.00056034373,0,CryptoCreams/Crypto-Creams,NEG_00472,0,0
0,0.0009638315,0,cryptodance/cryptodance-backend,NEG_00473,0,0
0,0.00093353615,0,CryptoExplor/CeloNFT,NEG_00474,0,0
0,0.0004087702,0,CryptoFist/MemeMarketplace-contract,NEG_00475,0,0
0,0.0020892078,0,cryptoforge318/NFT-Marketplace,NEG_00476,0,0
0,0.0003176532,0,cryptoleadxyz/demo-infura-web3py,NEG_00477,0,0
0,0.0006105516,0,cryptomkt/cryptomkt-python,NEG_00478,0,0
0,0.0007508132,0,cryptopayserver00/cryptopayserver,NEG_00479,0,0
0,0.0015305075,0,cryptopunksnotdead/awesome-cryptopunks-bubble,NEG_00480,0,0
0,0.0023251902,0,Cryptorubic/multi-proxy-rubic,NEG_00481,0,0
0,0.0012792429,0,cryptosguru/nft_terra_cosmwasm,NEG_00482,0,0
0,0.00068952184,0,CryptoSnowPrince/CryptoGame_Backend,NEG_00483,0,0
0,0.0013702302,0,cshep4/crypto-dot-com-exchange-go,NEG_00484,0,0
0,0.003119144,0,csimbana/suiguard,NEG_00485,0,0
0,0.0054505537,0,cunarist/solie,NEG_00486,0,0
0,0.0021015191,0,curvefi/curve-contract,NEG_00487,0,0
0,0.0007999479,0,CutupAngel/nft-marketplace,NEG_00488,0,0
0,0.0020277123,0,cyforge/Orbis-Wallet,NEG_00489,0,0
0,0.0012079835,0,cypherium/uniswap-interface-cypherium,NEG_00490,0,0
0,0.000513039,0,cypherpunk-symposium/web3-starter-rs,NEG_00491,0,0
0,0.000642218,0,czeti/shamus,NEG_00492,0,0
0,0.0002772731,0,czhc/bookmarks,NEG_00493,0,0
0,0.0014745677,0,d-invisible/DocuManage-web3--Aptos,NEG_00494,0,0
0,0.00039789683,0,D-Y-So/Blockchain_Project,NEG_00495,0,0
0,0.0011254594,0,d3or/eth-vanity-gen,NEG_00496,0,0
0,0.0981915,1,Dadel-1/Polymarket-CopyTrading,NEG_00497,0,0
0,0.0015580538,0,Dakii03/crypto-project-v2,NEG_00498,0,0
0,0.0012834845,0,dalloglio/nft-pokemon,NEG_00499,0,0
0,0.0006892219,0,Daltonic/dappCinemasX,NEG_00500,0,0
0,0.00047489547,0,Daltonic/dappFundsX,NEG_00501,0,0
0,0.0005815261,0,Damian-Sanchez/CryptoTextAlert,NEG_00502,0,0
0,0.000769525,0,DanielCM2001/SendCrypto-Blockchain-App-web3,NEG_00503,0,0
0,0.00040701946,0,DanielDimitrov5/NFT-Marketplace-FE,NEG_00504,0,0
0,0.00035522488,0,danieltantonio/SharedWallet_Solidity,NEG_00505,0,0
0,0.0005411253,0,danielwpz/nft-linkdrop,NEG_00506,0,0
0,0.0005259028,0,danilych/token-factory-web-app,NEG_00507,0,0
0,0.0007447319,0,danilych/token-sale,NEG_00508,0,0
0,0.0022708413,0,danpatrocinio/web3-api,NEG_00509,0,0
0,0.01677244,0,dante4rt/t3rn-airdrop-bot,NEG_00510,0,0
0,0.0003358262,0,dapperlabs/dapper-contracts,NEG_00511,0,0
0,0.0010384747,0,DappFactory/CryptoTrivia,NEG_00512,0,0
0,0.0005771025,0,dappforce/polkaverse,NEG_00513,0,0
0,0.00091704214,0,dapphub/ds-math,NEG_00514,0,0
0,0.00030394725,0,DappioLab/navigator,NEG_00515,0,0
0,0.00038968874,0,dappros/nfmt,NEG_00516,0,0
0,0.004443532,0,dappteacher/smart-contract-audit-portfolio,NEG_00517,0,0
0,0.0005749821,0,dappuniversity/hd_wallet,NEG_00518,0,0
0,0.0011267622,0,dappuniversity/Runner-blockchain-game-,NEG_00519,0,0
0,0.0022098846,0,dariocast/algorand-nft-loan,NEG_00520,0,0
0,0.0023108316,0,Darkbladecr/cryptoWallet,NEG_00521,0,0
0,0.0011291746,0,darkgrovelabs/sec3hub,NEG_00522,0,0
0,0.0005229498,0,darrylyeo/blockhead,NEG_00523,0,0
0,0.0009518498,0,datmedevil17/hack-web3conf,NEG_00524,0,0
0,0.00040130885,0,Daudxu/eth-wallet-modal,NEG_00525,0,0
0,0.0007949145,0,daulathussain/nfts-api-starter-file,NEG_00526,0,0
0,0.00041227014,0,davdotsol/react-and-web3-demo-app,NEG_00527,0,0
0,0.0016089687,0,davdotsol/uniswap-v2-defi-app,NEG_00528,0,0
0,0.000273652,0,davidmeng630/defi,NEG_00529,0,0
0,0.0014232926,0,dbarobin/awesome-mirror,NEG_00530,0,0
0,0.0008093336,0,DE-labtory/zulu,NEG_00531,0,0
0,0.0003641885,0,deadarchitects/test-low-gas-solidity,NEG_00532,0,0
0,0.007307086,0,DealAiFind/DealAiFind-Ai-DEX-FrontRun-JS-V4,NEG_00533,0,0
0,0.0010780354,0,decentralized-identity/element,NEG_00534,0,0
0,0.002060598,0,DeCleanup-Network/contracts-evm,NEG_00535,0,0
0,0.0005402412,0,Decurity/semgrep-smart-contracts,NEG_00536,0,0
0,0.00082088,0,Deed3Labs/Protocol-DApp,NEG_00537,0,0
0,0.0003517401,0,deepbluelake/web3-lab,NEG_00538,0,0
0,0.0013560705,0,Deeppanchal2108/metaflex-nft-lab,NEG_00539,0,0
0,0.00035615548,0,Defi-Pool-Share/DefiPoolShare.DPSTContract,NEG_00540,0,0
0,0.00027823064,0,Defi-Pool-Share/DefiPoolShare.LendingContract,NEG_00541,0,0
0,0.0002928701,0,DeFiCh/defiscan.live,NEG_00542,0,0
0,0.0007058077,0,DeFiDesk/DeFiDesk.github.io,NEG_00543,0,0
0,0.002236595,0,defilab/defi-blockchain-dumper,NEG_00544,0,0
0,0.0003716601,0,DeFiNecromancer/Basic-Name-Storage,NEG_00545,0,0
0,0.001029367,0,defiprime/defiprime1,NEG_00546,0,0
0,0.00038711098,0,DEFIProtocol/Web3,NEG_00547,0,0
0,0.00037576014,0,DeFireX/defirex-protocol-v3,NEG_00548,0,0
0,0.0042404938,0,delvtech/agent0,NEG_00549,0,0
0,0.00029872588,0,DemocracyEarth/exodus,NEG_00550,0,0
0,0.0057510645,0,DemocracyEarth/wallet,NEG_00551,0,0
0,0.0021648235,0,Denis345/blockchain-automation-tool,NEG_00552,0,0
0,0.000324434,0,DenisZS/cckat,NEG_00553,0,0
0,0.001397551,0,dennohpeter/MultiDexArbBot,NEG_00554,0,0
0,0.00069909095,0,denzopas/myWallet,NEG_00555,0,0
0,0.0010470408,0,DePayFi/buttons,NEG_00556,0,0
0,0.0002499972,0,DePayFi/depay-claimable-nft-airdrops,NEG_00557,0,0
0,0.0005233747,0,DePayFi/web3-wallets,NEG_00558,0,0
0,0.00069853687,0,DePayFi/widgets,NEG_00559,0,0
0,0.0021604616,0,desbenn/defi-arbitrage,NEG_00560,0,0
0,0.0037157126,0,desktop-examples/crypto-analysis,NEG_00561,0,0
0,0.0024612292,0,desoul-labs/soulhub-contracts,NEG_00562,0,0
0,0.003646879,0,deusfinance/deus-interface-v2,NEG_00563,0,0
0,0.0005624911,0,dev-x-master/Election-Blockchain-App,NEG_00564,0,0
0,0.0015735849,0,devano12/Kryptex-miner,NEG_00565,0,0
0,0.0018581528,0,DevAyomi/Smart-Wallet-,NEG_00566,0,0
0,0.0065030833,0,developeruche/hybrid,NEG_00567,0,0
0,0.00054355565,0,develrocket/NFT-Smart-Contract,NEG_00568,0,0
0,0.0035308427,0,DevJihwan/SmartContractSample_RentCar,NEG_00569,0,0
0,0.0023898135,0,DevMarc16/appkit-connect,NEG_00570,0,0
0,0.016596384,0,devridge0/aave-core,NEG_00571,0,0
0,0.008147096,0,DevStudioX/Phoenix-Clipper-Malware-Private,NEG_00572,0,0
0,0.00034892542,0,dex-guru/assets,NEG_00573,0,0
0,0.0015206735,0,dgrmunch/docuten-blockchain-proof-dapp,NEG_00574,0,0
0,0.01598374,0,Dharma256/solidity-multisig-wallet-56,NEG_00575,0,0
0,0.0011252927,0,dharmaprotocol/dharma.js,NEG_00576,0,0
0,0.00033019617,0,dharmaprotocol/experimental,NEG_00577,0,0
0,0.00084577355,0,dherranzf/CryptoBank,NEG_00578,0,0
0,0.005082773,0,dhiraj0911/bitcoin-wallet,NEG_00579,0,0
0,0.00026301178,0,dhiraj0911/defi-uniswap,NEG_00580,0,0
0,0.001935658,0,diadata-org/diadata,NEG_00581,0,0
0,0.00028068022,0,didil/stone-dapp,NEG_00582,0,0
0,0.0007872611,0,diego-tobalina/PancakeSwapBot,NEG_00583,0,0
0,0.0005966711,0,Dilkashpeshimam18/defi-contracts,NEG_00584,0,0
0,0.00031333225,0,DimarcoKevin/CryptoZombies,NEG_00585,0,0
0,0.0013249365,0,DimensionDev/Maskbook,NEG_00586,0,0
0,0.11390472,1,Dineshv0311/Web3.0-CryptoTransfer,NEG_00587,0,0
0,0.0016854785,0,diorwave/solana-blockchain-development,NEG_00588,0,0
0,0.00095138693,0,distbit0/coinStats,NEG_00589,0,0
0,0.22694041,1,DixDev1621/BLOCKCHAIN-DeFi-Router,NEG_00590,0,0
0,0.00078734814,0,DjibrilM/strike-wallet,NEG_00591,0,0
0,0.0048330002,0,Dklish/trading-lab,NEG_00592,0,0
0,0.00094451115,0,dkpeakbil/bitcoinwalletwatcher,NEG_00593,0,0
0,0.0002802791,0,dkrsgood/ETH_Wallet,NEG_00594,0,0
0,0.002236595,0,dmakarov-dev/Ethereum-Solidity-token,NEG_00595,0,0
0,0.0012848342,0,dmitriiprusakov/definition-hack-nft-versus,NEG_00596,0,0
0,0.00070220215,0,dogecoin/dogecoin,NEG_00597,0,0
0,0.005332013,0,dojimanetwork/web3fy-go,NEG_00598,0,0
0,0.00052142254,0,domechn/track3,NEG_00599,0,0
0,0.0031268515,0,DonggeunYu/MEV-Attack-on-the-BSC,NEG_00600,0,0
0,0.0009124563,0,donnywin85/defi-yield-aggregator,NEG_00601,0,0
0,0.00118846,0,Dopular/CLI-Searching-and-Tracing-EVMTransactions,NEG_00602,0,0
0,0.0005636498,0,dorianbayart/DexPairs,NEG_00603,0,0
0,0.031416547,0,dozerokz/polymarket_monitor,NEG_00604,0,0
0,0.018876066,0,Dpost-George/foundry-web3-wallet-security-Advanced,NEG_00605,0,0
0,0.0012168416,0,drips-network/app,NEG_00606,0,0
0,0.016245095,0,drisst12/safe-smart-account,NEG_00607,0,0
0,0.00056901935,0,Drix10/ai-resources,NEG_00608,0,0
0,0.0010733983,0,DrLinuxOfficial/CryptoWallet-Cracker,NEG_00609,0,0
0,0.0016948072,0,drpcorg/dshackle,NEG_00610,0,0
0,0.004268571,0,DTVMStack/DTVM,NEG_00611,0,0
0,0.0008160951,0,ducga1998/tai-xiu-smart-contract,NEG_00612,0,0
0,0.0017355011,0,DudeOfCode/web3.pyandSolidityTodolist,NEG_00613,0,0
0,0.0003878446,0,duneanalytics/evm.codes,NEG_00614,0,0
0,0.0010505369,0,duytacong24895/smart-contract-lesson-1,NEG_00615,0,0
0,0.00066640787,0,dvinubius/tiny-multisig-typescript,NEG_00616,0,0
0,0.0035828738,0,dvvrtmshra/StellarPay,NEG_00617,0,0
0,0.0007239415,0,dydxprotocol/protocol_v1,NEG_00618,0,0
0,0.0005979335,0,Dyslex7c/DefiYieldOptimizer,NEG_00619,0,0
0,0.00032814412,0,ebellocchia/erc20_splitter,NEG_00620,0,0
0,0.0076486566,0,EdgeApp/edge-react-gui,NEG_00621,0,0
0,0.0003815821,0,edubrunaldi/generic-wallet,NEG_00622,0,0
0,0.0005212061,0,educoin/notarypoc,NEG_00623,0,0
0,0.0041364953,0,edwintyx/Blockchain-Cryptocurrency-Project,NEG_00624,0,0
0,0.0013025326,0,EjaraApp/trustdart,NEG_00625,0,0
0,0.002101557,0,eka0789/nft-marketplace,NEG_00626,0,0
0,0.00033965876,0,el-noir/ethereum-defi-app,NEG_00627,0,0
0,0.0038415347,0,el-noir/MedicAi,NEG_00628,0,0
0,0.0033684338,0,eldorado-Coder/NFT-marketplace-smart-contract,NEG_00629,0,0
0,0.0005924318,0,elkoutwest/bitcoin_browser,NEG_00630,0,0
0,0.0061487975,0,Elmanilov/CastClaim,NEG_00631,0,0
0,0.09252328,1,ElromEvedElElyon/bitcoinbrasil,NEG_00632,0,0
0,0.0007489124,0,elxor/jetum-wallet,NEG_00633,0,0
0,0.0015553716,0,Elytro-eth/ETHShanghai2022,NEG_00634,0,0
0,0.00038146245,0,EmanHerawy/web3Drive,NEG_00635,0,0
0,0.00029132506,0,emerald-dao/float,NEG_00636,0,0
0,0.0004818977,0,emeraldpay/dshackle,NEG_00637,0,0
0,0.00031856273,0,emiliosheinz/vue-js-crypto-wallet,NEG_00638,0,0
0,0.00033648187,0,emilyhon/foundry-defi-stablecoin-f23,NEG_00639,0,0
0,0.000454865,0,Emivvvvv/btc-vanity,NEG_00640,0,0
0,0.00053049764,0,emlynazuma/blockchainCrawler,NEG_00641,0,0
0,0.0015082828,0,Emmahchinonso/web3-bridge-contract,NEG_00642,0,0
0,0.0018802055,0,Emmanuel-213/MyFirstSmartContract,NEG_00643,0,0
0,0.00077517045,0,Emmanuel-Samuel/Alchemy-projects,NEG_00644,0,0
0,0.0008616811,0,emograms/nft-marketplace,NEG_00645,0,0
0,0.00027438035,0,emtinanseo/dApp-Refund-by-Location-Smart-Contract,NEG_00646,0,0
0,0.00058988616,0,energychain/CorrentlyWallet,NEG_00647,0,0
0,0.00031333225,0,Enkhai/crypto-blockchain-python,NEG_00648,0,0
0,0.0007671221,0,enricobottazzi/Zeko,NEG_00649,0,0
0,0.0019489384,0,enricozanardo/bitcoin-sentiment-analys-on-tweets-,NEG_00650,0,0
0,0.0011525035,0,Enricrypto/arb-wave-flashloans-arbitrage,NEG_00651,0,0
0,0.0009179233,0,EnridoZanoge/Layer-1,NEG_00652,0,0
0,0.0012095103,0,enzymefinance/protocol,NEG_00653,0,0
0,0.0006185073,0,eonian-core/farm,NEG_00654,0,0
0,0.11074663,1,epacrypt25/Web3BlockchainVooting,NEG_00655,0,0
0,0.015352635,0,EpicVillage/Ore-Blue-Miner,NEG_00656,0,0
0,0.0002674795,0,eprbell/dali-rp2,NEG_00657,0,0
0,0.00041914254,0,eprbell/rp2,NEG_00658,0,0
0,0.00030880552,0,eq-lab/marginly,NEG_00659,0,0
0,0.0018154971,0,ERC4626-Alliance/sup-web-4626,NEG_00660,0,0
0,0.0016871499,0,Erfaniaa/crypto-portfolio-optimizer,NEG_00661,0,0
0,0.0024749646,0,ernestognw/ethereum_signature,NEG_00662,0,0
0,0.00034768408,0,ervikassingh/nft-market,NEG_00663,0,0
0,0.0018020751,0,esolidar/web3,NEG_00664,0,0
0,0.0003383031,0,estevaopbs/bitcoin-rs,NEG_00665,0,0
0,0.00032549075,0,ethaccount/vue-dapp,NEG_00666,0,0
0,0.00036891605,0,EtherAuthority/Portfolio,NEG_00667,0,0
0,0.0034516943,0,ethereum-boilerplate/ethereum-prediction-market-boilerplate,NEG_00668,0,0
0,0.00040800657,0,EthereumCommonwealth/Auditing,NEG_00669,0,0
0,0.0034492428,0,EthereumCommonwealth/multi-geth,NEG_00670,0,0
0,0.0021144485,0,Ethernal-Tech/bridge-web-test-suite,NEG_00671,0,0
0,0.00044967557,0,ethers-io/ethers.js,NEG_00672,0,0
0,0.0004197403,0,ethersphere/swap-swear-and-swindle,NEG_00673,0,0
0,0.0004065859,0,EtherTW/LogoVote2017,NEG_00674,0,0
0,0.0019531362,0,ETsCalrskj/Kypt-MultiSig-Wallet-Transactions-Tron-Ethereum,NEG_00675,0,0
0,0.011544751,0,euphonious-raisinnutcookie575/ethwizc,NEG_00676,0,0
0,0.0017425524,0,Ev3rlasting/Sui-Vanity-Wallet-Generator,NEG_00677,0,0
0,0.0020687368,0,everstake/wallet-sdk,NEG_00678,0,0
0,0.00044892222,0,everx-labs/everdev,NEG_00679,0,0
0,0.00041793342,0,everx-labs/evernode-se,NEG_00680,0,0
0,0.0022239243,0,EveryThinUknow/BlockchainPrototype,NEG_00681,0,0
0,0.0019360561,0,evm-tooling/viem-go,NEG_00682,0,0
0,0.0003980795,0,EWCunha/brownie-fund-me,NEG_00683,0,0
0,0.0011252337,0,exactly/liquidation-bot,NEG_00684,0,0
0,0.00050806307,0,exactly/protocol,NEG_00685,0,0
0,0.0016484476,0,exekerey/3xpl-mcp,NEG_00686,0,0
0,0.0005912255,0,exglos/wallet,NEG_00687,0,0
0,0.00053629506,0,ExodusMovement/bitcoind-zmq,NEG_00688,0,0
0,0.00039230628,0,Expandergraph/crypto-crawler,NEG_00689,0,0
0,0.00384592,0,ExpertVagabond/mango-v4,NEG_00690,0,0
0,0.0005501172,0,explorills/expl-nodes-dashboard,NEG_00691,0,0
0,0.00055340596,0,f-z/decentralized-option-trading-platform,NEG_00692,0,0
0,0.00021615437,0,fabianorodrigo/defiamm,NEG_00693,0,0
0,0.007850699,0,Fabischu2008/Vinechain,NEG_00694,0,0
0,0.0009256892,0,Fabomarche/ethereum-viewer,NEG_00695,0,0
0,0.000449342,0,FACINGS/collection-manager,NEG_00696,0,0
0,0.013613751,0,fadedreams/wallet_go_blockchain_concepts,NEG_00697,0,0
0,0.0011021039,0,fadliferdian28/MyCryptoToken,NEG_00698,0,0
0,0.00047216105,0,fairrustana/Sports-Betting-Sportsbook,NEG_00699,0,0
0,0.00052152766,0,faizack/Supply-Chain-Blockchain,NEG_00700,0,0
0,0.0019341423,0,falila/smart-contract-interpreter,NEG_00701,0,0
0,0.0004939815,0,Faouzijedidi1/NFT-Game,NEG_00702,0,0
0,0.00078363594,0,Farber98/MultiSigWallet,NEG_00703,0,0
0,0.0004807622,0,farisamirmudin/cryptotransfer,NEG_00704,0,0
0,0.00061831286,0,faysalbadaoui/RegisterDeviceSolanaProgram,NEG_00705,0,0
0,0.00046656848,0,FazioNico/meta-gotchi,NEG_00706,0,0
0,0.00069024996,0,fbsobreira/gotron-sdk,NEG_00707,0,0
0,0.00064772967,0,feeeei/vanity-generator,NEG_00708,0,0
0,0.0021971809,0,felipeserrano05/one-sol-protocol,NEG_00709,0,0
0,0.00606822,0,fewwwww/awesome-uniswap-hooks,NEG_00710,0,0
0,0.25003663,1,Fida-Kainth/Block-Chain-A-Decentralized-Cryptocurrency-Wallet-System-with-Automated-Zakat-Deduction,NEG_00711,0,0
0,0.0007542968,0,FIFA0313/blockchain-wallet-adapter-designe,NEG_00712,0,0
0,0.001956582,0,FIFA0313/sui-mcp-server-wallet-management,NEG_00713,0,0
0,0.0002521026,0,filips123/BlogChain,NEG_00714,0,0
0,0.0021745688,0,FilOzone/synapse-sdk,NEG_00715,0,0
0,0.000686558,0,FinHubRotman/eth-blockchain-data,NEG_00716,0,0
0,0.0002952106,0,FIT-DNU/Blockchain-Technology,NEG_00717,0,0
0,0.00050383,0,Flame-eth/Multiparty-Solidity-Wallet-,NEG_00718,0,0
0,0.000346458,0,flannerychristopher/web3_py_simple_storage,NEG_00719,0,0
0,0.0005622596,0,flappyagent/flappy-bird-solidity-2,NEG_00720,0,0
0,0.00039656932,0,flexa/collateral-manager,NEG_00721,0,0
0,0.00030410753,0,floranguyen0/nft-marketplace,NEG_00722,0,0
0,0.0010556877,0,fomoweth/flashloan-aggregator,NEG_00723,0,0
0,0.00031312587,0,ForcingVaporizer/Blockchain-Dapp-Crypto,NEG_00724,0,0
0,0.0013411855,0,Formyselfonly/smart-contract-quickstart,NEG_00725,0,0
0,0.00094292365,0,formysister/crosschain-mixer-solidity,NEG_00726,0,0
0,0.0018444037,0,forward0507/Dexordi-BE,NEG_00727,0,0
0,0.013971454,0,foxxcn/Arkham_API_test,NEG_00728,0,0
0,0.0005750596,0,frangio/hardhat-exposed,NEG_00729,0,0
0,0.0014095012,0,frankdev7/bootcamp-solidity-defi,NEG_00730,0,0
0,0.0003307519,0,frankiefab100/Blockchain-Development-Resources,NEG_00731,0,0
0,0.00044393115,0,frankiefab100/Web3.0-Roadmap,NEG_00732,0,0
0,0.00087447104,0,FredericRezeau/soroban-snooker,NEG_00733,0,0
0,0.00072228274,0,FrederikBolding/chainlist,NEG_00734,0,0
0,0.00066461164,0,freight-trust/deployments-solidity,NEG_00735,0,0
0,0.000764641,0,Frenzoid/DAPP_Bank,NEG_00736,0,0
0,0.0016101421,0,Freya-Lark/Chainlink-2024-17hours-Web3-tutorial,NEG_00737,0,0
0,0.0002629368,0,FriendlyUser/solidity-smart-contracts,NEG_00738,0,0
0,0.0011843685,0,FujiwaraChoki/CoinWizard,NEG_00739,0,0
0,0.0022344177,0,fullstack-development/blockchain-wiki-en,NEG_00740,0,0
0,0.0016197569,0,fundgao/xiuxian,NEG_00741,0,0
0,0.0015565249,0,fvictorio/ganache-explorer-poc,NEG_00742,0,0
0,0.00097256067,0,fxop0218/DEFI-aave-JS-Solidity,NEG_00743,0,0
0,0.00052484917,0,gabidi/bismuth-js-crypto,NEG_00744,0,0
0,0.000513527,0,gakonst/ethers-rs,NEG_00745,0,0
0,0.00035590044,0,GameChangerFinance/gamechanger.wallet,NEG_00746,0,0
0,0.0008026957,0,gasparllamazares/Bitcoin-Virus,NEG_00747,0,0
0,0.025531998,0,gauryvg98/Bitcoin-Indexer,NEG_00748,0,0
0,0.0005637092,0,gbto/web3-everything,NEG_00749,0,0
0,0.0068177916,0,gear5labs/chenpilot,NEG_00750,0,0
0,0.00042211052,0,Gearbox-protocol/gearbox-protocol-description,NEG_00751,0,0
0,0.0008491651,0,gemwalletcom/gem-android,NEG_00752,0,0
0,0.00031204856,0,Generic35/Ethereum-Wallet-Dai-Token-Clone,NEG_00753,0,0
0,0.0008109084,0,geovgy/smart-wallet,NEG_00754,0,0
0,0.0013222188,0,geraldoramos/crypto-bar,NEG_00755,0,0
0,0.0005226339,0,getgems-community-tact/nft-template-editable,NEG_00756,0,0
0,0.001402308,0,getsafle/safle-identity-wallet,NEG_00757,0,0
0,0.033003017,0,gfsxyz/lamina,NEG_00758,0,0
0,0.0003417173,0,ggviana/splitter,NEG_00759,0,0
0,0.0004652494,0,GHODA-crypto/shatranj,NEG_00760,0,0
0,0.0026747189,0,ghulamrabbanimedium-dotcom/VerseBet-dapp,NEG_00761,0,0
0,0.0013573439,0,giogam/Gopher-Wallet,NEG_00762,0,0
0,0.0008843661,0,gitthekid/Ethereum-Flashloan-DEX-Arbitrage-Contracts,NEG_00763,0,0
0,0.0011849112,0,gizdusum/hermes-blockchain-oracle,NEG_00764,0,0
0,0.00041696048,0,GlitchicaL/project-arcadia,NEG_00765,0,0
0,0.00039687136,0,glitchnsec/cryptozombies-solutions,NEG_00766,0,0
0,0.00029635016,0,glitznerf/blockchain_banking_system,NEG_00767,0,0
0,0.0013159967,0,gmh5225/awesome-crypto-wallet-address,NEG_00768,0,0
0,0.0023041035,0,gmtech-xyz/safe-cex,NEG_00769,0,0
0,0.00041917892,0,gnidan/abi-to-sol,NEG_00770,0,0
0,0.0005895919,0,gnosis/reth-util,NEG_00771,0,0
0,0.001742656,0,gobeyondfj-cmd/cryptoagent-ai,NEG_00772,0,0
0,0.0015126509,0,GobyWallet/openapi,NEG_00773,0,0
0,0.0041677817,0,gokcearda/OwlToken,NEG_00774,0,0
0,0.0005468438,0,Gola-k/jsm_nft_marketplace,NEG_00775,0,0
0,0.00058693177,0,GoodDollar/GoodDAPP,NEG_00776,0,0
0,0.0015206988,0,GoogleEnginer/defi-yield-calculator,NEG_00777,0,0
0,0.0004969619,0,govi-dao/cvi-contracts,NEG_00778,0,0
0,0.0007941797,0,gprateek93/Sikka--A-Simple-Bitcoin-Implementation,NEG_00779,0,0
0,0.0006737319,0,grandsmarquis/ethereumdevio-dex-tutorial,NEG_00780,0,0
0,0.016402647,0,GRANTsol/PanteraProtocol,NEG_00781,0,0
0,0.00046004597,0,greekfetacheese/zeus,NEG_00782,0,0
0,0.00039832472,0,GridexProtocol/core,NEG_00783,0,0
0,0.002286874,0,gridgentoo/graph-node,NEG_00784,0,0
0,0.013543597,0,gsachin1809/bitcoin_wallet,NEG_00785,0,0
0,0.0011803348,0,gskril/mnemonic-guesser,NEG_00786,0,0
0,0.000999336,0,guider23/CryptoShare,NEG_00787,0,0
0,0.0002889021,0,guillaumelauzier/rootstock-NFT,NEG_00788,0,0
0,0.00090721983,0,GuiTeK/bip39-splitter,NEG_00789,0,0
0,0.00031538217,0,guoshijiang/blockchain-wallet-sdk,NEG_00790,0,0
0,0.018217444,0,Gupta-4699/crypto_gallery,NEG_00791,0,0
0,0.0003248571,0,gurnec/btcrecover,NEG_00792,0,0
0,0.0008816868,0,gweidart/evm-flashswap-arb,NEG_00793,0,0
0,0.00036487813,0,gyro-defi/gyro-v1-contracts,NEG_00794,0,0
0,0.0030880254,0,gysr-io/core,NEG_00795,0,0
0,0.003727098,0,Gzeu/hero-forge-monorepo,NEG_00796,0,0
0,0.000402728,0,ha-bhai-noob-hoon/Solidity-task,NEG_00797,0,0
0,0.0012983598,0,Hackathons-w-Rapto/RugRader,NEG_00798,0,0
0,0.00081603567,0,hacksdark/cybersecurity_hack,NEG_00799,0,0
0,0.01784023,0,HackUnderway/BlockChain,NEG_00800,0,0
0,0.0003161441,0,HadhemiBM/SmartContract_NFT-Marketplace,NEG_00801,0,0
0,0.0005023978,0,HAECHI-LABS/vvisp,NEG_00802,0,0
0,0.0025830653,0,Haehnchen/uniswap-arbitrage-flash-swap,NEG_00803,0,0
0,0.00069148815,0,haf-decent/bArb,NEG_00804,0,0
0,0.0005737525,0,HalfSuperNate/BalanceOfBatchDataToString,NEG_00805,0,0
0,0.00048846763,0,HandyDudes/ETH-NFT-buildspace,NEG_00806,0,0
0,0.00050944585,0,Hany-Almnaem/Solana-Documents-as-NFTs-in-a-wallet-Project,NEG_00807,0,0
0,0.00053350464,0,hanzopgp/CryptoZombies,NEG_00808,0,0
0,0.000520238,0,HappyGroupHub/Ethereum-Wallet-Tracker,NEG_00809,0,0
0,0.0006228407,0,Hardchat/Web3.py-Transaction,NEG_00810,0,0
0,0.0019086829,0,harishummam/CryptoKet-NFT-Marketplace,NEG_00811,0,0
0,0.00042148767,0,haritsmedina/web3.0_krypto,NEG_00812,0,0
0,0.00047009118,0,HariVP03/nft-kart,NEG_00813,0,0
0,0.00045240083,0,HarryR/shwop,NEG_00814,0,0
0,0.00031052553,0,harsh6768/web3-basics,NEG_00815,0,0
0,0.0022512174,0,harshiit1/ethereumChecker,NEG_00816,0,0
0,0.056417402,1,harshit180704/aave-credit-scoring,NEG_00817,0,0
0,0.0003485137,0,Harukite/wallets-generate,NEG_00818,0,0
0,0.00033309645,0,hashbx/token-distribution,NEG_00819,0,0
0,0.00031683358,0,hashemabad/MultiSigWallet,NEG_00820,0,0
0,0.00038096294,0,HashLips/hashlips_nft_contract,NEG_00821,0,0
0,0.00032065882,0,HashLips/nft_collection_minter,NEG_00822,0,0
0,0.0021287207,0,HassanA632/blockchain-wallet-risk-analyser,NEG_00823,0,0
0,0.00046078573,0,HawkTahir1/ZENC,NEG_00824,0,0
0,0.000732813,0,haxpor/contractdiff,NEG_00825,0,0
0,0.0004497356,0,haxpor/inoutflow,NEG_00826,0,0
0,0.0071778605,0,hclivess/qtrader,NEG_00827,0,0
0,0.00089347706,0,hdwaIIet-io/python-hdwallet,NEG_00828,0,0
0,0.00090123847,0,HectorNBL/eth_solseum_gen_hnbl,NEG_00829,0,0
0,0.0012264432,0,henesaud/bitcoin-cryptography,NEG_00830,0,0
0,0.0005170748,0,hexoul/aws-lambda-eth-proxy,NEG_00831,0,0
0,0.019799188,0,hi-riddhi/AaveV2-CreditScoring,NEG_00832,0,0
0,0.0012405738,0,hiero-ledger/hiero-consensus-node,NEG_00833,0,0
0,0.00030877403,0,hilalsidhic/waveportal-Web3-and-solidity,NEG_00834,0,0
0,0.0011937546,0,HilliamT/foundry-web3-monorepo,NEG_00835,0,0
0,0.0008563823,0,hilmikt/Web3,NEG_00836,0,0
0,0.0004613175,0,HimanshuGupta-p1/ETHIFY,NEG_00837,0,0
0,0.0011076523,0,hippogriff-dev/baby-swap,NEG_00838,0,0
0,0.00081470737,0,hiromaily/go-crypto-wallet,NEG_00839,0,0
0,0.00039148307,0,hiwadrashad/Crypto-Currency,NEG_00840,0,0
0,0.0020700574,0,hobbleabbas/Bitcoin-RPC-API,NEG_00841,0,0
0,0.0005288291,0,HODLorg/HODLbot,NEG_00842,0,0
0,0.0009161811,0,holder-bot/wallet-testnet,NEG_00843,0,0
0,0.00021439984,0,holyblock/blockchain-piaic-q4-solution,NEG_00844,0,0
0,0.0008458529,0,HongThaiPham/plugin-u2u,NEG_00845,0,0
0,0.00059934816,0,HopefulHeart2020/Finaomics-Solidity-Web3-React,NEG_00846,0,0
0,0.00043631796,0,hoprnet/hopr-ethereum,NEG_00847,0,0
0,0.00041826227,0,horizontalsystems/bitcoin-kit-android,NEG_00848,0,0
0,0.0003632651,0,horizontalsystems/bitcoin-kit-ios,NEG_00849,0,0
0,0.00040930166,0,horizontalsystems/ethereum-kit-android,NEG_00850,0,0
0,0.00038235623,0,horizontalsystems/unstoppable-wallet-android,NEG_00851,0,0
0,0.0003838123,0,horizontalsystems/unstoppable-wallet-ios,NEG_00852,0,0
0,0.0003970348,0,hoseadevops/edec-nft-market,NEG_00853,0,0
0,0.00034462495,0,hovig/web3-fabric-voting-dapp,NEG_00854,0,0
0,0.00071141607,0,hsharshshukla/SmartContractL,NEG_00855,0,0
0,0.00036366825,0,HugoBrunet13/NFT-Marketplace-Auction,NEG_00856,0,0
0,0.00046042592,0,hugoclrd/clearness,NEG_00857,0,0
0,0.00065571105,0,hululuzhu/solidity-t5,NEG_00858,0,0
0,0.0030041744,0,hummingbot/hummingbot,NEG_00859,0,0
0,0.0006061245,0,hundredwz/BlockchainInfo,NEG_00860,0,0
0,0.002146025,0,Huy-2k11/Native-Parser,NEG_00861,0,0
0,0.00039148307,0,huynhtuandat05december/Crypto-Zombie,NEG_00862,0,0
0,0.0003250969,0,hyp3r5pace/crowdfunding-platform-avalanche,NEG_00863,0,0
0,0.00045478716,0,Hyperledger-TWGC/GM-interoperability,NEG_00864,0,0
0,0.003295323,0,HyperPlay-Gaming/hyperplay-desktop-client,NEG_00865,0,0
0,0.0028588006,0,hzblab/NFT-Minting-dApp,NEG_00866,0,0
0,0.0006042013,0,Iamdungx/denigma-cracker,NEG_00867,0,0
0,0.00037847372,0,iamnotstatic/multichain-crypto-wallet,NEG_00868,0,0
0,0.0011396793,0,Iamtheusername112/Crypto,NEG_00869,0,0
0,0.0003674214,0,ianmah/cryptostory,NEG_00870,0,0
0,0.0034640308,0,IaroslavTitov/OnchainVestingService,NEG_00871,0,0
0,0.00060550845,0,IBM/loyalty-points-evm-fabric,NEG_00872,0,0
0,0.0012394434,0,IBQ-SUP/b-rad-coin,NEG_00873,0,0
0,0.0011586602,0,ibrahimjspy/defi-portfolio-tracker,NEG_00874,0,0
0,0.0011681592,0,IcarusCan/CryptoSimsNFT,NEG_00875,0,0
0,0.0004333127,0,icebert04/Defi-Dashboard,NEG_00876,0,0
0,0.003683302,0,idimetrix/next-jobs,NEG_00877,0,0
0,0.0020559672,0,idrabenia/SublimeLinter-contrib-solhint,NEG_00878,0,0
0,0.0003611045,0,IgorAugust0/blockchain-security-labs,NEG_00879,0,0
0,0.00050137565,0,igorlourenco/nft-marketplace-smart-contract,NEG_00880,0,0
0,0.00040468937,0,ihaveCred/OfflineSignProvider,NEG_00881,0,0
0,0.026253562,0,illia-fz/defi-python-nft-staking-rewards-v2,NEG_00882,0,0
0,0.017814172,0,illia-fz/defi-ts-wallet-connect-v23,NEG_00883,0,0
0,0.001966213,0,ilyarolf/AiogramShopBot,NEG_00884,0,0
0,0.0016640557,0,imanmousaei/coinexpy,NEG_00885,0,0
0,0.0014671785,0,imcrazysteven/Initial-Coin-Offering-Smart-Contract,NEG_00886,0,0
0,0.0008082403,0,imfrodobaggins/metabullrage,NEG_00887,0,0
0,0.0006425796,0,Imperial-Group-19/contracts,NEG_00888,0,0
0,0.0016632085,0,Infineon/secora-blockchain-walletconnect,NEG_00889,0,0
0,0.0011022883,0,Infinite-Null/Wallet-Master,NEG_00890,0,0
0,0.00037550408,0,inghong06/Solidity_Whitelist,NEG_00891,0,0
0,0.0016284117,0,input-output-hk/daedalus,NEG_00892,0,0
0,0.00075654784,0,input-output-hk/mantis-wallet,NEG_00893,0,0
0,0.00055772165,0,instant-coffee/cryptoZombies,NEG_00894,0,0
0,0.0012667828,0,invis2912/TokenTrail,NEG_00895,0,0
0,0.01824119,0,iotaledger-archive/legacy-wallet-use-trinity-wallet-instead,NEG_00896,0,0
0,0.0011029458,0,Isaacdelly/Plutus,NEG_00897,0,0
0,0.00033286758,0,ismailbangee/smart-contracts,NEG_00898,0,0
0,0.0008097417,0,itaikeren/Crypto-Fighters,NEG_00899,0,0
0,0.00039685695,0,Itheum/sdk-mx-data-nft,NEG_00900,0,0
0,0.0004718025,0,ithunter0428/solidity2terrachian_rust,NEG_00901,0,0
0,0.00037383803,0,itsSauravK/Election-Voting-Blockchain,NEG_00902,0,0
0,0.0010619451,0,itstargetconfirmed/flash-loan-sample,NEG_00903,0,0
0,0.00029613267,0,itstargetconfirmed/wrapped-ether,NEG_00904,0,0
0,0.0008431286,0,ivanzhelyazkov/ethereum-wallet-manager,NEG_00905,0,0
0,0.00076742587,0,ivopetiz/crypto-exchange-cli,NEG_00906,0,0
0,0.0016915946,0,Ivy-Apps/ivy-wallet,NEG_00907,0,0
0,0.0074739633,0,Iwai88961997/Electrum-Fake-Balance,NEG_00908,0,0
0,0.00046774917,0,J12ATA/my-wave-portal,NEG_00909,0,0
0,0.0002850618,0,jaayperez/btc-wallet,NEG_00910,0,0
0,0.00024755602,0,jaayperez/coin,NEG_00911,0,0
0,0.0005312045,0,jackey1510/MyNFT,NEG_00912,0,0
0,0.00049966335,0,JackG-eth/CryptoZombieEthSC,NEG_00913,0,0
0,0.0017046607,0,Jackhuang166/chess-smart-contract,NEG_00914,0,0
0,0.11203245,1,Jackhuang166/evm-dex-swap-staking-liquidity,NEG_00915,0,0
0,0.001253341,0,JACKORARO12/BlockChainVoting,NEG_00916,0,0
0,0.002130415,0,JackyVerse/SmartContractSolidityEth,NEG_00917,0,0
0,0.00053540606,0,jacobdmn/iWallet,NEG_00918,0,0
0,0.000285528,0,JacobZavita/nfts-react,NEG_00919,0,0
0,0.0004870737,0,jagadeeshgatla/simple-cryptocurrency-wallet,NEG_00920,0,0
0,0.00027498062,0,Jahankohan/NFT-Marketplace,NEG_00921,0,0
0,0.0004213971,0,Jahankohan/NFTWhiteListing,NEG_00922,0,0
0,0.0032722142,0,Jain-Sameer/DecentralizedStableCoin,NEG_00923,0,0
0,0.0004221131,0,jamaltheatlantean/DeFi-Staking,NEG_00924,0,0
0,0.00049688894,0,JamBrains/jam-docs,NEG_00925,0,0
0,0.000752242,0,JamesANZ/crypto-timelocked-backup,NEG_00926,0,0
0,0.00026344167,0,JamesANZ/learn-solidity-with-examples,NEG_00927,0,0
0,0.003805564,0,jammy928/CoinExchange_CryptoExchange_Java,NEG_00928,0,0
0,0.00035157532,0,janfilips/blockchain-poker,NEG_00929,0,0
0,0.0007434478,0,janghona/go-ethereum-Jochain,NEG_00930,0,0
0,0.00468467,0,Janus-chan/ZkSync_Accounts,NEG_00931,0,0
0,0.0074567283,0,jaoleal/chainpass,NEG_00932,0,0
0,0.22836116,1,Jared351/Blockchain-crypto-currencies,NEG_00933,0,0
0,0.000604927,0,jarrettyew/web3.0,NEG_00934,0,0
0,0.00030534982,0,jarrodwatts/evmkit,NEG_00935,0,0
0,0.0004888694,0,jarrodwatts/nft-drop-with-smart-wallet,NEG_00936,0,0
0,0.0004452547,0,JasminDreasond/Dohpw,NEG_00937,0,0
0,0.0016642577,0,jasonjgarcia24/web3-ether-talent-pool,NEG_00938,0,0
0,0.0003498599,0,JasonnLim/Blockchain-MedicalRecords,NEG_00939,0,0
0,0.0019973952,0,JavaCardOS/BitcoinWallet,NEG_00940,0,0
0,0.0006531812,0,javascript-pro/crypto-casino,NEG_00941,0,0
0,0.0005798551,0,jawedzaid/jawed,NEG_00942,0,0
0,0.0013913859,0,jay-Anonymous/CryptoLedger,NEG_00943,0,0
0,0.00033443063,0,jdogresorg/freewallet-mobile,NEG_00944,0,0
0,0.000509059,0,jdogresorg/freewallet,NEG_00945,0,0
0,0.0012240992,0,jeanne-cortes725n/ethere8,NEG_00946,0,0
0,0.00023673454,0,jeet-patel313/NFTStaking,NEG_00947,0,0
0,0.00052616553,0,Jeff1010-web/NFT-marketplace,NEG_00948,0,0
0,0.0017119705,0,jeffprestes/rust-smart-contract-example-connection,NEG_00949,0,0
0,0.00036554714,0,jeftarmascarenhas/smart-contract-training,NEG_00950,0,0
0,0.0004963994,0,Jeiwan/zuniswapv2,NEG_00951,0,0
0,0.0005705079,0,jeloooooo/solidity-cryptozombies,NEG_00952,0,0
0,0.0017317686,0,jenil04/auction,NEG_00953,0,0
0,0.00048653962,0,JennEYoon/DeFi-ml,NEG_00954,0,0
0,0.0006344966,0,jevinjivani2507/casino-web3,NEG_00955,0,0
0,0.00094951515,0,jgyy/solarjun,NEG_00956,0,0
0,0.0017237096,0,jianminggit/NFT_BOT,NEG_00957,0,0
0,0.00059120805,0,jitendragangwar123/Crowd-Sale-ICO-Dapp,NEG_00958,0,0
0,0.00022209424,0,jitendragangwar123/Crypto-Zombies-Game,NEG_00959,0,0
0,0.0006568434,0,JJ-Top/Despliegue-en-Ganache-de-SmartContract,NEG_00960,0,0
0,0.0003768859,0,jjanczur/SolidityDrive,NEG_00961,0,0
0,0.001108744,0,jjtiger/Blockchain_Business_Crypto_-DevPack,NEG_00962,0,0
0,0.0004279703,0,jlandyr/web3solidity,NEG_00963,0,0
0,0.0015902354,0,jocruz/LostCatsUi,NEG_00964,0,0
0,0.0015112932,0,JoeanSteinbock/crypto-price-tracker,NEG_00965,0,0
0,0.00047183846,0,john-lawniczak/Smart-Contract-Resources,NEG_00966,0,0
0,0.00044556652,0,johnnyshankman/xtznftswap-contracts,NEG_00967,0,0
0,0.0010654726,0,johnsonstephan/awesome-web3-formal-verification,NEG_00968,0,0
0,0.0015172275,0,jokeradms/Electrum-ADA,NEG_00969,0,0
0,0.00037934768,0,jolly-roger-eth/ethereum-indexer,NEG_00970,0,0
0,0.00071772735,0,Jolsho/eth_wallet,NEG_00971,0,0
0,0.00040671884,0,Jon-Becker/heimdall-rs,NEG_00972,0,0
0,0.00077538105,0,jon4hz/ethconvert,NEG_00973,0,0
0,0.00035501734,0,jonluxson/very-basic-form-of-cryptocurrency,NEG_00974,0,0
0,0.00045142532,0,joseoscarcc/TaqueriaCryptoChain,NEG_00975,0,0
0,0.00030054242,0,joshaustintech/ethereum-portfolio,NEG_00976,0,0
0,0.07163925,1,joshH94/NFT-Marketplace-Solidity-Hardhat-NexJS-Web3js-Tailwind,NEG_00977,0,0
0,0.002293579,0,JoshuaDevCo/defi-arb,NEG_00978,0,0
0,0.00039485408,0,jovijovi/ether-goblin,NEG_00979,0,0
0,0.0002647364,0,jp-co-decoo-shirato/solidity-cryptozombies,NEG_00980,0,0
0,0.0031487918,0,jpromamen/sat-stacker-quiz,NEG_00981,0,0
0,0.0013285124,0,jptsantossilva/BEC,NEG_00982,0,0
0,0.00060823245,0,jseanchuang/web3py_example,NEG_00983,0,0
0,0.00037228814,0,jualexandre/crypto-zombies,NEG_00984,0,0
0,0.0012063122,0,juanemmanuelpd/NFT-Marketplace,NEG_00985,0,0
0,0.0007981783,0,JuanXavier/DEX_React,NEG_00986,0,0
0,0.0020753627,0,JulieGibbs/NFT1155_Contract_Test_Assignment,NEG_00987,0,0
0,0.0011607519,0,juliocamposmachado/my_eth_app.github.io,NEG_00988,0,0
0,0.0009496929,0,JulyIghor/QtBitcoinTrader,NEG_00989,0,0
0,0.0014796997,0,JumpCrypto/crypto-reading-list,NEG_00990,0,0
0,0.0025894975,0,jun1sen1/solidityone1,NEG_00991,0,0
0,0.00034883514,0,Juniorduc44/brownie_fund_me,NEG_00992,0,0
0,0.010102153,0,JunoNode/juno,NEG_00993,0,0
0,0.00030122514,0,junowoz/smartContracts,NEG_00994,0,0
0,0.005375081,0,jwinterm/cryptonoteRPCwalletGUI,NEG_00995,0,0
0,0.0008643669,0,k1-c/ethereum-wallet-manager,NEG_00996,0,0
0,0.00030268615,0,kaamil-ahamadh/web3-ico-app,NEG_00997,0,0
0,0.0003394304,0,Kalashin1/GTA-token-smart-contract,NEG_00998,0,0
0,0.001094153,0,kansel-dev/solana-nft-sniper,NEG_00999,0,0
0,0.00056039926,0,KareimGazer/Blockchain-Sim,NEG_01000,0,0
0,0.00036558163,0,Karhal/web3-connect,NEG_01001,0,0
0,0.004539899,0,karmaizmyb1tch/Crypto-Wallet,NEG_01002,0,0
0,0.004105603,0,kartik78946/Bank-Wallet-SmartContract,NEG_01003,0,0
0,0.01626943,0,Kartikey353/Bitcoin-WalletCmd,NEG_01004,0,0
0,0.0004619745,0,kartikver15gr8/WEB3-For-All,NEG_01005,0,0
0,0.00043928312,0,KashifCh-eth/Lottery-Smart-contract,NEG_01006,0,0
0,0.0010854133,0,katya201165/NFT-platform-lending,NEG_01007,0,0
0,0.00028815967,0,kausikds/ethereum-onChain-wallet,NEG_01008,0,0
0,0.0008591646,0,kaymen99/aave-flashloan-arbitrage,NEG_01009,0,0
0,0.0016592132,0,kaymen99/Dex-aggregator,NEG_01010,0,0
0,0.00087791984,0,kaymen99/uniswap-sushiswap-arbitrage,NEG_01011,0,0
0,0.0011095712,0,Kazopl/mpc-agent-wallet,NEG_01012,0,0
0,0.0105058625,0,Kazopl/nft-marketplace-signatures,NEG_01013,0,0
0,0.00034311268,0,keep-network/tbtc-website,NEG_01014,0,0
0,0.0004165602,0,keewenaw/Ethereum-Wallet-Cracker,NEG_01015,0,0
0,0.0016482357,0,KehindeA533/CryptoDev_NFTCollection_Frontend,NEG_01016,0,0
0,0.0013228095,0,kelvincup/base-commit,NEG_01017,0,0
0,0.0013228095,0,kelvincup/base-learn,NEG_01018,0,0
0,0.0017193272,0,Kelvyne/starknet-storage-proof-solidity,NEG_01019,0,0
0,0.0006043199,0,KenatSF/NFT-Marketplace,NEG_01020,0,0
0,0.0010078739,0,keng42/xwallet,NEG_01021,0,0
0,0.00032983779,0,kenpoon94/ethdenver-bootcamp-2022,NEG_01022,0,0
0,0.0003328955,0,kerala-blockchain-academy/ethereum-developer-program,NEG_01023,0,0
0,0.00038028348,0,kerala-blockchain-academy/SmartKYC,NEG_01024,0,0
0,0.0007984351,0,KernelFailure/blockchain,NEG_01025,0,0
0,0.00039897434,0,keshav-poojary/NFT-on-Ethereum,NEG_01026,0,0
0,0.005201681,0,keshav200215/SmartBlock,NEG_01027,0,0
0,0.00037696172,0,Kevaljagani/NFT-Market,NEG_01028,0,0
0,0.0003659985,0,KevinSmall/blockchain3d,NEG_01029,0,0
0,0.00041816797,0,KevzPeter/EduBlocks,NEG_01030,0,0
0,0.0048984652,0,Keya-Moradi/Cryptopunk,NEG_01031,0,0
0,0.0008267314,0,keyhunters/Biggest-Lost-Bitcoin-Wallets-List,NEG_01032,0,0
0,0.011249042,0,khadar1020/bitcoin_wallet,NEG_01033,0,0
0,0.0018092712,0,khaled-305/crypto-order-book,NEG_01034,0,0
0,0.00041532525,0,khanjasir90/Secure-Shared-Wallet-Solidity,NEG_01035,0,0
0,0.0008753363,0,kheopskit/kheopskit,NEG_01036,0,0
0,0.00042037238,0,Kimonic99/Heneftee,NEG_01037,0,0
0,0.00040981098,0,Kimxons/generate-btc-keys,NEG_01038,0,0
0,0.0010282991,0,kinggongzilla/Stable_GME_SmartContract,NEG_01039,0,0
0,0.00033645766,0,Kingscliq/nuking-nfts,NEG_01040,0,0
0,0.0004461235,0,kingstarfly/nft_pendle,NEG_01041,0,0
0,0.00079004664,0,kingsudo1004/Wallet-EVM,NEG_01042,0,0
0,0.00076016126,0,KittenYang/SafeSnap,NEG_01043,0,0
0,0.00041880825,0,kittyshiba/contracts,NEG_01044,0,0
0,0.0011304698,0,klaim-dev/solana-programs,NEG_01045,0,0
0,0.000614713,0,klever-io/klever-go,NEG_01046,0,0
0,0.00036692258,0,klever-io/kos-rs,NEG_01047,0,0
0,0.00055628765,0,klntsky/sec.cyou,NEG_01048,0,0
0,0.0016128164,0,kochavalabs/xchng-solidity,NEG_01049,0,0
0,0.007448214,0,koh-gt/ferrite-wallet,NEG_01050,0,0
0,0.00032021463,0,kokomoji/CryptoCoinPaperWallet,NEG_01051,0,0
0,0.0012043541,0,konradcodes/Web-3.0-Blockchain-App,NEG_01052,0,0
0,0.000508766,0,konradisco/bitcoin-ethereum,NEG_01053,0,0
0,0.0049588606,0,KOSASIH/GEE-Platform,NEG_01054,0,0
0,0.0013200425,0,KOSASIH/nexus-finance-core,NEG_01055,0,0
0,0.0003837084,0,Kr1ptal/ethers-kt,NEG_01056,0,0
0,0.00032923682,0,kradkov14/presale-contract,NEG_01057,0,0
0,0.0044613495,0,kreskohq/kresko-protocol,NEG_01058,0,0
0,0.005553995,0,KrishGitVerse/speedrun-multisig-msu,NEG_01059,0,0
0,0.03538045,0,krrish-sehgal/nwc-playground,NEG_01060,0,0
0,0.00095145224,0,krushangSk17/Interaction_with_SmartContract,NEG_01061,0,0
0,0.0004723751,0,krypc-code/krypcore-web3-sdk,NEG_01062,0,0
0,0.0018175313,0,kshaveen13/vaulte8,NEG_01063,0,0
0,0.0003278483,0,Kula529/-nft-collectible-frontend,NEG_01064,0,0
0,0.034487203,0,kunalsinghdadhwal/LiqX,NEG_01065,0,0
0,0.00508838,0,Kuprovskiy/defi.finance,NEG_01066,0,0
0,0.022964416,0,kuroroLuciferPhantom/cryptopredict,NEG_01067,0,0
0,0.0017639557,0,kushal-g/Bitcoin-Wallet,NEG_01068,0,0
0,0.0035561773,0,kvmizu/transfer_eth,NEG_01069,0,0
0,0.0063192854,0,KYVENetwork/kyvejs,NEG_01070,0,0
0,0.000253401,0,l3lackcurtains/solo-coin-cryptocurrency,NEG_01071,0,0
0,0.0018267392,0,LaChance-Lab/EVM-Solana-Casino-Games,NEG_01072,0,0
0,0.0006039948,0,lacrypta/lottery-front,NEG_01073,0,0
0,0.0045906506,0,LanceHez/Blockchain_Army_Knife-wallet-cracker-with-multichian,NEG_01074,0,0
0,0.00028275777,0,lapismyt/ston-fi.py,NEG_01075,0,0
0,0.00065926486,0,laramiedunlap/blockchain-wallets,NEG_01076,0,0
0,0.00085620495,0,laser-wallet/laser-wallet-contracts,NEG_01077,0,0
0,0.00055769505,0,lastbattle/ordinal_inscription.netcore,NEG_01078,0,0
0,0.0005892038,0,Laszlo23/deficrown,NEG_01079,0,0
0,0.0022410834,0,latoya4xfishn/spankcb,NEG_01080,0,0
0,0.00896974,0,Lavkush3411/nft-backend,NEG_01081,0,0
0,0.02506043,0,lawlietu0/EnigmaCracker,NEG_01082,0,0
0,0.001743591,0,lawofambak-research/decentralized-speculations-market,NEG_01083,0,0
0,0.0026397388,0,layer3xyz/cubes,NEG_01084,0,0
0,0.03234351,0,lbryio/lbry-android,NEG_01085,0,0
0,0.007027547,0,lbryio/lbry-desktop,NEG_01086,0,0
0,0.0005193323,0,lbryio/torba,NEG_01087,0,0
0,0.0004560689,0,LeandroHugo/EtherJoint-Decentralized-Finance-for-Shared-Prosperity,NEG_01088,0,0
0,0.0003995158,0,LearnWeb3DAO/14-Days-of-Solidity,NEG_01089,0,0
0,0.0019468174,0,lee-seokmin/BlockChainVotingSystem,NEG_01090,0,0
0,0.00042688282,0,leeshuzheng/destroyer,NEG_01091,0,0
0,0.0017587276,0,lefajmofokeng/Cryptocurrencies,NEG_01092,0,0
0,0.0004609441,0,Lego1st/VotingDapp,NEG_01093,0,0
0,0.0006902227,0,Lemonio1Official/privateKey,NEG_01094,0,0
0,0.0012508163,0,Lemury1/wallet_stealer,NEG_01095,0,0
0,0.0006495645,0,lephleg/cryptocerts-contracts,NEG_01096,0,0
0,0.00033422315,0,leukaemiamedtech/hiasbch,NEG_01097,0,0
0,0.00030457438,0,levintech/CryptoZombie,NEG_01098,0,0
0,0.00043348622,0,life-itself/web3,NEG_01099,0,0
0,0.0018619462,0,lifinance/contracts,NEG_01100,0,0
0,0.0010774081,0,Lilypad-Tech/lilypad,NEG_01101,0,0
0,0.0018686756,0,LinuxKunaL/gigalate-crypto-wallet,NEG_01102,0,0
0,0.0013921772,0,lionello/secp256k1-js,NEG_01103,0,0
0,0.00046004163,0,liquality/wallet,NEG_01104,0,0
0,0.00044000207,0,ljubisnikolic0/NFT-Ethereum-Game,NEG_01105,0,0
0,0.010414341,0,lmacken/binance-chain-python,NEG_01106,0,0
0,0.007979063,0,LN-Zap/zap-desktop,NEG_01107,0,0
0,0.00025376174,0,lnardon/BlockChainExchange,NEG_01108,0,0
0,0.00082534796,0,LoboVH/NFT-contract-NEAR-PROTOCOL,NEG_01109,0,0
0,0.00042005815,0,LocalCryptos/LocalCryptosWalletBackupExplorer,NEG_01110,0,0
0,0.0004302344,0,Logarithm-Labs/basis-mcp-server,NEG_01111,0,0
0,0.00025024806,0,LondheShubham153/falcon-nft,NEG_01112,0,0
0,0.009206847,0,Lopes-Marcio/chia-blockchain,NEG_01113,0,0
0,0.05106582,1,lordbasilaiassistant-sudo/thryx-launchpad,NEG_01114,0,0
0,0.00045494712,0,Louis-XWB/ICP_Web3Jobs,NEG_01115,0,0
0,0.000274573,0,lssleo/crypto-unlimited,NEG_01116,0,0
0,0.0004108415,0,lsw6684/Ethereum,NEG_01117,0,0
0,0.034424398,0,luca-nik/Blockchain_ResearchLead_Assignements,NEG_01118,0,0
0,0.00039833438,0,lucabizza/cryptozombies,NEG_01119,0,0
0,0.00043611464,0,lucaliebenberg/_cryptoKids-solidity-contract,NEG_01120,0,0
0,0.0008070848,0,lucas54neves/crypto-address-generator,NEG_01121,0,0
0,0.004572718,0,Lucifer666XD/ZenDesk,NEG_01122,0,0
0,0.00057047146,0,LuckyPigeon/Smart-Contract-Playground,NEG_01123,0,0
0,0.0005246976,0,luzhenqian/web3-examples,NEG_01124,0,0
0,0.000912762,0,lynx-xdg/block,NEG_01125,0,0
0,0.0003001078,0,m1guelpf/laravel-web3-login,NEG_01126,0,0
0,0.00049516174,0,maAPPsDEV/dex-attack,NEG_01127,0,0
0,0.00033870488,0,maAPPsDEV/rock-paper-scissors,NEG_01128,0,0
0,0.0027605612,0,maazgora/Multi-Sig-Wallet-using-Solidity,NEG_01129,0,0
0,0.00734768,0,machenxi/Dodging-Turtis-NFT-game-Polygon,NEG_01130,0,0
0,0.00027298724,0,madilraza/BlockChain-Vtraders.pro-Project-,NEG_01131,0,0
0,0.00037709434,0,MaelRibes/Crypto-Kids,NEG_01132,0,0
0,0.0005915837,0,Magicred-1/hackin-dau,NEG_01133,0,0
0,0.0011783078,0,MahadISL/Web3-App----Smart-Contract,NEG_01134,0,0
0,0.00070410897,0,maikon9824-lab/giftcard-dapp-arc-,NEG_01135,0,0
0,0.00039148307,0,mainnetblockchain/sendEtherThroughSmartContract,NEG_01136,0,0
0,0.003493051,0,ManaanAnsari/MultiSigWallet-Solidity-Foundry,NEG_01137,0,0
0,0.0058374805,0,manifest-network/manifest-app,NEG_01138,0,0
0,0.00029550825,0,manifoldfinance/kb,NEG_01139,0,0
0,0.0013167735,0,manifoldfinance/multicall-framework,NEG_01140,0,0
0,0.0003915736,0,manifoldfinance/tscli,NEG_01141,0,0
0,0.0011595136,0,manifoldx/typed-sdk,NEG_01142,0,0
0,0.00029622784,0,Manuel-yang/BlockChainSelfLearning,NEG_01143,0,0
0,0.00032558944,0,manuelinfosec/flash-arb-bot,NEG_01144,0,0
0,0.00070296816,0,manuelpires/nft-collection-generator,NEG_01145,0,0
0,0.00045576817,0,manufy/crypto-experiments,NEG_01146,0,0
0,0.00036861986,0,maprob/nft-mint-site,NEG_01147,0,0
0,0.03535828,0,MarcoBrian/damn-vulnerable-defi,NEG_01148,0,0
0,0.0008630546,0,margelo/react-native-graph,NEG_01149,0,0
0,0.0004196969,0,marginalfriend/brownie_fund_me,NEG_01150,0,0
0,0.0035291924,0,mariam9woecloud773/Kiichain,NEG_01151,0,0
0,0.0005487909,0,markjinhua/SmartContract,NEG_01152,0,0
0,0.0009002052,0,Markkop/markkop-defi,NEG_01153,0,0
0,0.00046133928,0,MartinoTruppini/LegalTech-SmartContract.it,NEG_01154,0,0
0,0.00076388096,0,MartinSerafini/Solidity,NEG_01155,0,0
0,0.00037709434,0,martycodes333/crypto_zombies,NEG_01156,0,0
0,0.00041718152,0,masa-finance/arcomia-contracts,NEG_01157,0,0
0,0.00075709453,0,masaun/governorAlpha-with-proof-of-voting-NFT,NEG_01158,0,0
0,0.0006267835,0,mascarenhaswanja/Winter-2020-Introduction-To-Smart-Contracts,NEG_01159,0,0
0,0.00060695497,0,MassDotMoney/nested-core-lego,NEG_01160,0,0
0,0.00033386424,0,mastrmind-dev/DeFi-App---A-Cryptocurrency-Bank,NEG_01161,0,0
0,0.00028421404,0,mateolafalce/MonthlySubscriptionSolana,NEG_01162,0,0
0,0.0003163199,0,matheusroleal/solidity-cookbook,NEG_01163,0,0
0,0.0018692316,0,Mathieu2301/TradingView-API,NEG_01164,0,0
0,0.0011913134,0,maticnetwork/pos-commit-poc,NEG_01165,0,0
0,0.00057001464,0,matprime/ERC-1155-NFT-demo,NEG_01166,0,0
0,0.0003137247,0,mattdf/RingCrypto,NEG_01167,0,0
0,0.0014068512,0,matthias-wyss/crypto-carry-trade-strategies,NEG_01168,0,0
0,0.0012664227,0,Mattjhagen/P3-Lending,NEG_01169,0,0
0,0.0005192084,0,mattycoles/Python_Blockchain,NEG_01170,0,0
0,0.008036624,0,MauriceBoendermaker/kraken_forge_hackathon_2025,NEG_01171,0,0
0,0.0003209206,0,maximebrugel/YokaiChain,NEG_01172,0,0
0,0.0012045526,0,mayurimulay789/cryptocurrency_landingpage,NEG_01173,0,0
0,0.0013660763,0,mchalise/mero_crypto_finance,NEG_01174,0,0
0,0.00042543374,0,mchtter/zku-web3,NEG_01175,0,0
0,0.0006398064,0,mdsalman729/ethBucket,NEG_01176,0,0
0,0.00035606994,0,Medicyp/NFT_Marketplace_using_Ethereum_Smart_Contracts,NEG_01177,0,0
0,0.00047153607,0,mehmethalis/blockchain-cryptocurrency-implementation,NEG_01178,0,0
0,0.00052654307,0,mehtaAnsh/BlockChainVoting,NEG_01179,0,0
0,0.0023703827,0,Melchizedek4ever/Time-Lock-Wallet,NEG_01180,0,0
0,0.0006425578,0,mellow-finance/mellow-vaults,NEG_01181,0,0
0,0.00038718278,0,memoriaXII/create-web3-turbo,NEG_01182,0,0
0,0.001869382,0,MeoMunDep/Fintopio,NEG_01183,0,0
0,0.0002637503,0,MeoMunDep/OG-Labs,NEG_01184,0,0
0,0.0006097572,0,merklejerk/flex-contract,NEG_01185,0,0
0,0.0030588985,0,merofinance/webapp,NEG_01186,0,0
0,0.0007825028,0,Merou1/Blockchain_Edh_cryptoCoin,NEG_01187,0,0
0,0.00030044472,0,mervanerenci/Jumpy-PlayToEarn-BlockchainGame,NEG_01188,0,0
0,0.0009894265,0,merynoseth/moje-wlasne-sui,NEG_01189,0,0
0,0.0011748659,0,messari/subgraphs,NEG_01190,0,0
0,0.00069909095,0,Meta-Dragons/CronoSafe,NEG_01191,0,0
0,0.00031363292,0,metafy-social/web3-smart-contracts,NEG_01192,0,0
0,0.0005315745,0,mexak/bitcoin,NEG_01193,0,0
0,0.00035920047,0,mg98/arbitrary-data-on-blockchains,NEG_01194,0,0
0,0.0005996276,0,MGM103/CDP_Stable_Coin,NEG_01195,0,0
0,0.0015479458,0,mgysel/nft-ticketing,NEG_01196,0,0
0,0.00077663665,0,MhmdNdri/XCryptoDApp,NEG_01197,0,0
0,0.00039145976,0,mhxw/crypto-sdk,NEG_01198,0,0
0,0.00047965028,0,mic0des/simple-multisig-wallet,NEG_01199,0,0
0,0.0003030598,0,michael-spengler/blockchain-technologie-und-anwendungsgebiete-vorlesungsreihe,NEG_01200,0,0
0,0.0002377436,0,Michal2SAB/Ethereum-Stealer,NEG_01201,0,0
0,0.0007315169,0,michal3pol/tickeDapp,NEG_01202,0,0
0,0.00258175,0,michelle5013-guilloryn/polye,NEG_01203,0,0
0,0.0008428941,0,microgift/my-web3-projects,NEG_01204,0,0
0,0.0005699082,0,midas92/lottery-casino-crypto-game,NEG_01205,0,0
0,0.0012508163,0,mikeservices1/wallet_stealer-,NEG_01206,0,0
0,0.0010925032,0,mikke555/eth-wallets-generator,NEG_01207,0,0
0,0.00044927967,0,mikker/svgnft,NEG_01208,0,0
0,0.0004979396,0,milan338/totally-secure-dapp,NEG_01209,0,0
0,0.0025963527,0,mili12321/misterCrypto,NEG_01210,0,0
0,0.0022105586,0,militarandroid/cybersecurity_hack,NEG_01211,0,0
0,0.000882685,0,mimani68/TRON-network-smart-contract-integration,NEG_01212,0,0
0,0.0015707465,0,mimic-fi/cross-chain-subscription-payments-with-mimic,NEG_01213,0,0
0,0.017690351,0,mimic-protocol/contracts,NEG_01214,0,0
0,0.00066225545,0,mirrorworld-universe/mirrorworld-sdk-js,NEG_01215,0,0
0,0.00029454235,0,MitchPierias/advanced-eos-examples,NEG_01216,0,0
0,0.0020449287,0,Mizogg/GUI_keyhunt,NEG_01217,0,0
0,0.0008866172,0,Mizogg/Mizogg-Tools,NEG_01218,0,0
0,0.00032566022,0,Mizogg/Tkinter-Power-Mini,NEG_01219,0,0
0,0.003435476,0,mja2001/SolCipher-iExec,NEG_01220,0,0
0,0.0002494027,0,Mo-Ali98/mint-your-nft,NEG_01221,0,0
0,0.0003679747,0,modagavr/pancake-wizard,NEG_01222,0,0
0,0.00046882767,0,mogipatangan/cryptozombies-sol-101,NEG_01223,0,0
0,0.0007599425,0,MohaiminulEraj/Indicium,NEG_01224,0,0
0,0.0013141099,0,mohammedmuzammil38/Crypto-Art,NEG_01225,0,0
0,0.0004744224,0,mohitchandel/treasury-contract,NEG_01226,0,0
0,0.006013096,0,moisestech/web3crypto.mx,NEG_01227,0,0
0,0.00036495432,0,Mojo96666/hack-crypto-wallets,NEG_01228,0,0
0,0.000425995,0,mokshyaprotocol/aptos-nft-random-mint,NEG_01229,0,0
0,0.00951155,0,mollybeach/livestakes,NEG_01230,0,0
0,0.002642785,0,monjuik/go-octopi,NEG_01231,0,0
0,0.0021939697,0,Monyancha/Reown-Wallet-Connect,NEG_01232,0,0
0,0.00055042666,0,Mooninghnk/ethreum-wallet,NEG_01233,0,0
0,0.011576321,0,moonsly/crypto-wallets,NEG_01234,0,0
0,0.0005339218,0,moonstream-to/api,NEG_01235,0,0
0,0.0005118038,0,MoralisWeb3/unity-web3-game-kit,NEG_01236,0,0
0,0.0037783757,0,morpho-org/morpho-aavev3-optimizer,NEG_01237,0,0
0,0.0028732042,0,moseuh/blockchain-nft,NEG_01238,0,0
0,0.0075933365,0,motorHillary/polymarket-copy-trading-bot,NEG_01239,0,0
0,0.00038983216,0,Moyintech/First-nft-project,NEG_01240,0,0
0,0.0011299127,0,Mr-Malik-Aryan/LendVault,NEG_01241,0,0
0,0.00028131355,0,mradkov/decentralized-dns,NEG_01242,0,0
0,0.00049193634,0,mrazoriginal/Ali-Crypto-House-HardFork,NEG_01243,0,0
0,0.1289393,1,mrfomoweb3/nft-wallet-tracker,NEG_01244,0,0
0,0.00043899385,0,MrinalSingh04/solidity-production-contracts,NEG_01245,0,0
0,0.03536674,0,mrkkyatilla/omus-wallet,NEG_01246,0,0
0,0.00084701634,0,mrmendoza-dev/cryptotracker,NEG_01247,0,0
0,0.00073996064,0,mrozdolski/ink-flipper,NEG_01248,0,0
0,0.00035661162,0,mrsaad07/PropChain,NEG_01249,0,0
0,0.0005464653,0,mrsmookie/btcrecover,NEG_01250,0,0
0,0.0012710873,0,mrtnetwork/ton_dart,NEG_01251,0,0
0,0.002250938,0,mstable/mStable-app,NEG_01252,0,0
0,0.0004238377,0,mstable/mStable-contracts,NEG_01253,0,0
0,0.002324622,0,mtechee/libax,NEG_01254,0,0
0,0.0003295986,0,mtorry225/NFT-Collection,NEG_01255,0,0
0,0.0014168904,0,mucolon/gemini-interface,NEG_01256,0,0
0,0.0009906773,0,muhammadshiraz/dex-frontend-react,NEG_01257,0,0
0,0.00031089582,0,mujtaba1747/wave-eth-solidity,NEG_01258,0,0
0,0.00042686984,0,MukeshMano19/BlockchainApp-CryptoCurrency-Exchange,NEG_01259,0,0
0,0.0085790055,0,multiavatar/multiavatar-solidity,NEG_01260,0,0
0,0.00037822194,0,multiversx/mx-sdk-dapp-sc-explorer,NEG_01261,0,0
0,0.00024235596,0,Multy-io/Multy-Android,NEG_01262,0,0
0,0.00030822874,0,Multy-io/Multy-back,NEG_01263,0,0
0,0.00041555398,0,MuscleBunny/NFT_MarketPlace,NEG_01264,0,0
0,0.0015218259,0,museum-of-war/nft,NEG_01265,0,0
0,0.006311577,0,muzikoud/cryptoZombies_smart_contract,NEG_01266,0,0
0,0.001946305,0,Muziris-Labs/fusion-smart-contracts,NEG_01267,0,0
0,0.0031124463,0,mwakidenis/BlockChain-Mastery,NEG_01268,0,0
0,0.0024177134,0,mx-space/kami,NEG_01269,0,0
0,0.004213539,0,my-number/solidity-wallet,NEG_01270,0,0
0,0.0015324362,0,mycelium-com/wallet-android,NEG_01271,0,0
0,0.0004750057,0,MyCryptoHQ/MyCrypto,NEG_01272,0,0
0,0.0004631728,0,MyEtherWallet/MyEtherWallet,NEG_01273,0,0
0,0.00063722796,0,mygo-ecosystem/OSSWallet-non-custodial-crypto-wallet,NEG_01274,0,0
0,0.0010856424,0,Mystique85/Hub-Portal-Chat,NEG_01275,0,0
0,0.0055111004,0,n4bi10p/aptos-meme-nft-minter,NEG_01276,0,0
0,0.00042001408,0,Nachoxt17/Blockchain-Memory-Game-with-ERC-721-Tokens,NEG_01277,0,0
0,0.0005708541,0,NaimaGhulamMuhammad/nftMarketplace-smartcontracts,NEG_01278,0,0
0,0.0011783078,0,nakandakare/cryptopay-smart-contract,NEG_01279,0,0
0,0.00044053257,0,naman159/Blockchain_Cryptocurrency,NEG_01280,0,0
0,0.000392107,0,namesys-eth/istest-eth,NEG_01281,0,0
0,0.026253562,0,NancenFrelly/crypto_wallet,NEG_01282,0,0
0,0.00061397697,0,nashidahmed/registry-core,NEG_01283,0,0
0,0.007636274,0,nassirou-N/defi_crypto,NEG_01284,0,0
0,0.012346627,0,nathaniel-cmd/defi-native-nft-exchange,NEG_01285,0,0
0,0.0006289261,0,nayrosk/evm-indexer,NEG_01286,0,0
0,0.0006529749,0,nazar-pc/abundance,NEG_01287,0,0
0,0.00039283172,0,nbulian/CryptoZombies,NEG_01288,0,0
0,0.0008993393,0,NCRadtke00/Web3CryptoExchange,NEG_01289,0,0
0,0.00028269444,0,ndsvw/Ethereum-Web3-SmartContract-HelloWorld,NEG_01290,0,0
0,0.0016521787,0,NecroNexus/Blocklog,NEG_01291,0,0
0,0.00056080107,0,nedasma/solidity-vuln-tests,NEG_01292,0,0
0,0.029119255,0,NenadBolovic/Cryptography_project_PKI_smart_contract,NEG_01293,0,0
0,0.001002521,0,neoguias/tutorial-wallet-multifirma,NEG_01294,0,0
0,0.0002819365,0,Neph-dev/EpicNFT,NEG_01295,0,0
0,0.00022733537,0,NEST-Protocol/NEST-Oracle-V4.0,NEG_01296,0,0
0,0.0016763166,0,NesterZz/NFT-Wallet,NEG_01297,0,0
0,0.00078025035,0,net2devcrypto/Soroban-NextJS-Vote-dApp-with-Freighter,NEG_01298,0,0
0,0.0007089326,0,NetSepio/evmcontracts,NEG_01299,0,0
0,0.00060740026,0,Neufund/ledger-wallet-provider,NEG_01300,0,0
0,0.05632885,1,Neurproject/NeurProjects,NEG_01301,0,0
0,0.002266014,0,Nexacore-Org/NexaFx-web,NEG_01302,0,0
0,0.00031392428,0,Nexis-Network/nexis-network,NEG_01303,0,0
0,0.0007676808,0,nftfy/nftfy-v1-periphery,NEG_01304,0,0
0,0.009602774,0,ngmisl/etherml,NEG_01305,0,0
0,0.0007754328,0,nguyenj27/CSC299,NEG_01306,0,0
0,0.000432828,0,nicehash/NiceHashQuickMiner,NEG_01307,0,0
0,0.00044364666,0,nicholashc/uniswap-skim,NEG_01308,0,0
0,0.00056975445,0,nicholasmgoldstein/Persona256,NEG_01309,0,0
0,0.0007617108,0,nico-phil/blockchain,NEG_01310,0,0
0,0.00062170887,0,nicolaiort/stonx-backend,NEG_01311,0,0
0,0.002310237,0,nicolas-sanch/web3.py-dapp,NEG_01312,0,0
0,0.0007702029,0,nicolasdelira/Projeto-de-cria-a-de-carteiras-bitcoin-na-testnet,NEG_01313,0,0
0,0.00026120726,0,nicolaslazzos/cryptozombies,NEG_01314,0,0
0,0.001016273,0,NikhilSehgal123/coinbase-execution-algorithm,NEG_01315,0,0
0,0.0016763166,0,nikitakent/solidity-simple-wallet,NEG_01316,0,0
0,0.0004835491,0,nikunjtilva/cryptocoin-test-faucet-frontend,NEG_01317,0,0
0,0.0005017285,0,nimiq/php-xpub,NEG_01318,0,0
0,0.00042962356,0,Nipol/ERC721yul,NEG_01319,0,0
0,0.0007121375,0,nirhoIas/Top-5-Cryptocurrency-APIs-for-Developers,NEG_01320,0,0
0,0.0061832895,0,nirholas/bnbchain-mcp,NEG_01321,0,0
0,0.007151133,0,nirholas/free-crypto-news,NEG_01322,0,0
0,0.008232437,0,nirholas/lyra-web3-playground,NEG_01323,0,0
0,0.0074577983,0,nirholas/x402-stablecoin,NEG_01324,0,0
0,0.0004348207,0,Nishantthapa4591/Smart-Wallet-with-Blockchain,NEG_01325,0,0
0,0.0009223823,0,Nishu0/anime_nft_marketplace,NEG_01326,0,0
0,0.0006350193,0,Nitin2489/simple-wallet-solidity,NEG_01327,0,0
0,0.0038488512,0,Niweera/opensear,NEG_01328,0,0
0,0.00050471275,0,nixen2802/Blockchain-Python,NEG_01329,0,0
0,0.0009727997,0,njublockchain/web3research-etl,NEG_01330,0,0
0,0.0031394346,0,nktkas/hyperliquid,NEG_01331,0,0
0,0.00070675067,0,Noahendriks/CryptoTokens,NEG_01332,0,0
0,0.0116000185,0,Noahflx/ghost-wallets,NEG_01333,0,0
0,0.00037380008,0,NodeFactoryIo/solidity-node-docker-starter,NEG_01334,0,0
0,0.0009456705,0,noditlabs/nodit-mcp-server,NEG_01335,0,0
0,0.0008847125,0,noman-land/relike,NEG_01336,0,0
0,0.0030350422,0,NoNameNo1F/Blockchain-Applied_BitcoinScripts,NEG_01337,0,0
0,0.0005555165,0,Normalizex/1inch-api-v4,NEG_01338,0,0
0,0.06164323,1,notbank-com/notbank-node,NEG_01339,0,0
0,0.0013530486,0,Novus-Tech-LLC/Casino-Games,NEG_01340,0,0
0,0.0015976036,0,nrgapple/crypto-canvas-fe,NEG_01341,0,0
0,0.0010066819,0,nshmadhani/zkNFT,NEG_01342,0,0
0,0.00095285475,0,ntourne/nft-crypto-punks-contract,NEG_01343,0,0
0,0.0010188697,0,null-none/django-eth-fields,NEG_01344,0,0
0,0.0012460848,0,nuts-foundation/crypto-ecies,NEG_01345,0,0
0,0.0013850327,0,nxm-rs/nexum,NEG_01346,0,0
0,0.0005154752,0,NyanyanKat/Crypto_Lottery_Solidity,NEG_01347,0,0
0,0.0024881412,0,oasislabs/oasis.js,NEG_01348,0,0
0,0.0020189264,0,Obalfour/CryptoPokes,NEG_01349,0,0
0,0.002421219,0,ocalvet/bitcoin-wallet,NEG_01350,0,0
0,0.0027599758,0,OffcierCia/DeFi-Developer-Road-Map,NEG_01351,0,0
0,0.0009412572,0,OffcierCia/tips-solidity-code-auditors,NEG_01352,0,0
0,0.0027950357,0,OffcierCia/ultimate-defi-research-base,NEG_01353,0,0
0,0.0004257234,0,ofojichigozie/multisig-smart-contract,NEG_01354,0,0
0,0.00035645528,0,ogDAO/Optino,NEG_01355,0,0
0,0.00037761198,0,oguzhnatly/Cryptocurrency-Trade-FrontEnd-HTML-Page,NEG_01356,0,0
0,0.00072843174,0,ohkuku/kurypto-wallet,NEG_01357,0,0
0,0.00024589876,0,oishii-pg-gohan/myCryptoZombie,NEG_01358,0,0
0,0.00045964908,0,okcashpro/okcash,NEG_01359,0,0
0,0.00084575335,0,OkeA-dev/StablePay,NEG_01360,0,0
0,0.0006734026,0,okx/go-wallet-sdk,NEG_01361,0,0
0,0.0010903676,0,okx/js-wallet-sdk,NEG_01362,0,0
0,0.0002720537,0,Olanetsoft/buymeacoffee-be,NEG_01363,0,0
0,0.0005798551,0,olegerr/currency,NEG_01364,0,0
0,0.00053593045,0,olegsinavski/voting_system_web3,NEG_01365,0,0
0,0.004794771,0,olivermen/bitcoin-wallet-create-app,NEG_01366,0,0
0,0.00059296534,0,Om-Mishra7/KRMU-OS-Expo_2023,NEG_01367,0,0
0,0.005646975,0,omarakhmedov-web/metridex-showcase,NEG_01368,0,0
0,0.00064205704,0,OmarChefrad/HourZero,NEG_01369,0,0
0,0.00069635274,0,omsaraykar/crypto-wallet,NEG_01370,0,0
0,0.0017642599,0,OnChainMee/evm-base-pumfun-smart-contract-v1,NEG_01371,0,0
0,0.0004605732,0,onee-io/crypto-zombies,NEG_01372,0,0
0,0.0006225544,0,OneKeyHQ/app-monorepo,NEG_01373,0,0
0,0.0018483029,0,OneMug-Coffee/onemug-link-in-bio,NEG_01374,0,0
0,0.00048352976,0,OnGridSystems/erc20_airdrop_cli,NEG_01375,0,0
0,0.0054509058,0,ong/awesome-decentralized-finance,NEG_01376,0,0
0,0.0070546274,0,onoka-ship-it/kogwasys,NEG_01377,0,0
0,0.00065410224,0,oparex/crypto_trader,NEG_01378,0,0
0,0.004847583,0,opencodeiiita/CryptoWallet,NEG_01379,0,0
0,0.0006474655,0,opencodeiiita/Learning-Smart-Contracts,NEG_01380,0,0
0,0.034679,0,openocean-finance/OpenOcean-API-Examples,NEG_01381,0,0
0,0.00041546384,0,openocean-finance/Security-Audit-Report,NEG_01382,0,0
0,0.00044396523,0,OpenTradingNetworkFoundation/otn-token,NEG_01383,0,0
0,0.003610247,0,Operaconga14/llama_flux,NEG_01384,0,0
0,0.0067961407,0,opiethehokie/pfp-template,NEG_01385,0,0
0,0.00023871302,0,OpiumProtocol/erc721o,NEG_01386,0,0
0,0.00037029144,0,OptimalLukasDev/Bitcoin-Wallet-finder,NEG_01387,0,0
0,0.00047713358,0,Opty-Fi/defi-adapters,NEG_01388,0,0
0,0.0009584972,0,Opty1712/nft-opensea-search,NEG_01389,0,0
0,0.0006287007,0,opynfinance/squeeth-monorepo,NEG_01390,0,0
0,0.00030486492,0,orelkabets/eth-wallet-notify,NEG_01391,0,0
0,0.0028176662,0,OriginProtocol/origin-dollar,NEG_01392,0,0
0,0.00041052792,0,oritwoen/ubichain,NEG_01393,0,0
0,0.00045736195,0,orweinberger/blockchain-dashboard,NEG_01394,0,0
0,0.00044064995,0,osmanballi/Clock_app_that_tracks_Bitcoin_and_Ethereum,NEG_01395,0,0
0,0.0015737009,0,oumaoumag/smart-wallet-skeleton,NEG_01396,0,0
0,0.001082445,0,Outlier1217/stellar-ai-escrow-commerce-hackathon,NEG_01397,0,0
0,0.00036975738,0,Overtorment/cli-cold-wallet,NEG_01398,0,0
0,0.0023861886,0,Oxdevonchain/ethereum-nft-marketplace,NEG_01399,0,0
0,0.00047934245,0,oxofonime/Celo,NEG_01400,0,0
0,0.0006064776,0,P4-Games/VeriTrust-SmartContracts,NEG_01401,0,0
0,0.0010575444,0,p4u/blockmessage,NEG_01402,0,0
0,0.00027011707,0,pablopoggiog/polygon-name-service,NEG_01403,0,0
0,0.0005513776,0,pablwoAraujo/bitcoin-wallets,NEG_01404,0,0
0,0.0010622082,0,Pallavii-dev/Crypto-Transfer-web3,NEG_01405,0,0
0,0.0017847344,0,panaverse/defi-dapps-solidity-smart-contracts,NEG_01406,0,0
0,0.011336568,0,pancudaniel7/solidity-nft-auction,NEG_01407,0,0
0,0.00041962985,0,paniaguaadrian/nft-marketplace,NEG_01408,0,0
0,0.0063336254,0,pantunes/xtcryptosignals,NEG_01409,0,0
0,0.0005059333,0,paradigmxyz/solar,NEG_01410,0,0
0,0.0012492221,0,Parkhomets/crypto_solidity,NEG_01411,0,0
0,0.0011376553,0,parsaaba/FukiPay,NEG_01412,0,0
0,0.00058333745,0,parv3213/Multi-Signature-Wallet,NEG_01413,0,0
0,0.0004445331,0,pat3icki/ExzoCoin-2-0,NEG_01414,0,0
0,0.0021075385,0,patilom342/poc-stake,NEG_01415,0,0
0,0.00096378376,0,patrana/cryptographic-parcel-ledger,NEG_01416,0,0
0,0.0017459157,0,paulgconlon/blockchain-solidity-multi-sig-wallet,NEG_01417,0,0
0,0.00025944653,0,PaulLaux/eth-hot-wallet,NEG_01418,0,0
0,0.00066211756,0,paulmillr/noble-curves,NEG_01419,0,0
0,0.0003791351,0,PaulRBerg/prb-math,NEG_01420,0,0
0,0.00034277348,0,pawanpaudel93/damn-vulnerable-defi,NEG_01421,0,0
0,0.0004465324,0,pawurb/Locker,NEG_01422,0,0
0,0.0007538312,0,PaymagicXYZ/lensmo-fe,NEG_01423,0,0
0,0.0021000237,0,pbouget/AlyraSolidityVoting,NEG_01424,0,0
0,0.00046657468,0,pcaversaccio/createx,NEG_01425,0,0
0,0.00037479043,0,pcaversaccio/solidity-games,NEG_01426,0,0
0,0.00038931688,0,peace-source/bitcoin-bridge,NEG_01427,0,0
0,0.002974092,0,PeggyJV/sommelier,NEG_01428,0,0
0,0.00048846577,0,pepekingbnb/pepe-contracts,NEG_01429,0,0
0,0.0004950796,0,PepperWatch/rust,NEG_01430,0,0
0,0.000845593,0,persistenceOne/persistenceWallet,NEG_01431,0,0
0,0.0003771578,0,peter571/crypto-stats,NEG_01432,0,0
0,0.0012189954,0,PeterVermeulen01123/NFT-cryptoDevs,NEG_01433,0,0
0,0.00031550668,0,Petrosdevri/Solidity-Token-Contract,NEG_01434,0,0
0,0.0005011365,0,Phildo/ethbrute,NEG_01435,0,0
0,0.00088618515,0,PhilipAtEmcogma/CryptoKittiesNFTDapp,NEG_01436,0,0
0,0.0004945594,0,PiDAOLab/Pi-NFT-CryptoDragonKing,NEG_01437,0,0
0,0.004373844,0,PigCharid/ethereum-codeAnalysis,NEG_01438,0,0
0,0.009023848,0,piske-level/multi-chain-payment-gateway,NEG_01439,0,0
0,0.0015056919,0,Pixie1234/BlockchainCrypto,NEG_01440,0,0
0,0.0012555557,0,PL2134/Capstone-Project,NEG_01441,0,0
0,0.00027953988,0,Planxnx/defi-tx-kit,NEG_01442,0,0
0,0.00038662713,0,Planxnx/ethereum-wallet-generator,NEG_01443,0,0
0,0.0011511095,0,Plycedes/rps-web3,NEG_01444,0,0
0,0.00056798063,0,pmaji/crypto-whale-watching-app,NEG_01445,0,0
0,0.0045382464,0,pmontaguevans/ethereum-angular6-cryptogap,NEG_01446,0,0
0,0.00035245324,0,Pobepto/walle,NEG_01447,0,0
0,0.0005953313,0,pointbiz/bitaddress.org,NEG_01448,0,0
0,0.0034437825,0,polkadot-js/apps,NEG_01449,0,0
0,0.00046146725,0,Polkaverse/Substrate-Chain-to-deploy-Smart-Contract,NEG_01450,0,0
0,0.00077810825,0,Polygon-Academy/basicnfts,NEG_01451,0,0
0,0.0010978647,0,PolymathNetwork/polymath-core-deprecated,NEG_01452,0,0
0,0.00029011743,0,powerpool-finance/power-oracle-contracts,NEG_01453,0,0
0,0.007850294,0,pragmaxim-com/bitcoin-explorer,NEG_01454,0,0
0,0.0010812861,0,PrakyathReddy/CryptoDevs-NFT-Collection,NEG_01455,0,0
0,0.000605021,0,pramaths/simplewallet,NEG_01456,0,0
0,0.002549669,0,pranah/pranah,NEG_01457,0,0
0,0.00033717696,0,prasanna-rkumar/Cryptocurrency-Widgets-by-Wallet.app,NEG_01458,0,0
0,0.0018044215,0,prashantprabhakar/p-ethereum,NEG_01459,0,0
0,0.0004220407,0,prashantsingh55/ERC20-Tokens,NEG_01460,0,0
0,0.00032408375,0,prateek096/OnlinePolling_Blockchain,NEG_01461,0,0
0,0.0008931937,0,prathameshbelurkar/Blockchains,NEG_01462,0,0
0,0.00045290045,0,pratikshappai/cryptos,NEG_01463,0,0
0,0.018575981,0,prental/Defiewallet.crypto,NEG_01464,0,0
0,0.00028661924,0,prgblockweek/prague-blockchain-week,NEG_01465,0,0
0,0.0032257254,0,pRizz/CryptoNoter,NEG_01466,0,0
0,0.0017011905,0,problo/DeFireX-Contracts-V2,NEG_01467,0,0
0,0.008128544,0,PROFADAM/defi-token,NEG_01468,0,0
0,0.00040656867,0,ProgrammingPirates/Free_NFT_Drawing,NEG_01469,0,0
0,0.0029262907,0,project-serum/spl-token-wallet,NEG_01470,0,0
0,0.0004884425,0,ProjectOpenSea/nft-tutorial,NEG_01471,0,0
0,0.0011655382,0,prokey-io/prokey-webcore,NEG_01472,0,0
0,0.0021773912,0,PromiseGameFi/cyrrus-contract,NEG_01473,0,0
0,0.07486707,1,Promish984/IC-Pad,NEG_01474,0,0
0,0.00025034783,0,protofire/autoglyphs,NEG_01475,0,0
0,0.00048637504,0,provinzio/CoinTaxman,NEG_01476,0,0
0,0.00024995452,0,pubkey/eth-crypto,NEG_01477,0,0
0,0.00037587766,0,pulkitpal/defi-protocol-sdk,NEG_01478,0,0
0,0.0010675706,0,pvedha/HackIT_IX_Server,NEG_01479,0,0
0,0.00039309135,0,Pymmdrza/Rich-Address-Wallet,NEG_01480,0,0
0,0.00084194005,0,pysznybimber/BASE-crypto-chain-killer,NEG_01481,0,0
0,0.0006202012,0,pythoninthegrasses/nft_meetup,NEG_01482,0,0
0,0.001085862,0,qianq-jims/SmartBitcoin,NEG_01483,0,0
0,0.00053455046,0,qlyde/peek,NEG_01484,0,0
0,0.00063695107,0,qshuai/blockchain-wallet,NEG_01485,0,0
0,0.0037559972,0,qtumproject/qtum,NEG_01486,0,0
0,0.00047415931,0,quang1225/GoFox-Frontend,NEG_01487,0,0
0,0.015185068,0,QuantForgeOrg/PineTS,NEG_01488,0,0
0,0.00045691067,0,QuantLet/Blockchain_mechanism,NEG_01489,0,0
0,0.0007205235,0,QuanTumfuryxl/ethereum-arbitrage-suite-1,NEG_01490,0,0
0,0.00062550255,0,Quiark/Roboth.web3,NEG_01491,0,0
0,0.0009078701,0,quilime/evm-nft-contract-boilerplate,NEG_01492,0,0
0,0.00035842744,0,Quillhash/QuillAudit_smart_contract_audit_Reports,NEG_01493,0,0
0,0.002115943,0,R3D4NG3L/DebankScripts,NEG_01494,0,0
0,0.00023531074,0,ra0321/CryptoZombies,NEG_01495,0,0
0,0.00040707982,0,RabbyHub/Rabby,NEG_01496,0,0
0,0.0005278272,0,Racks-Community/MrCryptoIndexer,NEG_01497,0,0
0,0.00039424983,0,radixdlt/radix-dapp-toolkit,NEG_01498,0,0
0,0.0005032305,0,RafaBlockDev/Lending-Pool,NEG_01499,0,0
0,0.025052205,0,rafaelfariasbsb/polymarket,NEG_01500,0,0
0,0.0003319571,0,rafaelfgx/Blockchain,NEG_01501,0,0
0,0.0028522033,0,rafafortes/nft-ticket-system-ethereum,NEG_01502,0,0
0,0.0007254041,0,raft-fi/contracts,NEG_01503,0,0
0,0.0004240282,0,RageTrade/core,NEG_01504,0,0
0,0.0004892922,0,Raiden1411/zabi,NEG_01505,0,0
0,0.00060706225,0,rainbow-me/rainbow,NEG_01506,0,0
0,0.0031276615,0,rainbow-me/rainbowkit,NEG_01507,0,0
0,0.0024756843,0,RainbowMiner/RainbowMiner,NEG_01508,0,0
0,0.00024856237,0,raj-pranav/learn-solidity,NEG_01509,0,0
0,0.0007257232,0,Rajeshwarkanawat/CryptoWallet,NEG_01510,0,0
0,0.00046526184,0,raketic-ognjen/ZombieCrypto,NEG_01511,0,0
0,0.0069040013,0,Rami8612/liquidity-orchestrator,NEG_01512,0,0
0,0.0050208783,0,Ramprakash852/Proofify-Smart-Contract,NEG_01513,0,0
0,0.00031539993,0,ramyhardan/proof-of-existence,NEG_01514,0,0
0,0.0003469723,0,ranchimall/blockchainbonds,NEG_01515,0,0
0,0.001196093,0,rango-exchange/rango-sdk,NEG_01516,0,0
0,0.00078392006,0,rarepepi/nft-data,NEG_01517,0,0
0,0.0005404833,0,Rashi1005/Reputation-Forge-Crypto-Credit-Score-DApp,NEG_01518,0,0
0,0.0005338699,0,RavikantShinde05/Ethers_Academy,NEG_01519,0,0
0,0.0016075448,0,rawalraj022/One-Universal-Identity,NEG_01520,0,0
0,0.00090182084,0,raymondfam/defi-nft-marketplace-mumbai,NEG_01521,0,0
0,0.0010028243,0,raytsangGitHub/Cryptocurrency,NEG_01522,0,0
0,0.046429142,1,RazDwa1923/ML_Pred_Crypto,NEG_01523,0,0
0,0.0008022006,0,rbubyr777/Ethereum,NEG_01524,0,0
0,0.0012917927,0,RCarmelaVO/qhatuy-wallet,NEG_01525,0,0
0,0.001135674,0,rchak007/NFTArtMuseum,NEG_01526,0,0
0,0.0006791066,0,RDCH106/pycoinmon,NEG_01527,0,0
0,0.00023296432,0,re-nft/_v2_.sdk,NEG_01528,0,0
0,0.00069273805,0,reaperdragon/kittos-nft-marketplace,NEG_01529,0,0
0,0.00029384228,0,redacademy/ethereum-graphql,NEG_01530,0,0
0,0.008188096,0,redbuttonsa/crypt,NEG_01531,0,0
0,0.00033830648,0,RektifyAI/attack-playbook,NEG_01532,0,0
0,0.0010439353,0,RelapsedCode/qa-assuring-ethereum-tspvak,NEG_01533,0,0
0,0.0029747016,0,relyt29/Bubki-For-Ukraine-Contracts,NEG_01534,0,0
0,0.0004048441,0,remston-dsa/ETH-USD-price-feed-using-Chainlink-oracle-Web3-Brownie-Python-and-Solidity,NEG_01535,0,0
0,0.0025293387,0,remston-dsa/remston-dsa-NFT-token-rendered-on-OpenSea-testnet-using-Brownie-IPFS-Web3-and-ERC721-standard,NEG_01536,0,0
0,0.00056144665,0,renpool/renpool-contracts,NEG_01537,0,0
0,0.0011157272,0,reown-com/appkit,NEG_01538,0,0
0,0.0040795463,0,reown-com/reown_flutter,NEG_01539,0,0
0,0.0019438834,0,repirate/asset-recovery-tool,NEG_01540,0,0
0,0.0047102096,0,reshma149/crypto,NEG_01541,0,0
0,0.00030617067,0,RFMCR/Platzi_ETHDeveloperProgram2023,NEG_01542,0,0
0,0.00092055305,0,rgab1508/cryptoTSEC,NEG_01543,0,0
0,0.00043007697,0,richard-ramos/solidity-diagram-gen,NEG_01544,0,0
0,0.0008409791,0,rickstewartdev/Dbank,NEG_01545,0,0
0,0.00076802465,0,riglr/riglr,NEG_01546,0,0
0,0.00045585507,0,RigoBlock/v3-contracts,NEG_01547,0,0
0,0.00029608808,0,risc0/risc0-ethereum,NEG_01548,0,0
0,0.0005704141,0,riteesh-ram/DeFi-Group-Insurance,NEG_01549,0,0
0,0.011877681,0,ritikhzb/blockchain_SmartContracts,NEG_01550,0,0
0,0.00040299338,0,ritwik-1994/Blockchain,NEG_01551,0,0
0,0.0021416917,0,riyagoel192/Define-Blockchain-Python-,NEG_01552,0,0
0,0.002362717,0,rk98991439/Cryptocurrency-Wallet,NEG_01553,0,0
0,0.010546482,0,rm4328-d/web3de4,NEG_01554,0,0
0,0.0007075557,0,ro61zzy/crypto_zombies,NEG_01555,0,0
0,0.00045453315,0,robertcalvert/vscode-crypto-ticker,NEG_01556,0,0
0,0.0005139631,0,robhato/FFXIV-NFT-Smart-Contract,NEG_01557,0,0
0,0.002022413,0,robin-rrt/crypto-cares,NEG_01558,0,0
0,0.0007487786,0,Robin2164/nft1,NEG_01559,0,0
0,0.002902908,0,Robocular/defi-mcp,NEG_01560,0,0
0,0.006933741,0,rocksanen/crypto_smart_contracts,NEG_01561,0,0
0,0.0004966063,0,RocktimRajkumar/CrowdFunding-Ethereum,NEG_01562,0,0
0,0.0005505607,0,rohanhraj/MultiSignature-Wallet-SmartContract,NEG_01563,0,0
0,0.0007461168,0,rohanjsh/nft-marketplace,NEG_01564,0,0
0,0.0003366935,0,rohanranjan25061996/Wallet,NEG_01565,0,0
0,0.048695266,1,Rohit04052004/aave-credit-scoring-analysis,NEG_01566,0,0
0,0.013335658,0,Rohitw3code/web3-solidity-python,NEG_01567,0,0
0,0.0013483776,0,rolod0x/rolod0x,NEG_01568,0,0
0,0.0030549385,0,romanzaikin/From-Zero-to-Hero-in-Blockchain-Security-DefCon30-Workshop,NEG_01569,0,0
0,0.00032723002,0,ronylucca/nft-dungeons-slayers,NEG_01570,0,0
0,0.0020180389,0,RoseBayConsulting/Titan,NEG_01571,0,0
0,0.0019200925,0,roxxy-lanre/Conduit,NEG_01572,0,0
0,0.0005524073,0,roysowah/solarwind,NEG_01573,0,0
0,0.0003668645,0,rpardela/SmartContractAPIGenerator,NEG_01574,0,0
0,0.0015484485,0,rstkey/whitelist_token,NEG_01575,0,0
0,0.0067590536,0,rtb-12/PolkaGuard,NEG_01576,0,0
0,0.0003724564,0,ruppysuppy/Crypto-Crowdfund,NEG_01577,0,0
0,0.0002748367,0,ruqqq/blockchainparser,NEG_01578,0,0
0,0.006722811,0,rustjesty/bubblemaps-bypass-tool-rust,NEG_01579,0,0
0,0.019968158,0,rusty-web3-developer/Solana-Bitcoin-NFT-Dex-Defi-P2EGame-SmartContract-Web3-Projects,NEG_01580,0,0
0,0.0016195116,0,rustyneuron01/NFT-Launchpad-Alkanes,NEG_01581,0,0
0,0.000326692,0,rwth-acis/las2peer-registry-contracts,NEG_01582,0,0
0,0.0017702602,0,rxhul18/DeWall,NEG_01583,0,0
0,0.0004038968,0,RyanHaraki/ethereumjs,NEG_01584,0,0
0,0.0004151675,0,RyanKoech/Crypto_Fund,NEG_01585,0,0
0,0.0010820425,0,Ryu204/crypto_rocket,NEG_01586,0,0
0,0.0003205286,0,Ryz0nd/useWeb3Wallet,NEG_01587,0,0
0,0.0006112908,0,S-Amine/go-uni,NEG_01588,0,0
0,0.002286292,0,s-damian/hardhat-nft-ticketing,NEG_01589,0,0
0,0.007543392,0,s4larie/walletool,NEG_01590,0,0
0,0.0032159768,0,saaim23/QuantPilot,NEG_01591,0,0
0,0.002142401,0,saddle-finance/saddle-frontend,NEG_01592,0,0
0,0.00044741033,0,safe-fndn/safe-smart-account,NEG_01593,0,0
0,0.0020784866,0,safeblock-com/dex_contract,NEG_01594,0,0
0,0.008272361,0,sahilrohera10/Fusion_Wallet,NEG_01595,0,0
0,0.0032470003,0,Sahiru2007/Blockchain-based-healthcare-data-system-with-disease-prediction,NEG_01596,0,0
0,0.00054676016,0,saikun0293/gige-web3,NEG_01597,0,0
0,0.00041137132,0,salmanbao/tic-tac-toe,NEG_01598,0,0
0,0.018763086,0,Samarth208P/validator0x,NEG_01599,0,0
0,0.00045839942,0,sambacha/compendium,NEG_01600,0,0
0,0.0005154487,0,sambacha/create-subgraph-app,NEG_01601,0,0
0,0.00085971283,0,Sammers21/crypto-owl,NEG_01602,0,0
0,0.0010581531,0,Samuellyworld/Tippers,NEG_01603,0,0
0,0.004463972,0,sanjibbaral435/Ethereum_Solidity_Udemy,NEG_01604,0,0
0,0.0004643591,0,SANTHOSH17-DOT/HODL,NEG_01605,0,0
0,0.0043114256,0,santiellena/air-flatcoin-protocol,NEG_01606,0,0
0,0.00023485218,0,sanyamdogra/crypto-wall-et,NEG_01607,0,0
0,0.0006972526,0,SarathAdhi/Online_Poll_Creator_Blockchain,NEG_01608,0,0
0,0.00078526733,0,satansdeer/ethereum-token-tutorial,NEG_01609,0,0
0,0.00047144256,0,satisfywithmylife/phantom-py,NEG_01610,0,0
0,0.0004735897,0,SATO-Technologies/Hordes-Wallet,NEG_01611,0,0
0,0.0007579156,0,SatoshiPortal/bullbitcoin-mobile,NEG_01612,0,0
0,0.004361473,0,sava2109/Cryptography_project_PKI_smart_contract,NEG_01613,0,0
0,0.00054124626,0,Savjee/SavjeeCoin,NEG_01614,0,0
0,0.00047200354,0,saxenism/cryptoZombiesNFT,NEG_01615,0,0
0,0.0008311554,0,sayandas-sd/Scan_and_pay_Crypto,NEG_01616,0,0
0,0.0002564997,0,SBIP-Migration/aave-migrator,NEG_01617,0,0
0,0.00026182737,0,scaffold-eth/eth-components,NEG_01618,0,0
0,0.007746794,0,scholtz/wallet,NEG_01619,0,0
0,0.007581226,0,sciencemanepsilon/Blockchain_DeFi_Gaming,NEG_01620,0,0
0,0.00021834175,0,ScopeLift/endaoment,NEG_01621,0,0
0,0.0007012589,0,scotch53/Smart-Contract-for-Token-Minting-in-Solidity,NEG_01622,0,0
0,0.00093361404,0,sdelvalle57/bonding-curves,NEG_01623,0,0
0,0.00093977415,0,sdhosseinabadi/aleo-project,NEG_01624,0,0
0,0.0007188928,0,SebastienLeger02/CryptoZombies,NEG_01625,0,0
0,0.00041006674,0,sebetelist/bitcoin-wallet,NEG_01626,0,0
0,0.00045697624,0,sebitokazu/wave-and-token-ranking-dApp,NEG_01627,0,0
0,0.001166768,0,Sebx/blockchain_wallet,NEG_01628,0,0
0,0.00036436995,0,second-state/smart-contract-search-engine,NEG_01629,0,0
0,0.0028690652,0,SecorD0/evm-mnemonic-generator,NEG_01630,0,0
0,0.00045654847,0,secp256k2/secp256k2,NEG_01631,0,0
0,0.00038739986,0,seekerpig/nftSmartContract,NEG_01632,0,0
0,0.0019041689,0,sefaosm/Stake-X,NEG_01633,0,0
0,0.0017778049,0,SergioCifuentes/mpl-core-staking-frontend,NEG_01634,0,0
0,0.0018842814,0,setheum/setheum,NEG_01635,0,0
0,0.0014512477,0,sevdakeskin/Solidity-CryptoZombies,NEG_01636,0,0
0,0.00026661155,0,ShackAmeri/brownie-koalaStaking,NEG_01637,0,0
0,0.0066647725,0,ShadowGuardAI/crypto-hdwallet-analyzer,NEG_01638,0,0
0,0.0014876031,0,Shahroz-Hussain-Dev/Wallet,NEG_01639,0,0
0,0.00035442063,0,shaikat010/Gamefi-Chess-Dapp,NEG_01640,0,0
0,0.0009108481,0,Shaivpidadi/NFT-Dapp-Boilerplate,NEG_01641,0,0
0,0.00048582963,0,Shakedash-dev/ReverseBlockChainShell,NEG_01642,0,0
0,0.0009616132,0,shanefontaine/ethfinex-python,NEG_01643,0,0
0,0.0012883628,0,shape-network/builder-kit,NEG_01644,0,0
0,0.008868194,0,shapeshift/web,NEG_01645,0,0
0,0.006253628,0,shardeum/shardeum-docs,NEG_01646,0,0
0,0.008650293,0,Shashwat-Manglam-Jain/NFT-Blockchain,NEG_01647,0,0
0,0.00081061636,0,shawakash/payBox,NEG_01648,0,0
0,0.000402728,0,shifaj22/Nft_Marketplace_SmartContract,NEG_01649,0,0
0,0.009327894,0,shirley2749-dunn7/ethere1,NEG_01650,0,0
0,0.00028499984,0,ShivankK26/Crypto-Wallet-Extension,NEG_01651,0,0
0,0.00035713488,0,ShivankK26/Solidity-Smart-Contracts,NEG_01652,0,0
0,0.0008271076,0,ShivRaiGithub/DeFi-Assessment,NEG_01653,0,0
0,0.00082812685,0,shlima/fortune,NEG_01654,0,0
0,0.008914821,0,ShredSecurity/protocol-deployment-checklist,NEG_01655,0,0
0,0.00032232184,0,ShrikantaMazumder/crypto-zombie,NEG_01656,0,0
0,0.0014658272,0,shriya-upadhyay/fight-on-chain,NEG_01657,0,0
0,0.00030607672,0,shubhamguptaiitd/bitcoin,NEG_01658,0,0
0,0.0016320996,0,shumbushojeanbaptiste/Blockchain-task-2025,NEG_01659,0,0
0,0.00048581391,0,SiddharthaBhattacharjee/Python_Script_To_Access_Deployed_Smartcontract,NEG_01660,0,0
0,0.0005739847,0,siddot/Wallet,NEG_01661,0,0
0,0.0004958013,0,sidebetxyz/crypto-chess,NEG_01662,0,0
0,0.0003672328,0,SilentCicero/MultiSignatureWallet,NEG_01663,0,0
0,0.00038759713,0,SilentCicero/wafr,NEG_01664,0,0
0,0.0006652089,0,SimonPhoenix96/crypto-website,NEG_01665,0,0
0,0.00040485067,0,simplito/elliptic-php,NEG_01666,0,0
0,0.00050101214,0,SimSimButDifferent/hardhat-defi-fcc,NEG_01667,0,0
0,0.001224977,0,sincerely91/simple-defi,NEG_01668,0,0
0,0.0003081312,0,sirlopu/defi-stake-yield-brownie,NEG_01669,0,0
0,0.00048818116,0,SkSamreen3/Organ-Matching-Transplantation-Blockchain-,NEG_01670,0,0
0,0.0003286347,0,skundu42/CryptoWarz,NEG_01671,0,0
0,0.0012537141,0,Sky4Master/JS-DEX-TrackBot-Sky4Master,NEG_01672,0,0
0,0.00088760187,0,skydream118/NFTMarketplace,NEG_01673,0,0
0,0.0021843517,0,SkyPierIO/skypier-vpn,NEG_01674,0,0
0,0.0012047671,0,skysor/digital-assets,NEG_01675,0,0
0,0.0035170938,0,slaviquee/monolith,NEG_01676,0,0
0,0.0065171653,0,sletizia/serverless-trading-bot,NEG_01677,0,0
0,0.00037409615,0,Slidebits/ethereum-smart-contracts,NEG_01678,0,0
0,0.00049640797,0,smart-account-starter/smart-account-starter,NEG_01679,0,0
0,0.0011951022,0,smart-bsy/web3_crypto-smart-contract,NEG_01680,0,0
0,0.00033298502,0,smartbugs/smartbugs-curated,NEG_01681,0,0
0,0.0003985906,0,smartbugs/smartbugs-wild,NEG_01682,0,0
0,0.0002761642,0,smartbugs/smartbugs,NEG_01683,0,0
0,0.0004039665,0,smartcontract123/-Smart-Contract-Based-Cryptocurrency-MlM-Software-Development-On-Tron-Ethereum-Smart-contract-Deve,NEG_01684,0,0
0,0.00066704646,0,smartcontractkit/chainlink-ruby,NEG_01685,0,0
0,0.0011642184,0,smartcontractkit/defi-minimal,NEG_01686,0,0
0,0.0005782943,0,SmolDapp/smoldapp,NEG_01687,0,0
0,0.00038192727,0,smolgroot/prometheus-vanity-generator,NEG_01688,0,0
0,0.00058364664,0,snannamu/E-Voting-System-Based-on-Ethereum-Blockchain-,NEG_01689,0,0
0,0.0008651109,0,sntsabode/daisweb3.ts,NEG_01690,0,0
0,0.00032627833,0,sobi983/Binance-Marketplace-NFT-transfer-automation,NEG_01691,0,0
0,0.00091323873,0,SofianeHamlaoui/Cryto-Minning-Simulator,NEG_01692,0,0
0,0.00035444193,0,softstack/Smart-Contract-Security-Audits,NEG_01693,0,0
0,0.00022284535,0,solangegueiros/dapp-register,NEG_01694,0,0
0,0.004017663,0,solguru310/solana-wallet-tracking-bot,NEG_01695,0,0
0,0.015431114,0,solidityDev05/defi-by-example,NEG_01696,0,0
0,0.0002763834,0,solidityj/solidity-antlr4,NEG_01697,0,0
0,0.00033748115,0,solidstate-network/solidstate-solidity,NEG_01698,0,0
0,0.00067860814,0,Solomon-0xGuardian/solana_guessing_game,NEG_01699,0,0
0,0.00028545887,0,solomoncools/nft-minter-bep721,NEG_01700,0,0
0,0.00037863338,0,somesh-banerjee/Hospital-Records-Blockchain,NEG_01701,0,0
0,0.00064836367,0,SonOfMosiah/maxx-finance-subgraph,NEG_01702,0,0
0,0.0074820505,0,SoshiCrmProject/btcyield-platform,NEG_01703,0,0
0,0.0005935169,0,sounxk/Web3Escrow,NEG_01704,0,0
0,0.00028656432,0,spareleg/bitcoin-ticker,NEG_01705,0,0
0,0.00039609536,0,sparrowwallet/sparrow,NEG_01706,0,0
0,0.0010290242,0,Spectral-Finance/scraped-sol-files,NEG_01707,0,0
0,0.00085827924,0,spesmilo/electrum,NEG_01708,0,0
0,0.008604388,0,spesmulla/electrum,NEG_01709,0,0
0,0.0033347984,0,SpiderOak/Encryptr,NEG_01710,0,0
0,0.0004511362,0,spotlightgroup/DonateDapp,NEG_01711,0,0
0,0.0015596041,0,Springbock99/hd-wallet,NEG_01712,0,0
0,0.0011634956,0,springmacedonio-sys/Somnia-DeFi-Wallet,NEG_01713,0,0
0,0.0010122214,0,SqueezerIO/squeezer,NEG_01714,0,0
0,0.0018896142,0,sr2echa/DMD,NEG_01715,0,0
0,0.00048671168,0,sripwoud/ethernaut,NEG_01716,0,0
0,0.0065123755,0,SSSami22/Crypto,NEG_01717,0,0
0,0.0028226369,0,stacks-archive/blockstack-browser,NEG_01718,0,0
0,0.00046280384,0,Stacktical/stacktical-dsla-developer-toolkit,NEG_01719,0,0
0,0.0006062496,0,stater-co/nft-lending-contracts,NEG_01720,0,0
0,0.0005816896,0,status-im/status-legacy,NEG_01721,0,0
0,0.00027626852,0,stefannovasky/cryptocurrency-smart-contract,NEG_01722,0,0
0,0.0018586922,0,stellarnodeN/Q3_25_NFT_Staking,NEG_01723,0,0
0,0.00084766466,0,stellar/stellar-ledger-data-indexer,NEG_01724,0,0
0,0.00053750793,0,StephanAkkerman/crypto-ohlcv,NEG_01725,0,0
0,0.00028896134,0,Stephen-Kimoi/NFT-collection,NEG_01726,0,0
0,0.00053578743,0,stevenbooke/decentralized-crowdfunding,NEG_01727,0,0
0,0.00053056993,0,StevenMolina22/cryptocoin,NEG_01728,0,0
0,0.0008755911,0,Stor-Network/stor-blockchain,NEG_01729,0,0
0,0.00035235749,0,StratosGrig/BlockchainProjects,NEG_01730,0,0
0,0.00043772376,0,stravid87/nft_mgt_protocol,NEG_01731,0,0
0,0.002373798,0,Strykr-Prism/realtime-crypto-price-api,NEG_01732,0,0
0,0.0029741346,0,suarja/memoria-eterna-nft,NEG_01733,0,0
0,0.0016685057,0,subsixx/Pinsurance,NEG_01734,0,0
0,0.0004610729,0,Sudhanmanoharan/MarketPlace-BlockChain,NEG_01735,0,0
0,0.0004491463,0,Sukoed/nft-minting-engine,NEG_01736,0,0
0,0.0005939068,0,sumit03guha/smart-contracts-development-boilerplate,NEG_01737,0,0
0,0.0006488399,0,summa-tx/coins,NEG_01738,0,0
0,0.0017744352,0,sun-blockchain/harmony-pet,NEG_01739,0,0
0,0.0012334131,0,sunby16/web3-portfolio,NEG_01740,0,0
0,0.0011783078,0,Sunilshah-7/web3-blockchain-curve,NEG_01741,0,0
0,0.0014979943,0,sunjiangjun/supernode,NEG_01742,0,0
0,0.00058303284,0,sunnyRK/EthIndia-HackJaipur,NEG_01743,0,0
0,0.0004436959,0,sunshineioxzc/nft-sales-tracking-bot,NEG_01744,0,0
0,0.0007687617,0,SunWeb3Sec/DeFiHackLabs,NEG_01745,0,0
0,0.0003970649,0,SunWeb3Sec/DeFiVulnLabs,NEG_01746,0,0
0,0.00028908617,0,supercoolx/NFT-Contract-Utilities,NEG_01747,0,0
0,0.00041713976,0,superDev427/BlockChain-Tra,NEG_01748,0,0
0,0.0015721763,0,superfluid-org/protocol-monorepo,NEG_01749,0,0
0,0.00046435976,0,SuperRich/soliditywallet,NEG_01750,0,0
0,0.002195301,0,supragya/CryptographyResearch,NEG_01751,0,0
0,0.00041035653,0,suribartek9/btc-eth,NEG_01752,0,0
0,0.0014754343,0,svanas/migratooor,NEG_01753,0,0
0,0.00025203265,0,Swap76/Supply-Chain-Using-Blockchain,NEG_01754,0,0
0,0.00041691278,0,swapkit/SwapKit,NEG_01755,0,0
0,0.0013152016,0,swaponline/MultiCurrencyWallet,NEG_01756,0,0
0,0.0007567901,0,swarupyeole11/BlockchainCryptography,NEG_01757,0,0
0,0.0006966704,0,sweetmantech/nft-factory,NEG_01758,0,0
0,0.0003060411,0,sweetmantech/NFT-Polygon-Minting,NEG_01759,0,0
0,0.0020069573,0,SwezyDev/MultiExodus,NEG_01760,0,0
0,0.00045560047,0,Swizec/blockchain-redux,NEG_01761,0,0
0,0.00061894755,0,swrno/adopt-pet,NEG_01762,0,0
0,0.0026374953,0,SXNGE4444/magic-crypto-app,NEG_01763,0,0
0,0.002607547,0,sxnuru/FentaCode,NEG_01764,0,0
0,0.00031506183,0,syedsimanta03/solana-NFT,NEG_01765,0,0
0,0.0021676712,0,syncrao/blockchain-rust,NEG_01766,0,0
0,0.0012215036,0,Synthetixio/SIPs,NEG_01767,0,0
0,0.0028283186,0,Synthetixio/synthetix-js,NEG_01768,0,0
0,0.0011894646,0,Synthetixio/synthetix,NEG_01769,0,0
0,0.00058210525,0,tahowallet/extension,NEG_01770,0,0
0,0.00047379336,0,Talent-Index/StableCoin-Project,NEG_01771,0,0
0,0.002259731,0,TaliaKaza/CryptoSentinel,NEG_01772,0,0
0,0.014782094,0,talonlab/hdwallet-desktop,NEG_01773,0,0
0,0.00079550553,0,tamago-labs/legato-finance,NEG_01774,0,0
0,0.003177147,0,tamjid0x01/awesome-smartcontract-hacking,NEG_01775,0,0
0,0.00093222514,0,tanish35/Blockchain-Tracker,NEG_01776,0,0
0,0.0012929646,0,tankbottoms/tiles-on-chain,NEG_01777,0,0
0,0.0003476143,0,tanujajoshi1/solidityContracts,NEG_01778,0,0
0,0.0006065091,0,TanujJha/OpenD-NFT-Marketplace,NEG_01779,0,0
0,0.0020472978,0,tanviedev/AaveV2-BehavIQ,NEG_01780,0,0
0,0.0010047418,0,taoteh1221/Open_Crypto_Tracker,NEG_01781,0,0
0,0.0005527626,0,taoteh1221/Slideshow_Crypto_Ticker,NEG_01782,0,0
0,0.00031942246,0,tarun-upadhyay/the-matrix-labs-assignment,NEG_01783,0,0
0,0.0024834364,0,TasmeTime/yt-react-next-ui-crypto-nft,NEG_01784,0,0
0,0.00035252445,0,taylorjdawson/eth-chains,NEG_01785,0,0
0,0.03620516,0,tayyabappoly/bitcoin-wallet-that-uses-Neutrino,NEG_01786,0,0
0,0.0012298439,0,tcyeee/PixWallet,NEG_01787,0,0
0,0.0021885596,0,teal-finance/rainbow,NEG_01788,0,0
0,0.004416325,0,teamssUTXO/bitcoin_mcp,NEG_01789,0,0
0,0.0003308522,0,TechRate/Smart-Contract-Audits,NEG_01790,0,0
0,0.0016472215,0,teefeh-07/DefiDungeons,NEG_01791,0,0
0,0.002443567,0,tega-tahir/ArtBridge,NEG_01792,0,0
0,0.0016471611,0,TegroTON/DEX-TON-contracts,NEG_01793,0,0
0,0.0009688788,0,TegroTON/ton3-client,NEG_01794,0,0
0,0.0008796297,0,TeleportDAO/teleswap-contracts-evm,NEG_01795,0,0
0,0.0017265107,0,ten-protocol/go-ten,NEG_01796,0,0
0,0.001444857,0,Tenosia/Wallet-Multi-SDK,NEG_01797,0,0
0,0.00048116446,0,terrygmk/NFT-Collection,NEG_01798,0,0
0,0.0017431206,0,tesla809/erc-20-tutorial,NEG_01799,0,0
0,0.0020516699,0,Teyik0/solidity-order-book,NEG_01800,0,0
0,0.00071169616,0,Tezsure/plenty-wallet,NEG_01801,0,0
0,0.0004044418,0,ThalesBMC/crypto-wallet,NEG_01802,0,0
0,0.0016160767,0,The-Poolz/LockDealNFT.Builders,NEG_01803,0,0
0,0.00194838,0,the-sauravkumar/icp_token_wallet,NEG_01804,0,0
0,0.00046348458,0,theblockbrain/ai-safeguard,NEG_01805,0,0
0,0.00023205008,0,theblockchainchief/web3-hub,NEG_01806,0,0
0,0.0006345166,0,theblockstalk/inter-crypto,NEG_01807,0,0
0,0.0006493469,0,TheDancingBananas/dancing-bananas-front-end,NEG_01808,0,0
0,0.00093553116,0,thedarkhorse934/ai-blockchain-explainer,NEG_01809,0,0
0,0.00032022287,0,thenua3bhai/backend-nft-marketplace-ethereum,NEG_01810,0,0
0,0.0008262013,0,TheODDYSEY/Vending-Machine-Smart-Contract,NEG_01811,0,0
0,0.00034993514,0,theshefer/NFT-lazy-minting,NEG_01812,0,0
0,0.00024025084,0,thirdweb-dev/thirdweb-cli,NEG_01813,0,0
0,0.0003805696,0,thisiskeanyvy/blocktracker,NEG_01814,0,0
0,0.0014277643,0,thoangln/Blockchain-SmartContract,NEG_01815,0,0
0,0.00082933344,0,thomas21-jquerry/Casino,NEG_01816,0,0
0,0.00056044897,0,threshold-network/tbtc-v2,NEG_01817,0,0
0,0.00039805216,0,Throvn/web3-multi-signature-wallet,NEG_01818,0,0
0,0.0023367761,0,timxor/payment-api,NEG_01819,0,0
0,0.0005339111,0,timyiu478/cryptocurrencies-blockchain-technologies-stanford,NEG_01820,0,0
0,0.006603721,0,tinovyatkin/pass-js,NEG_01821,0,0
0,0.0003801425,0,tintinweb/smart-contract-sanctuary-arbitrum,NEG_01822,0,0
0,0.0007017125,0,tiwarisakshi28/Multisignature-wallet,NEG_01823,0,0
0,0.0005265564,0,TJ-2004/dechai,NEG_01824,0,0
0,0.0017648813,0,tmdi123/amazing-cat-,NEG_01825,0,0
0,0.00037944372,0,tmiess/CryptoBase,NEG_01826,0,0
0,0.00037750188,0,tnkerer/vestingVault,NEG_01827,0,0
0,0.00509236,0,tomerweller/exp-tempo-clones,NEG_01828,0,0
0,0.0005193182,0,tomteman/attendr,NEG_01829,0,0
0,0.0018276307,0,tonkeeper/ton-console,NEG_01830,0,0
0,0.0005240529,0,Toporin/Satodime-Applet,NEG_01831,0,0
0,0.004004945,0,topsecretagent007/smart-contract-web3-projects,NEG_01832,0,0
0,0.0013910056,0,Topten1004/DoubleDice-Platform,NEG_01833,0,0
0,0.0008725546,0,Topten1004/NFT-Marketplace-ERC1155,NEG_01834,0,0
0,0.00074086594,0,tosynthegeek/mcw,NEG_01835,0,0
0,0.00024323378,0,toto-1010/nft-smart-contracts-basic1,NEG_01836,0,0
0,0.0016330098,0,TP-Lab/key-generator,NEG_01837,0,0
0,0.0002680772,0,TP-Lab/Mobile-SDK,NEG_01838,0,0
0,0.0004685261,0,tr1sm0s1n/go-dapp-example,NEG_01839,0,0
0,0.00087380095,0,tradingstrategy-ai/trade-executor,NEG_01840,0,0
0,0.0043471735,0,tradingstrategy-ai/web3-ethereum-defi,NEG_01841,0,0
0,0.00052627036,0,TradMod/awesome-audits-checklists,NEG_01842,0,0
0,0.0006494459,0,Trapesys/pandoras-box,NEG_01843,0,0
0,0.00043285958,0,treejer/contract,NEG_01844,0,0
0,0.00057703204,0,TrentPierce/Ethereum-Address-Collider,NEG_01845,0,0
0,0.012895733,0,TrinetixHubs/PixelVerse,NEG_01846,0,0
0,0.011579066,0,tronprotocol/wallet-cli,NEG_01847,0,0
0,0.0012353366,0,Trum3it/bsc-web3-connector,NEG_01848,0,0
0,0.00028147182,0,trustless-fund/trustless-fund,NEG_01849,0,0
0,0.0003966217,0,trustwallet/trust-wallet-ios,NEG_01850,0,0
0,0.0003401925,0,trustwallet/wallet-core,NEG_01851,0,0
0,0.00090153044,0,Tsatsch/Web3DevLearn,NEG_01852,0,0
0,0.0011058515,0,tsauvajon/cryptoblobs,NEG_01853,0,0
0,0.019808259,0,TShanku/linked-chain,NEG_01854,0,0
0,0.0044452744,0,Tswaanda/tswaanda-marketplace,NEG_01855,0,0
0,0.00036853796,0,tunnckoCore/bitcoin-connect,NEG_01856,0,0
0,0.0012267113,0,turbo-eth/template-bank-app,NEG_01857,0,0
0,0.0010402863,0,turtlemarket/contract,NEG_01858,0,0
0,0.0018186086,0,TW2541/Solidity_Web3_Practice_Python,NEG_01859,0,0
0,0.00063387677,0,txtx/txtx,NEG_01860,0,0
0,0.001985682,0,uhsr/BlockchainNFTCertificateAuthority,NEG_01861,0,0
0,0.00094015745,0,uhsr/BlockchainNFTRegistryPlatformX,NEG_01862,0,0
0,0.001550554,0,uhsr/BlockchainNftRegistrySolutionsX,NEG_01863,0,0
0,0.0022758932,0,uhsr/BlockchainNftRegistryStudioPro,NEG_01864,0,0
0,0.0021015492,0,uhsr/BlockchainNFTVaultManagerCorePro,NEG_01865,0,0
0,0.0018049345,0,uhsr/BlockchainNFTVaultManagerPlatformUltra,NEG_01866,0,0
0,0.0011977399,0,uhsr/BlockchainNFTVaultManagerPlatformX,NEG_01867,0,0
0,0.006435791,0,uhsr/CryptoKeyVaultManager,NEG_01868,0,0
0,0.008010686,0,uhsr/CryptoLedgerParser,NEG_01869,0,0
0,0.0018890604,0,uhsr/CryptoSecurityToolkit,NEG_01870,0,0
0,0.014053501,0,uhsr/CryptoShieldFramework,NEG_01871,0,0
0,0.0101942,0,uhsr/NftMetadataIndexerTechNext,NEG_01872,0,0
0,0.00029257569,0,UMAprotocol/docs,NEG_01873,0,0
0,0.0005523707,0,UMAprotocol/protocol,NEG_01874,0,0
0,0.0029186404,0,unobrandon/DefiWallet,NEG_01875,0,0
0,0.0028891838,0,uola9210-cmd/BTC-or-ETH,NEG_01876,0,0
0,0.0007325613,0,uport-project/uport-connect,NEG_01877,0,0
0,0.00050999486,0,UraniumCorporation/solana-payout-action,NEG_01878,0,0
0,0.00082183676,0,UssCalSst41/Xyn-SeedWatcher-Crypto-Balance-Checker-Searcher-MultiCoin,NEG_01879,0,0
0,0.0032713278,0,utsavempiric20/multi-signature-wallet-factory-solidity,NEG_01880,0,0
0,0.0032713278,0,utsavempiric20/token-wallet-solidity,NEG_01881,0,0
0,0.000585912,0,uwu-labs/waifusion-site,NEG_01882,0,0
0,0.0010613671,0,v3xlabs/open-lavatory,NEG_01883,0,0
0,0.00042301364,0,valamicorp/top100token-ape-bot,NEG_01884,0,0
0,0.0008298418,0,vancelin/ethereum-event-tracker,NEG_01885,0,0
0,0.00060701167,0,vanchoy/nft-collection,NEG_01886,0,0
0,0.00065893476,0,VaultLayer/vaultlayer-sdk,NEG_01887,0,0
0,0.00091842725,0,vdimitriad/Uncuffed,NEG_01888,0,0
0,0.0011085564,0,vdsalexandre/CryptoZombies,NEG_01889,0,0
0,0.0003457074,0,vdutts7/ai-generated-nfts,NEG_01890,0,0
0,0.00040395206,0,vechain/web3-gear,NEG_01891,0,0
0,0.0006231323,0,ved-et9/Blockchain_web3,NEG_01892,0,0
0,0.03238758,0,Vedant7789/defi_wallet_score,NEG_01893,0,0
0,0.0064545944,0,VedikaaSankhe/ds_VedikaSankhe,NEG_01894,0,0
0,0.00083248666,0,Velocity-BPA/n8n-nodes-aztec,NEG_01895,0,0
0,0.0022131284,0,Velocity-BPA/n8n-nodes-pendle,NEG_01896,0,0
0,0.0004842378,0,VeloraDEX/sdk,NEG_01897,0,0
0,0.0047716117,0,vergecurrency/verge,NEG_01898,0,0
0,0.00083097373,0,VersoriumX/web3,NEG_01899,0,0
0,0.0005513689,0,vgrichina/web4,NEG_01900,0,0
0,0.0003779446,0,vhidvz/crypto-aio,NEG_01901,0,0
0,0.00023692987,0,viaprotocol/format-crypto,NEG_01902,0,0
0,0.0056433585,0,viaweb3/cryptocast-desktop,NEG_01903,0,0
0,0.00036591812,0,victorykop/Buildspace-Wave-Portal-Backend,NEG_01904,0,0
0,0.0008124607,0,ViditGalav/NFT-Synthesizer-Sol-Breeder,NEG_01905,0,0
0,0.000796834,0,vigneshbalu96/Inherited-ERC-20-contract,NEG_01906,0,0
0,0.0005361928,0,Vikash-8090-Yadav/Learn-Earn-in-WEB3,NEG_01907,0,0
0,0.00034735957,0,Viken-Blockchain-Solutions/Solidity-files,NEG_01908,0,0
0,0.0007216436,0,ViktorVL584/Crypto-News-Aggregator,NEG_01909,0,0
0,0.005258522,0,vilicvane/megnat,NEG_01910,0,0
0,0.0013305646,0,vinnyhoward/rn-crypto-wallet,NEG_01911,0,0
0,0.00032802337,0,viperadnan-git/blockdoc,NEG_01912,0,0
0,0.0009727788,0,vipul-69-ax/CryptoFlip,NEG_01913,0,0
0,0.012370891,0,vishal-kr007/walletSmartContract,NEG_01914,0,0
0,0.00035251153,0,vishnoitanuj/Blockchain-Cryptocurrency,NEG_01915,0,0
0,0.0016220887,0,VishviThrimavithana/crypto-arbitrage-bot,NEG_01916,0,0
0,0.00025480494,0,Vitali-workspace/Crypto-Testnet-Faucet,NEG_01917,0,0
0,0.0006778012,0,Vitalik-Hakim/antimony,NEG_01918,0,0
0,0.00031584164,0,vitalkamuntu/Crypto-wallet,NEG_01919,0,0
0,0.0003434288,0,VitalR/NFTLazyMinting,NEG_01920,0,0
0,0.00035927104,0,VitalR/Uniswap,NEG_01921,0,0
0,0.0002852959,0,vittominacori/solidity-starter-kit,NEG_01922,0,0
0,0.000483501,0,vitwit/Multisig-Wallet-ERC20,NEG_01923,0,0
0,0.002156768,0,vivekananand-cpu/web3-blockchain-nft-drop-app,NEG_01924,0,0
0,0.0006795553,0,Vivojay/De-Fi-Infidelity-Coders,NEG_01925,0,0
0,0.039031576,0,vjbhandari61/web3-authentication,NEG_01926,0,0
0,0.0016120157,0,vjgaur/bitcoin-wallet,NEG_01927,0,0
0,0.00039883956,0,vjgaur/NFT-Ethereum-Polygon-Marketplace,NEG_01928,0,0
0,0.0003601635,0,vm542/bitcoin-wallet-bot,NEG_01929,0,0
0,0.000732732,0,vmeazevedo/myCrypto_MercadoBitcoin,NEG_01930,0,0
0,0.0006900908,0,vmieres/BlockChain-Python,NEG_01931,0,0
0,0.0006479075,0,vorburger/awesome-decentralized-internet-web3-blockchain-p2p-security-world-cloud,NEG_01932,0,0
0,0.022106783,0,vrakesh2907/MicroLend,NEG_01933,0,0
0,0.00050887145,0,VulnPlanet/l3x,NEG_01934,0,0
0,0.006344069,0,vvizardev/pump-smart-contract-solidity,NEG_01935,0,0
0,0.0021904525,0,vvizardev/wizardev,NEG_01936,0,0
0,0.00041282587,0,vykuntaharsha/cryptocurrency-and-smart-contract,NEG_01937,0,0
0,0.0006672327,0,wallet-agent/wallet-agent,NEG_01938,0,0
0,0.0018604756,0,Wallet3/Wallet3-Desktop,NEG_01939,0,0
0,0.0014787694,0,Wallet3/Wallet3,NEG_01940,0,0
0,0.0023237471,0,WalletConnect/walletconnect-monorepo,NEG_01941,0,0
0,0.00031657692,0,walleth/walleth,NEG_01942,0,0
0,0.0008534677,0,Walletika/walletika-contracts,NEG_01943,0,0
0,0.00026080039,0,WalletsTool/WalletsTool,NEG_01944,0,0
0,0.0005573377,0,WalletWasabi/WalletWasabi,NEG_01945,0,0
0,0.00048117797,0,walt-id/waltid-walletkit,NEG_01946,0,0
0,0.000603628,0,wanglinyang/nft-collection,NEG_01947,0,0
0,0.00047506572,0,wangshijun/ethereum-lottery-dapp,NEG_01948,0,0
0,0.0004646387,0,wangtengjiao1997/Encode-Solidity-Bootcamp,NEG_01949,0,0
0,0.00080298254,0,wardu/Crypto-Resources,NEG_01950,0,0
0,0.000347341,0,warmkey-finance/bitcoin-cryptocurrency-tutorial,NEG_01951,0,0
0,0.0024015093,0,wasiiff/blokk-lens,NEG_01952,0,0
0,0.0011643027,0,wcoelho/BitcoinMinerPrototype,NEG_01953,0,0
0,0.0017150007,0,WeaverFi/api,NEG_01954,0,0
0,0.0013622891,0,WeaverFi/cookietrack-api,NEG_01955,0,0
0,0.00034043504,0,WeaverFi/weaverfi,NEG_01956,0,0
0,0.00024131675,0,Web3-Club/Blockchain-Developer-roadmap_Chinese,NEG_01957,0,0
0,0.0005934372,0,Web3Auth/Auth,NEG_01958,0,0
0,0.0010161696,0,web3brasil/web3brasil,NEG_01959,0,0
0,0.0010779389,0,web3builder7/Diversehq,NEG_01960,0,0
0,0.00054311025,0,web3crafter/NFTCollection_Crypto-Devs,NEG_01961,0,0
0,0.0067131193,0,web3gamesofficial/web3games-contract-solidity,NEG_01962,0,0
0,0.0007143823,0,web3inventor/web3-wallet-brute-force-cracking,NEG_01963,0,0
0,0.00031196707,0,Web3Philippines/homepage,NEG_01964,0,0
0,0.0017382104,0,web3privacy/web3privacy,NEG_01965,0,0
0,0.0006414137,0,web3p/web3.php,NEG_01966,0,0
0,0.0003906063,0,weex/Live-bitcoin-transactions,NEG_01967,0,0
0,0.0017438733,0,weichen466/CryptoCrowd,NEG_01968,0,0
0,0.0004676674,0,weiweiyeih/web3.0-lottery-frontend-app,NEG_01969,0,0
0,0.0004580063,0,wencio/python_solidity_Web3_examples,NEG_01970,0,0
0,0.031621814,0,westhoronhp15/HOW-TO-MINING-BTC-2025,NEG_01971,0,0
0,0.00081200013,0,wevm/awesome-wagmi,NEG_01972,0,0
0,0.0007075557,0,whoaryu/cryptozombies,NEG_01973,0,0
0,0.00065370527,0,wilhelmagren/ethereum-dev,NEG_01974,0,0
0,0.003464706,0,WilliamMassalino/foundry-app,NEG_01975,0,0
0,0.0034516547,0,wilmacedo/wallet-discover-server,NEG_01976,0,0
0,0.0030035106,0,WISEPLAT/backtrader_bybit,NEG_01977,0,0
0,0.00036080167,0,WizardOfAus/WizardsEthereumWorkshop,NEG_01978,0,0
0,0.0006620337,0,wizardsardine/liana,NEG_01979,0,0
0,0.0012044607,0,wpdas/kibi-greeting-contract,NEG_01980,0,0
0,0.00028157464,0,wsdt/WavectToken,NEG_01981,0,0
0,0.00041985678,0,wslyvh/clean-contracts,NEG_01982,0,0
0,0.00031041514,0,wslyvh/useWeb3,NEG_01983,0,0
0,0.0010520077,0,WTFAcademy/WTF-CTF,NEG_01984,0,0
0,0.0030208088,0,xabzxbt/brass-hands,NEG_01985,0,0
0,0.00046684608,0,xaini-x/cross-chain-Bridge,NEG_01986,0,0
0,0.00042511005,0,Xalt8/Vyper,NEG_01987,0,0
0,0.00416309,0,xaviersins/CryptoMesh,NEG_01988,0,0
0,0.00082867465,0,xavierzho/dex-sdk,NEG_01989,0,0
0,0.00037904692,0,xBacked-DAO/algorand-wallet-select,NEG_01990,0,0
0,0.0007087377,0,xcncncnddddd/fundme_lesson,NEG_01991,0,0
0,0.00052084634,0,xeoneux/generation-blockchain-crypto-tracker,NEG_01992,0,0
0,0.0022450192,0,xerion12/Dapp-algorand,NEG_01993,0,0
0,0.0007949584,0,xfolio-dao/xfolio-react-chrome,NEG_01994,0,0
0,0.0005337569,0,xlnfinance/xln,NEG_01995,0,0
0,0.004837066,0,xPOURY4/crypto-toolkit,NEG_01996,0,0
0,0.0013795826,0,xqyet/BlockchainAddressSpoofer,NEG_01997,0,0
0,0.0022188206,0,XRPLF/xrpl.js,NEG_01998,0,0
0,0.012993286,0,xsen215/Web3-Solana-Bitcoin-NFT-Dex-Defi-P2EGame-SmartContract-Projects,NEG_01999,0,0
0,0.00085287297,0,xueqianLu/txpress,NEG_02000,0,0
0,0.004805288,0,XXXGutierrezXXX/defi-staking-smart-contract-solana,NEG_02001,0,0
0,0.00084427185,0,xyzerobtc/BitcoinPizzaNFT,NEG_02002,0,0
0,0.0005196386,0,y-chan/handmade_blockchain,NEG_02003,0,0
0,0.0009997793,0,Y-Xiang-hub/Crowdsourcing-With-Smart-Contract,NEG_02004,0,0
0,0.00059626374,0,yakiyahi/projet-web3,NEG_02005,0,0
0,0.00035121437,0,yann1ckv/Marketplace_dapp,NEG_02006,0,0
0,0.00044986786,0,yannvr/lendx,NEG_02007,0,0
0,0.0004356698,0,yanukadeneth99/Meme-NFT,NEG_02008,0,0
0,0.0004964224,0,yao-tx/CryptoZombies,NEG_02009,0,0
0,0.00035821853,0,YarovoyVladimir09/rust-solana-NftLoanPlatform,NEG_02010,0,0
0,0.001619103,0,Yassin-MT/EETP,NEG_02011,0,0
0,0.002197826,0,YassineMharrek/Phenicia-Metaverse,NEG_02012,0,0
0,0.004334989,0,yatharth1444/Token-Wallet-on-ICP-Blockchain,NEG_02013,0,0
0,0.00065538863,0,yearn/NFTreasury,NEG_02014,0,0
0,0.00073119666,0,yeasy/blockchain_guide,NEG_02015,0,0
0,0.00033465453,0,yessGlory17/nft-marketplace,NEG_02016,0,0
0,0.0007208514,0,yeswadams/CryptoKitty,NEG_02017,0,0
0,0.014421356,0,YieldHabitat/YieldHabitat_,NEG_02018,0,0
0,0.00078641233,0,yigittopm/lkd-web3-blockchain,NEG_02019,0,0
0,0.0011363849,0,YiJie-Zhu/Crypto-Identity,NEG_02020,0,0
0,0.00054478546,0,yippee-ki-yay/CryptoJingles,NEG_02021,0,0
0,0.0004699019,0,yogdaan/blockchain-certification,NEG_02022,0,0
0,0.001378761,0,yokeld/solgo,NEG_02023,0,0
0,0.00051515276,0,YordanPavlov/BlockchainRoulette,NEG_02024,0,0
0,0.00078181823,0,YosephKS/moralis-opensea-plugins,NEG_02025,0,0
0,0.00053363485,0,YosephKS/truffle-opensea-nft,NEG_02026,0,0
0,0.0014135843,0,Yourmix0x/webwag-tiri,NEG_02027,0,0
0,0.00021836403,0,ysongh/blockchain-on-restaurant-client,NEG_02028,0,0
0,0.0003562263,0,yuichiroaoki/typescript-hardhat,NEG_02029,0,0
0,0.004998045,0,yunanah/nft-wallet-yoorabaek,NEG_02030,0,0
0,0.007967127,0,yurkenchik/Crypto-Ethereum-TTE-blockchain,NEG_02031,0,0
0,0.00030320746,0,yuzushioh/EthereumKit,NEG_02032,0,0
0,0.0003185615,0,zafar-saleem/blockchain-node,NEG_02033,0,0
0,0.0014179527,0,Zaid-maker/web3-nft-game,NEG_02034,0,0
0,0.0018939388,0,zakcroft/shared-wallet-blockchain-solidity,NEG_02035,0,0
0,0.0006224239,0,zama-ai/blockchain-wallet-exporter,NEG_02036,0,0
0,0.0012863692,0,zenhuzaini/node-js-blockchain-bitcoin,NEG_02037,0,0
0,0.00031492667,0,zeriontech/defi-sdk-js,NEG_02038,0,0
0,0.0004189516,0,zeriontech/defi-sdk,NEG_02039,0,0
0,0.0004262623,0,zeta-chain/node,NEG_02040,0,0
0,0.00063334417,0,ZetiAi/defi,NEG_02041,0,0
0,0.001693791,0,Zheaoli/awesome-coins,NEG_02042,0,0
0,0.00060893426,0,zillehuma75/lottery-smart-contract-,NEG_02043,0,0
0,0.004535589,0,zillet/zillet,NEG_02044,0,0
0,0.0041319937,0,zircuit-labs/web3-telegram-mini-app,NEG_02045,0,0
0,0.04125108,1,ZIYUT/nft-wallet-frontend,NEG_02046,0,0
0,0.0031538894,0,zktx-io/sui-extension,NEG_02047,0,0
0,0.00066760136,0,zman0225/bitcoinclass,NEG_02048,0,0
0,0.0006657642,0,Zodomo/OrdinalDucks,NEG_02049,0,0
0,0.00043469702,0,ZuInnoTe/spark-hadoopcryptoledger-ds,NEG_02050,0,0
0,0.009223883,0,Zynora06JaA7/Arb-Script,NEG_02051,0,0
0,0.0006522049,0,zypher-game/bevy-web3,NEG_02052,0,0
0,0.0003375656,0,zzzizo/cig-chain,NEG_02053,0,0
