label,y_proba,y_pred,is_real_positive,repo_full_name
1,0.9999982,1,1,2723799947qq2022/solana-pumpfun-bot
1,0.9999987,1,1,2kwkkk/solana-pumpfun-bot
1,0.99999833,1,1,790659193qqch/solana-pumpfun-bot
1,0.9999982,1,1,7arlystar/solana-pumpfun-bot
1,0.9999982,1,1,918715c83/solana-pumpfun-bot
1,0.99894124,1,1,adminlove520/VulnWatchDog
1,0.9999982,1,1,AmirhBeigi7zch6f/solana-pumpfun-bot
1,0.99999034,1,1,arliawhite/rentverse
1,0.99999845,1,1,asmaamohamed0264/solana-pumpfun-bot
1,0.99999905,1,1,bog-us/solana-pumpfun-bot
1,0.99846894,1,1,clixlogix/blockchain-dev
1,0.99367887,1,1,dev-protocol/polymarket-copytrading-bot-sport
1,0.99999833,1,1,edparker89/solana-pumpfun-bot
1,0.99680424,1,1,eferos93/test4
1,0.9984053,1,1,FaceOFWood/SniperBot-Solana-PumpSwap
1,0.9999815,1,1,harshith-vaddiparthy/quant-bot
1,0.9999989,1,1,ii4272/solana-pumpfun-bot
1,0.999998,1,1,ijtye/solana-pumpfun-bot
1,0.99999833,1,1,iwanjunaids/solana-pumpfun-bot
1,0.9999981,1,1,janmalece/solana-pumpfun-bot
1,0.999998,1,1,kay2x4/solana-pumpfun-bot
1,0.994589,1,1,knightsdex/knightsbridge-dex
1,0.9999982,1,1,lan666as2dfur/solana-pumpfun-bot
1,0.9999987,1,1,loveccat/solana-pumpfun-bot
1,0.9999981,1,1,lukgria/solana-pumpfun-bot
1,0.99999833,1,1,mdemetrial26rvk9w/solana-pumpfun-bot
1,0.9993026,1,1,MentarisHub121/TokenPresaleApp
1,0.999949,1,1,Metaldadisbad/HacxGPT
1,0.9976841,1,1,mirzamudassir/blocknovas-nyx-public
1,0.9980349,1,1,Morning-Star213/Solana-pumpfun-bot
1,0.9997347,1,1,nocomp/poc-CVE-2001-1473
1,0.99999833,1,1,oumengwas/solana-pumpfun-bot
1,0.9999982,1,1,Rain-Rave5/solana-pumpfun-bot
1,0.99880755,1,1,rizvejoarder/SoraMax
1,0.9982174,1,1,shivas1432/sora2-watermark-remover
1,0.99966013,1,1,SuperDev313/Trading_Platform_Ultrax
1,0.9998672,1,1,ta3pks/Decentralized-Social
1,0.999595,1,1,themaxlpalfaboy/CVE-2025-54897-LAB
1,0.9999981,1,1,wc64561673347375/solana-pumpfun-bot
1,0.99999905,1,1,wj6942/solana-pumpfun-bot
1,0.9999982,1,1,xnaotutu77765/solana-pumpfun-bot
1,0.9989814,1,1,xorostar/blocknovas-llc-currency-converter-task
1,0.99999833,1,1,yvagSirKt/solana-pumpfun-bot
1,0.9999963,1,1,Zeeeepa/spyder-osint
1,0.99999154,1,1,Zeeeepa/spyder-osint2
1,0.9999989,1,0,2723799947qq2022t/solana-pumpfun-bot
1,0.9999987,1,0,2kwkk/solana-pumpfun-bot
1,0.9999988,1,0,790659193qqch2/solana-pumpfun-bot
1,0.9999989,1,0,7arlysta/solana-pumpfun-bot
1,0.9999981,1,0,918715c8/solana-pumpfun-bot
1,0.9999982,1,0,AmirhBeigi7zch6ff/solana-pumpfun-bot
1,0.99999774,1,0,asmaamohamed0264a/solana-pumpfun-bot
1,0.99999905,1,0,bogus/solana-pumpfun-bot
1,0.99999714,1,0,edparker89t/solana-pumpfun-bot
1,0.99999857,1,0,ii427/solana-pumpfun-bot
1,0.99999905,1,0,ijty/solana-pumpfun-bot
1,0.9999988,1,0,iwanjunaid/solana-pumpfun-bot
1,0.9999988,1,0,janmalece2/solana-pumpfun-bot
1,0.99999917,1,0,kay2x42/solana-pumpfun-bot
1,0.99999785,1,0,lan666as2dfu/solana-pumpfun-bot
1,0.99999917,1,0,loveccat2/solana-pumpfun-bot
1,0.9999988,1,0,lukgrial/solana-pumpfun-bot
1,0.99999833,1,0,mdemetrial26rvk9wz/solana-pumpfun-bot
1,0.9999982,1,0,oumengwas2/solana-pumpfun-bot
1,0.9999987,1,0,RainRave5/solana-pumpfun-bot
1,0.99999857,1,0,wc645616733473752/solana-pumpfun-bot
1,0.9999988,1,0,wj69422/solana-pumpfun-bot
1,0.99999785,1,0,xnaotutu777652/solana-pumpfun-bot
1,0.99999917,1,0,yvagSirKt6/solana-pumpfun-bot
1,0.99999726,1,0,2723799947qq202/solana-pumpfun-bot
1,0.99999857,1,0,2kwkkk2/solana-pumpfun-bot
1,0.99999905,1,0,790659193qqch3/solana-pumpfun-bot
1,0.9999988,1,0,7arlystart/solana-pumpfun-bot
1,0.9999987,1,0,918715c832/solana-pumpfun-bot
1,0.99999833,1,0,AmirhBeigi7zch6f2/solana-pumpfun-bot
1,0.9999994,1,0,asmaamohamed026/solana-pumpfun-bot
1,0.99999905,1,0,bogusyc/solana-pumpfun-bot
1,0.99999774,1,0,edparker8/solana-pumpfun-bot
1,0.9999993,1,0,ii4273/solana-pumpfun-bot
1,0.99999857,1,0,ijtye2/solana-pumpfun-bot
1,0.99999857,1,0,iwanjunaidst/solana-pumpfun-bot
1,0.99925834,1,0,adminlove5202/VulnWatchDog
1,0.99956995,1,0,nocomp9/poc-CVE-2001-1473
1,0.99963856,1,0,themaxlpalfaboyr/CVE-2025-54897-LAB
1,0.9999957,1,0,Zeeeep/spyder-osint
1,0.9999901,1,0,Zeeeepa2/spyder-osint2
1,0.99861825,1,0,adminlove5203/VulnWatchDog
1,0.99977154,1,0,nocomp4/poc-CVE-2001-1473
1,0.9992353,1,0,themaxlpalfaboyk/CVE-2025-54897-LAB
1,0.99999523,1,0,Zeeeepa2/spyder-osint
1,0.9999924,1,0,Zeeeepa3/spyder-osint2
1,0.99960166,1,0,adminlove52/VulnWatchDog
1,0.99986076,1,0,nocomps/poc-CVE-2001-1473
1,0.9995827,1,0,themaxlpalfaboy2/CVE-2025-54897-LAB
1,0.9999939,1,0,Zeeeep2/spyder-osint
1,0.9999844,1,0,Zeeeep/spyder-osint2
1,0.9984126,1,0,adminlove520v/VulnWatchDog
1,0.9998418,1,0,nocomp7/poc-CVE-2001-1473
1,0.99958295,1,0,themaxlpalfabo/CVE-2025-54897-LAB
1,0.999995,1,0,Zeeeepaz/spyder-osint
1,0.9999887,1,0,Zeeeepa4/spyder-osint2
1,0.9985415,1,0,adminlove520t/VulnWatchDog
1,0.99986136,1,0,nocompf/poc-CVE-2001-1473
1,0.9995857,1,0,themaxlpalfaboy3/CVE-2025-54897-LAB
1,0.9999919,1,0,Zeeeepa3/spyder-osint
1,0.9999825,1,0,Zeeeepa5/spyder-osint2
1,0.9996182,1,0,adminlove520f/VulnWatchDog
1,0.99978715,1,0,nocom/poc-CVE-2001-1473
1,0.99924374,1,0,themaxlpalfaboy4/CVE-2025-54897-LAB
1,0.9999912,1,0,Zeeeepa4/spyder-osint
1,0.99999106,1,0,Zeeeepap/spyder-osint2
1,0.9992924,1,0,adminlove520x/VulnWatchDog
1,0.9998318,1,0,nocompa/poc-CVE-2001-1473
1,0.9992791,1,0,themaxlpalfaboy5/CVE-2025-54897-LAB
1,0.99999166,1,0,Zeeeepaw/spyder-osint
1,0.99998784,1,0,Zeeeepax/spyder-osint2
1,0.9983575,1,0,adminlove522/VulnWatchDog
1,0.9996822,1,0,nocomp2/poc-CVE-2001-1473
1,0.99923,1,0,themaxlpalfaboy6/CVE-2025-54897-LAB
1,0.9999939,1,0,Zeeeepa5/spyder-osint
1,0.99998534,1,0,Zeeeep2/spyder-osint2
1,0.9995945,1,0,adminlove5200/VulnWatchDog
1,0.9995289,1,0,nocom2/poc-CVE-2001-1473
1,0.9996165,1,0,themaxlpalfabo2/CVE-2025-54897-LAB
1,0.9999926,1,0,Zeeeep3/spyder-osint
1,0.999985,1,0,Zeeeep3/spyder-osint2
1,0.9992411,1,0,adminlove520o/VulnWatchDog
1,0.9998423,1,0,nocompb/poc-CVE-2001-1473
1,0.9992374,1,0,themaxlpalfaboy7/CVE-2025-54897-LAB
1,0.99999523,1,0,Zeeeep4/spyder-osint
1,0.9999919,1,0,Zeeeepa6/spyder-osint2
1,0.999186,1,0,adminlove5208/VulnWatchDog
1,0.9995895,1,0,nocompc/poc-CVE-2001-1473
1,0.99959487,1,0,themaxlpalfaboy8/CVE-2025-54897-LAB
1,0.99999106,1,0,Zeeeep5/spyder-osint
1,0.99998736,1,0,Zeeeepaz/spyder-osint2
1,0.9999906,1,0,arliawhitec/rentverse
1,0.99457955,1,0,studio-hu/blockchain-dev
1,0.99821645,1,0,knightsdexj/knightsbridge-dex
1,0.9985421,1,0,protocol-app/TokenPresaleApp
1,0.99789137,1,0,mirzamudassi/blocknovas-nyx-public
1,0.9996556,1,0,SuperDev31/Trading_Platform_Ultrax
1,0.99971217,1,0,ta3pks2/Decentralized-Social
1,0.99919575,1,0,xorostar2/blocknovas-llc-currency-converter-task
1,0.9999933,1,0,arliawhite2/rentverse
1,0.98993134,1,0,app-proto/blockchain-dev
1,0.9980216,1,0,knightsdexk/knightsbridge-dex
1,0.9984503,1,0,chain-studio/TokenPresaleApp
1,0.99901605,1,0,mirzamudassira/blocknovas-nyx-public
1,0.99926704,1,0,SuperDev3132/Trading_Platform_Ultrax
1,0.9998729,1,0,ta3pk/Decentralized-Social
1,0.9986267,1,0,xorostar3/blocknovas-llc-currency-converter-task
1,0.9999895,1,0,arliawhitew/rentverse
1,0.9985514,1,0,chain-stu/blockchain-dev
1,0.997973,1,0,knightsdex2/knightsbridge-dex
1,0.9982079,1,0,labs-protocol/TokenPresaleApp
1,0.99875295,1,0,mirzamudassir2/blocknovas-nyx-public
1,0.9994647,1,0,SuperDev313d/Trading_Platform_Ultrax
1,0.999705,1,0,ta3pk2/Decentralized-Social
1,0.99868613,1,0,xorostar32/blocknovas-llc-currency-converter-task
1,0.9999908,1,0,arliawhite3/rentverse
1,0.99808073,1,0,labs-stud/blockchain-dev
1,0.99843425,1,0,knightsdexl/knightsbridge-dex
1,0.9981646,1,0,chain-studio2/TokenPresaleApp
1,0.99832267,1,0,mirzamudassirj/blocknovas-nyx-public
1,0.99946445,1,0,SuperDev3133/Trading_Platform_Ultrax
1,0.9999058,1,0,ta3pks3/Decentralized-Social
1,0.99920964,1,0,xorosta/blocknovas-llc-currency-converter-task
1,0.9999964,1,0,arliawhite4/rentverse
1,0.9956132,1,0,protocol-/blockchain-dev
1,0.9954939,1,0,knightsdexf/knightsbridge-dex
1,0.9988643,1,0,verse-studio/TokenPresaleApp
1,0.99850047,1,0,mirzamudassiri/blocknovas-nyx-public
1,0.99929214,1,0,SuperDev312/Trading_Platform_Ultrax
1,0.99968183,1,0,ta3pks4/Decentralized-Social
1,0.9993556,1,0,xorosta2/blocknovas-llc-currency-converter-task
1,0.9999943,1,0,arliawhit/rentverse
1,0.9980457,1,0,protocol-2/blockchain-dev
1,0.99843913,1,0,knightsdex3/knightsbridge-dex
1,0.9943104,1,0,studio-labs/TokenPresaleApp
1,0.9986041,1,0,mirzamudassir3/blocknovas-nyx-public
1,0.99953747,1,0,SuperDev313k/Trading_Platform_Ultrax
1,0.99988055,1,0,ta3pksm/Decentralized-Social
1,0.9991696,1,0,xorosta3/blocknovas-llc-currency-converter-task
1,0.99999595,1,0,arliawhite5/rentverse
1,0.9964108,1,0,protocol-3/blockchain-dev
1,0.99540365,1,0,knightsdex4/knightsbridge-dex
1,0.9977272,1,0,app-studio/TokenPresaleApp
1,0.99116874,1,0,labs-market/polymarket-copytrading-bot-sport
1,0.9900467,1,0,FaceOFWoo/SniperBot-Solana-PumpSwap
1,0.9999887,1,0,harshithvaddiparthyy/quant-bot
1,0.9991334,1,0,MorningStar213ry/Solana-pumpfun-bot
1,0.99028337,1,0,dex-copy/polymarket-copytrading-bot-sport
1,0.99866116,1,0,FaceOFWoodv/SniperBot-Solana-PumpSwap
1,0.99998295,1,0,harshithvaddiparthy4/quant-bot
1,0.9993,1,0,MorningStar213/Solana-pumpfun-bot
1,0.9935114,1,0,dex-bot/polymarket-copytrading-bot-sport
1,0.999453,1,0,FaceOFWood2/SniperBot-Solana-PumpSwap
1,0.9999825,1,0,harshithvaddiparthy42/quant-bot
1,0.9981488,1,0,MorningStar2132/Solana-pumpfun-bot
1,0.9944391,1,0,dex-trade/polymarket-copytrading-bot-sport
1,0.9977216,1,0,FaceOFWoodk/SniperBot-Solana-PumpSwap
1,0.9999913,1,0,harshithvaddiparthyu/quant-bot
1,0.9992212,1,0,MorningStar2133/Solana-pumpfun-bot
1,0.9950647,1,0,bot-trade/polymarket-copytrading-bot-sport
1,0.99903595,1,0,FaceOFWood3/SniperBot-Solana-PumpSwap
1,0.99998105,1,0,harshithvaddiparthy/quant-bot
1,0.9982845,1,0,MorningStar213o3/Solana-pumpfun-bot
1,0.99396306,1,0,dex-signal/polymarket-copytrading-bot-sport
1,0.9861057,1,0,FaceOFWood4/SniperBot-Solana-PumpSwap
1,0.9999895,1,0,harshithvaddiparthyy2/quant-bot
1,0.9968681,1,0,MorningStar213gg/Solana-pumpfun-bot
1,0.99328184,1,0,signal-labs/polymarket-copytrading-bot-sport
1,0.99596244,1,0,FaceOFWoo2/SniperBot-Solana-PumpSwap
1,0.9999883,1,0,harshithvaddiparthy2/quant-bot
1,0.99930584,1,0,MorningStar2132q/Solana-pumpfun-bot
1,0.99411994,1,0,copy-trade/polymarket-copytrading-bot-sport
1,0.9983041,1,0,FaceOFWood5/SniperBot-Solana-PumpSwap
1,0.9999833,1,0,harshithvaddiparthy3/quant-bot
1,0.99738127,1,0,MorningStar213q/Solana-pumpfun-bot
1,0.9955901,1,0,signal-marke/polymarket-copytrading-bot-sport
1,0.97899437,1,0,FaceOFWoo3/SniperBot-Solana-PumpSwap
1,0.9999813,1,0,harshithvaddiparthy32/quant-bot
1,0.99853706,1,0,MorningStar213j/Solana-pumpfun-bot
1,0.99412525,1,0,bot-market/polymarket-copytrading-bot-sport
1,0.9965365,1,0,FaceOFWoodh/SniperBot-Solana-PumpSwap
1,0.9999864,1,0,harshithvaddiparthyv/quant-bot
1,0.9985683,1,0,MorningStar213h/Solana-pumpfun-bot
1,0.99474686,1,0,dex-copy2/polymarket-copytrading-bot-sport
1,0.9986545,1,0,FaceOFWood6/SniperBot-Solana-PumpSwap
1,0.99998665,1,0,harshithvaddiparthyo/quant-bot
1,0.9951302,1,0,MorningStar2131/Solana-pumpfun-bot
1,0.9936841,1,0,bot-market2/polymarket-copytrading-bot-sport
1,0.99830735,1,0,FaceOFWood7/SniperBot-Solana-PumpSwap
1,0.9999887,1,0,harshithvaddiparthyt/quant-bot
1,0.99613625,1,0,MorningStar213mf/Solana-pumpfun-bot
1,0.99502784,1,0,copy-signal/polymarket-copytrading-bot-sport
1,0.99872655,1,0,FaceOFWood8/SniperBot-Solana-PumpSwap
1,0.9999813,1,0,harshithvaddiparthy5/quant-bot
1,0.9989925,1,0,MorningStar21397/Solana-pumpfun-bot
1,0.9950087,1,0,bot-market3/polymarket-copytrading-bot-sport
1,0.9993162,1,0,FaceOFWood9/SniperBot-Solana-PumpSwap
1,0.99998415,1,0,harshithvaddiparthyp/quant-bot
1,0.9991918,1,0,MorningStar2134v/Solana-pumpfun-bot
1,0.9987923,1,0,eferos93/takehome-test4
1,0.99994874,1,0,Metaldadisba/HacxGPT
1,0.9988224,1,0,rizvejoarder9/SoraMax
1,0.99791235,1,0,shivas1432p/sora2-watermark-remover
1,0.9982481,1,0,eferos932/takehome-test4
1,0.99995184,1,0,Metaldadisbad2/HacxGPT
1,0.99905115,1,0,rizvejoarder4/SoraMax
1,0.99931705,1,0,shivas14322/sora2-watermark-remover
1,0.99827254,1,0,eferos9/takehome-test4
1,0.9999074,1,0,Metaldadisba2/HacxGPT
1,0.9989322,1,0,rizvejoardern/SoraMax
1,0.99813145,1,0,shivas143/sora2-watermark-remover
1,0.997018,1,0,eferos932/test4
1,0.9999496,1,0,Metaldadisbad3/HacxGPT
1,0.9981236,1,0,rizvejoarder2/SoraMax
1,0.99903333,1,0,shivas1433/sora2-watermark-remover
1,0.9983851,1,0,eferos92/takehome-test4
1,0.9999486,1,0,Metaldadisbadd/HacxGPT
1,0.9989796,1,0,rizvejoarder22/SoraMax
1,0.99911505,1,0,shivas1432o/sora2-watermark-remover
1,0.9989712,1,0,eferos94/takehome-test4
1,0.9999515,1,0,Metaldadisbad4/HacxGPT
1,0.9991117,1,0,rizvejoarder3/SoraMax
1,0.9991725,1,0,shivas14323/sora2-watermark-remover
1,0.998949,1,0,eferos95/takehome-test4
1,0.99995136,1,0,Metaldadisba3/HacxGPT
1,0.9979425,1,0,rizvejoarder6/SoraMax
1,0.99845314,1,0,shivas1434/sora2-watermark-remover
1,0.9989968,1,0,eferos93d/test4
1,0.9998989,1,0,Metaldadisbad5/HacxGPT
1,0.9978168,1,0,rizvejoarde/SoraMax
1,0.99842346,1,0,shivas14324/sora2-watermark-remover
1,0.99907994,1,0,eferos935/takehome-test4
1,0.99990046,1,0,Metaldadisbadt/HacxGPT
1,0.99911076,1,0,rizvejoarder5/SoraMax
1,0.99917287,1,0,shivas1435/sora2-watermark-remover
1,0.9986772,1,0,eferos93a/test4
1,0.99990916,1,0,Metaldadisbad6/HacxGPT
1,0.99757224,1,0,rizvejoarderr/SoraMax
1,0.9989483,1,0,shivas1432s/sora2-watermark-remover
1,0.998871,1,0,eferos93e/test4
1,0.9999511,1,0,Metaldadisbadg/HacxGPT
1,0.997844,1,0,rizvejoardern2/SoraMax
1,0.9993319,1,0,shivas14321/sora2-watermark-remover
1,0.9979595,1,0,eferos93z/takehome-test4
1,0.9999471,1,0,Metaldadisbad62/HacxGPT
1,0.99742967,1,0,rizvejoarderv/SoraMax
1,0.9982039,1,0,shivas14327/sora2-watermark-remover
1,0.9982836,1,0,eferos93p/takehome-test4
1,0.99994946,1,0,Metaldadisbadx/HacxGPT
1,0.99832517,1,0,rizvejoarde2/SoraMax
1,0.9994091,1,0,shivas14325/sora2-watermark-remover
1,0.99854374,1,0,eferos93r/test4
1,0.9999511,1,0,Metaldadisbad7/HacxGPT
1,0.99783945,1,0,rizvejoarder7/SoraMax
1,0.99822015,1,0,shivas1432a/sora2-watermark-remover
0,1.4621337e-10,0,0,007SKRN/crypto-portfolio-tracker
0,4.910647e-19,0,0,00hello/solidity-experiments
0,1.1172651e-11,0,0,0ryX/Blockchain-Miner
0,6.314043e-17,0,0,0wl3xSec/web3-cryptozombies
0,1.9842607e-13,0,0,0x-Crisbanks/panda-Web3-smart-contract-auditor-
0,3.5798862e-12,0,0,0x4543/zeta-crypto
0,2.429567e-10,0,0,0xalberto/solana-crash-game
0,1.4112647e-15,0,0,0xbitcoin/0xbitcoin-token
0,5.688952e-14,0,0,0xcregis/anychain
0,8.526951e-12,0,0,0xDeadList/0xDeadList
0,4.7402436e-13,0,0,0xdevrel/Conditional-NFTs
0,8.4759543e-16,0,0,0xefrain/Bsc-bootcamp
0,3.9227045e-11,0,0,0xfps/python-solidity-blockchain-smart-contract-course
0,4.8465828e-15,0,0,0xfrosty/leverade-nft
0,3.2539482e-18,0,0,0xGeegZ/defi-gambler
0,1.1042632e-15,0,0,0xGval/evm-mcp-tools
0,3.9018446e-09,0,0,0xhappydev/evm-explorer-uniswap
0,1.1956888e-15,0,0,0xinevitable/bento
0,2.6422408e-13,0,0,0xisk/awesome-solidity-security
0,8.2009926e-16,0,0,0xJonaseb11/Meta-suite
0,2.911982e-12,0,0,0xJonaseb11/shared_wallet.3.0
0,1.2319498e-17,0,0,0xJonaseb11/solidity_L
0,3.8142454e-12,0,0,0xLabs-Org/DeHarvest
0,4.34205e-13,0,0,0xMaka/w3py
0,1.6850961e-10,0,0,0xmdrakib/JesseHillClimb
0,3.3440768e-09,0,0,0xMesinTempur/Flappyster
0,6.132659e-09,0,0,0xPleiades/switch-trade-coin
0,5.459929e-18,0,0,0xpranay/WildCoins-NFT
0,2.2532633e-12,0,0,0xRajkumar/damn-vulnerable-defi-solutions
0,1.7027353e-19,0,0,0xRobWatson/Allowance-dApp
0,1.4932406e-13,0,0,0xTaoDev/Wallet-Trades-Tracker
0,1.4750199e-16,0,0,0xTijan/coin-flip
0,1.280583e-07,0,0,0xwagmi/bitcoin_wallet
0,2.192508e-14,0,0,1-5Pool/RansomwareEschrowService
0,2.7704935e-12,0,0,10ap17/Damn-Vulnerable-DeFi-Foundry
0,2.0659645e-08,0,0,10gic/vanitygen-plusplus
0,3.3859596e-18,0,0,1200wd/bitcoinlib
0,4.8461315e-18,0,0,1983shiv/blockchain-crypto-smart-contract-example
0,2.0884114e-09,0,0,1Crazymoney/ethNearMarketplace
0,5.080858e-16,0,0,1poolfinance/1Pool-Strategy
0,2.4605324e-05,0,0,2303A51405/solidity-smart_contract
0,5.7702185e-12,0,0,23Konradbase/altseason-ethereum
0,3.9213125e-19,0,0,2qx/awesome-bitcoin-cash
0,5.8453034e-11,0,0,339-Labs/wallet-platform-mpc-go
0,4.8136424e-13,0,0,3Dpass/wallet
0,1.0318844e-09,0,0,5ajaki/safe-mcp-server
0,2.6045446e-12,0,0,6sl3pt/ethereum-data-analytics
0,9.560673e-11,0,0,914alexwillett/StochRSI-Crypto-Trading-Algorithm
0,7.28811e-15,0,0,94929/rock-paper-scissors
0,1.0343816e-19,0,0,a1fred/cryptoportfolio
0,5.429501e-18,0,0,a3igner/dixie-coin
0,1.6282078e-08,0,0,a6b8/ascii-to-svg-generator-for-ruby
0,1.4435819e-13,0,0,aankor/wnft
0,2.1720293e-14,0,0,aaquib8700/Wallet-SmartContract
0,1.01972195e-10,0,0,aarambh-darshan/mini-blockchain
0,5.872422e-06,0,0,aaronajis92/smart-contract-cryptorian
0,1.3046582e-16,0,0,aave/aave-v3-core
0,4.2791871e-13,0,0,aave/governance-crosschain-bridges
0,6.0614353e-19,0,0,aawp-ai/aawp
0,1.6736299e-09,0,0,abba-platforms/NADD
0,1.2206172e-14,0,0,abdullahpichoo/SimpleStorage-using-Brownie
0,2.5518322e-11,0,0,abdurrazzak5621/neonops-ai
0,4.4796703e-08,0,0,abhi-rawal/aave_credit_scoring
0,1.3542665e-07,0,0,AbhinavOC24/sPay
0,9.981384e-12,0,0,AbioyeSamuel/DBANK_DeFi_DApp
0,2.8369807e-14,0,0,AbushakerJamil/Hardhat-Test
0,2.6268503e-16,0,0,ac12644/ICO-Smart-Contract
0,5.1875266e-12,0,0,acebusters/acebusters-frontend
0,1.3013646e-13,0,0,AchyuthMohan/Blockchain-Cryptogram
0,6.1390155e-12,0,0,AchyuthMohan/cryptogram-nmit-block-chain-
0,1.23750014e-14,0,0,ACINQ/phoenix
0,1.0289353e-11,0,0,ada173/solidity-template
0,9.1640154e-11,0,0,adam-art/SOLANA-PROJECT-v1.0
0,7.09181e-11,0,0,Adamant-im/adamant-api-jsclient
0,1.9885706e-15,0,0,Adamant-im/adamant-im
0,2.1794018e-12,0,0,adameth2900/ETH
0,1.5642557e-16,0,0,adamocallaghan/membrane-finance-v2
0,2.4819515e-17,0,0,adeshshukla/MyCryptoFolio
0,5.7266253e-12,0,0,adhithim09/Dsurv---Crypto_Token
0,6.459078e-14,0,0,adilsachwani/web3ForSmartContracts
0,7.103597e-16,0,0,Aditya-alchemist/GFGKIIT-CRYPTOMA-HyperThon
0,0.00040521982,0,0,adityajkate/crypto-risk
0,1.05631006e-17,0,0,AdrianaMiha/Krypto
0,1.532178e-13,0,0,adrianhajdin/project_crowdfunding
0,1.858451e-15,0,0,adrianhajdin/project_web3.0
0,2.9959233e-14,0,0,adrianhajdin/project_web3_battle_game
0,5.6677516e-19,0,0,adrianmcli/eth95
0,2.5881503e-14,0,0,adrianmcli/ganache-jest-example
0,1.2303123e-05,0,0,Adrijan-Petek/gas-fee-optimizer
0,1.1468803e-10,0,0,Adrijan-Petek/onchain-nft-art
0,1.5665767e-11,0,0,Adrijan-Petek/portfolio-tracker-pnl
0,5.6783796e-11,0,0,Adrijan-Petek/token-correlation-analyzer
0,3.4772828e-13,0,0,adw0rd/solidity-create2-web3-example
0,2.3222674e-16,0,0,adwait2001/Mint-NFT
0,1.0489675e-14,0,0,aelew/cryptotracker
0,6.609307e-12,0,0,aeminium-labs/nextjs-solana-starter-kit
0,1.6658095e-15,0,0,aeternity/aeternity
0,2.2318945e-11,0,0,afacchi0/rpc-inspector
0,1.8942498e-18,0,0,afroze93/smart-contract-1
0,2.7951356e-07,0,0,Afrozllm/Web3-Wallet-Connect
0,7.3833064e-08,0,0,agencyenterprise/serpro-web3-hackathon
0,2.2791305e-10,0,0,aggel008/defi-signal
0,9.163972e-13,0,0,aha-moment-group/braavos
0,4.4466835e-12,0,0,aha-moment-group/wallet
0,1.867642e-13,0,0,ahester57/private-chain
0,8.020775e-15,0,0,ahmadbrainworks/fiddi
0,9.030436e-13,0,0,ahmedali8/hardhat-js-starterkit
0,3.932966e-12,0,0,ahmedali8/hardhat-ts-template
0,1.3571315e-09,0,0,ahmedali8/solspeakai
0,6.717137e-17,0,0,ahmetozlu/defi_yield_farming
0,4.8508684e-17,0,0,ahmetzturk/epic-nfts
0,3.3790318e-17,0,0,AICoin-io/AICoin
0,8.243532e-14,0,0,aidear3/smart-contracts
0,2.154874e-12,0,0,aidevrelagent/nama-repo-lowercase-dengan-dash-v2
0,9.138265e-16,0,0,AidosKuneen/aidos-wallet-v1
0,7.8925186e-13,0,0,AiKay96/Bitcoin-Wallet
0,1.1359094e-08,0,0,aiLeonardo/cryptotips
0,1.0240055e-11,0,0,aitos-io/BoAT-X-Framework
0,9.707901e-18,0,0,ajaysaini-sgvu/cryptocurrency-api
0,1.5598833e-14,0,0,Ajitabh-Kalia/Ethereum-Wallet
0,1.2211508e-17,0,0,ajsizzle/bitcoin-ticker
0,3.9495998e-17,0,0,akashmehrotra29/my-wave-portal
0,2.1525067e-13,0,0,akbarwijayaa/simple-defi-flash
0,3.7201253e-18,0,0,akhileshthite/dtube
0,2.6555131e-09,0,0,akinncar/ar-nft
0,9.295098e-10,0,0,akiselyoff/defi
0,2.4526305e-12,0,0,Akshat-cs/hardhat-defi-aave-v2
0,3.9820186e-10,0,0,akshit0201/Web3-Ethereum
0,2.826123e-08,0,0,AkshitTiwarii/carbonx
0,1.2467719e-16,0,0,alanpelayoo/FatedEth
0,6.875354e-17,0,0,alebeta06/chainlink-bootcampES-2024
0,6.833226e-11,0,0,AlejandroGV96/web3-test
0,1.9097058e-16,0,0,alejoacosta74/ethereum-erc20token-vault
0,3.3307768e-14,0,0,alejoacosta74/ethereum-farming-example
0,3.4327287e-17,0,0,alejoacosta74/token-swap-exchange
0,1.8669625e-16,0,0,AleRapchan/nft-token-factory
0,3.054191e-18,0,0,alesanro/ethereum-smart-contracts
0,5.3197747e-18,0,0,alexandrupele/web3
0,6.695107e-11,0,0,alexbensimon/pakt
0,1.1395565e-13,0,0,alexbiet/smartwallet
0,1.0056067e-10,0,0,AlexCheema/Tanuki
0,6.525235e-19,0,0,alexharrod/cryptozombies
0,1.3770972e-13,0,0,alexia795/Gnosis-wallet-pro
0,9.2937e-13,0,0,AlexNa-Holdings/web3pro
0,5.949247e-14,0,0,alexx855/axie-tools
0,1.22701294e-14,0,0,alfonsrv/crypto-tracker
0,1.5350526e-10,0,0,algonomad571/CryptoHFT
0,1.3850822e-16,0,0,alice-si/contracts
0,9.779113e-07,0,0,aliezzahn/crypto-chart
0,5.02941e-08,0,0,aliezzahn/crypto-price-correlation-matrix
0,5.9384046e-08,0,0,aliezzahn/yield-farming-optimization-calculator
0,8.647535e-11,0,0,Alikhan-Shanbay/AegisScan
0,8.111789e-16,0,0,aliraza944/MultiSig-Wallet-
0,9.275424e-13,0,0,alisidaniel/Defi
0,6.2336525e-10,0,0,alissonfernandes/bitcoin-wallet
0,9.2387836e-10,0,0,AllanOtieno254/SmartContractVendingMachine
0,1.0337548e-11,0,0,almonit/almonit-plugin
0,7.6021756e-08,0,0,aloshai/aequi-monorepo
0,7.277199e-13,0,0,alpaca-finance/bsc-alpaca-contract
0,7.736681e-19,0,0,alpdevcode/ethereum-multisig-wallet
0,1.7562388e-09,0,0,alpha-sol/alpha-frontend
0,3.0168e-11,0,0,alpinelab-it/BuyMeABeer-Solidity-DeFi-Tipping-smart-contract-
0,1.7881873e-17,0,0,alto-io/contractor
0,2.4834223e-15,0,0,amandladev/erc721-nftMint-smartContract
0,3.266609e-18,0,0,amazingandyyy/leptin
0,6.1232676e-22,0,0,amazingandyyy/solidity-contracts
0,7.725224e-15,0,0,amdonatusprince/brownie_simple_storage-application
0,4.8053803e-08,0,0,amnegan/BlockChain-CryptoCurrencies
0,2.6642077e-10,0,0,amonrak/rustychain
0,8.877433e-10,0,0,Amr-9/HexHunter
0,5.489285e-13,0,0,amurto/cryptoludo
0,1.3965605e-06,0,0,An4Dev/Solana-Bitcoin-NFT-Dex-Defi-P2EGame-SmartContract-Web3-Projects
0,7.016072e-16,0,0,AnalytixAudit/Solidity
0,5.341091e-07,0,0,ancutadaniel/ethereum_hardhat_nft_marketplace
0,1.5800412e-15,0,0,andrarwes/BlockChainApp
0,2.232514e-13,0,0,AndreiD/qv_voting
0,7.445986e-15,0,0,andreitoma8/legendary-owls-smart-contract
0,1.7923372e-12,0,0,andrejrakic/Pied-Piper-DeFi-App-Subspace-Demo-
0,1.2113333e-10,0,0,andrewinsoul/CadenaCourse-CryptoBank-UI
0,8.033312e-12,0,0,andycapaldo/hello-blockchain
0,2.9943123e-14,0,0,angelcatanzariti1/web3_py_example
0,7.9456364e-10,0,0,Aniket-Engg/sol-profiler-vscode
0,2.1493902e-19,0,0,ankitaryan404/nft-marketplace
0,8.318403e-13,0,0,AnnaNX1/create-NFT
0,4.257137e-15,0,0,annasudol/multi-signature-wallet
0,3.3841127e-18,0,0,anoff/cryptobooks
0,1.5609409e-09,0,0,Anonymous961/NFTClaimApp
0,2.90541e-14,0,0,ant-design/ant-design-web3
0,4.901374e-07,0,0,AntoineBastide47/Blockchain
0,2.5088688e-12,0,0,Anton1636/crypto-wallet
0,3.7872768e-20,0,0,antoniopgs/tangible
0,1.772656e-08,0,0,anudeeep4/Decentralized-Identity-Project
0,4.8286368e-11,0,0,Anugo1/Attest-Nft
0,7.9980944e-10,0,0,anwar-776/gocryp8
0,2.5198783e-13,0,0,anza-xyz/wallet-adapter
0,1.3555344e-14,0,0,aonemd/stakehouse
0,2.5095704e-07,0,0,apache/incubator-resilientdb-ResLens
0,4.270074e-12,0,0,apalowski688-art/ethereum-bitcoin
0,4.955497e-09,0,0,apeboard/pools
0,5.837771e-11,0,0,Aperture-Finance/Aperture-Lens
0,4.763705e-11,0,0,ApeWorX/ape-ganache
0,3.2739478e-16,0,0,ApeWorX/ape-ledger
0,1.2264046e-14,0,0,ApeWorX/evm-trace
0,1.7652124e-16,0,0,apoorvlathey/Crypto-Car-Battle
0,9.5702335e-11,0,0,apoorvm230/web3-vuln-scanner
0,1.5306731e-10,0,0,aptos-labs/petra-vault
0,2.2899195e-10,0,0,aqemal/owasp-sc-token-
0,2.0795746e-13,0,0,aragon/use-wallet
0,7.606348e-17,0,0,aranair/pine
0,6.2319465e-08,0,0,Aranyani01/Alpha-defi-adapter
0,3.0466679e-06,0,0,ardriveapp/turbo-app
0,1.2727479e-12,0,0,aridder/pengekrukka
0,2.6634475e-16,0,0,Arifin036/defi-staking-dapp
0,1.8601848e-19,0,0,armors/armors-solidity
0,1.6528862e-12,0,0,armorwallet/armor-crypto-mcp
0,4.0365848e-19,0,0,ArnaudBand/nftMarketplace
0,4.528524e-13,0,0,arokvic/FundMeProject-SmartContracts-Web3-Brownie-Solidity-2022
0,1.2910086e-09,0,0,Arowolokehinde/STX-TIP
0,6.4434038e-21,0,0,arpesh28/solidity-wallet-contract-collections
0,1.5876359e-15,0,0,ArrjunPradeep/safeCryptoWallet
0,6.215756e-15,0,0,ArshS1/sengh-nft
0,3.1685258e-16,0,0,artem-bayandin/blockchain-samples
0,2.6397475e-09,0,0,arthur-reedy460y/web3cha
0,1.9445638e-10,0,0,arthur0725/CryptoZombie
0,1.3693221e-15,0,0,ArthurAhiyarov/Hardhat-Betting-Smart-Contract-Bsc
0,7.3132344e-14,0,0,arthuravianna/uff-web3-course
0,1.086865e-08,0,0,artimonist/artimonist-cli
0,1.04069524e-10,0,0,Aryan0770/Blockchain-Major-CryptoBox
0,2.697172e-13,0,0,AS-1312/Crypto-Steps
0,2.665191e-12,0,0,as3360/ReinforcementLearntTradingBot
0,4.4122234e-15,0,0,ashbz/CryptoSharp
0,9.812631e-11,0,0,ashelkovnykov/offline-wallet-generator
0,4.298228e-14,0,0,Ashland-jp/Web3-Projects
0,6.01229e-12,0,0,ashok-p/module-19-Cryptowallets
0,1.1970786e-11,0,0,AshutoshShekharProjects/Blockchain-Solidity
0,8.5588513e-13,0,0,asilveira1969/bitcoincashblockchain
0,3.9776702e-13,0,0,ASPPIBRA-DAO/DIGITAL_WORLD_REAL_ESTATE_MARKET
0,2.974044e-10,0,0,AssetifyLabsTeams/Assetifily
0,1.6689587e-14,0,0,atitkh/WebXR---NFT-Viewer
0,1.4153754e-19,0,0,atlaschain/contracts
0,4.0629566e-11,0,0,attestate/kiwistand
0,1.6895262e-08,0,0,atul24112001/trackpack
0,1.814029e-08,0,0,aurowallet/auro-wallet-browser-extension
0,8.958076e-13,0,0,austintgriffith/burner-wallet
0,2.92289e-11,0,0,Autosaida/DeFiHackAnalysis
0,1.291842e-15,0,0,AuxillaryLord/Smart-Contracts
0,3.618972e-15,0,0,Axentro/Axentro
0,1.5158463e-06,0,0,axiomchronicles/blockchain_simulation
0,5.614671e-09,0,0,axldarealest/crypto-tracker
0,2.7231003e-13,0,0,axone-protocol/contracts
0,5.0756788e-11,0,0,AymaanPathan/ClauseAI
0,1.931763e-13,0,0,Aytaditya/NFT_Staking_app
0,6.3540176e-07,0,0,ayushi030709/aave-credit-scorer
0,2.1725384e-11,0,0,ayushn2/market_maker
0,1.0749479e-17,0,0,azerpas/Crypto2discord
0,5.976668e-18,0,0,azerpas/prescurity-blockchain
0,1.1101332e-09,0,0,B3Pay/B3Wallet
0,2.7329692e-18,0,0,Baat-Maan/defiBasic
0,7.472223e-37,0,0,baby636/causes.cash
0,2.7087783e-16,0,0,BadakalaYashwanth/Web-3Cryptocurrency-Wallet-Generator-Blockchain
0,7.219376e-15,0,0,balajipachai/smart-contract-for-fun
0,7.176372e-09,0,0,balancer/balancer-v2-monorepo
0,1.470519e-07,0,0,balancer/frontend-v2
0,6.9870466e-06,0,0,balancer/scaffold-balancer-v3
0,2.3360823e-17,0,0,balive053/blockchainFromScratch
0,3.4275757e-08,0,0,Bananapus/nana-fee-project-deployer
0,2.403398e-17,0,0,banjtheman/highwind
0,1.5627256e-20,0,0,banjtheman/polygon_nft_workshop
0,3.6311722e-13,0,0,bansaltushar014/Chapter-Solidity
0,2.0903014e-08,0,0,banteg/multicall.py
0,1.5885002e-10,0,0,BasinLogix/BLX_chain
0,1.0640392e-16,0,0,batteringram-dev/Web3
0,1.8348352e-11,0,0,bavix/laravel-wallet
0,1.9606017e-09,0,0,bc1plainview/opnet-builder
0,6.757002e-08,0,0,bchainexpt/Blockchain-wallet-andorid-app
0,7.943846e-18,0,0,bcoin-org/bcoin
0,9.740537e-12,0,0,BeanstalkFarms/Basin
0,1.2913077e-11,0,0,BeanstalkFarms/Beanstalk
0,3.9525908e-06,0,0,beeman/solana-mobile-seeker-genesis-holders
0,6.822564e-21,0,0,bekatom/awesome-ethereum
0,3.98965e-11,0,0,belimad/NftHorizon
0,2.8777116e-15,0,0,BendDAO/bend-lending-protocol
0,1.0527811e-19,0,0,benjaminbang987/crypto
0,9.9332705e-17,0,0,benruseau/Inhetherit
0,1.5719592e-10,0,0,benzemeze1-art/nft-rarity-tracker-2
0,1.633879e-12,0,0,BertrandConxy/Lottery
0,2.337665e-13,0,0,BeTechnologyCo/zkevm-boilerplate
0,5.5867115e-14,0,0,bevry-archive/emailtowallet
0,2.564886e-14,0,0,BeycanPress/cryptopay-lite
0,7.6071995e-14,0,0,bhau7233/MSig-
0,1.631029e-17,0,0,bhemen/usdc
0,1.06397417e-16,0,0,BibliothecaDAO/realms-contracts
0,2.9274135e-08,0,0,BibliothecaDAO/realms-react
0,1.6997766e-11,0,0,bifrost-platform/solidity-contract-configs
0,1.9293348e-11,0,0,bigbomio/digital-contracts
0,4.406746e-20,0,0,bigint/hey
0,1.34860985e-11,0,0,bilinearlabs/beacon-contract-indexer
0,3.6008332e-09,0,0,bilix-software/eth-new-contracts
0,6.3774397e-10,0,0,Bill171991/SATFLOW-
0,6.1880618e-12,0,0,BirthdayResearch/defichain-wallet
0,5.657649e-09,0,0,birukG09/DeFiVerse-Bank-Simulator-
0,1.1390633e-09,0,0,bitcoin-flasher/flasher-smart-contracts
0,5.7297033e-13,0,0,Bitcoin-II/BitcoinII-Core
0,6.2982996e-13,0,0,bitcoin-wallet/bitcoin-wallet
0,1.547858e-12,0,0,bitcoinaverage/api-integration-examples
0,1.7373212e-07,0,0,bitpay/bitpay-app
0,3.490429e-19,0,0,bitpay/wallet
0,1.4959951e-12,0,0,BitPortal/bitportal-client
0,2.637085e-06,0,0,bitquery/explorer
0,4.678272e-11,0,0,bjboss007/flask-web3-solidity
0,2.664979e-11,0,0,bkrem/react-nft-gallery
0,1.753847e-11,0,0,blackalbino01/epic-nfts-ui
0,3.7846755e-07,0,0,BlackPeter13/LightningTipBot
0,3.1904276e-10,0,0,blakewood84/react-metamask-medium
0,1.860441e-11,0,0,Block-Beats-Estonia/BITCOIN-NFT
0,5.130775e-17,0,0,Block-Chen/blocksdk-go
0,1.5754002e-16,0,0,block-foundation/solidity-digital-twin
0,2.2664896e-10,0,0,blockchain-certificates/cert-issuer
0,4.432639e-14,0,0,blockchain-etl/blockchain-etl-streaming
0,5.5933887e-13,0,0,blockchain-etl/public-datasets
0,9.709301e-12,0,0,Blockchain-for-Developers/sp18-midterm-pt2
0,5.6269056e-12,0,0,blockchaingate/eXchangily-web
0,4.981364e-18,0,0,blockchain/blockchain-wallet-v4-frontend
0,5.5760628e-15,0,0,blockchain/My-Wallet-V3
0,1.7217689e-11,0,0,blockonomics/prestashop-plugin
0,8.0581733e-19,0,0,blockstarter/ico-contracts
0,2.1065055e-13,0,0,bloomwalletio/bloom
0,9.7546346e-11,0,0,Blueforce99/web3-bubble-portfolio
0,1.3411733e-15,0,0,BlueWallet/BlueWallet
0,1.4935824e-13,0,0,bluewhale-protocol/bluewhale-trust
0,4.349931e-18,0,0,bob-collective/bob
0,4.6496086e-19,0,0,bokkypoobah/Nix
0,2.1671867e-15,0,0,bomzj/newbits
0,1.7909607e-15,0,0,bonedaddy/cryptovendingmachine
0,1.0882344e-15,0,0,bostonlink/blockexplorer
0,3.1655188e-15,0,0,Bottom-Labs/wallet-core
0,1.3017469e-13,0,0,BradMoonUESTC/FireWallProject
0,3.709258e-07,0,0,braedonsaunders/homerun
0,1.2059358e-15,0,0,BraianVaylet/buildspace-epic-nfts-ui
0,9.032382e-17,0,0,BraisCabo/Decentralized-Crypto-Casino
0,1.3531683e-14,0,0,brendanjryan/crypto-keystore-rs
0,8.3314466e-15,0,0,brendansiraky/solidity-nft-mint-contract
0,4.4090884e-10,0,0,brilliant927/nft-mint-polygon
0,1.4183045e-12,0,0,brlojam4932/usdc-app
0,0.0008541706,0,0,Brunomike/cryptopunk-clone-web3
0,8.8765383e-13,0,0,BSN-DDC/taianchain
0,2.8687134e-15,0,0,btcltceth/crypto_explorer
0,2.2374748e-14,0,0,btcsuite/btcwallet
0,5.9244164e-17,0,0,BTCwalletGen/BTCwalletGen
0,1.6378205e-07,0,0,btq-ag/QRiNG
0,6.34767e-14,0,0,buihuudong19/E-Wallet-Blockchain-sourcecode
0,5.6872655e-06,0,0,Busulis/OPNet-Vesting
0,8.666023e-05,0,0,ButterDevelop/AutoBlumSmartContract
0,4.804246e-15,0,0,buybackoff/SolidityAuction
0,4.178264e-18,0,0,Bwest981/BitcoinSig
0,1.2168858e-11,0,0,bwire-official/Gastronaut-bot
0,6.2560553e-06,0,0,Bytez3/MEDiscordBuySell
0,2.5738414e-09,0,0,bzthelmaeddins54/headlee
0,2.060478e-16,0,0,c-bruce/SharedWallet
0,6.6354355e-10,0,0,C0A21130/web3-demo-app
0,2.1000707e-07,0,0,caiovicentino/debank-mcp-server
0,1.7723202e-13,0,0,CaiqueRibeiro/decentralized-stripe
0,1.4730516e-16,0,0,cake-tech/cake_wallet
0,6.9198393e-12,0,0,calintzy/evmscope
0,1.9110316e-09,0,0,camerodev/Finaomics-Solidity-Web3-React
0,4.1900336e-15,0,0,canyon-network/canyon
0,6.400809e-11,0,0,capsulesocial/capsule-near
0,7.9555293e-16,0,0,captain-woof/meta-nft
0,4.9450683e-11,0,0,cardano-foundation/cardano-wallet
0,5.6594052e-14,0,0,carlosgauci/crypto-track
0,1.5215273e-10,0,0,carmenbickel/NFT-Collection
0,3.0044685e-09,0,0,CateryaTech/tradeforge
0,2.5669006e-08,0,0,catze-labs/jury-dao-web
0,3.571608e-07,0,0,cawfree/web3-react-native
0,9.489592e-13,0,0,cdc-Hitesh/cdc-Hitesh.github.io
0,7.263027e-13,0,0,celer-network/layer2-finance-contracts
0,4.6566178e-20,0,0,Certora/CertoraProver
0,8.905673e-13,0,0,ChainAgnostic/CAIPs
0,2.4035413e-12,0,0,chainapsis/keplr-wallet
0,7.829554e-18,0,0,ChainEasy/ChainEasy-Wallet
0,2.0032971e-14,0,0,ChainInsighter/Ondo-Flux-Finance
0,1.9518566e-08,0,0,ChainInsighter/Web3-Casino-Crash-Game
0,2.2280473e-13,0,0,chainjet/platform
0,4.323881e-15,0,0,ChainShot/AAVEDaiEscrow
0,6.1987413e-07,0,0,ChainsQueen/web3dashboard
0,5.6883817e-08,0,0,charanbalaji2005/CryptoView-solidity
0,1.9870551e-14,0,0,charlo1492charlo14928/NFT-Yield-Farming
0,7.155861e-11,0,0,chase-manning/debt-farming
0,2.7564949e-19,0,0,chatch/hashed-timelock-contract-ethereum
0,3.004328e-11,0,0,chauhan-varun/Account-abstraction
0,5.3359895e-12,0,0,chawresh/Multi-Currency-Rich-Address-Finder-v1.0
0,6.0254342e-06,0,0,chellscript/bitLeaf
0,7.2343383e-17,0,0,cherti/bitcoin-analysis
0,5.352365e-10,0,0,cherylwilson314/web3py_crypto
0,2.4595e-18,0,0,Chia-Network/chia-blockchain
0,1.6513927e-12,0,0,Chirag21/CryptoZombies-solidity-v0.8.16
0,9.371667e-13,0,0,chjj/mako
0,4.2934755e-14,0,0,chjj/termcoin
0,0.0033571909,0,0,chmajidnaeem/blockchain-bitcoin
0,0.000107499945,0,0,ChocoChichia/bitcoin-wallet
0,1.7511068e-10,0,0,chrisalexadams/balancer
0,3.2389189e-15,0,0,ChrisdeWolf/blockchain-attack-probabilities
0,3.704624e-15,0,0,chrisstef/defi-staking
0,0.0010062717,0,0,ChrisZyy3/presale-nft-web3-app
0,4.020402e-12,0,0,CIpherEE/TECHCRUSHERC-20
0,3.541749e-17,0,0,citadelgrad/crypto-commando
0,1.7250777e-09,0,0,citizenweb3/validatorinfo
0,8.687728e-14,0,0,CJpaekil/nft-marketplace-ERC721
0,6.121053e-13,0,0,classicshi/web3-decoder
0,1.7596215e-13,0,0,cliffhall/in-app-pro-shop
0,4.0090098e-11,0,0,cloudframeworks-blockchain/user-guide-fabric-smart-contract
0,2.6176433e-19,0,0,cluck135/First-Deployed-Token
0,1.0796233e-12,0,0,ClusterH/Memories-NFT
0,3.6072585e-14,0,0,cmandar24/Ethereum-Private-Key-Generator
0,9.9246194e-05,0,0,cmdruid/tapscript
0,3.764675e-05,0,0,coccoinomane/crabada.py
0,8.292467e-10,0,0,Cocodrilette/DeFi-Staking-SolidityContracts
0,1.589022e-09,0,0,Code-Decoders/specter-defi-near
0,2.1845218e-11,0,0,codebatine/Chores-for-Crypto
0,2.6822636e-13,0,0,codeesura/Arbitrage-uniswap-sushiswap
0,1.280712e-10,0,0,codegenius2/solana-verify-eddsa
0,3.5898406e-13,0,0,CodeMachine0121/EthereumWallet_local_API
0,6.488059e-10,0,0,coderasha/NFT-Marketplace--EThereum-Polygon
0,1.3478618e-22,0,0,codeVirtuoso21/NFT-marketplace-cryptoBoys
0,3.25965e-11,0,0,codewithmide/FlowPrice-Oracle
0,4.123508e-11,0,0,codex-protocol/service.eel
0,1.3333876e-09,0,0,CODEX108/FINAL-BLOCKSPIRIT
0,1.827461e-16,0,0,codymj/GeminiCryptoTrader
0,1.4695544e-17,0,0,coin-worx/ethereum-voting-demo
0,4.56154e-11,0,0,coinbase/chainstorage
0,9.567371e-14,0,0,coinbase/coinbase-wallet-sdk
0,1.0338023e-18,0,0,CoinSpace/CoinSpace
0,2.767599e-12,0,0,Coldcard/firmware
0,1.0615464e-15,0,0,colonelxy/CryptoZombies
0,8.161588e-13,0,0,ColonySatoshi/BTCME.WEB3
0,1.4630903e-14,0,0,coming-chat/wallet-SDK
0,4.9076387e-09,0,0,compound-finance/palisade
0,1.0457418e-09,0,0,conka8/Solana-Dexterity
0,1.7076646e-06,0,0,consenlabs/imkey-manager
0,9.3148415e-08,0,0,ConsenSys-archive/vscode-ext
0,6.2966864e-14,0,0,ConsenSysDiligence/0x-review
0,2.1305317e-13,0,0,ConsenSysDiligence/mythril
0,1.5867239e-12,0,0,ConsenSysMesh/live-libs
0,6.5465506e-12,0,0,Consensys/defi-score
0,2.7218297e-08,0,0,Consensys/eth-lightwallet
0,6.321156e-16,0,0,ConstanzaOriana/RealEstate_dApp
0,8.461047e-12,0,0,coral-xyz/backpack
0,6.959757e-13,0,0,cordovaem/solana-nft
0,4.9730275e-11,0,0,cosmostation/cosmostation-android
0,1.772698e-14,0,0,coti-io/coti-ethers
0,6.640714e-14,0,0,coti-io/coti-sdk-python
0,2.0176626e-13,0,0,courtney-haley/SUPERIO-DeFi-Yield-Farm
0,5.964686e-11,0,0,covir-io/cvr-contract
0,1.6882816e-17,0,0,CPix18/CryptoCopyRights
0,1.3982171e-14,0,0,Cr0mb/Crypto-Sweeper
0,3.168263e-14,0,0,Cr0mb/Satoshi-Sweeper
0,0.0004071322,0,0,craftBrainLLC/ethereum-indexer
0,1.2005777e-10,0,0,crcristian97/solidity-nft-contract
0,2.2205267e-08,0,0,crestalnetwork/intentkit
0,1.9914022e-15,0,0,cristiandbetancurg/fulgol
0,0.0004699973,0,0,critfinds/Web3CRIT-Scanner
0,4.2460114e-15,0,0,crossclaim/btcrelay-sol
0,3.428031e-17,0,0,crpdev/decentralised-ebay
0,8.351888e-12,0,0,crypto-balance-checker-seed-phrases/crypto-balance-checker-seed-phrases
0,3.921623e-13,0,0,crypto-cooker/Web3-Project-Overview
0,3.1586517e-10,0,0,crypto-crawler/crypto-ohlcv
0,4.748478e-13,0,0,crypto-org-chain/cronos
0,1.5606183e-18,0,0,Crypto0390/nft-airdrops
0,2.7552461e-17,0,0,crypto1014/NFT-marketplace
0,7.475821e-13,0,0,cryptoadvance/specter-desktop
0,9.584262e-11,0,0,CryptoApex23/mnemonic-balance-checker
0,2.2473088e-17,0,0,cryptococks-xyz/cryptococks-contract
0,6.0457028e-21,0,0,CryptoCreams/Crypto-Creams
0,8.776915e-11,0,0,cryptodance/cryptodance-backend
0,6.2819744e-08,0,0,CryptoExplor/CeloNFT
0,1.5972824e-15,0,0,CryptoFist/MemeMarketplace-contract
0,6.7605214e-12,0,0,cryptoforge318/NFT-Marketplace
0,1.0048514e-10,0,0,cryptoleadxyz/demo-infura-web3py
0,3.935718e-17,0,0,cryptomkt/cryptomkt-python
0,1.6897613e-12,0,0,cryptopayserver00/cryptopayserver
0,4.0125076e-14,0,0,cryptopunksnotdead/awesome-cryptopunks-bubble
0,1.0938684e-10,0,0,Cryptorubic/multi-proxy-rubic
0,2.878848e-11,0,0,cryptosguru/nft_terra_cosmwasm
0,2.2422405e-16,0,0,CryptoSnowPrince/CryptoGame_Backend
0,8.1608407e-13,0,0,cshep4/crypto-dot-com-exchange-go
0,1.4894092e-09,0,0,csimbana/suiguard
0,9.64534e-09,0,0,cunarist/solie
0,1.3012538e-08,0,0,curvefi/curve-contract
0,5.346477e-14,0,0,CutupAngel/nft-marketplace
0,1.7384166e-07,0,0,cyforge/Orbis-Wallet
0,1.3316588e-10,0,0,cypherium/uniswap-interface-cypherium
0,3.8817226e-12,0,0,cypherpunk-symposium/web3-starter-rs
0,7.83965e-12,0,0,czeti/shamus
0,7.376492e-16,0,0,czhc/bookmarks
0,3.3603058e-08,0,0,d-invisible/DocuManage-web3--Aptos
0,1.7273492e-17,0,0,D-Y-So/Blockchain_Project
0,2.2008027e-15,0,0,d3or/eth-vanity-gen
0,9.580285e-05,0,0,Dadel-1/Polymarket-CopyTrading
0,2.3099515e-08,0,0,Dakii03/crypto-project-v2
0,3.9335416e-17,0,0,dalloglio/nft-pokemon
0,2.6374987e-12,0,0,Daltonic/dappCinemasX
0,3.585529e-13,0,0,Daltonic/dappFundsX
0,2.987099e-16,0,0,Damian-Sanchez/CryptoTextAlert
0,1.0463023e-13,0,0,DanielCM2001/SendCrypto-Blockchain-App-web3
0,2.9654054e-14,0,0,DanielDimitrov5/NFT-Marketplace-FE
0,2.2169871e-17,0,0,danieltantonio/SharedWallet_Solidity
0,4.0298606e-12,0,0,danielwpz/nft-linkdrop
0,1.2994839e-14,0,0,danilych/token-factory-web-app
0,5.7018405e-12,0,0,danilych/token-sale
0,1.6004312e-13,0,0,danpatrocinio/web3-api
0,1.36226525e-11,0,0,dante4rt/t3rn-airdrop-bot
0,5.514006e-21,0,0,dapperlabs/dapper-contracts
0,2.211069e-15,0,0,DappFactory/CryptoTrivia
0,1.1699875e-07,0,0,dappforce/polkaverse
0,1.44258925e-08,0,0,dapphub/ds-math
0,3.6537173e-09,0,0,DappioLab/navigator
0,3.4199024e-12,0,0,dappros/nfmt
0,2.758723e-13,0,0,dappteacher/smart-contract-audit-portfolio
0,7.2427093e-16,0,0,dappuniversity/hd_wallet
0,6.074161e-13,0,0,dappuniversity/Runner-blockchain-game-
0,5.2350835e-10,0,0,dariocast/algorand-nft-loan
0,7.972226e-05,0,0,Darkbladecr/cryptoWallet
0,2.1008775e-08,0,0,darkgrovelabs/sec3hub
0,1.3961004e-15,0,0,darrylyeo/blockhead
0,3.2917053e-16,0,0,datmedevil17/hack-web3conf
0,3.876274e-21,0,0,Daudxu/eth-wallet-modal
0,6.1789562e-12,0,0,daulathussain/nfts-api-starter-file
0,3.035579e-13,0,0,davdotsol/react-and-web3-demo-app
0,1.253101e-13,0,0,davdotsol/uniswap-v2-defi-app
0,1.0030329e-16,0,0,davidmeng630/defi
0,3.949817e-14,0,0,dbarobin/awesome-mirror
0,2.8532295e-13,0,0,DE-labtory/zulu
0,4.8494992e-17,0,0,deadarchitects/test-low-gas-solidity
0,1.8299365e-10,0,0,DealAiFind/DealAiFind-Ai-DEX-FrontRun-JS-V4
0,3.275373e-15,0,0,decentralized-identity/element
0,3.3000396e-07,0,0,DeCleanup-Network/contracts-evm
0,7.2680545e-10,0,0,Decurity/semgrep-smart-contracts
0,5.1014404e-10,0,0,Deed3Labs/Protocol-DApp
0,4.0557166e-15,0,0,deepbluelake/web3-lab
0,1.2837048e-11,0,0,Deeppanchal2108/metaflex-nft-lab
0,5.932904e-15,0,0,Defi-Pool-Share/DefiPoolShare.DPSTContract
0,3.82911e-15,0,0,Defi-Pool-Share/DefiPoolShare.LendingContract
0,8.716947e-13,0,0,DeFiCh/defiscan.live
0,1.0091545e-16,0,0,DeFiDesk/DeFiDesk.github.io
0,1.9359774e-11,0,0,defilab/defi-blockchain-dumper
0,1.7160029e-14,0,0,DeFiNecromancer/Basic-Name-Storage
0,4.528925e-19,0,0,defiprime/defiprime1
0,8.7714703e-16,0,0,DEFIProtocol/Web3
0,6.6722488e-15,0,0,DeFireX/defirex-protocol-v3
0,9.482942e-11,0,0,delvtech/agent0
0,1.8033134e-16,0,0,DemocracyEarth/exodus
0,9.516231e-14,0,0,DemocracyEarth/wallet
0,2.7969133e-12,0,0,Denis345/blockchain-automation-tool
0,1.5661245e-16,0,0,DenisZS/cckat
0,1.6765036e-11,0,0,dennohpeter/MultiDexArbBot
0,9.294258e-15,0,0,denzopas/myWallet
0,1.8331505e-17,0,0,DePayFi/buttons
0,1.0732997e-19,0,0,DePayFi/depay-claimable-nft-airdrops
0,1.4885918e-16,0,0,DePayFi/web3-wallets
0,3.4874497e-18,0,0,DePayFi/widgets
0,5.624977e-11,0,0,desbenn/defi-arbitrage
0,5.0564428e-14,0,0,desktop-examples/crypto-analysis
0,2.0614996e-09,0,0,desoul-labs/soulhub-contracts
0,2.5678687e-06,0,0,deusfinance/deus-interface-v2
0,3.504271e-15,0,0,dev-x-master/Election-Blockchain-App
0,1.6756813e-08,0,0,devano12/Kryptex-miner
0,2.1162846e-12,0,0,DevAyomi/Smart-Wallet-
0,1.8769782e-12,0,0,developeruche/hybrid
0,1.3307971e-15,0,0,develrocket/NFT-Smart-Contract
0,9.950046e-07,0,0,DevJihwan/SmartContractSample_RentCar
0,2.9610112e-12,0,0,DevMarc16/appkit-connect
0,8.391964e-13,0,0,devridge0/aave-core
0,6.4433044e-07,0,0,DevStudioX/Phoenix-Clipper-Malware-Private
0,2.8716515e-12,0,0,dex-guru/assets
0,1.0363986e-14,0,0,dgrmunch/docuten-blockchain-proof-dapp
0,5.4656208e-05,0,0,Dharma256/solidity-multisig-wallet-56
0,1.2819194e-10,0,0,dharmaprotocol/dharma.js
0,1.06553147e-13,0,0,dharmaprotocol/experimental
0,4.7697347e-14,0,0,dherranzf/CryptoBank
0,5.154e-10,0,0,dhiraj0911/bitcoin-wallet
0,1.0123177e-13,0,0,dhiraj0911/defi-uniswap
0,4.9401886e-17,0,0,diadata-org/diadata
0,1.1051791e-20,0,0,didil/stone-dapp
0,3.963199e-09,0,0,diego-tobalina/PancakeSwapBot
0,2.8808447e-13,0,0,Dilkashpeshimam18/defi-contracts
0,7.206448e-21,0,0,DimarcoKevin/CryptoZombies
0,4.043085e-13,0,0,DimensionDev/Maskbook
0,1.942177e-06,0,0,Dineshv0311/Web3.0-CryptoTransfer
0,3.155209e-09,0,0,diorwave/solana-blockchain-development
0,1.324052e-15,0,0,distbit0/coinStats
0,1.6405954e-07,0,0,DixDev1621/BLOCKCHAIN-DeFi-Router
0,6.4665336e-11,0,0,DjibrilM/strike-wallet
0,7.6543705e-07,0,0,Dklish/trading-lab
0,9.136322e-14,0,0,dkpeakbil/bitcoinwalletwatcher
0,2.4991707e-14,0,0,dkrsgood/ETH_Wallet
0,5.3235927e-10,0,0,dmakarov-dev/Ethereum-Solidity-token
0,3.643795e-08,0,0,dmitriiprusakov/definition-hack-nft-versus
0,4.213268e-18,0,0,dogecoin/dogecoin
0,4.117844e-07,0,0,dojimanetwork/web3fy-go
0,4.4255026e-17,0,0,domechn/track3
0,1.2790856e-11,0,0,DonggeunYu/MEV-Attack-on-the-BSC
0,1.5557282e-16,0,0,donnywin85/defi-yield-aggregator
0,9.186368e-14,0,0,Dopular/CLI-Searching-and-Tracing-EVMTransactions
0,1.9595532e-18,0,0,dorianbayart/DexPairs
0,1.2901379e-08,0,0,dozerokz/polymarket_monitor
0,1.9591372e-08,0,0,Dpost-George/foundry-web3-wallet-security-Advanced
0,4.630529e-11,0,0,drips-network/app
0,1.9838104e-07,0,0,drisst12/safe-smart-account
0,6.508487e-06,0,0,Drix10/ai-resources
0,2.200696e-13,0,0,DrLinuxOfficial/CryptoWallet-Cracker
0,2.373674e-07,0,0,drpcorg/dshackle
0,3.7732111e-06,0,0,DTVMStack/DTVM
0,9.84921e-16,0,0,ducga1998/tai-xiu-smart-contract
0,3.0059788e-11,0,0,DudeOfCode/web3.pyandSolidityTodolist
0,1.7311087e-10,0,0,duneanalytics/evm.codes
0,2.5552744e-08,0,0,duytacong24895/smart-contract-lesson-1
0,3.0831032e-11,0,0,dvinubius/tiny-multisig-typescript
0,2.3082229e-10,0,0,dvvrtmshra/StellarPay
0,1.6604603e-16,0,0,dydxprotocol/protocol_v1
0,1.2571408e-15,0,0,Dyslex7c/DefiYieldOptimizer
0,3.7245276e-10,0,0,ebellocchia/erc20_splitter
0,4.7683232e-11,0,0,EdgeApp/edge-react-gui
0,6.7669986e-19,0,0,edubrunaldi/generic-wallet
0,7.056314e-14,0,0,educoin/notarypoc
0,4.1931165e-09,0,0,edwintyx/Blockchain-Cryptocurrency-Project
0,2.7144933e-12,0,0,EjaraApp/trustdart
0,7.185526e-15,0,0,eka0789/nft-marketplace
0,4.7003857e-17,0,0,el-noir/ethereum-defi-app
0,3.6479377e-09,0,0,el-noir/MedicAi
0,6.830099e-11,0,0,eldorado-Coder/NFT-marketplace-smart-contract
0,2.5681805e-18,0,0,elkoutwest/bitcoin_browser
0,2.4515387e-10,0,0,Elmanilov/CastClaim
0,7.848361e-05,0,0,ElromEvedElElyon/bitcoinbrasil
0,1.817305e-08,0,0,elxor/jetum-wallet
0,3.3676892e-13,0,0,Elytro-eth/ETHShanghai2022
0,1.3166834e-15,0,0,EmanHerawy/web3Drive
0,7.2280393e-12,0,0,emerald-dao/float
0,2.3662092e-09,0,0,emeraldpay/dshackle
0,5.791281e-11,0,0,emiliosheinz/vue-js-crypto-wallet
0,5.237527e-15,0,0,emilyhon/foundry-defi-stablecoin-f23
0,4.3913131e-10,0,0,Emivvvvv/btc-vanity
0,3.1632754e-14,0,0,emlynazuma/blockchainCrawler
0,1.5278896e-11,0,0,Emmahchinonso/web3-bridge-contract
0,1.4744961e-09,0,0,Emmanuel-213/MyFirstSmartContract
0,3.8466967e-13,0,0,Emmanuel-Samuel/Alchemy-projects
0,2.6326036e-12,0,0,emograms/nft-marketplace
0,1.0668046e-13,0,0,emtinanseo/dApp-Refund-by-Location-Smart-Contract
0,5.3653883e-17,0,0,energychain/CorrentlyWallet
0,2.112843e-17,0,0,Enkhai/crypto-blockchain-python
0,4.1243474e-16,0,0,enricobottazzi/Zeko
0,2.2598225e-12,0,0,enricozanardo/bitcoin-sentiment-analys-on-tweets-
0,8.457271e-12,0,0,Enricrypto/arb-wave-flashloans-arbitrage
0,1.506447e-11,0,0,EnridoZanoge/Layer-1
0,2.9577486e-12,0,0,enzymefinance/protocol
0,5.33686e-14,0,0,eonian-core/farm
0,2.5205705e-07,0,0,epacrypt25/Web3BlockchainVooting
0,9.6087846e-05,0,0,EpicVillage/Ore-Blue-Miner
0,1.00498936e-10,0,0,eprbell/dali-rp2
0,2.4170354e-15,0,0,eprbell/rp2
0,9.52598e-11,0,0,eq-lab/marginly
0,1.395437e-12,0,0,ERC4626-Alliance/sup-web-4626
0,2.4976293e-12,0,0,Erfaniaa/crypto-portfolio-optimizer
0,2.728274e-16,0,0,ernestognw/ethereum_signature
0,6.2353424e-17,0,0,ervikassingh/nft-market
0,2.3577487e-09,0,0,esolidar/web3
0,9.632337e-14,0,0,estevaopbs/bitcoin-rs
0,2.0426457e-13,0,0,ethaccount/vue-dapp
0,4.047483e-13,0,0,EtherAuthority/Portfolio
0,4.2169881e-07,0,0,ethereum-boilerplate/ethereum-prediction-market-boilerplate
0,2.3266247e-13,0,0,EthereumCommonwealth/Auditing
0,1.9709855e-11,0,0,EthereumCommonwealth/multi-geth
0,6.9692684e-13,0,0,Ethernal-Tech/bridge-web-test-suite
0,2.5637548e-19,0,0,ethers-io/ethers.js
0,8.142085e-14,0,0,ethersphere/swap-swear-and-swindle
0,6.400225e-18,0,0,EtherTW/LogoVote2017
0,7.4017945e-11,0,0,ETsCalrskj/Kypt-MultiSig-Wallet-Transactions-Tron-Ethereum
0,2.66179e-10,0,0,euphonious-raisinnutcookie575/ethwizc
0,1.1747172e-12,0,0,Ev3rlasting/Sui-Vanity-Wallet-Generator
0,6.5011163e-06,0,0,everstake/wallet-sdk
0,2.636404e-11,0,0,everx-labs/everdev
0,2.3810554e-12,0,0,everx-labs/evernode-se
0,2.2439968e-14,0,0,EveryThinUknow/BlockchainPrototype
0,6.806796e-10,0,0,evm-tooling/viem-go
0,6.104303e-16,0,0,EWCunha/brownie-fund-me
0,5.9080275e-11,0,0,exactly/liquidation-bot
0,2.0151276e-17,0,0,exactly/protocol
0,5.4696265e-09,0,0,exekerey/3xpl-mcp
0,8.147581e-15,0,0,exglos/wallet
0,1.2261859e-12,0,0,ExodusMovement/bitcoind-zmq
0,5.391736e-16,0,0,Expandergraph/crypto-crawler
0,3.6288733e-07,0,0,ExpertVagabond/mango-v4
0,2.8253364e-08,0,0,explorills/expl-nodes-dashboard
0,3.7883535e-16,0,0,f-z/decentralized-option-trading-platform
0,1.1388873e-13,0,0,fabianorodrigo/defiamm
0,3.9677056e-07,0,0,Fabischu2008/Vinechain
0,1.3239502e-09,0,0,Fabomarche/ethereum-viewer
0,1.1724547e-05,0,0,FACINGS/collection-manager
0,1.1802844e-09,0,0,fadedreams/wallet_go_blockchain_concepts
0,7.345867e-13,0,0,fadliferdian28/MyCryptoToken
0,1.1773576e-08,0,0,fairrustana/Sports-Betting-Sportsbook
0,3.7603126e-13,0,0,faizack/Supply-Chain-Blockchain
0,1.1467359e-10,0,0,falila/smart-contract-interpreter
0,4.74976e-15,0,0,Faouzijedidi1/NFT-Game
0,3.5505084e-13,0,0,Farber98/MultiSigWallet
0,7.145287e-16,0,0,farisamirmudin/cryptotransfer
0,1.3631592e-11,0,0,faysalbadaoui/RegisterDeviceSolanaProgram
0,1.1973553e-14,0,0,FazioNico/meta-gotchi
0,1.12986e-14,0,0,fbsobreira/gotron-sdk
0,3.6524434e-12,0,0,feeeei/vanity-generator
0,8.504209e-13,0,0,felipeserrano05/one-sol-protocol
0,6.372931e-13,0,0,fewwwww/awesome-uniswap-hooks
0,5.537679e-06,0,0,Fida-Kainth/Block-Chain-A-Decentralized-Cryptocurrency-Wallet-System-with-Automated-Zakat-Deduction
0,3.9130987e-09,0,0,FIFA0313/blockchain-wallet-adapter-designe
0,7.6977464e-08,0,0,FIFA0313/sui-mcp-server-wallet-management
0,6.020993e-18,0,0,filips123/BlogChain
0,4.594727e-09,0,0,FilOzone/synapse-sdk
0,5.786339e-17,0,0,FinHubRotman/eth-blockchain-data
0,3.5464692e-16,0,0,FIT-DNU/Blockchain-Technology
0,1.3288083e-15,0,0,Flame-eth/Multiparty-Solidity-Wallet-
0,7.5207096e-18,0,0,flannerychristopher/web3_py_simple_storage
0,7.63449e-16,0,0,flappyagent/flappy-bird-solidity-2
0,4.0997627e-18,0,0,flexa/collateral-manager
0,1.7892527e-16,0,0,floranguyen0/nft-marketplace
0,4.2519154e-13,0,0,fomoweth/flashloan-aggregator
0,2.7466923e-18,0,0,ForcingVaporizer/Blockchain-Dapp-Crypto
0,3.3129744e-13,0,0,Formyselfonly/smart-contract-quickstart
0,9.326228e-14,0,0,formysister/crosschain-mixer-solidity
0,4.0008933e-13,0,0,forward0507/Dexordi-BE
0,1.0988212e-08,0,0,foxxcn/Arkham_API_test
0,3.759886e-11,0,0,frangio/hardhat-exposed
0,1.0441151e-10,0,0,frankdev7/bootcamp-solidity-defi
0,1.1238514e-20,0,0,frankiefab100/Blockchain-Development-Resources
0,1.4081013e-17,0,0,frankiefab100/Web3.0-Roadmap
0,3.7701206e-14,0,0,FredericRezeau/soroban-snooker
0,1.2342249e-12,0,0,FrederikBolding/chainlist
0,9.891039e-16,0,0,freight-trust/deployments-solidity
0,6.28511e-17,0,0,Frenzoid/DAPP_Bank
0,9.882649e-12,0,0,Freya-Lark/Chainlink-2024-17hours-Web3-tutorial
0,6.467927e-15,0,0,FriendlyUser/solidity-smart-contracts
0,2.4229205e-11,0,0,FujiwaraChoki/CoinWizard
0,1.660253e-14,0,0,fullstack-development/blockchain-wiki-en
0,2.6012913e-05,0,0,fundgao/xiuxian
0,6.599838e-11,0,0,fvictorio/ganache-explorer-poc
0,1.2767907e-09,0,0,fxop0218/DEFI-aave-JS-Solidity
0,5.052342e-19,0,0,gabidi/bismuth-js-crypto
0,2.0164349e-17,0,0,gakonst/ethers-rs
0,2.8255632e-15,0,0,GameChangerFinance/gamechanger.wallet
0,2.378686e-12,0,0,gasparllamazares/Bitcoin-Virus
0,1.9902768e-09,0,0,gauryvg98/Bitcoin-Indexer
0,6.52987e-18,0,0,gbto/web3-everything
0,2.534829e-15,0,0,gear5labs/chenpilot
0,4.721256e-14,0,0,Gearbox-protocol/gearbox-protocol-description
0,6.8795067e-15,0,0,gemwalletcom/gem-android
0,1.8547308e-17,0,0,Generic35/Ethereum-Wallet-Dai-Token-Clone
0,5.870223e-17,0,0,geovgy/smart-wallet
0,1.7881218e-14,0,0,geraldoramos/crypto-bar
0,1.810984e-11,0,0,getgems-community-tact/nft-template-editable
0,4.0523446e-08,0,0,getsafle/safle-identity-wallet
0,2.2484828e-10,0,0,gfsxyz/lamina
0,1.0484497e-17,0,0,ggviana/splitter
0,9.632111e-15,0,0,GHODA-crypto/shatranj
0,3.4881556e-10,0,0,ghulamrabbanimedium-dotcom/VerseBet-dapp
0,8.9032386e-18,0,0,giogam/Gopher-Wallet
0,5.0908632e-18,0,0,gitthekid/Ethereum-Flashloan-DEX-Arbitrage-Contracts
0,4.700608e-14,0,0,gizdusum/hermes-blockchain-oracle
0,9.431299e-15,0,0,GlitchicaL/project-arcadia
0,6.355192e-18,0,0,glitchnsec/cryptozombies-solutions
0,1.347948e-16,0,0,glitznerf/blockchain_banking_system
0,1.3390232e-12,0,0,gmh5225/awesome-crypto-wallet-address
0,2.602046e-09,0,0,gmtech-xyz/safe-cex
0,5.019409e-14,0,0,gnidan/abi-to-sol
0,1.1009841e-12,0,0,gnosis/reth-util
0,1.1269879e-08,0,0,gobeyondfj-cmd/cryptoagent-ai
0,1.4069955e-09,0,0,GobyWallet/openapi
0,5.7512536e-12,0,0,gokcearda/OwlToken
0,4.051723e-17,0,0,Gola-k/jsm_nft_marketplace
0,2.4693259e-09,0,0,GoodDollar/GoodDAPP
0,1.6750204e-11,0,0,GoogleEnginer/defi-yield-calculator
0,1.4727467e-18,0,0,govi-dao/cvi-contracts
0,5.0615186e-14,0,0,gprateek93/Sikka--A-Simple-Bitcoin-Implementation
0,2.1408387e-12,0,0,grandsmarquis/ethereumdevio-dex-tutorial
0,3.36199e-05,0,0,GRANTsol/PanteraProtocol
0,3.37074e-10,0,0,greekfetacheese/zeus
0,3.1154795e-15,0,0,GridexProtocol/core
0,1.690345e-08,0,0,gridgentoo/graph-node
0,1.2059687e-06,0,0,gsachin1809/bitcoin_wallet
0,1.4349887e-14,0,0,gskril/mnemonic-guesser
0,4.0648257e-14,0,0,guider23/CryptoShare
0,6.8975036e-16,0,0,guillaumelauzier/rootstock-NFT
0,8.952342e-12,0,0,GuiTeK/bip39-splitter
0,1.8855573e-16,0,0,guoshijiang/blockchain-wallet-sdk
0,5.3639543e-10,0,0,Gupta-4699/crypto_gallery
0,1.2594357e-14,0,0,gurnec/btcrecover
0,1.5333222e-15,0,0,gweidart/evm-flashswap-arb
0,2.8345656e-16,0,0,gyro-defi/gyro-v1-contracts
0,5.9673e-12,0,0,gysr-io/core
0,3.140162e-10,0,0,Gzeu/hero-forge-monorepo
0,7.68444e-12,0,0,ha-bhai-noob-hoon/Solidity-task
0,4.8730704e-09,0,0,Hackathons-w-Rapto/RugRader
0,7.185897e-11,0,0,hacksdark/cybersecurity_hack
0,9.56855e-12,0,0,HackUnderway/BlockChain
0,5.451048e-16,0,0,HadhemiBM/SmartContract_NFT-Marketplace
0,3.993739e-14,0,0,HAECHI-LABS/vvisp
0,6.403501e-17,0,0,Haehnchen/uniswap-arbitrage-flash-swap
0,2.5687192e-18,0,0,haf-decent/bArb
0,2.866967e-12,0,0,HalfSuperNate/BalanceOfBatchDataToString
0,3.344834e-14,0,0,HandyDudes/ETH-NFT-buildspace
0,7.2977336e-08,0,0,Hany-Almnaem/Solana-Documents-as-NFTs-in-a-wallet-Project
0,1.5866435e-14,0,0,hanzopgp/CryptoZombies
0,1.4577135e-15,0,0,HappyGroupHub/Ethereum-Wallet-Tracker
0,6.6178965e-16,0,0,Hardchat/Web3.py-Transaction
0,5.6000637e-08,0,0,harishummam/CryptoKet-NFT-Marketplace
0,5.8300404e-14,0,0,haritsmedina/web3.0_krypto
0,1.8431913e-10,0,0,HariVP03/nft-kart
0,2.3829083e-20,0,0,HarryR/shwop
0,2.658494e-16,0,0,harsh6768/web3-basics
0,1.2333896e-08,0,0,harshiit1/ethereumChecker
0,3.720846e-12,0,0,harshit180704/aave-credit-scoring
0,6.63758e-12,0,0,Harukite/wallets-generate
0,4.876983e-21,0,0,hashbx/token-distribution
0,5.7419716e-15,0,0,hashemabad/MultiSigWallet
0,9.618614e-12,0,0,HashLips/hashlips_nft_contract
0,1.9153994e-13,0,0,HashLips/nft_collection_minter
0,1.0191771e-11,0,0,HassanA632/blockchain-wallet-risk-analyser
0,2.423554e-22,0,0,HawkTahir1/ZENC
0,2.0977307e-15,0,0,haxpor/contractdiff
0,8.255937e-20,0,0,haxpor/inoutflow
0,1.44469e-12,0,0,hclivess/qtrader
0,1.5945635e-12,0,0,hdwaIIet-io/python-hdwallet
0,2.8638125e-09,0,0,HectorNBL/eth_solseum_gen_hnbl
0,2.2003832e-15,0,0,henesaud/bitcoin-cryptography
0,4.3576294e-14,0,0,hexoul/aws-lambda-eth-proxy
0,2.206377e-14,0,0,hi-riddhi/AaveV2-CreditScoring
0,2.306605e-16,0,0,hiero-ledger/hiero-consensus-node
0,2.5561915e-15,0,0,hilalsidhic/waveportal-Web3-and-solidity
0,7.72836e-12,0,0,HilliamT/foundry-web3-monorepo
0,8.2094076e-17,0,0,hilmikt/Web3
0,1.03968985e-13,0,0,HimanshuGupta-p1/ETHIFY
0,4.5683174e-17,0,0,hippogriff-dev/baby-swap
0,4.4068095e-14,0,0,hiromaily/go-crypto-wallet
0,5.1006992e-18,0,0,hiwadrashad/Crypto-Currency
0,1.1419058e-14,0,0,hobbleabbas/Bitcoin-RPC-API
0,3.2295143e-17,0,0,HODLorg/HODLbot
0,3.0159486e-11,0,0,holder-bot/wallet-testnet
0,9.927334e-15,0,0,holyblock/blockchain-piaic-q4-solution
0,2.2839163e-11,0,0,HongThaiPham/plugin-u2u
0,1.1320416e-09,0,0,HopefulHeart2020/Finaomics-Solidity-Web3-React
0,2.7746956e-17,0,0,hoprnet/hopr-ethereum
0,1.2024838e-11,0,0,horizontalsystems/bitcoin-kit-android
0,6.451564e-15,0,0,horizontalsystems/bitcoin-kit-ios
0,3.555884e-16,0,0,horizontalsystems/ethereum-kit-android
0,5.783089e-19,0,0,horizontalsystems/unstoppable-wallet-android
0,1.763762e-20,0,0,horizontalsystems/unstoppable-wallet-ios
0,1.1345016e-16,0,0,hoseadevops/edec-nft-market
0,1.0002195e-11,0,0,hovig/web3-fabric-voting-dapp
0,1.0389563e-13,0,0,hsharshshukla/SmartContractL
0,2.073843e-17,0,0,HugoBrunet13/NFT-Marketplace-Auction
0,2.4747456e-11,0,0,hugoclrd/clearness
0,2.8354072e-10,0,0,hululuzhu/solidity-t5
0,5.771838e-23,0,0,hummingbot/hummingbot
0,2.8211248e-16,0,0,hundredwz/BlockchainInfo
0,4.0389886e-11,0,0,Huy-2k11/Native-Parser
0,4.6814943e-15,0,0,huynhtuandat05december/Crypto-Zombie
0,7.2884025e-11,0,0,hyp3r5pace/crowdfunding-platform-avalanche
0,2.0762763e-14,0,0,Hyperledger-TWGC/GM-interoperability
0,1.3559286e-06,0,0,HyperPlay-Gaming/hyperplay-desktop-client
0,4.6716355e-12,0,0,hzblab/NFT-Minting-dApp
0,9.637948e-09,0,0,Iamdungx/denigma-cracker
0,7.387055e-15,0,0,iamnotstatic/multichain-crypto-wallet
0,5.15181e-13,0,0,Iamtheusername112/Crypto
0,1.4554429e-20,0,0,ianmah/cryptostory
0,4.0683248e-10,0,0,IaroslavTitov/OnchainVestingService
0,1.2142022e-09,0,0,IBM/loyalty-points-evm-fabric
0,9.117909e-13,0,0,IBQ-SUP/b-rad-coin
0,1.1494771e-11,0,0,ibrahimjspy/defi-portfolio-tracker
0,7.5055386e-13,0,0,IcarusCan/CryptoSimsNFT
0,1.980291e-13,0,0,icebert04/Defi-Dashboard
0,1.3270852e-09,0,0,idimetrix/next-jobs
0,6.0167477e-10,0,0,idrabenia/SublimeLinter-contrib-solhint
0,3.3669663e-15,0,0,IgorAugust0/blockchain-security-labs
0,7.7833965e-18,0,0,igorlourenco/nft-marketplace-smart-contract
0,5.654733e-18,0,0,ihaveCred/OfflineSignProvider
0,2.047878e-06,0,0,illia-fz/defi-python-nft-staking-rewards-v2
0,8.6162356e-05,0,0,illia-fz/defi-ts-wallet-connect-v23
0,1.0636118e-11,0,0,ilyarolf/AiogramShopBot
0,9.63398e-16,0,0,imanmousaei/coinexpy
0,8.255073e-16,0,0,imcrazysteven/Initial-Coin-Offering-Smart-Contract
0,4.290026e-12,0,0,imfrodobaggins/metabullrage
0,5.2885978e-17,0,0,Imperial-Group-19/contracts
0,1.925382e-08,0,0,Infineon/secora-blockchain-walletconnect
0,8.900884e-13,0,0,Infinite-Null/Wallet-Master
0,3.4702825e-15,0,0,inghong06/Solidity_Whitelist
0,1.3977181e-11,0,0,input-output-hk/daedalus
0,1.19915885e-05,0,0,input-output-hk/mantis-wallet
0,1.1283673e-18,0,0,instant-coffee/cryptoZombies
0,4.4528915e-14,0,0,invis2912/TokenTrail
0,3.542275e-10,0,0,iotaledger-archive/legacy-wallet-use-trinity-wallet-instead
0,7.7267175e-25,0,0,Isaacdelly/Plutus
0,2.7248743e-15,0,0,ismailbangee/smart-contracts
0,8.937339e-17,0,0,itaikeren/Crypto-Fighters
0,2.0782982e-13,0,0,Itheum/sdk-mx-data-nft
0,1.4329349e-10,0,0,ithunter0428/solidity2terrachian_rust
0,3.2186028e-11,0,0,itsSauravK/Election-Voting-Blockchain
0,7.324897e-16,0,0,itstargetconfirmed/flash-loan-sample
0,5.9506846e-19,0,0,itstargetconfirmed/wrapped-ether
0,1.4065923e-10,0,0,ivanzhelyazkov/ethereum-wallet-manager
0,1.4684719e-18,0,0,ivopetiz/crypto-exchange-cli
0,1.8511511e-13,0,0,Ivy-Apps/ivy-wallet
0,3.7691668e-09,0,0,Iwai88961997/Electrum-Fake-Balance
0,1.44903e-17,0,0,J12ATA/my-wave-portal
0,7.813757e-14,0,0,jaayperez/btc-wallet
0,7.012242e-17,0,0,jaayperez/coin
0,4.8702473e-16,0,0,jackey1510/MyNFT
0,1.2499595e-13,0,0,JackG-eth/CryptoZombieEthSC
0,7.9361465e-12,0,0,Jackhuang166/chess-smart-contract
0,0.00012379281,0,0,Jackhuang166/evm-dex-swap-staking-liquidity
0,3.2057669e-15,0,0,JACKORARO12/BlockChainVoting
0,1.6632543e-18,0,0,JackyVerse/SmartContractSolidityEth
0,6.196589e-12,0,0,jacobdmn/iWallet
0,4.732862e-17,0,0,JacobZavita/nfts-react
0,7.764328e-18,0,0,jagadeeshgatla/simple-cryptocurrency-wallet
0,8.700949e-17,0,0,Jahankohan/NFT-Marketplace
0,9.077423e-17,0,0,Jahankohan/NFTWhiteListing
0,2.6895161e-14,0,0,Jain-Sameer/DecentralizedStableCoin
0,1.2923146e-16,0,0,jamaltheatlantean/DeFi-Staking
0,7.7023166e-11,0,0,JamBrains/jam-docs
0,1.2602335e-14,0,0,JamesANZ/crypto-timelocked-backup
0,9.638078e-20,0,0,JamesANZ/learn-solidity-with-examples
0,2.0681937e-10,0,0,jammy928/CoinExchange_CryptoExchange_Java
0,7.813906e-14,0,0,janfilips/blockchain-poker
0,1.6398303e-11,0,0,janghona/go-ethereum-Jochain
0,5.318409e-13,0,0,Janus-chan/ZkSync_Accounts
0,1.2915004e-10,0,0,jaoleal/chainpass
0,2.9577716e-06,0,0,Jared351/Blockchain-crypto-currencies
0,1.1341907e-15,0,0,jarrettyew/web3.0
0,6.2272973e-13,0,0,jarrodwatts/evmkit
0,8.192985e-09,0,0,jarrodwatts/nft-drop-with-smart-wallet
0,3.1614266e-16,0,0,JasminDreasond/Dohpw
0,2.9172872e-11,0,0,jasonjgarcia24/web3-ether-talent-pool
0,2.900737e-14,0,0,JasonnLim/Blockchain-MedicalRecords
0,2.0318343e-14,0,0,JavaCardOS/BitcoinWallet
0,3.6602704e-11,0,0,javascript-pro/crypto-casino
0,6.952463e-12,0,0,jawedzaid/jawed
0,2.6874165e-12,0,0,jay-Anonymous/CryptoLedger
0,3.7088395e-14,0,0,jdogresorg/freewallet-mobile
0,8.961647e-17,0,0,jdogresorg/freewallet
0,5.369731e-09,0,0,jeanne-cortes725n/ethere8
0,2.872906e-16,0,0,jeet-patel313/NFTStaking
0,2.4678532e-12,0,0,Jeff1010-web/NFT-marketplace
0,5.0971757e-12,0,0,jeffprestes/rust-smart-contract-example-connection
0,5.3459415e-16,0,0,jeftarmascarenhas/smart-contract-training
0,3.5311186e-17,0,0,Jeiwan/zuniswapv2
0,8.380696e-22,0,0,jeloooooo/solidity-cryptozombies
0,8.4867176e-11,0,0,jenil04/auction
0,1.3124886e-11,0,0,JennEYoon/DeFi-ml
0,5.7311617e-15,0,0,jevinjivani2507/casino-web3
0,1.0777309e-11,0,0,jgyy/solarjun
0,2.096694e-12,0,0,jianminggit/NFT_BOT
0,1.2452892e-08,0,0,jitendragangwar123/Crowd-Sale-ICO-Dapp
0,1.8028854e-18,0,0,jitendragangwar123/Crypto-Zombies-Game
0,1.1385521e-14,0,0,JJ-Top/Despliegue-en-Ganache-de-SmartContract
0,7.133903e-16,0,0,jjanczur/SolidityDrive
0,7.214193e-17,0,0,jjtiger/Blockchain_Business_Crypto_-DevPack
0,6.071435e-18,0,0,jlandyr/web3solidity
0,1.2629602e-10,0,0,jocruz/LostCatsUi
0,9.041691e-09,0,0,JoeanSteinbock/crypto-price-tracker
0,1.4670823e-12,0,0,john-lawniczak/Smart-Contract-Resources
0,1.424711e-16,0,0,johnnyshankman/xtznftswap-contracts
0,4.913885e-13,0,0,johnsonstephan/awesome-web3-formal-verification
0,2.3216977e-11,0,0,jokeradms/Electrum-ADA
0,2.294035e-12,0,0,jolly-roger-eth/ethereum-indexer
0,2.5175232e-14,0,0,Jolsho/eth_wallet
0,2.1071908e-11,0,0,Jon-Becker/heimdall-rs
0,1.0946149e-11,0,0,jon4hz/ethconvert
0,9.788297e-18,0,0,jonluxson/very-basic-form-of-cryptocurrency
0,2.0841533e-09,0,0,joseoscarcc/TaqueriaCryptoChain
0,8.829434e-19,0,0,joshaustintech/ethereum-portfolio
0,3.482995e-06,0,0,joshH94/NFT-Marketplace-Solidity-Hardhat-NexJS-Web3js-Tailwind
0,2.8723493e-05,0,0,JoshuaDevCo/defi-arb
0,3.1961446e-15,0,0,jovijovi/ether-goblin
0,2.5203826e-17,0,0,jp-co-decoo-shirato/solidity-cryptozombies
0,3.354618e-09,0,0,jpromamen/sat-stacker-quiz
0,1.0678215e-07,0,0,jptsantossilva/BEC
0,3.286473e-16,0,0,jseanchuang/web3py_example
0,9.104807e-20,0,0,jualexandre/crypto-zombies
0,1.4504391e-11,0,0,juanemmanuelpd/NFT-Marketplace
0,3.4942276e-18,0,0,JuanXavier/DEX_React
0,2.4459363e-08,0,0,JulieGibbs/NFT1155_Contract_Test_Assignment
0,1.3684887e-12,0,0,juliocamposmachado/my_eth_app.github.io
0,8.27137e-16,0,0,JulyIghor/QtBitcoinTrader
0,8.2033826e-13,0,0,JumpCrypto/crypto-reading-list
0,2.9422208e-11,0,0,jun1sen1/solidityone1
0,3.6891797e-16,0,0,Juniorduc44/brownie_fund_me
0,1.0957525e-09,0,0,JunoNode/juno
0,1.8545116e-17,0,0,junowoz/smartContracts
0,2.7678216e-19,0,0,jwinterm/cryptonoteRPCwalletGUI
0,1.3493604e-12,0,0,k1-c/ethereum-wallet-manager
0,2.7456205e-20,0,0,kaamil-ahamadh/web3-ico-app
0,4.080369e-18,0,0,Kalashin1/GTA-token-smart-contract
0,1.0245032e-08,0,0,kansel-dev/solana-nft-sniper
0,3.0532096e-12,0,0,KareimGazer/Blockchain-Sim
0,1.3716155e-10,0,0,Karhal/web3-connect
0,9.982126e-08,0,0,karmaizmyb1tch/Crypto-Wallet
0,5.0628585e-11,0,0,kartik78946/Bank-Wallet-SmartContract
0,2.2813799e-07,0,0,Kartikey353/Bitcoin-WalletCmd
0,4.121925e-16,0,0,kartikver15gr8/WEB3-For-All
0,1.0996717e-17,0,0,KashifCh-eth/Lottery-Smart-contract
0,4.5345767e-12,0,0,katya201165/NFT-platform-lending
0,6.126107e-18,0,0,kausikds/ethereum-onChain-wallet
0,8.089869e-11,0,0,kaymen99/aave-flashloan-arbitrage
0,7.281177e-11,0,0,kaymen99/Dex-aggregator
0,9.289097e-12,0,0,kaymen99/uniswap-sushiswap-arbitrage
0,2.8389727e-14,0,0,Kazopl/mpc-agent-wallet
0,1.4399216e-17,0,0,Kazopl/nft-marketplace-signatures
0,2.5161953e-09,0,0,keep-network/tbtc-website
0,4.0966422e-15,0,0,keewenaw/Ethereum-Wallet-Cracker
0,1.5489944e-05,0,0,KehindeA533/CryptoDev_NFTCollection_Frontend
0,3.6574313e-14,0,0,kelvincup/base-commit
0,2.200493e-14,0,0,kelvincup/base-learn
0,9.568454e-09,0,0,Kelvyne/starknet-storage-proof-solidity
0,1.8752423e-16,0,0,KenatSF/NFT-Marketplace
0,1.9102415e-12,0,0,keng42/xwallet
0,1.0340934e-12,0,0,kenpoon94/ethdenver-bootcamp-2022
0,2.674507e-14,0,0,kerala-blockchain-academy/ethereum-developer-program
0,3.197654e-17,0,0,kerala-blockchain-academy/SmartKYC
0,5.2340797e-12,0,0,KernelFailure/blockchain
0,4.396871e-13,0,0,keshav-poojary/NFT-on-Ethereum
0,2.2998147e-07,0,0,keshav200215/SmartBlock
0,4.2708896e-19,0,0,Kevaljagani/NFT-Market
0,1.983579e-14,0,0,KevinSmall/blockchain3d
0,1.9687637e-16,0,0,KevzPeter/EduBlocks
0,3.0548857e-13,0,0,Keya-Moradi/Cryptopunk
0,5.3382803e-07,0,0,keyhunters/Biggest-Lost-Bitcoin-Wallets-List
0,4.2978786e-06,0,0,khadar1020/bitcoin_wallet
0,6.716085e-10,0,0,khaled-305/crypto-order-book
0,2.4567818e-17,0,0,khanjasir90/Secure-Shared-Wallet-Solidity
0,5.7142856e-08,0,0,kheopskit/kheopskit
0,9.059643e-17,0,0,Kimonic99/Heneftee
0,1.1355927e-16,0,0,Kimxons/generate-btc-keys
0,3.0738145e-11,0,0,kinggongzilla/Stable_GME_SmartContract
0,7.494516e-15,0,0,Kingscliq/nuking-nfts
0,6.178746e-19,0,0,kingstarfly/nft_pendle
0,4.011023e-14,0,0,kingsudo1004/Wallet-EVM
0,9.674714e-08,0,0,KittenYang/SafeSnap
0,3.1097174e-17,0,0,kittyshiba/contracts
0,3.4875554e-11,0,0,klaim-dev/solana-programs
0,6.754308e-20,0,0,klever-io/klever-go
0,6.739251e-20,0,0,klever-io/kos-rs
0,1.058915e-12,0,0,klntsky/sec.cyou
0,1.7454851e-17,0,0,kochavalabs/xchng-solidity
0,9.70117e-09,0,0,koh-gt/ferrite-wallet
0,3.3528867e-19,0,0,kokomoji/CryptoCoinPaperWallet
0,4.8455976e-17,0,0,konradcodes/Web-3.0-Blockchain-App
0,2.7993924e-10,0,0,konradisco/bitcoin-ethereum
0,5.194165e-10,0,0,KOSASIH/GEE-Platform
0,1.1854954e-18,0,0,KOSASIH/nexus-finance-core
0,2.9603854e-15,0,0,Kr1ptal/ethers-kt
0,1.3466704e-13,0,0,kradkov14/presale-contract
0,1.24149935e-08,0,0,kreskohq/kresko-protocol
0,8.7677654e-05,0,0,KrishGitVerse/speedrun-multisig-msu
0,6.227432e-08,0,0,krrish-sehgal/nwc-playground
0,1.5649936e-11,0,0,krushangSk17/Interaction_with_SmartContract
0,1.617038e-12,0,0,krypc-code/krypcore-web3-sdk
0,1.8008277e-13,0,0,kshaveen13/vaulte8
0,8.1274515e-11,0,0,Kula529/-nft-collectible-frontend
0,5.039958e-06,0,0,kunalsinghdadhwal/LiqX
0,1.4455247e-09,0,0,Kuprovskiy/defi.finance
0,1.0463649e-06,0,0,kuroroLuciferPhantom/cryptopredict
0,4.285775e-11,0,0,kushal-g/Bitcoin-Wallet
0,1.6718042e-10,0,0,kvmizu/transfer_eth
0,1.6438147e-10,0,0,KYVENetwork/kyvejs
0,7.915028e-16,0,0,l3lackcurtains/solo-coin-cryptocurrency
0,4.0956327e-12,0,0,LaChance-Lab/EVM-Solana-Casino-Games
0,1.8891566e-07,0,0,lacrypta/lottery-front
0,3.4108456e-13,0,0,LanceHez/Blockchain_Army_Knife-wallet-cracker-with-multichian
0,4.998325e-10,0,0,lapismyt/ston-fi.py
0,2.0905663e-14,0,0,laramiedunlap/blockchain-wallets
0,1.9982214e-14,0,0,laser-wallet/laser-wallet-contracts
0,1.9063927e-10,0,0,lastbattle/ordinal_inscription.netcore
0,8.0558275e-14,0,0,Laszlo23/deficrown
0,5.039315e-10,0,0,latoya4xfishn/spankcb
0,1.465405e-07,0,0,Lavkush3411/nft-backend
0,5.6544495e-06,0,0,lawlietu0/EnigmaCracker
0,4.635942e-09,0,0,lawofambak-research/decentralized-speculations-market
0,1.20488345e-14,0,0,layer3xyz/cubes
0,2.0852976e-10,0,0,lbryio/lbry-android
0,3.640856e-12,0,0,lbryio/lbry-desktop
0,5.419615e-16,0,0,lbryio/torba
0,3.5909887e-14,0,0,LeandroHugo/EtherJoint-Decentralized-Finance-for-Shared-Prosperity
0,4.7109838e-14,0,0,LearnWeb3DAO/14-Days-of-Solidity
0,1.1329173e-11,0,0,lee-seokmin/BlockChainVotingSystem
0,5.4360696e-11,0,0,leeshuzheng/destroyer
0,1.7119574e-12,0,0,lefajmofokeng/Cryptocurrencies
0,3.6302204e-11,0,0,Lego1st/VotingDapp
0,2.5776487e-13,0,0,Lemonio1Official/privateKey
0,8.3850196e-13,0,0,Lemury1/wallet_stealer
0,1.3049158e-18,0,0,lephleg/cryptocerts-contracts
0,1.1613359e-14,0,0,leukaemiamedtech/hiasbch
0,2.455347e-18,0,0,levintech/CryptoZombie
0,3.986358e-14,0,0,life-itself/web3
0,2.3567445e-14,0,0,lifinance/contracts
0,2.9715817e-11,0,0,Lilypad-Tech/lilypad
0,2.547075e-12,0,0,LinuxKunaL/gigalate-crypto-wallet
0,6.462489e-11,0,0,lionello/secp256k1-js
0,3.0469283e-11,0,0,liquality/wallet
0,7.6234765e-12,0,0,ljubisnikolic0/NFT-Ethereum-Game
0,5.3693483e-14,0,0,lmacken/binance-chain-python
0,2.1282734e-13,0,0,LN-Zap/zap-desktop
0,4.2835512e-19,0,0,lnardon/BlockChainExchange
0,6.871511e-14,0,0,LoboVH/NFT-contract-NEAR-PROTOCOL
0,1.5445323e-07,0,0,LocalCryptos/LocalCryptosWalletBackupExplorer
0,1.9588131e-11,0,0,Logarithm-Labs/basis-mcp-server
0,7.92884e-08,0,0,LondheShubham153/falcon-nft
0,2.0349968e-09,0,0,Lopes-Marcio/chia-blockchain
0,1.4152146e-10,0,0,lordbasilaiassistant-sudo/thryx-launchpad
0,7.870363e-12,0,0,Louis-XWB/ICP_Web3Jobs
0,6.729549e-25,0,0,lssleo/crypto-unlimited
0,3.757926e-16,0,0,lsw6684/Ethereum
0,2.597023e-07,0,0,luca-nik/Blockchain_ResearchLead_Assignements
0,8.613942e-21,0,0,lucabizza/cryptozombies
0,2.358838e-16,0,0,lucaliebenberg/_cryptoKids-solidity-contract
0,3.1076233e-14,0,0,lucas54neves/crypto-address-generator
0,1.7530758e-07,0,0,Lucifer666XD/ZenDesk
0,6.812846e-11,0,0,LuckyPigeon/Smart-Contract-Playground
0,3.2960905e-16,0,0,luzhenqian/web3-examples
0,1.4208727e-10,0,0,lynx-xdg/block
0,1.5869894e-13,0,0,m1guelpf/laravel-web3-login
0,2.1945883e-17,0,0,maAPPsDEV/dex-attack
0,2.4849242e-11,0,0,maAPPsDEV/rock-paper-scissors
0,2.7492058e-12,0,0,maazgora/Multi-Sig-Wallet-using-Solidity
0,1.8009061e-10,0,0,machenxi/Dodging-Turtis-NFT-game-Polygon
0,2.9059075e-15,0,0,madilraza/BlockChain-Vtraders.pro-Project-
0,5.080143e-15,0,0,MaelRibes/Crypto-Kids
0,3.6633033e-10,0,0,Magicred-1/hackin-dau
0,1.8390757e-10,0,0,MahadISL/Web3-App----Smart-Contract
0,2.8956366e-09,0,0,maikon9824-lab/giftcard-dapp-arc-
0,2.6231753e-16,0,0,mainnetblockchain/sendEtherThroughSmartContract
0,1.2149892e-10,0,0,ManaanAnsari/MultiSigWallet-Solidity-Foundry
0,9.481204e-06,0,0,manifest-network/manifest-app
0,5.0233248e-11,0,0,manifoldfinance/kb
0,8.013774e-05,0,0,manifoldfinance/multicall-framework
0,4.8504738e-12,0,0,manifoldfinance/tscli
0,1.1570048e-10,0,0,manifoldx/typed-sdk
0,1.5665213e-13,0,0,Manuel-yang/BlockChainSelfLearning
0,3.1071463e-16,0,0,manuelinfosec/flash-arb-bot
0,2.7552455e-10,0,0,manuelpires/nft-collection-generator
0,2.3994115e-18,0,0,manufy/crypto-experiments
0,3.507315e-18,0,0,maprob/nft-mint-site
0,2.4913308e-07,0,0,MarcoBrian/damn-vulnerable-defi
0,7.033631e-06,0,0,margelo/react-native-graph
0,1.5209314e-15,0,0,marginalfriend/brownie_fund_me
0,3.5773335e-12,0,0,mariam9woecloud773/Kiichain
0,9.371434e-17,0,0,markjinhua/SmartContract
0,3.059578e-18,0,0,Markkop/markkop-defi
0,5.4601717e-13,0,0,MartinoTruppini/LegalTech-SmartContract.it
0,2.122531e-15,0,0,MartinSerafini/Solidity
0,1.4941027e-18,0,0,martycodes333/crypto_zombies
0,9.848069e-11,0,0,masa-finance/arcomia-contracts
0,4.668958e-14,0,0,masaun/governorAlpha-with-proof-of-voting-NFT
0,1.6551514e-12,0,0,mascarenhaswanja/Winter-2020-Introduction-To-Smart-Contracts
0,1.10277415e-13,0,0,MassDotMoney/nested-core-lego
0,6.9161762e-18,0,0,mastrmind-dev/DeFi-App---A-Cryptocurrency-Bank
0,1.9759898e-13,0,0,mateolafalce/MonthlySubscriptionSolana
0,8.0573215e-17,0,0,matheusroleal/solidity-cookbook
0,8.4679375e-09,0,0,Mathieu2301/TradingView-API
0,1.14549636e-14,0,0,maticnetwork/pos-commit-poc
0,2.7752646e-19,0,0,matprime/ERC-1155-NFT-demo
0,1.4647804e-17,0,0,mattdf/RingCrypto
0,8.327972e-10,0,0,matthias-wyss/crypto-carry-trade-strategies
0,3.3800705e-13,0,0,Mattjhagen/P3-Lending
0,2.4884386e-15,0,0,mattycoles/Python_Blockchain
0,1.8124573e-06,0,0,MauriceBoendermaker/kraken_forge_hackathon_2025
0,1.0195099e-14,0,0,maximebrugel/YokaiChain
0,2.3650617e-05,0,0,mayurimulay789/cryptocurrency_landingpage
0,2.786269e-16,0,0,mchalise/mero_crypto_finance
0,1.2478949e-16,0,0,mchtter/zku-web3
0,4.4357538e-13,0,0,mdsalman729/ethBucket
0,1.2361007e-11,0,0,Medicyp/NFT_Marketplace_using_Ethereum_Smart_Contracts
0,6.763703e-17,0,0,mehmethalis/blockchain-cryptocurrency-implementation
0,6.62197e-14,0,0,mehtaAnsh/BlockChainVoting
0,7.655336e-10,0,0,Melchizedek4ever/Time-Lock-Wallet
0,5.0454658e-12,0,0,mellow-finance/mellow-vaults
0,1.8773952e-10,0,0,memoriaXII/create-web3-turbo
0,2.36015e-10,0,0,MeoMunDep/Fintopio
0,1.2042999e-06,0,0,MeoMunDep/OG-Labs
0,1.8285178e-12,0,0,merklejerk/flex-contract
0,5.3213332e-12,0,0,merofinance/webapp
0,5.0457106e-14,0,0,Merou1/Blockchain_Edh_cryptoCoin
0,1.8248995e-14,0,0,mervanerenci/Jumpy-PlayToEarn-BlockchainGame
0,3.2379477e-12,0,0,merynoseth/moje-wlasne-sui
0,4.0012632e-11,0,0,messari/subgraphs
0,3.062912e-14,0,0,Meta-Dragons/CronoSafe
0,1.4788446e-17,0,0,metafy-social/web3-smart-contracts
0,2.358578e-15,0,0,mexak/bitcoin
0,2.7319013e-14,0,0,mg98/arbitrary-data-on-blockchains
0,2.4518384e-17,0,0,MGM103/CDP_Stable_Coin
0,3.7511023e-12,0,0,mgysel/nft-ticketing
0,1.3682597e-11,0,0,MhmdNdri/XCryptoDApp
0,4.973389e-18,0,0,mhxw/crypto-sdk
0,9.891407e-18,0,0,mic0des/simple-multisig-wallet
0,2.7363533e-15,0,0,michael-spengler/blockchain-technologie-und-anwendungsgebiete-vorlesungsreihe
0,4.56433e-16,0,0,Michal2SAB/Ethereum-Stealer
0,1.3875703e-12,0,0,michal3pol/tickeDapp
0,8.137907e-11,0,0,michelle5013-guilloryn/polye
0,1.2313914e-16,0,0,microgift/my-web3-projects
0,3.1643573e-17,0,0,midas92/lottery-casino-crypto-game
0,3.1854992e-12,0,0,mikeservices1/wallet_stealer-
0,6.924249e-12,0,0,mikke555/eth-wallets-generator
0,1.854752e-17,0,0,mikker/svgnft
0,2.6119895e-10,0,0,milan338/totally-secure-dapp
0,4.4591683e-12,0,0,mili12321/misterCrypto
0,2.9447265e-06,0,0,militarandroid/cybersecurity_hack
0,1.1429789e-12,0,0,mimani68/TRON-network-smart-contract-integration
0,4.7713664e-09,0,0,mimic-fi/cross-chain-subscription-payments-with-mimic
0,3.3207883e-09,0,0,mimic-protocol/contracts
0,1.9824729e-08,0,0,mirrorworld-universe/mirrorworld-sdk-js
0,1.520958e-11,0,0,MitchPierias/advanced-eos-examples
0,2.1253567e-07,0,0,Mizogg/GUI_keyhunt
0,1.3550817e-11,0,0,Mizogg/Mizogg-Tools
0,2.400006e-11,0,0,Mizogg/Tkinter-Power-Mini
0,1.0660266e-07,0,0,mja2001/SolCipher-iExec
0,9.880217e-16,0,0,Mo-Ali98/mint-your-nft
0,4.3492324e-11,0,0,modagavr/pancake-wizard
0,3.213776e-14,0,0,mogipatangan/cryptozombies-sol-101
0,1.6881725e-09,0,0,MohaiminulEraj/Indicium
0,9.891825e-10,0,0,mohammedmuzammil38/Crypto-Art
0,3.8998223e-16,0,0,mohitchandel/treasury-contract
0,3.7863033e-06,0,0,moisestech/web3crypto.mx
0,6.0689067e-12,0,0,Mojo96666/hack-crypto-wallets
0,1.5194788e-11,0,0,mokshyaprotocol/aptos-nft-random-mint
0,9.001523e-06,0,0,mollybeach/livestakes
0,9.82616e-10,0,0,monjuik/go-octopi
0,1.0083495e-06,0,0,Monyancha/Reown-Wallet-Connect
0,1.3830948e-19,0,0,Mooninghnk/ethreum-wallet
0,2.639375e-09,0,0,moonsly/crypto-wallets
0,4.5022584e-12,0,0,moonstream-to/api
0,1.2336788e-12,0,0,MoralisWeb3/unity-web3-game-kit
0,3.2853657e-11,0,0,morpho-org/morpho-aavev3-optimizer
0,2.5153886e-06,0,0,moseuh/blockchain-nft
0,9.497615e-09,0,0,motorHillary/polymarket-copy-trading-bot
0,1.7828948e-17,0,0,Moyintech/First-nft-project
0,2.3374178e-11,0,0,Mr-Malik-Aryan/LendVault
0,1.4762667e-12,0,0,mradkov/decentralized-dns
0,1.1220451e-10,0,0,mrazoriginal/Ali-Crypto-House-HardFork
0,0.257979,1,0,mrfomoweb3/nft-wallet-tracker
0,3.7921258e-17,0,0,MrinalSingh04/solidity-production-contracts
0,0.0024325834,0,0,mrkkyatilla/omus-wallet
0,5.719729e-11,0,0,mrmendoza-dev/cryptotracker
0,5.377832e-15,0,0,mrozdolski/ink-flipper
0,1.1194505e-09,0,0,mrsaad07/PropChain
0,8.6167165e-18,0,0,mrsmookie/btcrecover
0,1.6225616e-07,0,0,mrtnetwork/ton_dart
0,4.3975975e-05,0,0,mstable/mStable-app
0,1.1442496e-10,0,0,mstable/mStable-contracts
0,3.666407e-10,0,0,mtechee/libax
0,3.1719739e-15,0,0,mtorry225/NFT-Collection
0,3.326233e-13,0,0,mucolon/gemini-interface
0,2.9504773e-14,0,0,muhammadshiraz/dex-frontend-react
0,1.2266588e-19,0,0,mujtaba1747/wave-eth-solidity
0,4.5090016e-17,0,0,MukeshMano19/BlockchainApp-CryptoCurrency-Exchange
0,1.2412209e-14,0,0,multiavatar/multiavatar-solidity
0,3.561713e-07,0,0,multiversx/mx-sdk-dapp-sc-explorer
0,1.4613117e-13,0,0,Multy-io/Multy-Android
0,2.1023461e-14,0,0,Multy-io/Multy-back
0,1.17348885e-14,0,0,MuscleBunny/NFT_MarketPlace
0,3.739428e-13,0,0,museum-of-war/nft
0,1.1948222e-08,0,0,muzikoud/cryptoZombies_smart_contract
0,5.2527107e-16,0,0,Muziris-Labs/fusion-smart-contracts
0,2.107207e-11,0,0,mwakidenis/BlockChain-Mastery
0,4.224857e-10,0,0,mx-space/kami
0,2.1462528e-11,0,0,my-number/solidity-wallet
0,2.1539442e-13,0,0,mycelium-com/wallet-android
0,8.268637e-13,0,0,MyCryptoHQ/MyCrypto
0,4.8141593e-27,0,0,MyEtherWallet/MyEtherWallet
0,1.1898579e-11,0,0,mygo-ecosystem/OSSWallet-non-custodial-crypto-wallet
0,3.9694773e-17,0,0,Mystique85/Hub-Portal-Chat
0,2.9232103e-07,0,0,n4bi10p/aptos-meme-nft-minter
0,7.6121565e-16,0,0,Nachoxt17/Blockchain-Memory-Game-with-ERC-721-Tokens
0,1.3020509e-19,0,0,NaimaGhulamMuhammad/nftMarketplace-smartcontracts
0,7.61075e-12,0,0,nakandakare/cryptopay-smart-contract
0,1.1553562e-16,0,0,naman159/Blockchain_Cryptocurrency
0,1.1877622e-12,0,0,namesys-eth/istest-eth
0,3.338572e-08,0,0,NancenFrelly/crypto_wallet
0,5.9048027e-12,0,0,nashidahmed/registry-core
0,0.0002316195,0,0,nassirou-N/defi_crypto
0,6.153705e-08,0,0,nathaniel-cmd/defi-native-nft-exchange
0,2.8486848e-12,0,0,nayrosk/evm-indexer
0,5.892373e-15,0,0,nazar-pc/abundance
0,1.9147428e-20,0,0,nbulian/CryptoZombies
0,4.6986002e-14,0,0,NCRadtke00/Web3CryptoExchange
0,2.1009881e-17,0,0,ndsvw/Ethereum-Web3-SmartContract-HelloWorld
0,9.808768e-13,0,0,NecroNexus/Blocklog
0,1.0302426e-12,0,0,nedasma/solidity-vuln-tests
0,2.0187511e-10,0,0,NenadBolovic/Cryptography_project_PKI_smart_contract
0,1.1102204e-12,0,0,neoguias/tutorial-wallet-multifirma
0,1.5084815e-20,0,0,Neph-dev/EpicNFT
0,1.9231446e-14,0,0,NEST-Protocol/NEST-Oracle-V4.0
0,2.9248184e-12,0,0,NesterZz/NFT-Wallet
0,2.3320205e-11,0,0,net2devcrypto/Soroban-NextJS-Vote-dApp-with-Freighter
0,4.0089535e-16,0,0,NetSepio/evmcontracts
0,7.4820365e-14,0,0,Neufund/ledger-wallet-provider
0,5.1872796e-08,0,0,Neurproject/NeurProjects
0,7.946005e-09,0,0,Nexacore-Org/NexaFx-web
0,4.1812186e-08,0,0,Nexis-Network/nexis-network
0,9.363256e-16,0,0,nftfy/nftfy-v1-periphery
0,1.705023e-12,0,0,ngmisl/etherml
0,2.4354113e-19,0,0,nguyenj27/CSC299
0,1.6502553e-09,0,0,nicehash/NiceHashQuickMiner
0,1.1100135e-11,0,0,nicholashc/uniswap-skim
0,9.563686e-14,0,0,nicholasmgoldstein/Persona256
0,9.9609334e-17,0,0,nico-phil/blockchain
0,3.4457391e-12,0,0,nicolaiort/stonx-backend
0,7.898906e-12,0,0,nicolas-sanch/web3.py-dapp
0,8.3641904e-13,0,0,nicolasdelira/Projeto-de-cria-a-de-carteiras-bitcoin-na-testnet
0,1.0989971e-16,0,0,nicolaslazzos/cryptozombies
0,1.3774598e-13,0,0,NikhilSehgal123/coinbase-execution-algorithm
0,2.6813235e-12,0,0,nikitakent/solidity-simple-wallet
0,4.963156e-10,0,0,nikunjtilva/cryptocoin-test-faucet-frontend
0,7.071974e-13,0,0,nimiq/php-xpub
0,1.3511398e-16,0,0,Nipol/ERC721yul
0,1.4505664e-11,0,0,nirhoIas/Top-5-Cryptocurrency-APIs-for-Developers
0,3.3664371e-09,0,0,nirholas/bnbchain-mcp
0,1.4844433e-20,0,0,nirholas/free-crypto-news
0,1.5955294e-14,0,0,nirholas/lyra-web3-playground
0,3.9437723e-10,0,0,nirholas/x402-stablecoin
0,2.3835482e-17,0,0,Nishantthapa4591/Smart-Wallet-with-Blockchain
0,2.5091254e-13,0,0,Nishu0/anime_nft_marketplace
0,1.6348795e-16,0,0,Nitin2489/simple-wallet-solidity
0,1.4997108e-10,0,0,Niweera/opensear
0,3.62284e-15,0,0,nixen2802/Blockchain-Python
0,8.167978e-12,0,0,njublockchain/web3research-etl
0,1.3155779e-09,0,0,nktkas/hyperliquid
0,3.554662e-17,0,0,Noahendriks/CryptoTokens
0,2.2214904e-10,0,0,Noahflx/ghost-wallets
0,6.916243e-14,0,0,NodeFactoryIo/solidity-node-docker-starter
0,9.612172e-09,0,0,noditlabs/nodit-mcp-server
0,1.9898398e-13,0,0,noman-land/relike
0,3.896059e-09,0,0,NoNameNo1F/Blockchain-Applied_BitcoinScripts
0,2.1922173e-12,0,0,Normalizex/1inch-api-v4
0,6.993014e-08,0,0,notbank-com/notbank-node
0,7.362746e-08,0,0,Novus-Tech-LLC/Casino-Games
0,1.4559875e-12,0,0,nrgapple/crypto-canvas-fe
0,6.9339605e-09,0,0,nshmadhani/zkNFT
0,1.1763814e-19,0,0,ntourne/nft-crypto-punks-contract
0,2.547181e-13,0,0,null-none/django-eth-fields
0,1.5197168e-11,0,0,nuts-foundation/crypto-ecies
0,4.487106e-10,0,0,nxm-rs/nexum
0,1.7026787e-17,0,0,NyanyanKat/Crypto_Lottery_Solidity
0,1.1215299e-13,0,0,oasislabs/oasis.js
0,3.1616174e-10,0,0,Obalfour/CryptoPokes
0,2.446879e-08,0,0,ocalvet/bitcoin-wallet
0,2.365053e-25,0,0,OffcierCia/DeFi-Developer-Road-Map
0,8.954924e-15,0,0,OffcierCia/tips-solidity-code-auditors
0,3.0249253e-18,0,0,OffcierCia/ultimate-defi-research-base
0,7.0035505e-18,0,0,ofojichigozie/multisig-smart-contract
0,4.127826e-16,0,0,ogDAO/Optino
0,1.998695e-13,0,0,oguzhnatly/Cryptocurrency-Trade-FrontEnd-HTML-Page
0,5.7248584e-11,0,0,ohkuku/kurypto-wallet
0,2.3572435e-18,0,0,oishii-pg-gohan/myCryptoZombie
0,3.1219886e-14,0,0,okcashpro/okcash
0,6.6657895e-14,0,0,OkeA-dev/StablePay
0,1.8312453e-14,0,0,okx/go-wallet-sdk
0,2.7000427e-14,0,0,okx/js-wallet-sdk
0,3.88287e-16,0,0,Olanetsoft/buymeacoffee-be
0,3.3186757e-15,0,0,olegerr/currency
0,1.4622341e-10,0,0,olegsinavski/voting_system_web3
0,1.2773461e-09,0,0,olivermen/bitcoin-wallet-create-app
0,4.5962145e-10,0,0,Om-Mishra7/KRMU-OS-Expo_2023
0,9.234385e-09,0,0,omarakhmedov-web/metridex-showcase
0,5.174359e-14,0,0,OmarChefrad/HourZero
0,3.2873737e-10,0,0,omsaraykar/crypto-wallet
0,1.7802974e-11,0,0,OnChainMee/evm-base-pumfun-smart-contract-v1
0,1.2213039e-18,0,0,onee-io/crypto-zombies
0,1.3015713e-16,0,0,OneKeyHQ/app-monorepo
0,1.3013673e-07,0,0,OneMug-Coffee/onemug-link-in-bio
0,3.226135e-13,0,0,OnGridSystems/erc20_airdrop_cli
0,6.759194e-23,0,0,ong/awesome-decentralized-finance
0,3.7373615e-12,0,0,onoka-ship-it/kogwasys
0,3.7133622e-18,0,0,oparex/crypto_trader
0,8.271196e-12,0,0,opencodeiiita/CryptoWallet
0,4.9504283e-11,0,0,opencodeiiita/Learning-Smart-Contracts
0,1.8583412e-07,0,0,openocean-finance/OpenOcean-API-Examples
0,1.9983237e-11,0,0,openocean-finance/Security-Audit-Report
0,4.111458e-20,0,0,OpenTradingNetworkFoundation/otn-token
0,1.2397373e-06,0,0,Operaconga14/llama_flux
0,4.805089e-15,0,0,opiethehokie/pfp-template
0,6.208366e-14,0,0,OpiumProtocol/erc721o
0,3.1135817e-13,0,0,OptimalLukasDev/Bitcoin-Wallet-finder
0,3.960896e-12,0,0,Opty-Fi/defi-adapters
0,6.883868e-14,0,0,Opty1712/nft-opensea-search
0,4.1223958e-09,0,0,opynfinance/squeeth-monorepo
0,1.6417062e-13,0,0,orelkabets/eth-wallet-notify
0,3.3268549e-13,0,0,OriginProtocol/origin-dollar
0,1.7173338e-12,0,0,oritwoen/ubichain
0,1.3033834e-18,0,0,orweinberger/blockchain-dashboard
0,9.994394e-16,0,0,osmanballi/Clock_app_that_tracks_Bitcoin_and_Ethereum
0,3.339143e-17,0,0,oumaoumag/smart-wallet-skeleton
0,5.9365185e-10,0,0,Outlier1217/stellar-ai-escrow-commerce-hackathon
0,2.7591539e-13,0,0,Overtorment/cli-cold-wallet
0,1.1844196e-10,0,0,Oxdevonchain/ethereum-nft-marketplace
0,8.813035e-14,0,0,oxofonime/Celo
0,7.276676e-12,0,0,P4-Games/VeriTrust-SmartContracts
0,1.4627102e-15,0,0,p4u/blockmessage
0,9.1629524e-14,0,0,pablopoggiog/polygon-name-service
0,1.04912755e-14,0,0,pablwoAraujo/bitcoin-wallets
0,5.1662066e-09,0,0,Pallavii-dev/Crypto-Transfer-web3
0,7.688615e-09,0,0,panaverse/defi-dapps-solidity-smart-contracts
0,4.2915827e-11,0,0,pancudaniel7/solidity-nft-auction
0,1.7449668e-16,0,0,paniaguaadrian/nft-marketplace
0,2.9738836e-11,0,0,pantunes/xtcryptosignals
0,2.930279e-12,0,0,paradigmxyz/solar
0,7.75305e-11,0,0,Parkhomets/crypto_solidity
0,4.101809e-12,0,0,parsaaba/FukiPay
0,5.389486e-19,0,0,parv3213/Multi-Signature-Wallet
0,1.7096323e-14,0,0,pat3icki/ExzoCoin-2-0
0,1.7834543e-08,0,0,patilom342/poc-stake
0,2.8286504e-13,0,0,patrana/cryptographic-parcel-ledger
0,5.042244e-15,0,0,paulgconlon/blockchain-solidity-multi-sig-wallet
0,1.05904225e-16,0,0,PaulLaux/eth-hot-wallet
0,7.4255435e-13,0,0,paulmillr/noble-curves
0,2.2250066e-13,0,0,PaulRBerg/prb-math
0,8.766353e-16,0,0,pawanpaudel93/damn-vulnerable-defi
0,1.8814977e-16,0,0,pawurb/Locker
0,5.0105387e-05,0,0,PaymagicXYZ/lensmo-fe
0,5.038335e-10,0,0,pbouget/AlyraSolidityVoting
0,3.8281424e-24,0,0,pcaversaccio/createx
0,8.683739e-17,0,0,pcaversaccio/solidity-games
0,9.133355e-15,0,0,peace-source/bitcoin-bridge
0,2.1317542e-10,0,0,PeggyJV/sommelier
0,3.003143e-14,0,0,pepekingbnb/pepe-contracts
0,3.7292692e-14,0,0,PepperWatch/rust
0,1.8425658e-10,0,0,persistenceOne/persistenceWallet
0,4.2788588e-14,0,0,peter571/crypto-stats
0,2.0552584e-08,0,0,PeterVermeulen01123/NFT-cryptoDevs
0,9.810703e-15,0,0,Petrosdevri/Solidity-Token-Contract
0,2.1672165e-18,0,0,Phildo/ethbrute
0,1.7237959e-08,0,0,PhilipAtEmcogma/CryptoKittiesNFTDapp
0,3.3061522e-16,0,0,PiDAOLab/Pi-NFT-CryptoDragonKing
0,1.8607044e-10,0,0,PigCharid/ethereum-codeAnalysis
0,1.865831e-08,0,0,piske-level/multi-chain-payment-gateway
0,2.4138889e-11,0,0,Pixie1234/BlockchainCrypto
0,2.627782e-09,0,0,PL2134/Capstone-Project
0,4.2113947e-22,0,0,Planxnx/defi-tx-kit
0,2.6417212e-17,0,0,Planxnx/ethereum-wallet-generator
0,1.2998168e-13,0,0,Plycedes/rps-web3
0,1.476995e-10,0,0,pmaji/crypto-whale-watching-app
0,1.421844e-09,0,0,pmontaguevans/ethereum-angular6-cryptogap
0,2.4368846e-15,0,0,Pobepto/walle
0,1.733758e-11,0,0,pointbiz/bitaddress.org
0,1.0403166e-13,0,0,polkadot-js/apps
0,4.6349554e-15,0,0,Polkaverse/Substrate-Chain-to-deploy-Smart-Contract
0,2.1459347e-10,0,0,Polygon-Academy/basicnfts
0,1.2150729e-17,0,0,PolymathNetwork/polymath-core-deprecated
0,4.2567757e-17,0,0,powerpool-finance/power-oracle-contracts
0,2.236415e-08,0,0,pragmaxim-com/bitcoin-explorer
0,3.3382873e-11,0,0,PrakyathReddy/CryptoDevs-NFT-Collection
0,8.576311e-19,0,0,pramaths/simplewallet
0,1.2187017e-12,0,0,pranah/pranah
0,1.3123758e-15,0,0,prasanna-rkumar/Cryptocurrency-Widgets-by-Wallet.app
0,9.1394076e-10,0,0,prashantprabhakar/p-ethereum
0,1.802709e-15,0,0,prashantsingh55/ERC20-Tokens
0,6.331823e-16,0,0,prateek096/OnlinePolling_Blockchain
0,4.439683e-12,0,0,prathameshbelurkar/Blockchains
0,8.1006525e-17,0,0,pratikshappai/cryptos
0,0.00019577231,0,0,prental/Defiewallet.crypto
0,1.2354436e-14,0,0,prgblockweek/prague-blockchain-week
0,3.5769382e-12,0,0,pRizz/CryptoNoter
0,1.13647095e-11,0,0,problo/DeFireX-Contracts-V2
0,3.0296607e-10,0,0,PROFADAM/defi-token
0,6.954543e-09,0,0,ProgrammingPirates/Free_NFT_Drawing
0,1.9714098e-06,0,0,project-serum/spl-token-wallet
0,2.7338243e-18,0,0,ProjectOpenSea/nft-tutorial
0,6.9289627e-09,0,0,prokey-io/prokey-webcore
0,1.9650219e-14,0,0,PromiseGameFi/cyrrus-contract
0,2.3721632e-06,0,0,Promish984/IC-Pad
0,2.530295e-10,0,0,protofire/autoglyphs
0,3.443953e-11,0,0,provinzio/CoinTaxman
0,2.717556e-15,0,0,pubkey/eth-crypto
0,2.4080899e-15,0,0,pulkitpal/defi-protocol-sdk
0,1.4112613e-12,0,0,pvedha/HackIT_IX_Server
0,2.1361877e-13,0,0,Pymmdrza/Rich-Address-Wallet
0,1.7135467e-10,0,0,pysznybimber/BASE-crypto-chain-killer
0,1.9625376e-11,0,0,pythoninthegrasses/nft_meetup
0,8.594641e-14,0,0,qianq-jims/SmartBitcoin
0,2.2530264e-16,0,0,qlyde/peek
0,1.1371458e-14,0,0,qshuai/blockchain-wallet
0,5.3732743e-17,0,0,qtumproject/qtum
0,4.2907972e-11,0,0,quang1225/GoFox-Frontend
0,1.6717912e-10,0,0,QuantForgeOrg/PineTS
0,9.9227675e-12,0,0,QuantLet/Blockchain_mechanism
0,3.148991e-10,0,0,QuanTumfuryxl/ethereum-arbitrage-suite-1
0,3.3931926e-15,0,0,Quiark/Roboth.web3
0,1.02674025e-17,0,0,quilime/evm-nft-contract-boilerplate
0,9.6623956e-23,0,0,Quillhash/QuillAudit_smart_contract_audit_Reports
0,4.7104447e-14,0,0,R3D4NG3L/DebankScripts
0,3.6478875e-21,0,0,ra0321/CryptoZombies
0,2.890521e-13,0,0,RabbyHub/Rabby
0,1.3212904e-10,0,0,Racks-Community/MrCryptoIndexer
0,6.754827e-11,0,0,radixdlt/radix-dapp-toolkit
0,8.835892e-14,0,0,RafaBlockDev/Lending-Pool
0,7.94458e-09,0,0,rafaelfariasbsb/polymarket
0,9.989815e-17,0,0,rafaelfgx/Blockchain
0,9.032547e-11,0,0,rafafortes/nft-ticket-system-ethereum
0,5.3666017e-15,0,0,raft-fi/contracts
0,4.3114728e-10,0,0,RageTrade/core
0,2.0022215e-12,0,0,Raiden1411/zabi
0,7.4359986e-14,0,0,rainbow-me/rainbow
0,1.0923369e-12,0,0,rainbow-me/rainbowkit
0,2.0678124e-20,0,0,RainbowMiner/RainbowMiner
0,2.315474e-16,0,0,raj-pranav/learn-solidity
0,2.8350752e-15,0,0,Rajeshwarkanawat/CryptoWallet
0,1.838041e-14,0,0,raketic-ognjen/ZombieCrypto
0,2.7067754e-06,0,0,Rami8612/liquidity-orchestrator
0,9.949973e-14,0,0,Ramprakash852/Proofify-Smart-Contract
0,9.526023e-17,0,0,ramyhardan/proof-of-existence
0,1.8103268e-12,0,0,ranchimall/blockchainbonds
0,7.129708e-10,0,0,rango-exchange/rango-sdk
0,4.0741428e-13,0,0,rarepepi/nft-data
0,5.59792e-11,0,0,Rashi1005/Reputation-Forge-Crypto-Credit-Score-DApp
0,3.9974453e-13,0,0,RavikantShinde05/Ethers_Academy
0,8.7675405e-12,0,0,rawalraj022/One-Universal-Identity
0,8.1866075e-10,0,0,raymondfam/defi-nft-marketplace-mumbai
0,3.817611e-18,0,0,raytsangGitHub/Cryptocurrency
0,3.5048333e-06,0,0,RazDwa1923/ML_Pred_Crypto
0,1.8948815e-15,0,0,rbubyr777/Ethereum
0,6.787803e-14,0,0,RCarmelaVO/qhatuy-wallet
0,4.3212612e-14,0,0,rchak007/NFTArtMuseum
0,9.407282e-18,0,0,RDCH106/pycoinmon
0,6.1711504e-15,0,0,re-nft/_v2_.sdk
0,2.2545602e-13,0,0,reaperdragon/kittos-nft-marketplace
0,2.4008185e-13,0,0,redacademy/ethereum-graphql
0,4.457642e-10,0,0,redbuttonsa/crypt
0,1.2062419e-11,0,0,RektifyAI/attack-playbook
0,3.7642636e-11,0,0,RelapsedCode/qa-assuring-ethereum-tspvak
0,4.3018347e-15,0,0,relyt29/Bubki-For-Ukraine-Contracts
0,2.2932455e-14,0,0,remston-dsa/ETH-USD-price-feed-using-Chainlink-oracle-Web3-Brownie-Python-and-Solidity
0,7.825595e-15,0,0,remston-dsa/remston-dsa-NFT-token-rendered-on-OpenSea-testnet-using-Brownie-IPFS-Web3-and-ERC721-standard
0,1.5127693e-12,0,0,renpool/renpool-contracts
0,5.69355e-15,0,0,reown-com/appkit
0,1.0269349e-12,0,0,reown-com/reown_flutter
0,1.3769109e-07,0,0,repirate/asset-recovery-tool
0,3.4496275e-06,0,0,reshma149/crypto
0,5.264282e-17,0,0,RFMCR/Platzi_ETHDeveloperProgram2023
0,9.176642e-19,0,0,rgab1508/cryptoTSEC
0,6.0278676e-17,0,0,richard-ramos/solidity-diagram-gen
0,6.122309e-15,0,0,rickstewartdev/Dbank
0,1.3125595e-10,0,0,riglr/riglr
0,1.43503456e-11,0,0,RigoBlock/v3-contracts
0,7.6720314e-17,0,0,risc0/risc0-ethereum
0,1.1637121e-08,0,0,riteesh-ram/DeFi-Group-Insurance
0,1.2432944e-10,0,0,ritikhzb/blockchain_SmartContracts
0,1.3398051e-19,0,0,ritwik-1994/Blockchain
0,6.6554075e-11,0,0,riyagoel192/Define-Blockchain-Python-
0,1.2027517e-08,0,0,rk98991439/Cryptocurrency-Wallet
0,1.6759087e-11,0,0,rm4328-d/web3de4
0,2.5420554e-13,0,0,ro61zzy/crypto_zombies
0,4.359836e-16,0,0,robertcalvert/vscode-crypto-ticker
0,1.8636275e-14,0,0,robhato/FFXIV-NFT-Smart-Contract
0,1.5558289e-16,0,0,robin-rrt/crypto-cares
0,3.1293812e-14,0,0,Robin2164/nft1
0,7.0070614e-15,0,0,Robocular/defi-mcp
0,4.9048143e-08,0,0,rocksanen/crypto_smart_contracts
0,2.2507362e-13,0,0,RocktimRajkumar/CrowdFunding-Ethereum
0,6.3649586e-14,0,0,rohanhraj/MultiSignature-Wallet-SmartContract
0,1.2093301e-09,0,0,rohanjsh/nft-marketplace
0,9.838549e-15,0,0,rohanranjan25061996/Wallet
0,4.3021018e-13,0,0,Rohit04052004/aave-credit-scoring-analysis
0,1.4866562e-06,0,0,Rohitw3code/web3-solidity-python
0,6.485715e-15,0,0,rolod0x/rolod0x
0,6.1748336e-12,0,0,romanzaikin/From-Zero-to-Hero-in-Blockchain-Security-DefCon30-Workshop
0,5.21783e-13,0,0,ronylucca/nft-dungeons-slayers
0,6.99672e-09,0,0,RoseBayConsulting/Titan
0,2.4848132e-09,0,0,roxxy-lanre/Conduit
0,1.5210092e-12,0,0,roysowah/solarwind
0,3.760261e-10,0,0,rpardela/SmartContractAPIGenerator
0,1.7090163e-10,0,0,rstkey/whitelist_token
0,2.581808e-08,0,0,rtb-12/PolkaGuard
0,2.6396428e-12,0,0,ruppysuppy/Crypto-Crowdfund
0,1.15763645e-17,0,0,ruqqq/blockchainparser
0,1.4720739e-09,0,0,rustjesty/bubblemaps-bypass-tool-rust
0,3.544121e-07,0,0,rusty-web3-developer/Solana-Bitcoin-NFT-Dex-Defi-P2EGame-SmartContract-Web3-Projects
0,8.272937e-11,0,0,rustyneuron01/NFT-Launchpad-Alkanes
0,4.6655937e-14,0,0,rwth-acis/las2peer-registry-contracts
0,8.388635e-13,0,0,rxhul18/DeWall
0,7.1580277e-16,0,0,RyanHaraki/ethereumjs
0,7.226733e-15,0,0,RyanKoech/Crypto_Fund
0,1.3430696e-12,0,0,Ryu204/crypto_rocket
0,4.231122e-14,0,0,Ryz0nd/useWeb3Wallet
0,2.9372094e-10,0,0,S-Amine/go-uni
0,3.0568094e-13,0,0,s-damian/hardhat-nft-ticketing
0,2.2757837e-12,0,0,s4larie/walletool
0,9.022672e-09,0,0,saaim23/QuantPilot
0,8.2328405e-08,0,0,saddle-finance/saddle-frontend
0,1.8104392e-10,0,0,safe-fndn/safe-smart-account
0,1.491808e-10,0,0,safeblock-com/dex_contract
0,9.617787e-08,0,0,sahilrohera10/Fusion_Wallet
0,1.4286945e-07,0,0,Sahiru2007/Blockchain-based-healthcare-data-system-with-disease-prediction
0,1.4675574e-13,0,0,saikun0293/gige-web3
0,5.8000687e-15,0,0,salmanbao/tic-tac-toe
0,2.195252e-07,0,0,Samarth208P/validator0x
0,2.5365403e-23,0,0,sambacha/compendium
0,3.8610816e-17,0,0,sambacha/create-subgraph-app
0,6.444213e-14,0,0,Sammers21/crypto-owl
0,7.665607e-14,0,0,Samuellyworld/Tippers
0,9.299031e-07,0,0,sanjibbaral435/Ethereum_Solidity_Udemy
0,6.902337e-11,0,0,SANTHOSH17-DOT/HODL
0,1.5911115e-13,0,0,santiellena/air-flatcoin-protocol
0,1.6740452e-16,0,0,sanyamdogra/crypto-wall-et
0,7.1397944e-13,0,0,SarathAdhi/Online_Poll_Creator_Blockchain
0,5.1836705e-19,0,0,satansdeer/ethereum-token-tutorial
0,1.6018606e-13,0,0,satisfywithmylife/phantom-py
0,7.0846546e-08,0,0,SATO-Technologies/Hordes-Wallet
0,1.2446711e-09,0,0,SatoshiPortal/bullbitcoin-mobile
0,7.9619294e-10,0,0,sava2109/Cryptography_project_PKI_smart_contract
0,3.8714058e-17,0,0,Savjee/SavjeeCoin
0,3.2457074e-16,0,0,saxenism/cryptoZombiesNFT
0,5.1173815e-11,0,0,sayandas-sd/Scan_and_pay_Crypto
0,5.2038502e-15,0,0,SBIP-Migration/aave-migrator
0,2.878121e-13,0,0,scaffold-eth/eth-components
0,3.2098377e-10,0,0,scholtz/wallet
0,2.3931332e-07,0,0,sciencemanepsilon/Blockchain_DeFi_Gaming
0,1.6948937e-12,0,0,ScopeLift/endaoment
0,6.4527273e-13,0,0,scotch53/Smart-Contract-for-Token-Minting-in-Solidity
0,1.2688785e-13,0,0,sdelvalle57/bonding-curves
0,2.440938e-10,0,0,sdhosseinabadi/aleo-project
0,2.7622152e-08,0,0,SebastienLeger02/CryptoZombies
0,1.2894691e-15,0,0,sebetelist/bitcoin-wallet
0,8.742328e-19,0,0,sebitokazu/wave-and-token-ranking-dApp
0,1.533427e-16,0,0,Sebx/blockchain_wallet
0,1.0508193e-11,0,0,second-state/smart-contract-search-engine
0,1.01432925e-10,0,0,SecorD0/evm-mnemonic-generator
0,1.5510955e-14,0,0,secp256k2/secp256k2
0,1.4716139e-16,0,0,seekerpig/nftSmartContract
0,5.9800186e-11,0,0,sefaosm/Stake-X
0,2.9537295e-08,0,0,SergioCifuentes/mpl-core-staking-frontend
0,1.4068142e-15,0,0,setheum/setheum
0,4.7933265e-11,0,0,sevdakeskin/Solidity-CryptoZombies
0,6.048189e-15,0,0,ShackAmeri/brownie-koalaStaking
0,4.9323563e-09,0,0,ShadowGuardAI/crypto-hdwallet-analyzer
0,2.9543444e-11,0,0,Shahroz-Hussain-Dev/Wallet
0,1.0615955e-14,0,0,shaikat010/Gamefi-Chess-Dapp
0,9.624335e-13,0,0,Shaivpidadi/NFT-Dapp-Boilerplate
0,1.2520539e-14,0,0,Shakedash-dev/ReverseBlockChainShell
0,1.8431012e-16,0,0,shanefontaine/ethfinex-python
0,9.355678e-10,0,0,shape-network/builder-kit
0,4.353646e-12,0,0,shapeshift/web
0,0.0018033114,0,0,shardeum/shardeum-docs
0,5.2195347e-08,0,0,Shashwat-Manglam-Jain/NFT-Blockchain
0,5.0684214e-12,0,0,shawakash/payBox
0,5.785239e-16,0,0,shifaj22/Nft_Marketplace_SmartContract
0,1.0294158e-08,0,0,shirley2749-dunn7/ethere1
0,6.212814e-16,0,0,ShivankK26/Crypto-Wallet-Extension
0,4.877988e-21,0,0,ShivankK26/Solidity-Smart-Contracts
0,2.8631376e-15,0,0,ShivRaiGithub/DeFi-Assessment
0,4.399767e-16,0,0,shlima/fortune
0,5.7020255e-08,0,0,ShredSecurity/protocol-deployment-checklist
0,7.100072e-17,0,0,ShrikantaMazumder/crypto-zombie
0,1.2383587e-08,0,0,shriya-upadhyay/fight-on-chain
0,7.842105e-19,0,0,shubhamguptaiitd/bitcoin
0,4.805855e-09,0,0,shumbushojeanbaptiste/Blockchain-task-2025
0,3.1993455e-12,0,0,SiddharthaBhattacharjee/Python_Script_To_Access_Deployed_Smartcontract
0,9.210459e-17,0,0,siddot/Wallet
0,1.4413588e-13,0,0,sidebetxyz/crypto-chess
0,2.2763294e-13,0,0,SilentCicero/MultiSignatureWallet
0,3.042407e-13,0,0,SilentCicero/wafr
0,1.8825939e-11,0,0,SimonPhoenix96/crypto-website
0,7.147428e-12,0,0,simplito/elliptic-php
0,1.0194826e-14,0,0,SimSimButDifferent/hardhat-defi-fcc
0,3.0627565e-09,0,0,sincerely91/simple-defi
0,2.3592012e-13,0,0,sirlopu/defi-stake-yield-brownie
0,8.122073e-15,0,0,SkSamreen3/Organ-Matching-Transplantation-Blockchain-
0,1.480977e-19,0,0,skundu42/CryptoWarz
0,1.2354509e-10,0,0,Sky4Master/JS-DEX-TrackBot-Sky4Master
0,2.3623985e-13,0,0,skydream118/NFTMarketplace
0,1.1346289e-13,0,0,SkyPierIO/skypier-vpn
0,2.68685e-14,0,0,skysor/digital-assets
0,3.7604397e-14,0,0,slaviquee/monolith
0,9.799903e-13,0,0,sletizia/serverless-trading-bot
0,9.071608e-17,0,0,Slidebits/ethereum-smart-contracts
0,2.5101443e-10,0,0,smart-account-starter/smart-account-starter
0,2.548555e-10,0,0,smart-bsy/web3_crypto-smart-contract
0,9.466298e-15,0,0,smartbugs/smartbugs-curated
0,2.9938593e-19,0,0,smartbugs/smartbugs-wild
0,5.1592218e-14,0,0,smartbugs/smartbugs
0,8.1366435e-16,0,0,smartcontract123/-Smart-Contract-Based-Cryptocurrency-MlM-Software-Development-On-Tron-Ethereum-Smart-contract-Deve
0,1.6742877e-09,0,0,smartcontractkit/chainlink-ruby
0,1.0497506e-09,0,0,smartcontractkit/defi-minimal
0,5.329686e-11,0,0,SmolDapp/smoldapp
0,1.7028007e-11,0,0,smolgroot/prometheus-vanity-generator
0,1.0926146e-15,0,0,snannamu/E-Voting-System-Based-on-Ethereum-Blockchain-
0,1.0568419e-10,0,0,sntsabode/daisweb3.ts
0,2.3122366e-14,0,0,sobi983/Binance-Marketplace-NFT-transfer-automation
0,5.615412e-12,0,0,SofianeHamlaoui/Cryto-Minning-Simulator
0,2.6783385e-12,0,0,softstack/Smart-Contract-Security-Audits
0,3.5950265e-17,0,0,solangegueiros/dapp-register
0,5.4099907e-08,0,0,solguru310/solana-wallet-tracking-bot
0,1.37888e-12,0,0,solidityDev05/defi-by-example
0,2.3297888e-11,0,0,solidityj/solidity-antlr4
0,4.676017e-14,0,0,solidstate-network/solidstate-solidity
0,1.6014153e-12,0,0,Solomon-0xGuardian/solana_guessing_game
0,2.78331e-20,0,0,solomoncools/nft-minter-bep721
0,1.2595119e-15,0,0,somesh-banerjee/Hospital-Records-Blockchain
0,2.2777226e-10,0,0,SonOfMosiah/maxx-finance-subgraph
0,8.817736e-08,0,0,SoshiCrmProject/btcyield-platform
0,3.0532038e-16,0,0,sounxk/Web3Escrow
0,1.7368141e-13,0,0,spareleg/bitcoin-ticker
0,1.2383318e-13,0,0,sparrowwallet/sparrow
0,9.8161835e-12,0,0,Spectral-Finance/scraped-sol-files
0,1.0706033e-22,0,0,spesmilo/electrum
0,1.1991869e-09,0,0,spesmulla/electrum
0,8.771647e-14,0,0,SpiderOak/Encryptr
0,2.0861586e-16,0,0,spotlightgroup/DonateDapp
0,1.8261505e-09,0,0,Springbock99/hd-wallet
0,5.269261e-11,0,0,springmacedonio-sys/Somnia-DeFi-Wallet
0,9.006307e-16,0,0,SqueezerIO/squeezer
0,8.5377533e-13,0,0,sr2echa/DMD
0,1.225285e-17,0,0,sripwoud/ethernaut
0,7.1090904e-11,0,0,SSSami22/Crypto
0,5.262288e-12,0,0,stacks-archive/blockstack-browser
0,8.3259856e-14,0,0,Stacktical/stacktical-dsla-developer-toolkit
0,5.0714522e-14,0,0,stater-co/nft-lending-contracts
0,4.4504413e-16,0,0,status-im/status-legacy
0,3.053368e-15,0,0,stefannovasky/cryptocurrency-smart-contract
0,3.666519e-10,0,0,stellarnodeN/Q3_25_NFT_Staking
0,5.407986e-09,0,0,stellar/stellar-ledger-data-indexer
0,4.1127633e-11,0,0,StephanAkkerman/crypto-ohlcv
0,1.6826572e-15,0,0,Stephen-Kimoi/NFT-collection
0,3.367634e-07,0,0,stevenbooke/decentralized-crowdfunding
0,3.6499123e-10,0,0,StevenMolina22/cryptocoin
0,2.4736535e-09,0,0,Stor-Network/stor-blockchain
0,1.1228429e-15,0,0,StratosGrig/BlockchainProjects
0,8.658325e-12,0,0,stravid87/nft_mgt_protocol
0,1.8049372e-09,0,0,Strykr-Prism/realtime-crypto-price-api
0,3.576948e-14,0,0,suarja/memoria-eterna-nft
0,7.637011e-12,0,0,subsixx/Pinsurance
0,3.9462304e-15,0,0,Sudhanmanoharan/MarketPlace-BlockChain
0,6.263793e-14,0,0,Sukoed/nft-minting-engine
0,4.472458e-11,0,0,sumit03guha/smart-contracts-development-boilerplate
0,1.0655809e-12,0,0,summa-tx/coins
0,4.02128e-10,0,0,sun-blockchain/harmony-pet
0,1.158545e-12,0,0,sunby16/web3-portfolio
0,8.4785345e-10,0,0,Sunilshah-7/web3-blockchain-curve
0,9.82425e-17,0,0,sunjiangjun/supernode
0,8.417737e-14,0,0,sunnyRK/EthIndia-HackJaipur
0,6.2602406e-12,0,0,sunshineioxzc/nft-sales-tracking-bot
0,1.0577691e-11,0,0,SunWeb3Sec/DeFiHackLabs
0,4.617623e-16,0,0,SunWeb3Sec/DeFiVulnLabs
0,1.2171692e-18,0,0,supercoolx/NFT-Contract-Utilities
0,4.894635e-13,0,0,superDev427/BlockChain-Tra
0,5.960049e-10,0,0,superfluid-org/protocol-monorepo
0,1.3739336e-20,0,0,SuperRich/soliditywallet
0,4.1339345e-11,0,0,supragya/CryptographyResearch
0,2.445353e-12,0,0,suribartek9/btc-eth
0,4.3055447e-15,0,0,svanas/migratooor
0,2.8112677e-20,0,0,Swap76/Supply-Chain-Using-Blockchain
0,8.611185e-13,0,0,swapkit/SwapKit
0,1.5312705e-15,0,0,swaponline/MultiCurrencyWallet
0,4.702735e-17,0,0,swarupyeole11/BlockchainCryptography
0,7.940976e-16,0,0,sweetmantech/nft-factory
0,2.9908503e-16,0,0,sweetmantech/NFT-Polygon-Minting
0,2.4966837e-14,0,0,SwezyDev/MultiExodus
0,2.4070519e-15,0,0,Swizec/blockchain-redux
0,4.4091386e-10,0,0,swrno/adopt-pet
0,5.2445756e-11,0,0,SXNGE4444/magic-crypto-app
0,2.079587e-09,0,0,sxnuru/FentaCode
0,3.3828257e-16,0,0,syedsimanta03/solana-NFT
0,2.6292946e-10,0,0,syncrao/blockchain-rust
0,1.180046e-09,0,0,Synthetixio/SIPs
0,7.082382e-09,0,0,Synthetixio/synthetix-js
0,6.0995536e-16,0,0,Synthetixio/synthetix
0,2.5580503e-11,0,0,tahowallet/extension
0,1.0894981e-13,0,0,Talent-Index/StableCoin-Project
0,7.666868e-13,0,0,TaliaKaza/CryptoSentinel
0,2.9233233e-12,0,0,talonlab/hdwallet-desktop
0,4.1273404e-05,0,0,tamago-labs/legato-finance
0,1.7605253e-16,0,0,tamjid0x01/awesome-smartcontract-hacking
0,9.3257206e-08,0,0,tanish35/Blockchain-Tracker
0,2.2423487e-11,0,0,tankbottoms/tiles-on-chain
0,1.5028183e-20,0,0,tanujajoshi1/solidityContracts
0,5.4786552e-14,0,0,TanujJha/OpenD-NFT-Marketplace
0,7.012612e-11,0,0,tanviedev/AaveV2-BehavIQ
0,1.5229883e-13,0,0,taoteh1221/Open_Crypto_Tracker
0,3.649437e-11,0,0,taoteh1221/Slideshow_Crypto_Ticker
0,5.6707e-09,0,0,tarun-upadhyay/the-matrix-labs-assignment
0,2.5730671e-08,0,0,TasmeTime/yt-react-next-ui-crypto-nft
0,1.0749917e-12,0,0,taylorjdawson/eth-chains
0,1.0475711e-08,0,0,tayyabappoly/bitcoin-wallet-that-uses-Neutrino
0,2.5739006e-09,0,0,tcyeee/PixWallet
0,4.955152e-11,0,0,teal-finance/rainbow
0,6.254763e-08,0,0,teamssUTXO/bitcoin_mcp
0,1.9867703e-11,0,0,TechRate/Smart-Contract-Audits
0,1.1120521e-11,0,0,teefeh-07/DefiDungeons
0,6.92076e-13,0,0,tega-tahir/ArtBridge
0,7.0470833e-15,0,0,TegroTON/DEX-TON-contracts
0,1.2291336e-09,0,0,TegroTON/ton3-client
0,2.3011343e-12,0,0,TeleportDAO/teleswap-contracts-evm
0,2.699004e-13,0,0,ten-protocol/go-ten
0,9.932082e-06,0,0,Tenosia/Wallet-Multi-SDK
0,8.502035e-13,0,0,terrygmk/NFT-Collection
0,4.173736e-12,0,0,tesla809/erc-20-tutorial
0,1.66178e-14,0,0,Teyik0/solidity-order-book
0,8.516611e-13,0,0,Tezsure/plenty-wallet
0,1.2072455e-11,0,0,ThalesBMC/crypto-wallet
0,1.8672076e-13,0,0,The-Poolz/LockDealNFT.Builders
0,7.588873e-09,0,0,the-sauravkumar/icp_token_wallet
0,9.411429e-14,0,0,theblockbrain/ai-safeguard
0,2.2358102e-15,0,0,theblockchainchief/web3-hub
0,5.2835787e-16,0,0,theblockstalk/inter-crypto
0,1.9523557e-06,0,0,TheDancingBananas/dancing-bananas-front-end
0,1.7366323e-09,0,0,thedarkhorse934/ai-blockchain-explainer
0,1.8528598e-14,0,0,thenua3bhai/backend-nft-marketplace-ethereum
0,1.0865561e-12,0,0,TheODDYSEY/Vending-Machine-Smart-Contract
0,4.7783807e-16,0,0,theshefer/NFT-lazy-minting
0,1.2731688e-14,0,0,thirdweb-dev/thirdweb-cli
0,1.3194423e-17,0,0,thisiskeanyvy/blocktracker
0,5.510835e-12,0,0,thoangln/Blockchain-SmartContract
0,7.28125e-14,0,0,thomas21-jquerry/Casino
0,2.08895e-12,0,0,threshold-network/tbtc-v2
0,8.639567e-16,0,0,Throvn/web3-multi-signature-wallet
0,7.618555e-14,0,0,timxor/payment-api
0,1.6312342e-17,0,0,timyiu478/cryptocurrencies-blockchain-technologies-stanford
0,5.404334e-10,0,0,tinovyatkin/pass-js
0,1.1153446e-11,0,0,tintinweb/smart-contract-sanctuary-arbitrum
0,7.935958e-14,0,0,tiwarisakshi28/Multisignature-wallet
0,7.214885e-16,0,0,TJ-2004/dechai
0,5.2475767e-11,0,0,tmdi123/amazing-cat-
0,1.3861604e-16,0,0,tmiess/CryptoBase
0,2.3073642e-14,0,0,tnkerer/vestingVault
0,3.3190677e-08,0,0,tomerweller/exp-tempo-clones
0,3.1041233e-17,0,0,tomteman/attendr
0,1.6002573e-07,0,0,tonkeeper/ton-console
0,8.188251e-13,0,0,Toporin/Satodime-Applet
0,3.739672e-12,0,0,topsecretagent007/smart-contract-web3-projects
0,4.9269e-06,0,0,Topten1004/DoubleDice-Platform
0,7.549311e-10,0,0,Topten1004/NFT-Marketplace-ERC1155
0,5.1121444e-14,0,0,tosynthegeek/mcw
0,8.010371e-17,0,0,toto-1010/nft-smart-contracts-basic1
0,0.00014606926,0,0,TP-Lab/key-generator
0,1.707165e-11,0,0,TP-Lab/Mobile-SDK
0,1.13146505e-13,0,0,tr1sm0s1n/go-dapp-example
0,2.7130414e-14,0,0,tradingstrategy-ai/trade-executor
0,1.3120285e-18,0,0,tradingstrategy-ai/web3-ethereum-defi
0,6.8514605e-14,0,0,TradMod/awesome-audits-checklists
0,7.5064666e-10,0,0,Trapesys/pandoras-box
0,1.6800131e-17,0,0,treejer/contract
0,2.3058179e-12,0,0,TrentPierce/Ethereum-Address-Collider
0,1.0514075e-06,0,0,TrinetixHubs/PixelVerse
0,3.5121633e-07,0,0,tronprotocol/wallet-cli
0,7.5832716e-13,0,0,Trum3it/bsc-web3-connector
0,1.8678256e-15,0,0,trustless-fund/trustless-fund
0,8.598736e-15,0,0,trustwallet/trust-wallet-ios
0,5.716886e-21,0,0,trustwallet/wallet-core
0,2.7425693e-09,0,0,Tsatsch/Web3DevLearn
0,9.960243e-18,0,0,tsauvajon/cryptoblobs
0,7.031739e-06,0,0,TShanku/linked-chain
0,6.962244e-08,0,0,Tswaanda/tswaanda-marketplace
0,6.998513e-15,0,0,tunnckoCore/bitcoin-connect
0,1.7727073e-11,0,0,turbo-eth/template-bank-app
0,3.3708474e-15,0,0,turtlemarket/contract
0,7.171497e-10,0,0,TW2541/Solidity_Web3_Practice_Python
0,3.3461082e-15,0,0,txtx/txtx
0,9.315504e-11,0,0,uhsr/BlockchainNFTCertificateAuthority
0,1.9514453e-10,0,0,uhsr/BlockchainNFTRegistryPlatformX
0,3.4242287e-09,0,0,uhsr/BlockchainNftRegistrySolutionsX
0,1.7133048e-10,0,0,uhsr/BlockchainNftRegistryStudioPro
0,1.6696442e-09,0,0,uhsr/BlockchainNFTVaultManagerCorePro
0,5.164999e-11,0,0,uhsr/BlockchainNFTVaultManagerPlatformUltra
0,5.827936e-11,0,0,uhsr/BlockchainNFTVaultManagerPlatformX
0,2.0722541e-09,0,0,uhsr/CryptoKeyVaultManager
0,6.470901e-11,0,0,uhsr/CryptoLedgerParser
0,1.3865703e-12,0,0,uhsr/CryptoSecurityToolkit
0,2.2168517e-10,0,0,uhsr/CryptoShieldFramework
0,2.673331e-09,0,0,uhsr/NftMetadataIndexerTechNext
0,7.7696294e-11,0,0,UMAprotocol/docs
0,1.3494804e-10,0,0,UMAprotocol/protocol
0,4.982375e-09,0,0,unobrandon/DefiWallet
0,8.7712254e-11,0,0,uola9210-cmd/BTC-or-ETH
0,8.7658646e-13,0,0,uport-project/uport-connect
0,1.2662404e-10,0,0,UraniumCorporation/solana-payout-action
0,1.3006769e-10,0,0,UssCalSst41/Xyn-SeedWatcher-Crypto-Balance-Checker-Searcher-MultiCoin
0,5.556884e-09,0,0,utsavempiric20/multi-signature-wallet-factory-solidity
0,3.2327936e-09,0,0,utsavempiric20/token-wallet-solidity
0,1.2885086e-10,0,0,uwu-labs/waifusion-site
0,3.4733227e-11,0,0,v3xlabs/open-lavatory
0,1.8226134e-11,0,0,valamicorp/top100token-ape-bot
0,6.696756e-14,0,0,vancelin/ethereum-event-tracker
0,4.1678492e-12,0,0,vanchoy/nft-collection
0,4.7950983e-12,0,0,VaultLayer/vaultlayer-sdk
0,1.9858011e-10,0,0,vdimitriad/Uncuffed
0,3.754491e-14,0,0,vdsalexandre/CryptoZombies
0,7.4716396e-18,0,0,vdutts7/ai-generated-nfts
0,1.4858586e-14,0,0,vechain/web3-gear
0,7.1996646e-13,0,0,ved-et9/Blockchain_web3
0,6.672879e-09,0,0,Vedant7789/defi_wallet_score
0,3.0538078e-07,0,0,VedikaaSankhe/ds_VedikaSankhe
0,9.605908e-08,0,0,Velocity-BPA/n8n-nodes-aztec
0,7.934495e-09,0,0,Velocity-BPA/n8n-nodes-pendle
0,7.15801e-21,0,0,VeloraDEX/sdk
0,1.0427953e-14,0,0,vergecurrency/verge
0,2.5042656e-15,0,0,VersoriumX/web3
0,8.777806e-14,0,0,vgrichina/web4
0,3.136889e-13,0,0,vhidvz/crypto-aio
0,2.1532637e-12,0,0,viaprotocol/format-crypto
0,1.0367369e-10,0,0,viaweb3/cryptocast-desktop
0,1.1225449e-12,0,0,victorykop/Buildspace-Wave-Portal-Backend
0,1.0193276e-13,0,0,ViditGalav/NFT-Synthesizer-Sol-Breeder
0,2.6331547e-13,0,0,vigneshbalu96/Inherited-ERC-20-contract
0,1.9435163e-12,0,0,Vikash-8090-Yadav/Learn-Earn-in-WEB3
0,2.978927e-17,0,0,Viken-Blockchain-Solutions/Solidity-files
0,2.2708675e-11,0,0,ViktorVL584/Crypto-News-Aggregator
0,8.45176e-11,0,0,vilicvane/megnat
0,7.254821e-08,0,0,vinnyhoward/rn-crypto-wallet
0,6.0797743e-12,0,0,viperadnan-git/blockdoc
0,2.677972e-11,0,0,vipul-69-ax/CryptoFlip
0,1.3064557e-07,0,0,vishal-kr007/walletSmartContract
0,1.2332339e-16,0,0,vishnoitanuj/Blockchain-Cryptocurrency
0,3.4434973e-09,0,0,VishviThrimavithana/crypto-arbitrage-bot
0,1.9905951e-17,0,0,Vitali-workspace/Crypto-Testnet-Faucet
0,6.56988e-08,0,0,Vitalik-Hakim/antimony
0,4.6167975e-15,0,0,vitalkamuntu/Crypto-wallet
0,7.249335e-18,0,0,VitalR/NFTLazyMinting
0,8.013955e-15,0,0,VitalR/Uniswap
0,8.4225986e-19,0,0,vittominacori/solidity-starter-kit
0,3.740474e-18,0,0,vitwit/Multisig-Wallet-ERC20
0,2.773112e-05,0,0,vivekananand-cpu/web3-blockchain-nft-drop-app
0,2.365098e-10,0,0,Vivojay/De-Fi-Infidelity-Coders
0,4.277193e-06,0,0,vjbhandari61/web3-authentication
0,5.0033515e-14,0,0,vjgaur/bitcoin-wallet
0,1.5647587e-14,0,0,vjgaur/NFT-Ethereum-Polygon-Marketplace
0,4.547865e-19,0,0,vm542/bitcoin-wallet-bot
0,2.6466073e-14,0,0,vmeazevedo/myCrypto_MercadoBitcoin
0,3.972111e-18,0,0,vmieres/BlockChain-Python
0,6.153094e-16,0,0,vorburger/awesome-decentralized-internet-web3-blockchain-p2p-security-world-cloud
0,2.101731e-12,0,0,vrakesh2907/MicroLend
0,1.8813161e-11,0,0,VulnPlanet/l3x
0,6.5515123e-15,0,0,vvizardev/pump-smart-contract-solidity
0,1.0538979e-12,0,0,vvizardev/wizardev
0,1.3392641e-18,0,0,vykuntaharsha/cryptocurrency-and-smart-contract
0,3.8748157e-11,0,0,wallet-agent/wallet-agent
0,7.715976e-15,0,0,Wallet3/Wallet3-Desktop
0,1.7559195e-14,0,0,Wallet3/Wallet3
0,3.052095e-10,0,0,WalletConnect/walletconnect-monorepo
0,6.2250754e-17,0,0,walleth/walleth
0,1.6520275e-14,0,0,Walletika/walletika-contracts
0,1.7501977e-11,0,0,WalletsTool/WalletsTool
0,5.4096488e-20,0,0,WalletWasabi/WalletWasabi
0,1.7045649e-15,0,0,walt-id/waltid-walletkit
0,3.6094012e-09,0,0,wanglinyang/nft-collection
0,2.904078e-16,0,0,wangshijun/ethereum-lottery-dapp
0,1.0096057e-07,0,0,wangtengjiao1997/Encode-Solidity-Bootcamp
0,2.1009045e-20,0,0,wardu/Crypto-Resources
0,4.3499337e-09,0,0,warmkey-finance/bitcoin-cryptocurrency-tutorial
0,6.6371695e-07,0,0,wasiiff/blokk-lens
0,1.0266529e-12,0,0,wcoelho/BitcoinMinerPrototype
0,7.2544505e-11,0,0,WeaverFi/api
0,2.307985e-10,0,0,WeaverFi/cookietrack-api
0,2.7941883e-16,0,0,WeaverFi/weaverfi
0,1.5475436e-14,0,0,Web3-Club/Blockchain-Developer-roadmap_Chinese
0,2.9597044e-10,0,0,Web3Auth/Auth
0,1.4455769e-13,0,0,web3brasil/web3brasil
0,4.3378254e-06,0,0,web3builder7/Diversehq
0,1.8027569e-08,0,0,web3crafter/NFTCollection_Crypto-Devs
0,8.200118e-08,0,0,web3gamesofficial/web3games-contract-solidity
0,1.2494652e-11,0,0,web3inventor/web3-wallet-brute-force-cracking
0,2.405971e-13,0,0,Web3Philippines/homepage
0,2.283651e-37,0,0,web3privacy/web3privacy
0,3.8530263e-13,0,0,web3p/web3.php
0,1.406071e-19,0,0,weex/Live-bitcoin-transactions
0,8.4826953e-13,0,0,weichen466/CryptoCrowd
0,2.0501008e-13,0,0,weiweiyeih/web3.0-lottery-frontend-app
0,3.2058313e-13,0,0,wencio/python_solidity_Web3_examples
0,3.113614e-07,0,0,westhoronhp15/HOW-TO-MINING-BTC-2025
0,1.1883786e-12,0,0,wevm/awesome-wagmi
0,4.6829916e-16,0,0,whoaryu/cryptozombies
0,1.0665289e-11,0,0,wilhelmagren/ethereum-dev
0,6.887075e-13,0,0,WilliamMassalino/foundry-app
0,5.5024267e-14,0,0,wilmacedo/wallet-discover-server
0,2.7543852e-09,0,0,WISEPLAT/backtrader_bybit
0,3.4713337e-12,0,0,WizardOfAus/WizardsEthereumWorkshop
0,6.1953096e-13,0,0,wizardsardine/liana
0,6.135451e-14,0,0,wpdas/kibi-greeting-contract
0,4.43044e-22,0,0,wsdt/WavectToken
0,1.930738e-14,0,0,wslyvh/clean-contracts
0,6.049923e-14,0,0,wslyvh/useWeb3
0,6.8553406e-11,0,0,WTFAcademy/WTF-CTF
0,1.2976474e-12,0,0,xabzxbt/brass-hands
0,4.0097506e-15,0,0,xaini-x/cross-chain-Bridge
0,6.0642227e-15,0,0,Xalt8/Vyper
0,2.9579462e-08,0,0,xaviersins/CryptoMesh
0,4.155399e-14,0,0,xavierzho/dex-sdk
0,3.8532046e-12,0,0,xBacked-DAO/algorand-wallet-select
0,1.424045e-13,0,0,xcncncnddddd/fundme_lesson
0,4.243874e-15,0,0,xeoneux/generation-blockchain-crypto-tracker
0,2.6398919e-14,0,0,xerion12/Dapp-algorand
0,2.5111721e-15,0,0,xfolio-dao/xfolio-react-chrome
0,4.4239544e-15,0,0,xlnfinance/xln
0,1.0532834e-11,0,0,xPOURY4/crypto-toolkit
0,1.0838576e-11,0,0,xqyet/BlockchainAddressSpoofer
0,4.2632298e-16,0,0,XRPLF/xrpl.js
0,1.2331795e-13,0,0,xsen215/Web3-Solana-Bitcoin-NFT-Dex-Defi-P2EGame-SmartContract-Projects
0,4.300892e-11,0,0,xueqianLu/txpress
0,5.3128352e-12,0,0,XXXGutierrezXXX/defi-staking-smart-contract-solana
0,1.3365073e-12,0,0,xyzerobtc/BitcoinPizzaNFT
0,5.833416e-16,0,0,y-chan/handmade_blockchain
0,3.2613662e-11,0,0,Y-Xiang-hub/Crowdsourcing-With-Smart-Contract
0,2.4922124e-13,0,0,yakiyahi/projet-web3
0,1.831928e-16,0,0,yann1ckv/Marketplace_dapp
0,9.905955e-16,0,0,yannvr/lendx
0,1.4608701e-15,0,0,yanukadeneth99/Meme-NFT
0,2.603464e-18,0,0,yao-tx/CryptoZombies
0,7.648299e-18,0,0,YarovoyVladimir09/rust-solana-NftLoanPlatform
0,1.4031482e-15,0,0,Yassin-MT/EETP
0,3.8500162e-12,0,0,YassineMharrek/Phenicia-Metaverse
0,1.2646322e-11,0,0,yatharth1444/Token-Wallet-on-ICP-Blockchain
0,3.0796691e-12,0,0,yearn/NFTreasury
0,5.158033e-17,0,0,yeasy/blockchain_guide
0,8.507323e-13,0,0,yessGlory17/nft-marketplace
0,1.552426e-16,0,0,yeswadams/CryptoKitty
0,1.4453921e-09,0,0,YieldHabitat/YieldHabitat_
0,1.2769615e-16,0,0,yigittopm/lkd-web3-blockchain
0,2.644455e-16,0,0,YiJie-Zhu/Crypto-Identity
0,1.1806378e-13,0,0,yippee-ki-yay/CryptoJingles
0,4.6435537e-16,0,0,yogdaan/blockchain-certification
0,8.133046e-08,0,0,yokeld/solgo
0,4.1598814e-17,0,0,YordanPavlov/BlockchainRoulette
0,2.116137e-14,0,0,YosephKS/moralis-opensea-plugins
0,2.6543392e-16,0,0,YosephKS/truffle-opensea-nft
0,6.321851e-10,0,0,Yourmix0x/webwag-tiri
0,1.4662249e-14,0,0,ysongh/blockchain-on-restaurant-client
0,2.9849064e-12,0,0,yuichiroaoki/typescript-hardhat
0,9.378553e-09,0,0,yunanah/nft-wallet-yoorabaek
0,3.708996e-07,0,0,yurkenchik/Crypto-Ethereum-TTE-blockchain
0,1.393694e-17,0,0,yuzushioh/EthereumKit
0,2.9009733e-19,0,0,zafar-saleem/blockchain-node
0,3.7479488e-08,0,0,Zaid-maker/web3-nft-game
0,1.0604107e-12,0,0,zakcroft/shared-wallet-blockchain-solidity
0,1.7441203e-10,0,0,zama-ai/blockchain-wallet-exporter
0,5.2708926e-10,0,0,zenhuzaini/node-js-blockchain-bitcoin
0,5.776823e-13,0,0,zeriontech/defi-sdk-js
0,9.729858e-16,0,0,zeriontech/defi-sdk
0,7.907086e-17,0,0,zeta-chain/node
0,1.3960274e-13,0,0,ZetiAi/defi
0,7.247683e-16,0,0,Zheaoli/awesome-coins
0,4.4895626e-14,0,0,zillehuma75/lottery-smart-contract-
0,9.7693026e-12,0,0,zillet/zillet
0,8.277438e-14,0,0,zircuit-labs/web3-telegram-mini-app
0,1.46138555e-05,0,0,ZIYUT/nft-wallet-frontend
0,4.8419427e-08,0,0,zktx-io/sui-extension
0,7.299534e-18,0,0,zman0225/bitcoinclass
0,2.7485948e-14,0,0,Zodomo/OrdinalDucks
0,1.1718726e-09,0,0,ZuInnoTe/spark-hadoopcryptoledger-ds
0,9.368005e-09,0,0,Zynora06JaA7/Arb-Script
0,1.6318139e-16,0,0,zypher-game/bevy-web3
0,7.6996534e-16,0,0,zzzizo/cig-chain
