family_id,label,is_real_positive,is_generated_positive,row_index,outer_fold,y_proba,y_pred,threshold,text_mode,repo_full_name,y_pred_refit_threshold
F2_crypto_trading_bot,1,1,0,11,1,0.04001497,0,0.1256501972675323,dual_text_fixed_params,dev-protocol/polymarket-copytrading-bot-sport,1
F2_crypto_trading_bot,1,1,0,14,1,0.0019952024,0,0.1256501972675323,dual_text_fixed_params,FaceOFWood/SniperBot-Solana-PumpSwap,0
F2_crypto_trading_bot,1,1,0,15,1,0.5138061,1,0.1256501972675323,dual_text_fixed_params,harshith-vaddiparthy/quant-bot,1
F2_crypto_trading_bot,1,1,0,29,1,0.022209926,0,0.1256501972675323,dual_text_fixed_params,Morning-Star213/Solana-pumpfun-bot,0
F2_crypto_trading_bot,1,0,1,188,1,0.041336082,0,0.1256501972675323,dual_text_fixed_params,labs-market/polymarket-copytrading-bot-sport,1
F2_crypto_trading_bot,1,0,1,189,1,0.0019952024,0,0.1256501972675323,dual_text_fixed_params,FaceOFWoo/SniperBot-Solana-PumpSwap,0
F2_crypto_trading_bot,1,0,1,190,1,0.5398891,1,0.1256501972675323,dual_text_fixed_params,harshithvaddiparthyy/quant-bot,1
F2_crypto_trading_bot,1,0,1,191,1,0.022639042,0,0.1256501972675323,dual_text_fixed_params,MorningStar213ry/Solana-pumpfun-bot,0
F2_crypto_trading_bot,1,0,1,192,1,0.04001497,0,0.1256501972675323,dual_text_fixed_params,dex-copy/polymarket-copytrading-bot-sport,1
F2_crypto_trading_bot,1,0,1,193,1,0.002041349,0,0.1256501972675323,dual_text_fixed_params,FaceOFWoodv/SniperBot-Solana-PumpSwap,0
F2_crypto_trading_bot,1,0,1,194,1,0.54100955,1,0.1256501972675323,dual_text_fixed_params,harshithvaddiparthy4/quant-bot,1
F2_crypto_trading_bot,1,0,1,195,1,0.022639042,0,0.1256501972675323,dual_text_fixed_params,MorningStar213/Solana-pumpfun-bot,0
F2_crypto_trading_bot,1,0,1,196,1,0.041336082,0,0.1256501972675323,dual_text_fixed_params,dex-bot/polymarket-copytrading-bot-sport,1
F2_crypto_trading_bot,1,0,1,197,1,0.002041349,0,0.1256501972675323,dual_text_fixed_params,FaceOFWood2/SniperBot-Solana-PumpSwap,0
F2_crypto_trading_bot,1,0,1,198,1,0.5112262,1,0.1256501972675323,dual_text_fixed_params,harshithvaddiparthy42/quant-bot,1
F2_crypto_trading_bot,1,0,1,199,1,0.024339117,0,0.1256501972675323,dual_text_fixed_params,MorningStar2132/Solana-pumpfun-bot,0
F2_crypto_trading_bot,1,0,1,200,1,0.042329732,0,0.1256501972675323,dual_text_fixed_params,dex-trade/polymarket-copytrading-bot-sport,1
F2_crypto_trading_bot,1,0,1,201,1,0.0019952024,0,0.1256501972675323,dual_text_fixed_params,FaceOFWoodk/SniperBot-Solana-PumpSwap,0
F2_crypto_trading_bot,1,0,1,202,1,0.52525634,1,0.1256501972675323,dual_text_fixed_params,harshithvaddiparthyu/quant-bot,1
F2_crypto_trading_bot,1,0,1,203,1,0.020242989,0,0.1256501972675323,dual_text_fixed_params,MorningStar2133/Solana-pumpfun-bot,0
F2_crypto_trading_bot,1,0,1,204,1,0.042329732,0,0.1256501972675323,dual_text_fixed_params,bot-trade/polymarket-copytrading-bot-sport,1
F2_crypto_trading_bot,1,0,1,205,1,0.0019952024,0,0.1256501972675323,dual_text_fixed_params,FaceOFWood3/SniperBot-Solana-PumpSwap,0
F2_crypto_trading_bot,1,0,1,206,1,0.49807838,1,0.1256501972675323,dual_text_fixed_params,harshithvaddiparthy/quant-bot,1
F2_crypto_trading_bot,1,0,1,207,1,0.021945689,0,0.1256501972675323,dual_text_fixed_params,MorningStar213o3/Solana-pumpfun-bot,0
F2_crypto_trading_bot,1,0,1,208,1,0.042273052,0,0.1256501972675323,dual_text_fixed_params,dex-signal/polymarket-copytrading-bot-sport,1
F2_crypto_trading_bot,1,0,1,209,1,0.0019252911,0,0.1256501972675323,dual_text_fixed_params,FaceOFWood4/SniperBot-Solana-PumpSwap,0
F2_crypto_trading_bot,1,0,1,210,1,0.5138061,1,0.1256501972675323,dual_text_fixed_params,harshithvaddiparthyy2/quant-bot,1
F2_crypto_trading_bot,1,0,1,211,1,0.02591659,0,0.1256501972675323,dual_text_fixed_params,MorningStar213gg/Solana-pumpfun-bot,0
F2_crypto_trading_bot,1,0,1,212,1,0.040715132,0,0.1256501972675323,dual_text_fixed_params,signal-labs/polymarket-copytrading-bot-sport,1
F2_crypto_trading_bot,1,0,1,213,1,0.0019252911,0,0.1256501972675323,dual_text_fixed_params,FaceOFWoo2/SniperBot-Solana-PumpSwap,0
F2_crypto_trading_bot,1,0,1,214,1,0.5138061,1,0.1256501972675323,dual_text_fixed_params,harshithvaddiparthy2/quant-bot,1
F2_crypto_trading_bot,1,0,1,215,1,0.022868654,0,0.1256501972675323,dual_text_fixed_params,MorningStar2132q/Solana-pumpfun-bot,0
F2_crypto_trading_bot,1,0,1,216,1,0.040923275,0,0.1256501972675323,dual_text_fixed_params,copy-trade/polymarket-copytrading-bot-sport,1
F2_crypto_trading_bot,1,0,1,217,1,0.0021154657,0,0.1256501972675323,dual_text_fixed_params,FaceOFWood5/SniperBot-Solana-PumpSwap,0
F2_crypto_trading_bot,1,0,1,218,1,0.42079306,1,0.1256501972675323,dual_text_fixed_params,harshithvaddiparthy3/quant-bot,1
F2_crypto_trading_bot,1,0,1,219,1,0.022041425,0,0.1256501972675323,dual_text_fixed_params,MorningStar213q/Solana-pumpfun-bot,0
F2_crypto_trading_bot,1,0,1,220,1,0.044712357,0,0.1256501972675323,dual_text_fixed_params,signal-marke/polymarket-copytrading-bot-sport,1
F2_crypto_trading_bot,1,0,1,221,1,0.0019952024,0,0.1256501972675323,dual_text_fixed_params,FaceOFWoo3/SniperBot-Solana-PumpSwap,0
F2_crypto_trading_bot,1,0,1,222,1,0.5137042,1,0.1256501972675323,dual_text_fixed_params,harshithvaddiparthy32/quant-bot,1
F2_crypto_trading_bot,1,0,1,223,1,0.024000194,0,0.1256501972675323,dual_text_fixed_params,MorningStar213j/Solana-pumpfun-bot,0
F2_crypto_trading_bot,1,0,1,224,1,0.04001497,0,0.1256501972675323,dual_text_fixed_params,bot-market/polymarket-copytrading-bot-sport,1
F2_crypto_trading_bot,1,0,1,225,1,0.0019252911,0,0.1256501972675323,dual_text_fixed_params,FaceOFWoodh/SniperBot-Solana-PumpSwap,0
F2_crypto_trading_bot,1,0,1,226,1,0.50327444,1,0.1256501972675323,dual_text_fixed_params,harshithvaddiparthyv/quant-bot,1
F2_crypto_trading_bot,1,0,1,227,1,0.02478337,0,0.1256501972675323,dual_text_fixed_params,MorningStar213h/Solana-pumpfun-bot,0
F2_crypto_trading_bot,1,0,1,228,1,0.043068577,0,0.1256501972675323,dual_text_fixed_params,dex-copy2/polymarket-copytrading-bot-sport,1
F2_crypto_trading_bot,1,0,1,229,1,0.0019952024,0,0.1256501972675323,dual_text_fixed_params,FaceOFWood6/SniperBot-Solana-PumpSwap,0
F2_crypto_trading_bot,1,0,1,230,1,0.5138061,1,0.1256501972675323,dual_text_fixed_params,harshithvaddiparthyo/quant-bot,1
F2_crypto_trading_bot,1,0,1,231,1,0.02336805,0,0.1256501972675323,dual_text_fixed_params,MorningStar2131/Solana-pumpfun-bot,0
F2_crypto_trading_bot,1,0,1,232,1,0.043010954,0,0.1256501972675323,dual_text_fixed_params,bot-market2/polymarket-copytrading-bot-sport,1
F2_crypto_trading_bot,1,0,1,233,1,0.0019252911,0,0.1256501972675323,dual_text_fixed_params,FaceOFWood7/SniperBot-Solana-PumpSwap,0
F2_crypto_trading_bot,1,0,1,234,1,0.42079306,1,0.1256501972675323,dual_text_fixed_params,harshithvaddiparthyt/quant-bot,1
F2_crypto_trading_bot,1,0,1,235,1,0.025463203,0,0.1256501972675323,dual_text_fixed_params,MorningStar213mf/Solana-pumpfun-bot,0
F2_crypto_trading_bot,1,0,1,236,1,0.043068577,0,0.1256501972675323,dual_text_fixed_params,copy-signal/polymarket-copytrading-bot-sport,1
F2_crypto_trading_bot,1,0,1,237,1,0.0019952024,0,0.1256501972675323,dual_text_fixed_params,FaceOFWood8/SniperBot-Solana-PumpSwap,0
F2_crypto_trading_bot,1,0,1,238,1,0.54778147,1,0.1256501972675323,dual_text_fixed_params,harshithvaddiparthy5/quant-bot,1
F2_crypto_trading_bot,1,0,1,239,1,0.02478337,0,0.1256501972675323,dual_text_fixed_params,MorningStar21397/Solana-pumpfun-bot,0
F2_crypto_trading_bot,1,0,1,240,1,0.043068577,0,0.1256501972675323,dual_text_fixed_params,bot-market3/polymarket-copytrading-bot-sport,1
F2_crypto_trading_bot,1,0,1,241,1,0.0021154657,0,0.1256501972675323,dual_text_fixed_params,FaceOFWood9/SniperBot-Solana-PumpSwap,0
F2_crypto_trading_bot,1,0,1,242,1,0.5192212,1,0.1256501972675323,dual_text_fixed_params,harshithvaddiparthyp/quant-bot,1
F2_crypto_trading_bot,1,0,1,243,1,0.02495857,0,0.1256501972675323,dual_text_fixed_params,MorningStar2134v/Solana-pumpfun-bot,0
NEG_00023,0,0,0,323,1,0.0011829328,0,0.1256501972675323,dual_text_fixed_params,0xMaka/w3py,0
NEG_00025,0,0,0,325,1,0.08540683,0,0.1256501972675323,dual_text_fixed_params,0xMesinTempur/Flappyster,1
NEG_00029,0,0,0,329,1,0.00042871162,0,0.1256501972675323,dual_text_fixed_params,0xRobWatson/Allowance-dApp,0
NEG_00030,0,0,0,330,1,0.00039819087,0,0.1256501972675323,dual_text_fixed_params,0xTaoDev/Wallet-Trades-Tracker,0
NEG_00032,0,0,0,332,1,0.0036185277,0,0.1256501972675323,dual_text_fixed_params,0xwagmi/bitcoin_wallet,0
NEG_00039,0,0,0,339,1,0.00049076567,0,0.1256501972675323,dual_text_fixed_params,1poolfinance/1Pool-Strategy,0
NEG_00044,0,0,0,344,1,0.00063904404,0,0.1256501972675323,dual_text_fixed_params,3Dpass/wallet,0
NEG_00045,0,0,0,345,1,0.00048296413,0,0.1256501972675323,dual_text_fixed_params,5ajaki/safe-mcp-server,0
NEG_00049,0,0,0,349,1,0.0005845571,0,0.1256501972675323,dual_text_fixed_params,a1fred/cryptoportfolio,0
NEG_00056,0,0,0,356,1,0.00080135174,0,0.1256501972675323,dual_text_fixed_params,aave/aave-v3-core,0
NEG_00059,0,0,0,359,1,0.0006652308,0,0.1256501972675323,dual_text_fixed_params,abba-platforms/NADD,0
NEG_00063,0,0,0,363,1,0.0014510937,0,0.1256501972675323,dual_text_fixed_params,AbhinavOC24/sPay,0
NEG_00065,0,0,0,365,1,0.00091333967,0,0.1256501972675323,dual_text_fixed_params,AbushakerJamil/Hardhat-Test,0
NEG_00067,0,0,0,367,1,0.0008955244,0,0.1256501972675323,dual_text_fixed_params,acebusters/acebusters-frontend,0
NEG_00069,0,0,0,369,1,0.0015639218,0,0.1256501972675323,dual_text_fixed_params,AchyuthMohan/cryptogram-nmit-block-chain-,0
NEG_00070,0,0,0,370,1,0.0004988862,0,0.1256501972675323,dual_text_fixed_params,ACINQ/phoenix,0
NEG_00073,0,0,0,373,1,0.0018185915,0,0.1256501972675323,dual_text_fixed_params,Adamant-im/adamant-api-jsclient,0
NEG_00076,0,0,0,376,1,0.0007026226,0,0.1256501972675323,dual_text_fixed_params,adamocallaghan/membrane-finance-v2,0
NEG_00078,0,0,0,378,1,0.0049100094,0,0.1256501972675323,dual_text_fixed_params,adhithim09/Dsurv---Crypto_Token,0
NEG_00099,0,0,0,399,1,0.021600584,0,0.1256501972675323,dual_text_fixed_params,Afrozllm/Web3-Wallet-Connect,0
NEG_00100,0,0,0,400,1,0.0010227078,0,0.1256501972675323,dual_text_fixed_params,agencyenterprise/serpro-web3-hackathon,0
NEG_00109,0,0,0,409,1,0.0006353308,0,0.1256501972675323,dual_text_fixed_params,ahmetozlu/defi_yield_farming,0
NEG_00111,0,0,0,411,1,0.00062760245,0,0.1256501972675323,dual_text_fixed_params,AICoin-io/AICoin,0
NEG_00115,0,0,0,415,1,0.0013403333,0,0.1256501972675323,dual_text_fixed_params,AiKay96/Bitcoin-Wallet,0
NEG_00120,0,0,0,420,1,0.0004211666,0,0.1256501972675323,dual_text_fixed_params,ajsizzle/bitcoin-ticker,0
NEG_00121,0,0,0,421,1,0.00067910954,0,0.1256501972675323,dual_text_fixed_params,akashmehrotra29/my-wave-portal,0
NEG_00123,0,0,0,423,1,0.00076629827,0,0.1256501972675323,dual_text_fixed_params,akhileshthite/dtube,0
NEG_00124,0,0,0,424,1,0.00062901265,0,0.1256501972675323,dual_text_fixed_params,akinncar/ar-nft,0
NEG_00128,0,0,0,428,1,0.004654613,0,0.1256501972675323,dual_text_fixed_params,AkshitTiwarii/carbonx,0
NEG_00135,0,0,0,435,1,0.0005117733,0,0.1256501972675323,dual_text_fixed_params,AleRapchan/nft-token-factory,0
NEG_00162,0,0,0,462,1,0.00082929985,0,0.1256501972675323,dual_text_fixed_params,alto-io/contractor,0
NEG_00163,0,0,0,463,1,0.00050333893,0,0.1256501972675323,dual_text_fixed_params,amandladev/erc721-nftMint-smartContract,0
NEG_00168,0,0,0,468,1,0.0007945335,0,0.1256501972675323,dual_text_fixed_params,amonrak/rustychain,0
NEG_00173,0,0,0,473,1,0.06056502,0,0.1256501972675323,dual_text_fixed_params,ancutadaniel/ethereum_hardhat_nft_marketplace,1
NEG_00175,0,0,0,475,1,0.0004838011,0,0.1256501972675323,dual_text_fixed_params,AndreiD/qv_voting,0
NEG_00185,0,0,0,485,1,0.0005580008,0,0.1256501972675323,dual_text_fixed_params,anoff/cryptobooks,0
NEG_00188,0,0,0,488,1,0.0005278989,0,0.1256501972675323,dual_text_fixed_params,AntoineBastide47/Blockchain,0
NEG_00194,0,0,0,494,1,0.0005072941,0,0.1256501972675323,dual_text_fixed_params,anza-xyz/wallet-adapter,0
NEG_00196,0,0,0,496,1,0.0030767021,0,0.1256501972675323,dual_text_fixed_params,apache/incubator-resilientdb-ResLens,0
NEG_00203,0,0,0,503,1,0.00045391294,0,0.1256501972675323,dual_text_fixed_params,apoorvlathey/Crypto-Car-Battle,0
NEG_00210,0,0,0,510,1,0.0022978145,0,0.1256501972675323,dual_text_fixed_params,ardriveapp/turbo-app,0
NEG_00211,0,0,0,511,1,0.0009424544,0,0.1256501972675323,dual_text_fixed_params,aridder/pengekrukka,0
NEG_00212,0,0,0,512,1,0.20127858,1,0.1256501972675323,dual_text_fixed_params,Arifin036/defi-staking-dapp,1
NEG_00218,0,0,0,518,1,0.00042175836,0,0.1256501972675323,dual_text_fixed_params,arpesh28/solidity-wallet-contract-collections,0
NEG_00220,0,0,0,520,1,0.00053268176,0,0.1256501972675323,dual_text_fixed_params,ArshS1/sengh-nft,0
NEG_00231,0,0,0,531,1,0.0006683035,0,0.1256501972675323,dual_text_fixed_params,ashelkovnykov/offline-wallet-generator,0
NEG_00233,0,0,0,533,1,0.001963809,0,0.1256501972675323,dual_text_fixed_params,ashok-p/module-19-Cryptowallets,0
NEG_00237,0,0,0,537,1,0.001295129,0,0.1256501972675323,dual_text_fixed_params,AssetifyLabsTeams/Assetifily,0
NEG_00239,0,0,0,539,1,0.00036261062,0,0.1256501972675323,dual_text_fixed_params,atlaschain/contracts,0
NEG_00247,0,0,0,547,1,0.0013647524,0,0.1256501972675323,dual_text_fixed_params,axiomchronicles/blockchain_simulation,0
NEG_00251,0,0,0,551,1,0.0015806804,0,0.1256501972675323,dual_text_fixed_params,Aytaditya/NFT_Staking_app,0
NEG_00254,0,0,0,554,1,0.00047592827,0,0.1256501972675323,dual_text_fixed_params,azerpas/Crypto2discord,0
NEG_00256,0,0,0,556,1,0.0014523322,0,0.1256501972675323,dual_text_fixed_params,B3Pay/B3Wallet,0
NEG_00266,0,0,0,566,1,0.0011072853,0,0.1256501972675323,dual_text_fixed_params,banjtheman/highwind,0
NEG_00270,0,0,0,570,1,0.004114503,0,0.1256501972675323,dual_text_fixed_params,BasinLogix/BLX_chain,0
NEG_00275,0,0,0,575,1,0.0007147851,0,0.1256501972675323,dual_text_fixed_params,bcoin-org/bcoin,0
NEG_00281,0,0,0,581,1,0.00083622657,0,0.1256501972675323,dual_text_fixed_params,BendDAO/bend-lending-protocol,0
NEG_00289,0,0,0,589,1,0.0017585292,0,0.1256501972675323,dual_text_fixed_params,bhau7233/MSig-,0
NEG_00297,0,0,0,597,1,0.0018818672,0,0.1256501972675323,dual_text_fixed_params,bilix-software/eth-new-contracts,0
NEG_00298,0,0,0,598,1,0.0011191474,0,0.1256501972675323,dual_text_fixed_params,Bill171991/SATFLOW-,0
NEG_00299,0,0,0,599,1,0.00074912945,0,0.1256501972675323,dual_text_fixed_params,BirthdayResearch/defichain-wallet,0
NEG_00300,0,0,0,600,1,0.0016971366,0,0.1256501972675323,dual_text_fixed_params,birukG09/DeFiVerse-Bank-Simulator-,0
NEG_00303,0,0,0,603,1,0.000542039,0,0.1256501972675323,dual_text_fixed_params,bitcoin-wallet/bitcoin-wallet,0
NEG_00305,0,0,0,605,1,0.0015169631,0,0.1256501972675323,dual_text_fixed_params,bitpay/bitpay-app,0
NEG_00306,0,0,0,606,1,0.0011809483,0,0.1256501972675323,dual_text_fixed_params,bitpay/wallet,0
NEG_00307,0,0,0,607,1,0.00087813195,0,0.1256501972675323,dual_text_fixed_params,BitPortal/bitportal-client,0
NEG_00316,0,0,0,616,1,0.0007220061,0,0.1256501972675323,dual_text_fixed_params,block-foundation/solidity-digital-twin,0
NEG_00321,0,0,0,621,1,0.0010731723,0,0.1256501972675323,dual_text_fixed_params,blockchaingate/eXchangily-web,0
NEG_00322,0,0,0,622,1,0.0008501723,0,0.1256501972675323,dual_text_fixed_params,blockchain/blockchain-wallet-v4-frontend,0
NEG_00324,0,0,0,624,1,0.00041662093,0,0.1256501972675323,dual_text_fixed_params,blockonomics/prestashop-plugin,0
NEG_00331,0,0,0,631,1,0.00058504316,0,0.1256501972675323,dual_text_fixed_params,bokkypoobah/Nix,0
NEG_00342,0,0,0,642,1,0.00067608635,0,0.1256501972675323,dual_text_fixed_params,brilliant927/nft-mint-polygon,0
NEG_00344,0,0,0,644,1,0.003124645,0,0.1256501972675323,dual_text_fixed_params,Brunomike/cryptopunk-clone-web3,0
NEG_00350,0,0,0,650,1,0.0013555662,0,0.1256501972675323,dual_text_fixed_params,buihuudong19/E-Wallet-Blockchain-sourcecode,0
NEG_00351,0,0,0,651,1,0.002174817,0,0.1256501972675323,dual_text_fixed_params,Busulis/OPNet-Vesting,0
NEG_00352,0,0,0,652,1,0.0022262174,0,0.1256501972675323,dual_text_fixed_params,ButterDevelop/AutoBlumSmartContract,0
NEG_00353,0,0,0,653,1,0.0005409881,0,0.1256501972675323,dual_text_fixed_params,buybackoff/SolidityAuction,0
NEG_00354,0,0,0,654,1,0.00043122744,0,0.1256501972675323,dual_text_fixed_params,Bwest981/BitcoinSig,0
NEG_00361,0,0,0,661,1,0.00064423983,0,0.1256501972675323,dual_text_fixed_params,CaiqueRibeiro/decentralized-stripe,0
NEG_00366,0,0,0,666,1,0.0010205042,0,0.1256501972675323,dual_text_fixed_params,capsulesocial/capsule-near,0
NEG_00367,0,0,0,667,1,0.00078733393,0,0.1256501972675323,dual_text_fixed_params,captain-woof/meta-nft,0
NEG_00368,0,0,0,668,1,0.017708093,0,0.1256501972675323,dual_text_fixed_params,cardano-foundation/cardano-wallet,0
NEG_00374,0,0,0,674,1,0.0020764808,0,0.1256501972675323,dual_text_fixed_params,cdc-Hitesh/cdc-Hitesh.github.io,0
NEG_00381,0,0,0,681,1,0.0024049298,0,0.1256501972675323,dual_text_fixed_params,ChainInsighter/Web3-Casino-Crash-Game,0
NEG_00382,0,0,0,682,1,0.0019208493,0,0.1256501972675323,dual_text_fixed_params,chainjet/platform,0
NEG_00383,0,0,0,683,1,0.0006116055,0,0.1256501972675323,dual_text_fixed_params,ChainShot/AAVEDaiEscrow,0
NEG_00393,0,0,0,693,1,0.0035366642,0,0.1256501972675323,dual_text_fixed_params,cherylwilson314/web3py_crypto,0
NEG_00394,0,0,0,694,1,0.00068037305,0,0.1256501972675323,dual_text_fixed_params,Chia-Network/chia-blockchain,0
NEG_00411,0,0,0,711,1,0.00042084372,0,0.1256501972675323,dual_text_fixed_params,cluck135/First-Deployed-Token,0
NEG_00414,0,0,0,714,1,0.0016589825,0,0.1256501972675323,dual_text_fixed_params,cmdruid/tapscript,0
NEG_00416,0,0,0,716,1,0.0029461067,0,0.1256501972675323,dual_text_fixed_params,Cocodrilette/DeFi-Staking-SolidityContracts,0
NEG_00420,0,0,0,720,1,0.0018281431,0,0.1256501972675323,dual_text_fixed_params,codegenius2/solana-verify-eddsa,0
NEG_00422,0,0,0,722,1,0.0013000804,0,0.1256501972675323,dual_text_fixed_params,coderasha/NFT-Marketplace--EThereum-Polygon,0
NEG_00427,0,0,0,727,1,0.0011614055,0,0.1256501972675323,dual_text_fixed_params,codymj/GeminiCryptoTrader,0
NEG_00429,0,0,0,729,1,0.00091965793,0,0.1256501972675323,dual_text_fixed_params,coinbase/chainstorage,0
NEG_00432,0,0,0,732,1,0.0063597756,0,0.1256501972675323,dual_text_fixed_params,Coldcard/firmware,0
NEG_00433,0,0,0,733,1,0.0006464854,0,0.1256501972675323,dual_text_fixed_params,colonelxy/CryptoZombies,0
NEG_00438,0,0,0,738,1,0.0040979087,0,0.1256501972675323,dual_text_fixed_params,consenlabs/imkey-manager,0
NEG_00450,0,0,0,750,1,0.012069757,0,0.1256501972675323,dual_text_fixed_params,coti-io/coti-sdk-python,0
NEG_00453,0,0,0,753,1,0.005209103,0,0.1256501972675323,dual_text_fixed_params,CPix18/CryptoCopyRights,0
NEG_00464,0,0,0,764,1,0.0029903087,0,0.1256501972675323,dual_text_fixed_params,crypto-cooker/Web3-Project-Overview,0
NEG_00471,0,0,0,771,1,0.0007261601,0,0.1256501972675323,dual_text_fixed_params,cryptococks-xyz/cryptococks-contract,0
NEG_00478,0,0,0,778,1,0.000589907,0,0.1256501972675323,dual_text_fixed_params,cryptomkt/cryptomkt-python,0
NEG_00479,0,0,0,779,1,0.00085243385,0,0.1256501972675323,dual_text_fixed_params,cryptopayserver00/cryptopayserver,0
NEG_00480,0,0,0,780,1,0.002676942,0,0.1256501972675323,dual_text_fixed_params,cryptopunksnotdead/awesome-cryptopunks-bubble,0
NEG_00483,0,0,0,783,1,0.0008769003,0,0.1256501972675323,dual_text_fixed_params,CryptoSnowPrince/CryptoGame_Backend,0
NEG_00485,0,0,0,785,1,0.0014740883,0,0.1256501972675323,dual_text_fixed_params,csimbana/suiguard,0
NEG_00494,0,0,0,794,1,0.0011564129,0,0.1256501972675323,dual_text_fixed_params,d-invisible/DocuManage-web3--Aptos,0
NEG_00507,0,0,0,807,1,0.0005515193,0,0.1256501972675323,dual_text_fixed_params,danilych/token-factory-web-app,0
NEG_00514,0,0,0,814,1,0.0023629542,0,0.1256501972675323,dual_text_fixed_params,dapphub/ds-math,0
NEG_00519,0,0,0,819,1,0.0012059675,0,0.1256501972675323,dual_text_fixed_params,dappuniversity/Runner-blockchain-game-,0
NEG_00529,0,0,0,829,1,0.00036608786,0,0.1256501972675323,dual_text_fixed_params,davidmeng630/defi,0
NEG_00530,0,0,0,830,1,0.0034953805,0,0.1256501972675323,dual_text_fixed_params,dbarobin/awesome-mirror,0
NEG_00532,0,0,0,832,1,0.00054850534,0,0.1256501972675323,dual_text_fixed_params,deadarchitects/test-low-gas-solidity,0
NEG_00534,0,0,0,834,1,0.0013637267,0,0.1256501972675323,dual_text_fixed_params,decentralized-identity/element,0
NEG_00538,0,0,0,838,1,0.0005685101,0,0.1256501972675323,dual_text_fixed_params,deepbluelake/web3-lab,0
NEG_00543,0,0,0,843,1,0.000805004,0,0.1256501972675323,dual_text_fixed_params,DeFiDesk/DeFiDesk.github.io,0
NEG_00544,0,0,0,844,1,0.0042975163,0,0.1256501972675323,dual_text_fixed_params,defilab/defi-blockchain-dumper,0
NEG_00548,0,0,0,848,1,0.00049207377,0,0.1256501972675323,dual_text_fixed_params,DeFireX/defirex-protocol-v3,0
NEG_00554,0,0,0,854,1,0.0008549225,0,0.1256501972675323,dual_text_fixed_params,dennohpeter/MultiDexArbBot,0
NEG_00555,0,0,0,855,1,0.0015885511,0,0.1256501972675323,dual_text_fixed_params,denzopas/myWallet,0
NEG_00561,0,0,0,861,1,0.0054417313,0,0.1256501972675323,dual_text_fixed_params,desktop-examples/crypto-analysis,0
NEG_00567,0,0,0,867,1,0.013538057,0,0.1256501972675323,dual_text_fixed_params,developeruche/hybrid,0
NEG_00570,0,0,0,870,1,0.0042410335,0,0.1256501972675323,dual_text_fixed_params,DevMarc16/appkit-connect,0
NEG_00572,0,0,0,872,1,0.018615093,0,0.1256501972675323,dual_text_fixed_params,DevStudioX/Phoenix-Clipper-Malware-Private,0
NEG_00576,0,0,0,876,1,0.002998644,0,0.1256501972675323,dual_text_fixed_params,dharmaprotocol/dharma.js,0
NEG_00581,0,0,0,881,1,0.0070275236,0,0.1256501972675323,dual_text_fixed_params,diadata-org/diadata,0
NEG_00582,0,0,0,882,1,0.0005186635,0,0.1256501972675323,dual_text_fixed_params,didil/stone-dapp,0
NEG_00583,0,0,0,883,1,0.0006246765,0,0.1256501972675323,dual_text_fixed_params,diego-tobalina/PancakeSwapBot,0
NEG_00584,0,0,0,884,1,0.0006542962,0,0.1256501972675323,dual_text_fixed_params,Dilkashpeshimam18/defi-contracts,0
NEG_00593,0,0,0,893,1,0.0015780035,0,0.1256501972675323,dual_text_fixed_params,dkpeakbil/bitcoinwalletwatcher,0
NEG_00596,0,0,0,896,1,0.0026491676,0,0.1256501972675323,dual_text_fixed_params,dmitriiprusakov/definition-hack-nft-versus,0
NEG_00602,0,0,0,902,1,0.001013332,0,0.1256501972675323,dual_text_fixed_params,Dopular/CLI-Searching-and-Tracing-EVMTransactions,0
NEG_00607,0,0,0,907,1,0.05265549,0,0.1256501972675323,dual_text_fixed_params,drisst12/safe-smart-account,1
NEG_00611,0,0,0,911,1,0.016341047,0,0.1256501972675323,dual_text_fixed_params,DTVMStack/DTVM,0
NEG_00613,0,0,0,913,1,0.0052356045,0,0.1256501972675323,dual_text_fixed_params,DudeOfCode/web3.pyandSolidityTodolist,0
NEG_00614,0,0,0,914,1,0.000540851,0,0.1256501972675323,dual_text_fixed_params,duneanalytics/evm.codes,0
NEG_00630,0,0,0,930,1,0.00063398405,0,0.1256501972675323,dual_text_fixed_params,elkoutwest/bitcoin_browser,0
NEG_00637,0,0,0,937,1,0.0009417524,0,0.1256501972675323,dual_text_fixed_params,emeraldpay/dshackle,0
NEG_00650,0,0,0,950,1,0.0011105563,0,0.1256501972675323,dual_text_fixed_params,enricozanardo/bitcoin-sentiment-analys-on-tweets-,0
NEG_00654,0,0,0,954,1,0.00093220116,0,0.1256501972675323,dual_text_fixed_params,eonian-core/farm,0
NEG_00670,0,0,0,970,1,0.0028618563,0,0.1256501972675323,dual_text_fixed_params,EthereumCommonwealth/multi-geth,0
NEG_00680,0,0,0,980,1,0.0006254459,0,0.1256501972675323,dual_text_fixed_params,everx-labs/evernode-se,0
NEG_00692,0,0,0,992,1,0.0007138324,0,0.1256501972675323,dual_text_fixed_params,f-z/decentralized-option-trading-platform,0
NEG_00693,0,0,0,993,1,0.00040040474,0,0.1256501972675323,dual_text_fixed_params,fabianorodrigo/defiamm,0
NEG_00704,0,0,0,1004,1,0.0006902773,0,0.1256501972675323,dual_text_fixed_params,farisamirmudin/cryptotransfer,0
NEG_00705,0,0,0,1005,1,0.000859975,0,0.1256501972675323,dual_text_fixed_params,faysalbadaoui/RegisterDeviceSolanaProgram,0
NEG_00712,0,0,0,1012,1,0.00046665943,0,0.1256501972675323,dual_text_fixed_params,FIFA0313/blockchain-wallet-adapter-designe,0
NEG_00715,0,0,0,1015,1,0.0045439135,0,0.1256501972675323,dual_text_fixed_params,FilOzone/synapse-sdk,0
NEG_00736,0,0,0,1036,1,0.0007969486,0,0.1256501972675323,dual_text_fixed_params,Frenzoid/DAPP_Bank,0
NEG_00741,0,0,0,1041,1,0.005705485,0,0.1256501972675323,dual_text_fixed_params,fundgao/xiuxian,0
NEG_00744,0,0,0,1044,1,0.00079026463,0,0.1256501972675323,dual_text_fixed_params,gabidi/bismuth-js-crypto,0
NEG_00745,0,0,0,1045,1,0.0006371487,0,0.1256501972675323,dual_text_fixed_params,gakonst/ethers-rs,0
NEG_00746,0,0,0,1046,1,0.0008497062,0,0.1256501972675323,dual_text_fixed_params,GameChangerFinance/gamechanger.wallet,0
NEG_00752,0,0,0,1052,1,0.0012965674,0,0.1256501972675323,dual_text_fixed_params,gemwalletcom/gem-android,0
NEG_00759,0,0,0,1059,1,0.0006590968,0,0.1256501972675323,dual_text_fixed_params,ggviana/splitter,0
NEG_00765,0,0,0,1065,1,0.0007745639,0,0.1256501972675323,dual_text_fixed_params,GlitchicaL/project-arcadia,0
NEG_00777,0,0,0,1077,1,0.003934731,0,0.1256501972675323,dual_text_fixed_params,GoogleEnginer/defi-yield-calculator,0
NEG_00780,0,0,0,1080,1,0.00048269215,0,0.1256501972675323,dual_text_fixed_params,grandsmarquis/ethereumdevio-dex-tutorial,0
NEG_00781,0,0,0,1081,1,0.024868015,0,0.1256501972675323,dual_text_fixed_params,GRANTsol/PanteraProtocol,0
NEG_00782,0,0,0,1082,1,0.0009320781,0,0.1256501972675323,dual_text_fixed_params,greekfetacheese/zeus,0
NEG_00809,0,0,0,1109,1,0.0006343016,0,0.1256501972675323,dual_text_fixed_params,HappyGroupHub/Ethereum-Wallet-Tracker,0
NEG_00812,0,0,0,1112,1,0.00052258285,0,0.1256501972675323,dual_text_fixed_params,haritsmedina/web3.0_krypto,0
NEG_00819,0,0,0,1119,1,0.00041757443,0,0.1256501972675323,dual_text_fixed_params,hashbx/token-distribution,0
NEG_00824,0,0,0,1124,1,0.0006870748,0,0.1256501972675323,dual_text_fixed_params,HawkTahir1/ZENC,0
NEG_00829,0,0,0,1129,1,0.001076969,0,0.1256501972675323,dual_text_fixed_params,HectorNBL/eth_solseum_gen_hnbl,0
NEG_00849,0,0,0,1149,1,0.0004408905,0,0.1256501972675323,dual_text_fixed_params,horizontalsystems/bitcoin-kit-ios,0
NEG_00859,0,0,0,1159,1,0.0017426402,0,0.1256501972675323,dual_text_fixed_params,hummingbot/hummingbot,0
NEG_00861,0,0,0,1161,1,0.0016026573,0,0.1256501972675323,dual_text_fixed_params,Huy-2k11/Native-Parser,0
NEG_00862,0,0,0,1162,1,0.0007174668,0,0.1256501972675323,dual_text_fixed_params,huynhtuandat05december/Crypto-Zombie,0
NEG_00865,0,0,0,1165,1,0.0068378816,0,0.1256501972675323,dual_text_fixed_params,HyperPlay-Gaming/hyperplay-desktop-client,0
NEG_00869,0,0,0,1169,1,0.0009998874,0,0.1256501972675323,dual_text_fixed_params,Iamtheusername112/Crypto,0
NEG_00879,0,0,0,1179,1,0.0011219484,0,0.1256501972675323,dual_text_fixed_params,IgorAugust0/blockchain-security-labs,0
NEG_00886,0,0,0,1186,1,0.00047356778,0,0.1256501972675323,dual_text_fixed_params,imcrazysteven/Initial-Coin-Offering-Smart-Contract,0
NEG_00889,0,0,0,1189,1,0.0016392736,0,0.1256501972675323,dual_text_fixed_params,Infineon/secora-blockchain-walletconnect,0
NEG_00900,0,0,0,1200,1,0.00047071718,0,0.1256501972675323,dual_text_fixed_params,Itheum/sdk-mx-data-nft,0
NEG_00906,0,0,0,1206,1,0.00069567485,0,0.1256501972675323,dual_text_fixed_params,ivopetiz/crypto-exchange-cli,0
NEG_00914,0,0,0,1214,1,0.0005707026,0,0.1256501972675323,dual_text_fixed_params,Jackhuang166/chess-smart-contract,0
NEG_00926,0,0,0,1226,1,0.0005334894,0,0.1256501972675323,dual_text_fixed_params,JamesANZ/crypto-timelocked-backup,0
NEG_00930,0,0,0,1230,1,0.0016202666,0,0.1256501972675323,dual_text_fixed_params,janghona/go-ethereum-Jochain,0
NEG_00937,0,0,0,1237,1,0.00068930635,0,0.1256501972675323,dual_text_fixed_params,JasminDreasond/Dohpw,0
NEG_00939,0,0,0,1239,1,0.0006288044,0,0.1256501972675323,dual_text_fixed_params,JasonnLim/Blockchain-MedicalRecords,0
NEG_00940,0,0,0,1240,1,0.0011466258,0,0.1256501972675323,dual_text_fixed_params,JavaCardOS/BitcoinWallet,0
NEG_00949,0,0,0,1249,1,0.0011733549,0,0.1256501972675323,dual_text_fixed_params,jeffprestes/rust-smart-contract-example-connection,0
NEG_00950,0,0,0,1250,1,0.0007128073,0,0.1256501972675323,dual_text_fixed_params,jeftarmascarenhas/smart-contract-training,0
NEG_00952,0,0,0,1252,1,0.0007100594,0,0.1256501972675323,dual_text_fixed_params,jeloooooo/solidity-cryptozombies,0
NEG_00963,0,0,0,1263,1,0.00049395283,0,0.1256501972675323,dual_text_fixed_params,jlandyr/web3solidity,0
NEG_00974,0,0,0,1274,1,0.00042179576,0,0.1256501972675323,dual_text_fixed_params,jonluxson/very-basic-form-of-cryptocurrency,0
NEG_00979,0,0,0,1279,1,0.00063526176,0,0.1256501972675323,dual_text_fixed_params,jovijovi/ether-goblin,0
NEG_00982,0,0,0,1282,1,0.00073354243,0,0.1256501972675323,dual_text_fixed_params,jptsantossilva/BEC,0
NEG_00987,0,0,0,1287,1,0.0050314567,0,0.1256501972675323,dual_text_fixed_params,JulieGibbs/NFT1155_Contract_Test_Assignment,0
NEG_00988,0,0,0,1288,1,0.0024023629,0,0.1256501972675323,dual_text_fixed_params,juliocamposmachado/my_eth_app.github.io,0
NEG_00990,0,0,0,1290,1,0.001384026,0,0.1256501972675323,dual_text_fixed_params,JumpCrypto/crypto-reading-list,0
NEG_00993,0,0,0,1293,1,0.012751587,0,0.1256501972675323,dual_text_fixed_params,JunoNode/juno,0
NEG_00998,0,0,0,1298,1,0.0005644261,0,0.1256501972675323,dual_text_fixed_params,Kalashin1/GTA-token-smart-contract,0
NEG_01001,0,0,0,1301,1,0.00046494775,0,0.1256501972675323,dual_text_fixed_params,Karhal/web3-connect,0
NEG_01005,0,0,0,1305,1,0.00062046107,0,0.1256501972675323,dual_text_fixed_params,kartikver15gr8/WEB3-For-All,0
NEG_01009,0,0,0,1309,1,0.000801141,0,0.1256501972675323,dual_text_fixed_params,kaymen99/aave-flashloan-arbitrage,0
NEG_01018,0,0,0,1318,1,0.0010515623,0,0.1256501972675323,dual_text_fixed_params,kelvincup/base-learn,0
NEG_01033,0,0,0,1333,1,0.01175804,0,0.1256501972675323,dual_text_fixed_params,khadar1020/bitcoin_wallet,0
NEG_01036,0,0,0,1336,1,0.0005112691,0,0.1256501972675323,dual_text_fixed_params,kheopskit/kheopskit,0
NEG_01037,0,0,0,1337,1,0.00058037264,0,0.1256501972675323,dual_text_fixed_params,Kimonic99/Heneftee,0
NEG_01053,0,0,0,1353,1,0.0005497883,0,0.1256501972675323,dual_text_fixed_params,konradisco/bitcoin-ethereum,0
NEG_01055,0,0,0,1355,1,0.0018035957,0,0.1256501972675323,dual_text_fixed_params,KOSASIH/nexus-finance-core,0
NEG_01057,0,0,0,1357,1,0.00053777336,0,0.1256501972675323,dual_text_fixed_params,kradkov14/presale-contract,0
NEG_01058,0,0,0,1358,1,0.011142616,0,0.1256501972675323,dual_text_fixed_params,kreskohq/kresko-protocol,0
NEG_01073,0,0,0,1373,1,0.0017509225,0,0.1256501972675323,dual_text_fixed_params,lacrypta/lottery-front,0
NEG_01078,0,0,0,1378,1,0.0006285225,0,0.1256501972675323,dual_text_fixed_params,lastbattle/ordinal_inscription.netcore,0
NEG_01083,0,0,0,1383,1,0.0028613259,0,0.1256501972675323,dual_text_fixed_params,lawofambak-research/decentralized-speculations-market,0
NEG_01085,0,0,0,1385,1,0.08314248,0,0.1256501972675323,dual_text_fixed_params,lbryio/lbry-android,1
NEG_01087,0,0,0,1387,1,0.0006141034,0,0.1256501972675323,dual_text_fixed_params,lbryio/torba,0
NEG_01089,0,0,0,1389,1,0.000519924,0,0.1256501972675323,dual_text_fixed_params,LearnWeb3DAO/14-Days-of-Solidity,0
NEG_01107,0,0,0,1407,1,0.021403203,0,0.1256501972675323,dual_text_fixed_params,LN-Zap/zap-desktop,0
NEG_01110,0,0,0,1410,1,0.00054300134,0,0.1256501972675323,dual_text_fixed_params,LocalCryptos/LocalCryptosWalletBackupExplorer,0
NEG_01114,0,0,0,1414,1,0.01261179,0,0.1256501972675323,dual_text_fixed_params,lordbasilaiassistant-sudo/thryx-launchpad,0
NEG_01116,0,0,0,1416,1,0.00041937377,0,0.1256501972675323,dual_text_fixed_params,lssleo/crypto-unlimited,0
NEG_01124,0,0,0,1424,1,0.0009338818,0,0.1256501972675323,dual_text_fixed_params,luzhenqian/web3-examples,0
NEG_01128,0,0,0,1428,1,0.00048857194,0,0.1256501972675323,dual_text_fixed_params,maAPPsDEV/rock-paper-scissors,0
NEG_01133,0,0,0,1433,1,0.00072150363,0,0.1256501972675323,dual_text_fixed_params,Magicred-1/hackin-dau,0
NEG_01138,0,0,0,1438,1,0.040356036,0,0.1256501972675323,dual_text_fixed_params,manifest-network/manifest-app,1
NEG_01144,0,0,0,1444,1,0.00038077886,0,0.1256501972675323,dual_text_fixed_params,manuelinfosec/flash-arb-bot,0
NEG_01161,0,0,0,1461,1,0.00065502117,0,0.1256501972675323,dual_text_fixed_params,mastrmind-dev/DeFi-App---A-Cryptocurrency-Bank,0
NEG_01164,0,0,0,1464,1,0.002342321,0,0.1256501972675323,dual_text_fixed_params,Mathieu2301/TradingView-API,0
NEG_01169,0,0,0,1469,1,0.0029852379,0,0.1256501972675323,dual_text_fixed_params,Mattjhagen/P3-Lending,0
NEG_01170,0,0,0,1470,1,0.0005876799,0,0.1256501972675323,dual_text_fixed_params,mattycoles/Python_Blockchain,0
NEG_01182,0,0,0,1482,1,0.0007266243,0,0.1256501972675323,dual_text_fixed_params,memoriaXII/create-web3-turbo,0
NEG_01208,0,0,0,1508,1,0.0006040579,0,0.1256501972675323,dual_text_fixed_params,mikker/svgnft,0
NEG_01220,0,0,0,1520,1,0.002405979,0,0.1256501972675323,dual_text_fixed_params,mja2001/SolCipher-iExec,0
NEG_01225,0,0,0,1525,1,0.0008460895,0,0.1256501972675323,dual_text_fixed_params,mohammedmuzammil38/Crypto-Art,0
NEG_01228,0,0,0,1528,1,0.00035796728,0,0.1256501972675323,dual_text_fixed_params,Mojo96666/hack-crypto-wallets,0
NEG_01230,0,0,0,1530,1,0.0029126145,0,0.1256501972675323,dual_text_fixed_params,mollybeach/livestakes,0
NEG_01231,0,0,0,1531,1,0.0020696132,0,0.1256501972675323,dual_text_fixed_params,monjuik/go-octopi,0
NEG_01247,0,0,0,1547,1,0.0007005319,0,0.1256501972675323,dual_text_fixed_params,mrmendoza-dev/cryptotracker,0
NEG_01268,0,0,0,1568,1,0.007530263,0,0.1256501972675323,dual_text_fixed_params,mwakidenis/BlockChain-Mastery,0
NEG_01270,0,0,0,1570,1,0.0054765833,0,0.1256501972675323,dual_text_fixed_params,my-number/solidity-wallet,0
NEG_01278,0,0,0,1578,1,0.0006590723,0,0.1256501972675323,dual_text_fixed_params,NaimaGhulamMuhammad/nftMarketplace-smartcontracts,0
NEG_01286,0,0,0,1586,1,0.0005980594,0,0.1256501972675323,dual_text_fixed_params,nayrosk/evm-indexer,0
NEG_01288,0,0,0,1588,1,0.00053988677,0,0.1256501972675323,dual_text_fixed_params,nbulian/CryptoZombies,0
NEG_01293,0,0,0,1593,1,0.02914791,0,0.1256501972675323,dual_text_fixed_params,NenadBolovic/Cryptography_project_PKI_smart_contract,0
NEG_01302,0,0,0,1602,1,0.0053780447,0,0.1256501972675323,dual_text_fixed_params,Nexacore-Org/NexaFx-web,0
NEG_01304,0,0,0,1604,1,0.00066307647,0,0.1256501972675323,dual_text_fixed_params,nftfy/nftfy-v1-periphery,0
NEG_01305,0,0,0,1605,1,0.0010426397,0,0.1256501972675323,dual_text_fixed_params,ngmisl/etherml,0
NEG_01309,0,0,0,1609,1,0.0008174439,0,0.1256501972675323,dual_text_fixed_params,nicholasmgoldstein/Persona256,0
NEG_01310,0,0,0,1610,1,0.0010026103,0,0.1256501972675323,dual_text_fixed_params,nico-phil/blockchain,0
NEG_01314,0,0,0,1614,1,0.0005160295,0,0.1256501972675323,dual_text_fixed_params,nicolaslazzos/cryptozombies,0
NEG_01315,0,0,0,1615,1,0.0005992268,0,0.1256501972675323,dual_text_fixed_params,NikhilSehgal123/coinbase-execution-algorithm,0
NEG_01316,0,0,0,1616,1,0.0046948036,0,0.1256501972675323,dual_text_fixed_params,nikitakent/solidity-simple-wallet,0
NEG_01319,0,0,0,1619,1,0.0008855513,0,0.1256501972675323,dual_text_fixed_params,Nipol/ERC721yul,0
NEG_01320,0,0,0,1620,1,0.0009199073,0,0.1256501972675323,dual_text_fixed_params,nirhoIas/Top-5-Cryptocurrency-APIs-for-Developers,0
NEG_01326,0,0,0,1626,1,0.0018597274,0,0.1256501972675323,dual_text_fixed_params,Nishu0/anime_nft_marketplace,0
NEG_01329,0,0,0,1629,1,0.00056623743,0,0.1256501972675323,dual_text_fixed_params,nixen2802/Blockchain-Python,0
NEG_01330,0,0,0,1630,1,0.00096988963,0,0.1256501972675323,dual_text_fixed_params,njublockchain/web3research-etl,0
NEG_01333,0,0,0,1633,1,0.009263329,0,0.1256501972675323,dual_text_fixed_params,Noahflx/ghost-wallets,0
NEG_01339,0,0,0,1639,1,0.06012959,0,0.1256501972675323,dual_text_fixed_params,notbank-com/notbank-node,1
NEG_01341,0,0,0,1641,1,0.0010299511,0,0.1256501972675323,dual_text_fixed_params,nrgapple/crypto-canvas-fe,0
NEG_01351,0,0,0,1651,1,0.0012711636,0,0.1256501972675323,dual_text_fixed_params,OffcierCia/DeFi-Developer-Road-Map,0
NEG_01352,0,0,0,1652,1,0.0018137031,0,0.1256501972675323,dual_text_fixed_params,OffcierCia/tips-solidity-code-auditors,0
NEG_01353,0,0,0,1653,1,0.0006698377,0,0.1256501972675323,dual_text_fixed_params,OffcierCia/ultimate-defi-research-base,0
NEG_01356,0,0,0,1656,1,0.00049862853,0,0.1256501972675323,dual_text_fixed_params,oguzhnatly/Cryptocurrency-Trade-FrontEnd-HTML-Page,0
NEG_01359,0,0,0,1659,1,0.0009716391,0,0.1256501972675323,dual_text_fixed_params,okcashpro/okcash,0
NEG_01360,0,0,0,1660,1,0.0012942923,0,0.1256501972675323,dual_text_fixed_params,OkeA-dev/StablePay,0
NEG_01368,0,0,0,1668,1,0.0018625231,0,0.1256501972675323,dual_text_fixed_params,omarakhmedov-web/metridex-showcase,0
NEG_01374,0,0,0,1674,1,0.000580708,0,0.1256501972675323,dual_text_fixed_params,OneMug-Coffee/onemug-link-in-bio,0
NEG_01376,0,0,0,1676,1,0.0038174142,0,0.1256501972675323,dual_text_fixed_params,ong/awesome-decentralized-finance,0
NEG_01383,0,0,0,1683,1,0.0006907906,0,0.1256501972675323,dual_text_fixed_params,OpenTradingNetworkFoundation/otn-token,0
NEG_01384,0,0,0,1684,1,0.0029742634,0,0.1256501972675323,dual_text_fixed_params,Operaconga14/llama_flux,0
NEG_01386,0,0,0,1686,1,0.00037262507,0,0.1256501972675323,dual_text_fixed_params,OpiumProtocol/erc721o,0
NEG_01387,0,0,0,1687,1,0.00046023878,0,0.1256501972675323,dual_text_fixed_params,OptimalLukasDev/Bitcoin-Wallet-finder,0
NEG_01395,0,0,0,1695,1,0.00039646975,0,0.1256501972675323,dual_text_fixed_params,osmanballi/Clock_app_that_tracks_Bitcoin_and_Ethereum,0
NEG_01403,0,0,0,1703,1,0.0005316561,0,0.1256501972675323,dual_text_fixed_params,pablopoggiog/polygon-name-service,0
NEG_01404,0,0,0,1704,1,0.00074373896,0,0.1256501972675323,dual_text_fixed_params,pablwoAraujo/bitcoin-wallets,0
NEG_01405,0,0,0,1705,1,0.0033414552,0,0.1256501972675323,dual_text_fixed_params,Pallavii-dev/Crypto-Transfer-web3,0
NEG_01406,0,0,0,1706,1,0.0039006597,0,0.1256501972675323,dual_text_fixed_params,panaverse/defi-dapps-solidity-smart-contracts,0
NEG_01407,0,0,0,1707,1,0.011761548,0,0.1256501972675323,dual_text_fixed_params,pancudaniel7/solidity-nft-auction,0
NEG_01418,0,0,0,1718,1,0.0005442605,0,0.1256501972675323,dual_text_fixed_params,PaulLaux/eth-hot-wallet,0
NEG_01421,0,0,0,1721,1,0.00053602573,0,0.1256501972675323,dual_text_fixed_params,pawanpaudel93/damn-vulnerable-defi,0
NEG_01422,0,0,0,1722,1,0.0006129424,0,0.1256501972675323,dual_text_fixed_params,pawurb/Locker,0
NEG_01423,0,0,0,1723,1,0.0017739402,0,0.1256501972675323,dual_text_fixed_params,PaymagicXYZ/lensmo-fe,0
NEG_01424,0,0,0,1724,1,0.004629048,0,0.1256501972675323,dual_text_fixed_params,pbouget/AlyraSolidityVoting,0
NEG_01431,0,0,0,1731,1,0.0026668885,0,0.1256501972675323,dual_text_fixed_params,persistenceOne/persistenceWallet,0
NEG_01432,0,0,0,1732,1,0.00047738265,0,0.1256501972675323,dual_text_fixed_params,peter571/crypto-stats,0
NEG_01435,0,0,0,1735,1,0.0006481369,0,0.1256501972675323,dual_text_fixed_params,Phildo/ethbrute,0
NEG_01436,0,0,0,1736,1,0.0017096138,0,0.1256501972675323,dual_text_fixed_params,PhilipAtEmcogma/CryptoKittiesNFTDapp,0
NEG_01444,0,0,0,1744,1,0.0025950961,0,0.1256501972675323,dual_text_fixed_params,Plycedes/rps-web3,0
NEG_01454,0,0,0,1754,1,0.0044503226,0,0.1256501972675323,dual_text_fixed_params,pragmaxim-com/bitcoin-explorer,0
NEG_01456,0,0,0,1756,1,0.0008508724,0,0.1256501972675323,dual_text_fixed_params,pramaths/simplewallet,0
NEG_01457,0,0,0,1757,1,0.0025155845,0,0.1256501972675323,dual_text_fixed_params,pranah/pranah,0
NEG_01461,0,0,0,1761,1,0.0004780436,0,0.1256501972675323,dual_text_fixed_params,prateek096/OnlinePolling_Blockchain,0
NEG_01467,0,0,0,1767,1,0.0015670195,0,0.1256501972675323,dual_text_fixed_params,problo/DeFireX-Contracts-V2,0
NEG_01472,0,0,0,1772,1,0.0016165584,0,0.1256501972675323,dual_text_fixed_params,prokey-io/prokey-webcore,0
NEG_01474,0,0,0,1774,1,0.18749987,1,0.1256501972675323,dual_text_fixed_params,Promish984/IC-Pad,1
NEG_01475,0,0,0,1775,1,0.00034788367,0,0.1256501972675323,dual_text_fixed_params,protofire/autoglyphs,0
NEG_01476,0,0,0,1776,1,0.0005005455,0,0.1256501972675323,dual_text_fixed_params,provinzio/CoinTaxman,0
NEG_01480,0,0,0,1780,1,0.00084585045,0,0.1256501972675323,dual_text_fixed_params,Pymmdrza/Rich-Address-Wallet,0
NEG_01483,0,0,0,1783,1,0.00074580434,0,0.1256501972675323,dual_text_fixed_params,qianq-jims/SmartBitcoin,0
NEG_01492,0,0,0,1792,1,0.0012041585,0,0.1256501972675323,dual_text_fixed_params,quilime/evm-nft-contract-boilerplate,0
NEG_01498,0,0,0,1798,1,0.000676534,0,0.1256501972675323,dual_text_fixed_params,radixdlt/radix-dapp-toolkit,0
NEG_01502,0,0,0,1802,1,0.0014577515,0,0.1256501972675323,dual_text_fixed_params,rafafortes/nft-ticket-system-ethereum,0
NEG_01521,0,0,0,1821,1,0.002673611,0,0.1256501972675323,dual_text_fixed_params,raymondfam/defi-nft-marketplace-mumbai,0
NEG_01526,0,0,0,1826,1,0.0010286983,0,0.1256501972675323,dual_text_fixed_params,rchak007/NFTArtMuseum,0
NEG_01536,0,0,0,1836,1,0.0010578093,0,0.1256501972675323,dual_text_fixed_params,remston-dsa/remston-dsa-NFT-token-rendered-on-OpenSea-testnet-using-Brownie-IPFS-Web3-and-ERC721-standard,0
NEG_01540,0,0,0,1840,1,0.0033410774,0,0.1256501972675323,dual_text_fixed_params,repirate/asset-recovery-tool,0
NEG_01544,0,0,0,1844,1,0.00046098654,0,0.1256501972675323,dual_text_fixed_params,richard-ramos/solidity-diagram-gen,0
NEG_01549,0,0,0,1849,1,0.0016655108,0,0.1256501972675323,dual_text_fixed_params,riteesh-ram/DeFi-Group-Insurance,0
NEG_01556,0,0,0,1856,1,0.00044006732,0,0.1256501972675323,dual_text_fixed_params,robertcalvert/vscode-crypto-ticker,0
NEG_01557,0,0,0,1857,1,0.00096307154,0,0.1256501972675323,dual_text_fixed_params,robhato/FFXIV-NFT-Smart-Contract,0
NEG_01558,0,0,0,1858,1,0.0023054564,0,0.1256501972675323,dual_text_fixed_params,robin-rrt/crypto-cares,0
NEG_01567,0,0,0,1867,1,0.02976611,0,0.1256501972675323,dual_text_fixed_params,Rohitw3code/web3-solidity-python,0
NEG_01572,0,0,0,1872,1,0.0011191474,0,0.1256501972675323,dual_text_fixed_params,roxxy-lanre/Conduit,0
NEG_01578,0,0,0,1878,1,0.00041527557,0,0.1256501972675323,dual_text_fixed_params,ruqqq/blockchainparser,0
NEG_01581,0,0,0,1881,1,0.0004408363,0,0.1256501972675323,dual_text_fixed_params,rustyneuron01/NFT-Launchpad-Alkanes,0
NEG_01582,0,0,0,1882,1,0.00042383847,0,0.1256501972675323,dual_text_fixed_params,rwth-acis/las2peer-registry-contracts,0
NEG_01588,0,0,0,1888,1,0.0010889927,0,0.1256501972675323,dual_text_fixed_params,S-Amine/go-uni,0
NEG_01593,0,0,0,1893,1,0.0011899633,0,0.1256501972675323,dual_text_fixed_params,safe-fndn/safe-smart-account,0
NEG_01596,0,0,0,1896,1,0.0114537245,0,0.1256501972675323,dual_text_fixed_params,Sahiru2007/Blockchain-based-healthcare-data-system-with-disease-prediction,0
NEG_01599,0,0,0,1899,1,0.057444874,0,0.1256501972675323,dual_text_fixed_params,Samarth208P/validator0x,1
NEG_01611,0,0,0,1911,1,0.0009618588,0,0.1256501972675323,dual_text_fixed_params,SATO-Technologies/Hordes-Wallet,0
NEG_01612,0,0,0,1912,1,0.0008389969,0,0.1256501972675323,dual_text_fixed_params,SatoshiPortal/bullbitcoin-mobile,0
NEG_01615,0,0,0,1915,1,0.00070638803,0,0.1256501972675323,dual_text_fixed_params,saxenism/cryptoZombiesNFT,0
NEG_01617,0,0,0,1917,1,0.0003780767,0,0.1256501972675323,dual_text_fixed_params,SBIP-Migration/aave-migrator,0
NEG_01618,0,0,0,1918,1,0.00043290932,0,0.1256501972675323,dual_text_fixed_params,scaffold-eth/eth-components,0
NEG_01621,0,0,0,1921,1,0.00033798022,0,0.1256501972675323,dual_text_fixed_params,ScopeLift/endaoment,0
NEG_01635,0,0,0,1935,1,0.0008592067,0,0.1256501972675323,dual_text_fixed_params,setheum/setheum,0
NEG_01639,0,0,0,1939,1,0.0016789152,0,0.1256501972675323,dual_text_fixed_params,Shahroz-Hussain-Dev/Wallet,0
NEG_01645,0,0,0,1945,1,0.016516307,0,0.1256501972675323,dual_text_fixed_params,shapeshift/web,0
NEG_01655,0,0,0,1955,1,0.003823973,0,0.1256501972675323,dual_text_fixed_params,ShredSecurity/protocol-deployment-checklist,0
NEG_01656,0,0,0,1956,1,0.0008102036,0,0.1256501972675323,dual_text_fixed_params,ShrikantaMazumder/crypto-zombie,0
NEG_01660,0,0,0,1960,1,0.0006562506,0,0.1256501972675323,dual_text_fixed_params,SiddharthaBhattacharjee/Python_Script_To_Access_Deployed_Smartcontract,0
NEG_01674,0,0,0,1974,1,0.006120086,0,0.1256501972675323,dual_text_fixed_params,SkyPierIO/skypier-vpn,0
NEG_01679,0,0,0,1979,1,0.0007594969,0,0.1256501972675323,dual_text_fixed_params,smart-account-starter/smart-account-starter,0
NEG_01686,0,0,0,1986,1,0.000565405,0,0.1256501972675323,dual_text_fixed_params,smartcontractkit/defi-minimal,0
NEG_01694,0,0,0,1994,1,0.00039316274,0,0.1256501972675323,dual_text_fixed_params,solangegueiros/dapp-register,0
NEG_01696,0,0,0,1996,1,0.0206398,0,0.1256501972675323,dual_text_fixed_params,solidityDev05/defi-by-example,0
NEG_01699,0,0,0,1999,1,0.0011369977,0,0.1256501972675323,dual_text_fixed_params,Solomon-0xGuardian/solana_guessing_game,0
NEG_01701,0,0,0,2001,1,0.0006364935,0,0.1256501972675323,dual_text_fixed_params,somesh-banerjee/Hospital-Records-Blockchain,0
NEG_01711,0,0,0,2011,1,0.0006954591,0,0.1256501972675323,dual_text_fixed_params,spotlightgroup/DonateDapp,0
NEG_01713,0,0,0,2013,1,0.0028925156,0,0.1256501972675323,dual_text_fixed_params,springmacedonio-sys/Somnia-DeFi-Wallet,0
NEG_01717,0,0,0,2017,1,0.005264257,0,0.1256501972675323,dual_text_fixed_params,SSSami22/Crypto,0
NEG_01724,0,0,0,2024,1,0.0008145506,0,0.1256501972675323,dual_text_fixed_params,stellar/stellar-ledger-data-indexer,0
NEG_01728,0,0,0,2028,1,0.0005224437,0,0.1256501972675323,dual_text_fixed_params,StevenMolina22/cryptocoin,0
NEG_01729,0,0,0,2029,1,0.0011355532,0,0.1256501972675323,dual_text_fixed_params,Stor-Network/stor-blockchain,0
NEG_01732,0,0,0,2032,1,0.0012125341,0,0.1256501972675323,dual_text_fixed_params,Strykr-Prism/realtime-crypto-price-api,0
NEG_01736,0,0,0,2036,1,0.0005542992,0,0.1256501972675323,dual_text_fixed_params,Sukoed/nft-minting-engine,0
NEG_01741,0,0,0,2041,1,0.0023102018,0,0.1256501972675323,dual_text_fixed_params,Sunilshah-7/web3-blockchain-curve,0
NEG_01746,0,0,0,2046,1,0.0005287507,0,0.1256501972675323,dual_text_fixed_params,SunWeb3Sec/DeFiVulnLabs,0
NEG_01760,0,0,0,2060,1,0.0010509413,0,0.1256501972675323,dual_text_fixed_params,SwezyDev/MultiExodus,0
NEG_01763,0,0,0,2063,1,0.0025366491,0,0.1256501972675323,dual_text_fixed_params,SXNGE4444/magic-crypto-app,0
NEG_01771,0,0,0,2071,1,0.0007454448,0,0.1256501972675323,dual_text_fixed_params,Talent-Index/StableCoin-Project,0
NEG_01775,0,0,0,2075,1,0.0023758442,0,0.1256501972675323,dual_text_fixed_params,tamjid0x01/awesome-smartcontract-hacking,0
NEG_01777,0,0,0,2077,1,0.0018002412,0,0.1256501972675323,dual_text_fixed_params,tankbottoms/tiles-on-chain,0
NEG_01782,0,0,0,2082,1,0.00073734,0,0.1256501972675323,dual_text_fixed_params,taoteh1221/Slideshow_Crypto_Ticker,0
NEG_01783,0,0,0,2083,1,0.0005820079,0,0.1256501972675323,dual_text_fixed_params,tarun-upadhyay/the-matrix-labs-assignment,0
NEG_01788,0,0,0,2088,1,0.0007251443,0,0.1256501972675323,dual_text_fixed_params,teal-finance/rainbow,0
NEG_01789,0,0,0,2089,1,0.0022799075,0,0.1256501972675323,dual_text_fixed_params,teamssUTXO/bitcoin_mcp,0
NEG_01793,0,0,0,2093,1,0.0006511611,0,0.1256501972675323,dual_text_fixed_params,TegroTON/DEX-TON-contracts,0
NEG_01797,0,0,0,2097,1,0.0023170633,0,0.1256501972675323,dual_text_fixed_params,Tenosia/Wallet-Multi-SDK,0
NEG_01799,0,0,0,2099,1,0.003184796,0,0.1256501972675323,dual_text_fixed_params,tesla809/erc-20-tutorial,0
NEG_01801,0,0,0,2101,1,0.00087652606,0,0.1256501972675323,dual_text_fixed_params,Tezsure/plenty-wallet,0
NEG_01804,0,0,0,2104,1,0.0016234794,0,0.1256501972675323,dual_text_fixed_params,the-sauravkumar/icp_token_wallet,0
NEG_01808,0,0,0,2108,1,0.0018178358,0,0.1256501972675323,dual_text_fixed_params,TheDancingBananas/dancing-bananas-front-end,0
NEG_01813,0,0,0,2113,1,0.00034788367,0,0.1256501972675323,dual_text_fixed_params,thirdweb-dev/thirdweb-cli,0
NEG_01814,0,0,0,2114,1,0.00053875096,0,0.1256501972675323,dual_text_fixed_params,thisiskeanyvy/blocktracker,0
NEG_01820,0,0,0,2120,1,0.0016253315,0,0.1256501972675323,dual_text_fixed_params,timyiu478/cryptocurrencies-blockchain-technologies-stanford,0
NEG_01822,0,0,0,2122,1,0.00061902776,0,0.1256501972675323,dual_text_fixed_params,tintinweb/smart-contract-sanctuary-arbitrum,0
NEG_01839,0,0,0,2139,1,0.0006025416,0,0.1256501972675323,dual_text_fixed_params,tr1sm0s1n/go-dapp-example,0
NEG_01843,0,0,0,2143,1,0.0010551668,0,0.1256501972675323,dual_text_fixed_params,Trapesys/pandoras-box,0
NEG_01849,0,0,0,2149,1,0.0005034313,0,0.1256501972675323,dual_text_fixed_params,trustless-fund/trustless-fund,0
NEG_01853,0,0,0,2153,1,0.00096949557,0,0.1256501972675323,dual_text_fixed_params,tsauvajon/cryptoblobs,0
NEG_01858,0,0,0,2158,1,0.0012539846,0,0.1256501972675323,dual_text_fixed_params,turtlemarket/contract,0
NEG_01864,0,0,0,2164,1,0.0010602125,0,0.1256501972675323,dual_text_fixed_params,uhsr/BlockchainNftRegistryStudioPro,0
NEG_01865,0,0,0,2165,1,0.00096998573,0,0.1256501972675323,dual_text_fixed_params,uhsr/BlockchainNFTVaultManagerCorePro,0
NEG_01867,0,0,0,2167,1,0.00089478743,0,0.1256501972675323,dual_text_fixed_params,uhsr/BlockchainNFTVaultManagerPlatformX,0
NEG_01871,0,0,0,2171,1,0.015077485,0,0.1256501972675323,dual_text_fixed_params,uhsr/CryptoShieldFramework,0
NEG_01873,0,0,0,2173,1,0.00047244693,0,0.1256501972675323,dual_text_fixed_params,UMAprotocol/docs,0
NEG_01874,0,0,0,2174,1,0.0017622967,0,0.1256501972675323,dual_text_fixed_params,UMAprotocol/protocol,0
NEG_01882,0,0,0,2182,1,0.0008894281,0,0.1256501972675323,dual_text_fixed_params,uwu-labs/waifusion-site,0
NEG_01884,0,0,0,2184,1,0.0004348522,0,0.1256501972675323,dual_text_fixed_params,valamicorp/top100token-ape-bot,0
NEG_01887,0,0,0,2187,1,0.0009748622,0,0.1256501972675323,dual_text_fixed_params,VaultLayer/vaultlayer-sdk,0
NEG_01903,0,0,0,2203,1,0.0060617267,0,0.1256501972675323,dual_text_fixed_params,viaweb3/cryptocast-desktop,0
NEG_01914,0,0,0,2214,1,0.07041946,0,0.1256501972675323,dual_text_fixed_params,vishal-kr007/walletSmartContract,1
NEG_01917,0,0,0,2217,1,0.0004152459,0,0.1256501972675323,dual_text_fixed_params,Vitali-workspace/Crypto-Testnet-Faucet,0
NEG_01918,0,0,0,2218,1,0.00090303976,0,0.1256501972675323,dual_text_fixed_params,Vitalik-Hakim/antimony,0
NEG_01922,0,0,0,2222,1,0.00041527004,0,0.1256501972675323,dual_text_fixed_params,vittominacori/solidity-starter-kit,0
NEG_01927,0,0,0,2227,1,0.0016749317,0,0.1256501972675323,dual_text_fixed_params,vjgaur/bitcoin-wallet,0
NEG_01941,0,0,0,2241,1,0.004940397,0,0.1256501972675323,dual_text_fixed_params,WalletConnect/walletconnect-monorepo,0
NEG_01944,0,0,0,2244,1,0.000523341,0,0.1256501972675323,dual_text_fixed_params,WalletsTool/WalletsTool,0
NEG_01954,0,0,0,2254,1,0.0031049573,0,0.1256501972675323,dual_text_fixed_params,WeaverFi/api,0
NEG_01960,0,0,0,2260,1,0.0027384418,0,0.1256501972675323,dual_text_fixed_params,web3builder7/Diversehq,0
NEG_01974,0,0,0,2274,1,0.0011170683,0,0.1256501972675323,dual_text_fixed_params,wilhelmagren/ethereum-dev,0
NEG_01976,0,0,0,2276,1,0.0021707183,0,0.1256501972675323,dual_text_fixed_params,wilmacedo/wallet-discover-server,0
NEG_01983,0,0,0,2283,1,0.00057049945,0,0.1256501972675323,dual_text_fixed_params,wslyvh/useWeb3,0
NEG_01986,0,0,0,2286,1,0.0006075181,0,0.1256501972675323,dual_text_fixed_params,xaini-x/cross-chain-Bridge,0
NEG_01989,0,0,0,2289,1,0.0005201388,0,0.1256501972675323,dual_text_fixed_params,xavierzho/dex-sdk,0
NEG_01990,0,0,0,2290,1,0.0004684627,0,0.1256501972675323,dual_text_fixed_params,xBacked-DAO/algorand-wallet-select,0
NEG_01991,0,0,0,2291,1,0.00063120644,0,0.1256501972675323,dual_text_fixed_params,xcncncnddddd/fundme_lesson,0
NEG_01993,0,0,0,2293,1,0.0010158898,0,0.1256501972675323,dual_text_fixed_params,xerion12/Dapp-algorand,0
NEG_01994,0,0,0,2294,1,0.00081959425,0,0.1256501972675323,dual_text_fixed_params,xfolio-dao/xfolio-react-chrome,0
NEG_01996,0,0,0,2296,1,0.0033706066,0,0.1256501972675323,dual_text_fixed_params,xPOURY4/crypto-toolkit,0
NEG_01997,0,0,0,2297,1,0.0007616375,0,0.1256501972675323,dual_text_fixed_params,xqyet/BlockchainAddressSpoofer,0
NEG_02000,0,0,0,2300,1,0.0012517364,0,0.1256501972675323,dual_text_fixed_params,xueqianLu/txpress,0
NEG_02002,0,0,0,2302,1,0.0007285512,0,0.1256501972675323,dual_text_fixed_params,xyzerobtc/BitcoinPizzaNFT,0
NEG_02009,0,0,0,2309,1,0.00070871843,0,0.1256501972675323,dual_text_fixed_params,yao-tx/CryptoZombies,0
NEG_02013,0,0,0,2313,1,0.004431861,0,0.1256501972675323,dual_text_fixed_params,yatharth1444/Token-Wallet-on-ICP-Blockchain,0
NEG_02015,0,0,0,2315,1,0.0006061017,0,0.1256501972675323,dual_text_fixed_params,yeasy/blockchain_guide,0
NEG_02018,0,0,0,2318,1,0.014849655,0,0.1256501972675323,dual_text_fixed_params,YieldHabitat/YieldHabitat_,0
NEG_02024,0,0,0,2324,1,0.00061008625,0,0.1256501972675323,dual_text_fixed_params,YordanPavlov/BlockchainRoulette,0
NEG_02034,0,0,0,2334,1,0.0045110043,0,0.1256501972675323,dual_text_fixed_params,Zaid-maker/web3-nft-game,0
NEG_02037,0,0,0,2337,1,0.002475669,0,0.1256501972675323,dual_text_fixed_params,zenhuzaini/node-js-blockchain-bitcoin,0
NEG_02045,0,0,0,2345,1,0.0013074346,0,0.1256501972675323,dual_text_fixed_params,zircuit-labs/web3-telegram-mini-app,0
NEG_02046,0,0,0,2346,1,0.022845184,0,0.1256501972675323,dual_text_fixed_params,ZIYUT/nft-wallet-frontend,0
NEG_02049,0,0,0,2349,1,0.0009343561,0,0.1256501972675323,dual_text_fixed_params,Zodomo/OrdinalDucks,0
F5_ai_media_demo,1,1,0,13,2,0.34210768,1,0.1256501972675323,dual_text_fixed_params,eferos93/test4,1
F5_ai_media_demo,1,1,0,27,2,0.08081364,0,0.1256501972675323,dual_text_fixed_params,Metaldadisbad/HacxGPT,1
F5_ai_media_demo,1,1,0,33,2,0.23168063,1,0.1256501972675323,dual_text_fixed_params,rizvejoarder/SoraMax,1
F5_ai_media_demo,1,1,0,34,2,0.32064322,1,0.1256501972675323,dual_text_fixed_params,shivas1432/sora2-watermark-remover,1
F5_ai_media_demo,1,0,1,244,2,0.34210768,1,0.1256501972675323,dual_text_fixed_params,eferos93/takehome-test4,1
F5_ai_media_demo,1,0,1,245,2,0.079504825,0,0.1256501972675323,dual_text_fixed_params,Metaldadisba/HacxGPT,1
F5_ai_media_demo,1,0,1,246,2,0.23168063,1,0.1256501972675323,dual_text_fixed_params,rizvejoarder9/SoraMax,1
F5_ai_media_demo,1,0,1,247,2,0.3149235,1,0.1256501972675323,dual_text_fixed_params,shivas1432p/sora2-watermark-remover,1
F5_ai_media_demo,1,0,1,248,2,0.34611407,1,0.1256501972675323,dual_text_fixed_params,eferos932/takehome-test4,1
F5_ai_media_demo,1,0,1,249,2,0.08081364,0,0.1256501972675323,dual_text_fixed_params,Metaldadisbad2/HacxGPT,1
F5_ai_media_demo,1,0,1,250,2,0.24472056,1,0.1256501972675323,dual_text_fixed_params,rizvejoarder4/SoraMax,1
F5_ai_media_demo,1,0,1,251,2,0.31905392,1,0.1256501972675323,dual_text_fixed_params,shivas14322/sora2-watermark-remover,1
F5_ai_media_demo,1,0,1,252,2,0.34210768,1,0.1256501972675323,dual_text_fixed_params,eferos9/takehome-test4,1
F5_ai_media_demo,1,0,1,253,2,0.08081364,0,0.1256501972675323,dual_text_fixed_params,Metaldadisba2/HacxGPT,1
F5_ai_media_demo,1,0,1,254,2,0.23168063,1,0.1256501972675323,dual_text_fixed_params,rizvejoardern/SoraMax,1
F5_ai_media_demo,1,0,1,255,2,0.30019274,1,0.1256501972675323,dual_text_fixed_params,shivas143/sora2-watermark-remover,1
F5_ai_media_demo,1,0,1,256,2,0.34210768,1,0.1256501972675323,dual_text_fixed_params,eferos932/test4,1
F5_ai_media_demo,1,0,1,257,2,0.079504825,0,0.1256501972675323,dual_text_fixed_params,Metaldadisbad3/HacxGPT,1
F5_ai_media_demo,1,0,1,258,2,0.24772392,1,0.1256501972675323,dual_text_fixed_params,rizvejoarder2/SoraMax,1
F5_ai_media_demo,1,0,1,259,2,0.32064322,1,0.1256501972675323,dual_text_fixed_params,shivas1433/sora2-watermark-remover,1
F5_ai_media_demo,1,0,1,260,2,0.34210768,1,0.1256501972675323,dual_text_fixed_params,eferos92/takehome-test4,1
F5_ai_media_demo,1,0,1,261,2,0.08081364,0,0.1256501972675323,dual_text_fixed_params,Metaldadisbadd/HacxGPT,1
F5_ai_media_demo,1,0,1,262,2,0.23168063,1,0.1256501972675323,dual_text_fixed_params,rizvejoarder22/SoraMax,1
F5_ai_media_demo,1,0,1,263,2,0.29073003,1,0.1256501972675323,dual_text_fixed_params,shivas1432o/sora2-watermark-remover,1
F5_ai_media_demo,1,0,1,264,2,0.34611407,1,0.1256501972675323,dual_text_fixed_params,eferos94/takehome-test4,1
F5_ai_media_demo,1,0,1,265,2,0.08268743,0,0.1256501972675323,dual_text_fixed_params,Metaldadisbad4/HacxGPT,1
F5_ai_media_demo,1,0,1,266,2,0.24472056,1,0.1256501972675323,dual_text_fixed_params,rizvejoarder3/SoraMax,1
F5_ai_media_demo,1,0,1,267,2,0.30068156,1,0.1256501972675323,dual_text_fixed_params,shivas14323/sora2-watermark-remover,1
F5_ai_media_demo,1,0,1,268,2,0.34210768,1,0.1256501972675323,dual_text_fixed_params,eferos95/takehome-test4,1
F5_ai_media_demo,1,0,1,269,2,0.079504825,0,0.1256501972675323,dual_text_fixed_params,Metaldadisba3/HacxGPT,1
F5_ai_media_demo,1,0,1,270,2,0.24472056,1,0.1256501972675323,dual_text_fixed_params,rizvejoarder6/SoraMax,1
F5_ai_media_demo,1,0,1,271,2,0.30068156,1,0.1256501972675323,dual_text_fixed_params,shivas1434/sora2-watermark-remover,1
F5_ai_media_demo,1,0,1,272,2,0.35178506,1,0.1256501972675323,dual_text_fixed_params,eferos93d/test4,1
F5_ai_media_demo,1,0,1,273,2,0.08081364,0,0.1256501972675323,dual_text_fixed_params,Metaldadisbad5/HacxGPT,1
F5_ai_media_demo,1,0,1,274,2,0.23168063,1,0.1256501972675323,dual_text_fixed_params,rizvejoarde/SoraMax,1
F5_ai_media_demo,1,0,1,275,2,0.32064322,1,0.1256501972675323,dual_text_fixed_params,shivas14324/sora2-watermark-remover,1
F5_ai_media_demo,1,0,1,276,2,0.34210768,1,0.1256501972675323,dual_text_fixed_params,eferos935/takehome-test4,1
F5_ai_media_demo,1,0,1,277,2,0.08081364,0,0.1256501972675323,dual_text_fixed_params,Metaldadisbadt/HacxGPT,1
F5_ai_media_demo,1,0,1,278,2,0.23168063,1,0.1256501972675323,dual_text_fixed_params,rizvejoarder5/SoraMax,1
F5_ai_media_demo,1,0,1,279,2,0.2962003,1,0.1256501972675323,dual_text_fixed_params,shivas1435/sora2-watermark-remover,1
F5_ai_media_demo,1,0,1,280,2,0.35178506,1,0.1256501972675323,dual_text_fixed_params,eferos93a/test4,1
F5_ai_media_demo,1,0,1,281,2,0.08135095,0,0.1256501972675323,dual_text_fixed_params,Metaldadisbad6/HacxGPT,1
F5_ai_media_demo,1,0,1,282,2,0.23168063,1,0.1256501972675323,dual_text_fixed_params,rizvejoarderr/SoraMax,1
F5_ai_media_demo,1,0,1,283,2,0.29073003,1,0.1256501972675323,dual_text_fixed_params,shivas1432s/sora2-watermark-remover,1
F5_ai_media_demo,1,0,1,284,2,0.34210768,1,0.1256501972675323,dual_text_fixed_params,eferos93e/test4,1
F5_ai_media_demo,1,0,1,285,2,0.08081364,0,0.1256501972675323,dual_text_fixed_params,Metaldadisbadg/HacxGPT,1
F5_ai_media_demo,1,0,1,286,2,0.23168063,1,0.1256501972675323,dual_text_fixed_params,rizvejoardern2/SoraMax,1
F5_ai_media_demo,1,0,1,287,2,0.32481304,1,0.1256501972675323,dual_text_fixed_params,shivas14321/sora2-watermark-remover,1
F5_ai_media_demo,1,0,1,288,2,0.34611407,1,0.1256501972675323,dual_text_fixed_params,eferos93z/takehome-test4,1
F5_ai_media_demo,1,0,1,289,2,0.079504825,0,0.1256501972675323,dual_text_fixed_params,Metaldadisbad62/HacxGPT,1
F5_ai_media_demo,1,0,1,290,2,0.23168063,1,0.1256501972675323,dual_text_fixed_params,rizvejoarderv/SoraMax,1
F5_ai_media_demo,1,0,1,291,2,0.32064322,1,0.1256501972675323,dual_text_fixed_params,shivas14327/sora2-watermark-remover,1
F5_ai_media_demo,1,0,1,292,2,0.34611407,1,0.1256501972675323,dual_text_fixed_params,eferos93p/takehome-test4,1
F5_ai_media_demo,1,0,1,293,2,0.08081364,0,0.1256501972675323,dual_text_fixed_params,Metaldadisbadx/HacxGPT,1
F5_ai_media_demo,1,0,1,294,2,0.23457368,1,0.1256501972675323,dual_text_fixed_params,rizvejoarde2/SoraMax,1
F5_ai_media_demo,1,0,1,295,2,0.30019274,1,0.1256501972675323,dual_text_fixed_params,shivas14325/sora2-watermark-remover,1
F5_ai_media_demo,1,0,1,296,2,0.34611407,1,0.1256501972675323,dual_text_fixed_params,eferos93r/test4,1
F5_ai_media_demo,1,0,1,297,2,0.08081364,0,0.1256501972675323,dual_text_fixed_params,Metaldadisbad7/HacxGPT,1
F5_ai_media_demo,1,0,1,298,2,0.23168063,1,0.1256501972675323,dual_text_fixed_params,rizvejoarder7/SoraMax,1
F5_ai_media_demo,1,0,1,299,2,0.32064322,1,0.1256501972675323,dual_text_fixed_params,shivas1432a/sora2-watermark-remover,1
NEG_00002,0,0,0,302,2,0.0007301818,0,0.1256501972675323,dual_text_fixed_params,0ryX/Blockchain-Miner,0
NEG_00006,0,0,0,306,2,0.013400166,0,0.1256501972675323,dual_text_fixed_params,0xalberto/solana-crash-game,0
NEG_00015,0,0,0,315,2,0.009131119,0,0.1256501972675323,dual_text_fixed_params,0xGval/evm-mcp-tools,0
NEG_00018,0,0,0,318,2,0.0011499379,0,0.1256501972675323,dual_text_fixed_params,0xisk/awesome-solidity-security,0
NEG_00031,0,0,0,331,2,0.0003956131,0,0.1256501972675323,dual_text_fixed_params,0xTijan/coin-flip,0
NEG_00043,0,0,0,343,2,0.0034605097,0,0.1256501972675323,dual_text_fixed_params,339-Labs/wallet-platform-mpc-go,0
NEG_00048,0,0,0,348,2,0.00065164384,0,0.1256501972675323,dual_text_fixed_params,94929/rock-paper-scissors,0
NEG_00051,0,0,0,351,2,0.00053624646,0,0.1256501972675323,dual_text_fixed_params,a6b8/ascii-to-svg-generator-for-ruby,0
NEG_00054,0,0,0,354,2,0.0005503506,0,0.1256501972675323,dual_text_fixed_params,aarambh-darshan/mini-blockchain,0
NEG_00058,0,0,0,358,2,0.0029311406,0,0.1256501972675323,dual_text_fixed_params,aawp-ai/aawp,0
NEG_00071,0,0,0,371,2,0.00088400225,0,0.1256501972675323,dual_text_fixed_params,ada173/solidity-template,0
NEG_00072,0,0,0,372,2,0.02652502,0,0.1256501972675323,dual_text_fixed_params,adam-art/SOLANA-PROJECT-v1.0,0
NEG_00081,0,0,0,381,2,0.014154376,0,0.1256501972675323,dual_text_fixed_params,adityajkate/crypto-risk,0
NEG_00083,0,0,0,383,2,0.0013907254,0,0.1256501972675323,dual_text_fixed_params,adrianhajdin/project_crowdfunding,0
NEG_00084,0,0,0,384,2,0.0015254675,0,0.1256501972675323,dual_text_fixed_params,adrianhajdin/project_web3.0,0
NEG_00086,0,0,0,386,2,0.00034707304,0,0.1256501972675323,dual_text_fixed_params,adrianmcli/eth95,0
NEG_00101,0,0,0,401,2,0.004924244,0,0.1256501972675323,dual_text_fixed_params,aggel008/defi-signal,0
NEG_00107,0,0,0,407,2,0.00065506954,0,0.1256501972675323,dual_text_fixed_params,ahmedali8/hardhat-ts-template,0
NEG_00113,0,0,0,413,2,0.0019201749,0,0.1256501972675323,dual_text_fixed_params,aidevrelagent/nama-repo-lowercase-dengan-dash-v2,0
NEG_00118,0,0,0,418,2,0.0005089178,0,0.1256501972675323,dual_text_fixed_params,ajaysaini-sgvu/cryptocurrency-api,0
NEG_00141,0,0,0,441,2,0.0007977035,0,0.1256501972675323,dual_text_fixed_params,alexharrod/cryptozombies,0
NEG_00147,0,0,0,447,2,0.0010400183,0,0.1256501972675323,dual_text_fixed_params,alice-si/contracts,0
NEG_00148,0,0,0,448,2,0.023806693,0,0.1256501972675323,dual_text_fixed_params,aliezzahn/crypto-chart,0
NEG_00155,0,0,0,455,2,0.018750267,0,0.1256501972675323,dual_text_fixed_params,AllanOtieno254/SmartContractVendingMachine,0
NEG_00170,0,0,0,470,2,0.00071608427,0,0.1256501972675323,dual_text_fixed_params,amurto/cryptoludo,0
NEG_00174,0,0,0,474,2,0.0006474603,0,0.1256501972675323,dual_text_fixed_params,andrarwes/BlockChainApp,0
NEG_00177,0,0,0,477,2,0.0008508453,0,0.1256501972675323,dual_text_fixed_params,andrejrakic/Pied-Piper-DeFi-App-Subspace-Demo-,0
NEG_00179,0,0,0,479,2,0.0025577522,0,0.1256501972675323,dual_text_fixed_params,andycapaldo/hello-blockchain,0
NEG_00181,0,0,0,481,2,0.00051475933,0,0.1256501972675323,dual_text_fixed_params,Aniket-Engg/sol-profiler-vscode,0
NEG_00182,0,0,0,482,2,0.003001642,0,0.1256501972675323,dual_text_fixed_params,ankitaryan404/nft-marketplace,0
NEG_00184,0,0,0,484,2,0.01511039,0,0.1256501972675323,dual_text_fixed_params,annasudol/multi-signature-wallet,0
NEG_00192,0,0,0,492,2,0.00104049,0,0.1256501972675323,dual_text_fixed_params,Anugo1/Attest-Nft,0
NEG_00198,0,0,0,498,2,0.0007482793,0,0.1256501972675323,dual_text_fixed_params,apeboard/pools,0
NEG_00199,0,0,0,499,2,0.00034269178,0,0.1256501972675323,dual_text_fixed_params,Aperture-Finance/Aperture-Lens,0
NEG_00208,0,0,0,508,2,0.0010765468,0,0.1256501972675323,dual_text_fixed_params,aranair/pine,0
NEG_00214,0,0,0,514,2,0.0036954014,0,0.1256501972675323,dual_text_fixed_params,armorwallet/armor-crypto-mcp,0
NEG_00221,0,0,0,521,2,0.00036677465,0,0.1256501972675323,dual_text_fixed_params,artem-bayandin/blockchain-samples,0
NEG_00222,0,0,0,522,2,0.0013837432,0,0.1256501972675323,dual_text_fixed_params,arthur-reedy460y/web3cha,0
NEG_00226,0,0,0,526,2,0.004054049,0,0.1256501972675323,dual_text_fixed_params,artimonist/artimonist-cli,0
NEG_00236,0,0,0,536,2,0.0009129733,0,0.1256501972675323,dual_text_fixed_params,ASPPIBRA-DAO/DIGITAL_WORLD_REAL_ESTATE_MARKET,0
NEG_00240,0,0,0,540,2,0.0008527413,0,0.1256501972675323,dual_text_fixed_params,attestate/kiwistand,0
NEG_00243,0,0,0,543,2,0.0004229949,0,0.1256501972675323,dual_text_fixed_params,austintgriffith/burner-wallet,0
NEG_00244,0,0,0,544,2,0.00094573706,0,0.1256501972675323,dual_text_fixed_params,Autosaida/DeFiHackAnalysis,0
NEG_00250,0,0,0,550,2,0.0022370557,0,0.1256501972675323,dual_text_fixed_params,AymaanPathan/ClauseAI,0
NEG_00259,0,0,0,559,2,0.0010551136,0,0.1256501972675323,dual_text_fixed_params,BadakalaYashwanth/Web-3Cryptocurrency-Wallet-Generator-Blockchain,0
NEG_00261,0,0,0,561,2,0.0067862123,0,0.1256501972675323,dual_text_fixed_params,balancer/balancer-v2-monorepo,0
NEG_00265,0,0,0,565,2,0.0806882,0,0.1256501972675323,dual_text_fixed_params,Bananapus/nana-fee-project-deployer,1
NEG_00271,0,0,0,571,2,0.0004621569,0,0.1256501972675323,dual_text_fixed_params,batteringram-dev/Web3,0
NEG_00272,0,0,0,572,2,0.0018863939,0,0.1256501972675323,dual_text_fixed_params,bavix/laravel-wallet,0
NEG_00273,0,0,0,573,2,0.016616631,0,0.1256501972675323,dual_text_fixed_params,bc1plainview/opnet-builder,0
NEG_00274,0,0,0,574,2,0.0018388369,0,0.1256501972675323,dual_text_fixed_params,bchainexpt/Blockchain-wallet-andorid-app,0
NEG_00277,0,0,0,577,2,0.0034696434,0,0.1256501972675323,dual_text_fixed_params,BeanstalkFarms/Beanstalk,0
NEG_00285,0,0,0,585,2,0.001178791,0,0.1256501972675323,dual_text_fixed_params,BertrandConxy/Lottery,0
NEG_00286,0,0,0,586,2,0.0038813634,0,0.1256501972675323,dual_text_fixed_params,BeTechnologyCo/zkevm-boilerplate,0
NEG_00287,0,0,0,587,2,0.00090591813,0,0.1256501972675323,dual_text_fixed_params,bevry-archive/emailtowallet,0
NEG_00292,0,0,0,592,2,0.003163581,0,0.1256501972675323,dual_text_fixed_params,BibliothecaDAO/realms-react,0
NEG_00308,0,0,0,608,2,0.0014206208,0,0.1256501972675323,dual_text_fixed_params,bitquery/explorer,0
NEG_00309,0,0,0,609,2,0.0027307123,0,0.1256501972675323,dual_text_fixed_params,bjboss007/flask-web3-solidity,0
NEG_00310,0,0,0,610,2,0.00034624882,0,0.1256501972675323,dual_text_fixed_params,bkrem/react-nft-gallery,0
NEG_00311,0,0,0,611,2,0.00073432125,0,0.1256501972675323,dual_text_fixed_params,blackalbino01/epic-nfts-ui,0
NEG_00312,0,0,0,612,2,0.0017676488,0,0.1256501972675323,dual_text_fixed_params,BlackPeter13/LightningTipBot,0
NEG_00326,0,0,0,626,2,0.0026739722,0,0.1256501972675323,dual_text_fixed_params,bloomwalletio/bloom,0
NEG_00327,0,0,0,627,2,0.0028193896,0,0.1256501972675323,dual_text_fixed_params,Blueforce99/web3-bubble-portfolio,0
NEG_00329,0,0,0,629,2,0.0010663784,0,0.1256501972675323,dual_text_fixed_params,bluewhale-protocol/bluewhale-trust,0
NEG_00332,0,0,0,632,2,0.0004004868,0,0.1256501972675323,dual_text_fixed_params,bomzj/newbits,0
NEG_00334,0,0,0,634,2,0.00065496657,0,0.1256501972675323,dual_text_fixed_params,bostonlink/blockexplorer,0
NEG_00339,0,0,0,639,2,0.00081039587,0,0.1256501972675323,dual_text_fixed_params,BraisCabo/Decentralized-Crypto-Casino,0
NEG_00341,0,0,0,641,2,0.0005220869,0,0.1256501972675323,dual_text_fixed_params,brendansiraky/solidity-nft-mint-contract,0
NEG_00346,0,0,0,646,2,0.0011006717,0,0.1256501972675323,dual_text_fixed_params,btcltceth/crypto_explorer,0
NEG_00358,0,0,0,658,2,0.0008819019,0,0.1256501972675323,dual_text_fixed_params,c-bruce/SharedWallet,0
NEG_00360,0,0,0,660,2,0.008674063,0,0.1256501972675323,dual_text_fixed_params,caiovicentino/debank-mcp-server,0
NEG_00363,0,0,0,663,2,0.0023147827,0,0.1256501972675323,dual_text_fixed_params,calintzy/evmscope,0
NEG_00365,0,0,0,665,2,0.00039550918,0,0.1256501972675323,dual_text_fixed_params,canyon-network/canyon,0
NEG_00370,0,0,0,670,2,0.001736159,0,0.1256501972675323,dual_text_fixed_params,carmenbickel/NFT-Collection,0
NEG_00371,0,0,0,671,2,0.009850391,0,0.1256501972675323,dual_text_fixed_params,CateryaTech/tradeforge,0
NEG_00376,0,0,0,676,2,0.00075321144,0,0.1256501972675323,dual_text_fixed_params,Certora/CertoraProver,0
NEG_00380,0,0,0,680,2,0.013140012,0,0.1256501972675323,dual_text_fixed_params,ChainInsighter/Ondo-Flux-Finance,0
NEG_00398,0,0,0,698,2,0.040204357,0,0.1256501972675323,dual_text_fixed_params,chmajidnaeem/blockchain-bitcoin,1
NEG_00405,0,0,0,705,2,0.0007228801,0,0.1256501972675323,dual_text_fixed_params,citadelgrad/crypto-commando,0
NEG_00408,0,0,0,708,2,0.0033466155,0,0.1256501972675323,dual_text_fixed_params,classicshi/web3-decoder,0
NEG_00413,0,0,0,713,2,0.00097095896,0,0.1256501972675323,dual_text_fixed_params,cmandar24/Ethereum-Private-Key-Generator,0
NEG_00415,0,0,0,715,2,0.0064688693,0,0.1256501972675323,dual_text_fixed_params,coccoinomane/crabada.py,0
NEG_00423,0,0,0,723,2,0.0007477928,0,0.1256501972675323,dual_text_fixed_params,codeVirtuoso21/NFT-marketplace-cryptoBoys,0
NEG_00425,0,0,0,725,2,0.0006064227,0,0.1256501972675323,dual_text_fixed_params,codex-protocol/service.eel,0
NEG_00426,0,0,0,726,2,0.00928961,0,0.1256501972675323,dual_text_fixed_params,CODEX108/FINAL-BLOCKSPIRIT,0
NEG_00428,0,0,0,728,2,0.00086630124,0,0.1256501972675323,dual_text_fixed_params,coin-worx/ethereum-voting-demo,0
NEG_00430,0,0,0,730,2,0.0005452109,0,0.1256501972675323,dual_text_fixed_params,coinbase/coinbase-wallet-sdk,0
NEG_00435,0,0,0,735,2,0.00033297105,0,0.1256501972675323,dual_text_fixed_params,coming-chat/wallet-SDK,0
NEG_00436,0,0,0,736,2,0.0004802544,0,0.1256501972675323,dual_text_fixed_params,compound-finance/palisade,0
NEG_00439,0,0,0,739,2,0.0004713478,0,0.1256501972675323,dual_text_fixed_params,ConsenSys-archive/vscode-ext,0
NEG_00442,0,0,0,742,2,0.0006555817,0,0.1256501972675323,dual_text_fixed_params,ConsenSysMesh/live-libs,0
NEG_00445,0,0,0,745,2,0.0006040855,0,0.1256501972675323,dual_text_fixed_params,ConstanzaOriana/RealEstate_dApp,0
NEG_00451,0,0,0,751,2,0.0015783635,0,0.1256501972675323,dual_text_fixed_params,courtney-haley/SUPERIO-DeFi-Yield-Farm,0
NEG_00457,0,0,0,757,2,0.0068631307,0,0.1256501972675323,dual_text_fixed_params,crcristian97/solidity-nft-contract,0
NEG_00462,0,0,0,762,2,0.0013430939,0,0.1256501972675323,dual_text_fixed_params,crpdev/decentralised-ebay,0
NEG_00465,0,0,0,765,2,0.0006731876,0,0.1256501972675323,dual_text_fixed_params,crypto-crawler/crypto-ohlcv,0
NEG_00468,0,0,0,768,2,0.0026727468,0,0.1256501972675323,dual_text_fixed_params,crypto1014/NFT-marketplace,0
NEG_00481,0,0,0,781,2,0.004783306,0,0.1256501972675323,dual_text_fixed_params,Cryptorubic/multi-proxy-rubic,0
NEG_00482,0,0,0,782,2,0.0015193934,0,0.1256501972675323,dual_text_fixed_params,cryptosguru/nft_terra_cosmwasm,0
NEG_00486,0,0,0,786,2,0.0041378685,0,0.1256501972675323,dual_text_fixed_params,cunarist/solie,0
NEG_00490,0,0,0,790,2,0.0014892217,0,0.1256501972675323,dual_text_fixed_params,cypherium/uniswap-interface-cypherium,0
NEG_00493,0,0,0,793,2,0.0003354291,0,0.1256501972675323,dual_text_fixed_params,czhc/bookmarks,0
NEG_00495,0,0,0,795,2,0.00071417674,0,0.1256501972675323,dual_text_fixed_params,D-Y-So/Blockchain_Project,0
NEG_00497,0,0,0,797,2,0.37078127,1,0.1256501972675323,dual_text_fixed_params,Dadel-1/Polymarket-CopyTrading,1
NEG_00500,0,0,0,800,2,0.0014134685,0,0.1256501972675323,dual_text_fixed_params,Daltonic/dappCinemasX,0
NEG_00505,0,0,0,805,2,0.000621024,0,0.1256501972675323,dual_text_fixed_params,danieltantonio/SharedWallet_Solidity,0
NEG_00506,0,0,0,806,2,0.0007181365,0,0.1256501972675323,dual_text_fixed_params,danielwpz/nft-linkdrop,0
NEG_00513,0,0,0,813,2,0.00068919105,0,0.1256501972675323,dual_text_fixed_params,dappforce/polkaverse,0
NEG_00518,0,0,0,818,2,0.00055979844,0,0.1256501972675323,dual_text_fixed_params,dappuniversity/hd_wallet,0
NEG_00522,0,0,0,822,2,0.0018606732,0,0.1256501972675323,dual_text_fixed_params,darkgrovelabs/sec3hub,0
NEG_00526,0,0,0,826,2,0.0012827476,0,0.1256501972675323,dual_text_fixed_params,daulathussain/nfts-api-starter-file,0
NEG_00527,0,0,0,827,2,0.0006952927,0,0.1256501972675323,dual_text_fixed_params,davdotsol/react-and-web3-demo-app,0
NEG_00528,0,0,0,828,2,0.0009498843,0,0.1256501972675323,dual_text_fixed_params,davdotsol/uniswap-v2-defi-app,0
NEG_00535,0,0,0,835,2,0.0024759986,0,0.1256501972675323,dual_text_fixed_params,DeCleanup-Network/contracts-evm,0
NEG_00551,0,0,0,851,2,0.009213408,0,0.1256501972675323,dual_text_fixed_params,DemocracyEarth/wallet,0
NEG_00552,0,0,0,852,2,0.0014279778,0,0.1256501972675323,dual_text_fixed_params,Denis345/blockchain-automation-tool,0
NEG_00557,0,0,0,857,2,0.00043642713,0,0.1256501972675323,dual_text_fixed_params,DePayFi/depay-claimable-nft-airdrops,0
NEG_00560,0,0,0,860,2,0.0018825558,0,0.1256501972675323,dual_text_fixed_params,desbenn/defi-arbitrage,0
NEG_00566,0,0,0,866,2,0.0014401514,0,0.1256501972675323,dual_text_fixed_params,DevAyomi/Smart-Wallet-,0
NEG_00575,0,0,0,875,2,0.052866966,0,0.1256501972675323,dual_text_fixed_params,Dharma256/solidity-multisig-wallet-56,1
NEG_00579,0,0,0,879,2,0.0027152346,0,0.1256501972675323,dual_text_fixed_params,dhiraj0911/bitcoin-wallet,0
NEG_00585,0,0,0,885,2,0.00054329203,0,0.1256501972675323,dual_text_fixed_params,DimarcoKevin/CryptoZombies,0
NEG_00588,0,0,0,888,2,0.0021247508,0,0.1256501972675323,dual_text_fixed_params,diorwave/solana-blockchain-development,0
NEG_00589,0,0,0,889,2,0.00041233088,0,0.1256501972675323,dual_text_fixed_params,distbit0/coinStats,0
NEG_00590,0,0,0,890,2,0.3132796,1,0.1256501972675323,dual_text_fixed_params,DixDev1621/BLOCKCHAIN-DeFi-Router,1
NEG_00591,0,0,0,891,2,0.0016060149,0,0.1256501972675323,dual_text_fixed_params,DjibrilM/strike-wallet,0
NEG_00598,0,0,0,898,2,0.002355037,0,0.1256501972675323,dual_text_fixed_params,dojimanetwork/web3fy-go,0
NEG_00599,0,0,0,899,2,0.0005909092,0,0.1256501972675323,dual_text_fixed_params,domechn/track3,0
NEG_00601,0,0,0,901,2,0.0010103134,0,0.1256501972675323,dual_text_fixed_params,donnywin85/defi-yield-aggregator,0
NEG_00609,0,0,0,909,2,0.0012708458,0,0.1256501972675323,dual_text_fixed_params,DrLinuxOfficial/CryptoWallet-Cracker,0
NEG_00610,0,0,0,910,2,0.00126449,0,0.1256501972675323,dual_text_fixed_params,drpcorg/dshackle,0
NEG_00617,0,0,0,917,2,0.0044342177,0,0.1256501972675323,dual_text_fixed_params,dvvrtmshra/StellarPay,0
NEG_00618,0,0,0,918,2,0.0006905724,0,0.1256501972675323,dual_text_fixed_params,dydxprotocol/protocol_v1,0
NEG_00619,0,0,0,919,2,0.0007133642,0,0.1256501972675323,dual_text_fixed_params,Dyslex7c/DefiYieldOptimizer,0
NEG_00620,0,0,0,920,2,0.00053336966,0,0.1256501972675323,dual_text_fixed_params,ebellocchia/erc20_splitter,0
NEG_00628,0,0,0,928,2,0.0062990673,0,0.1256501972675323,dual_text_fixed_params,el-noir/MedicAi,0
NEG_00629,0,0,0,929,2,0.0047631725,0,0.1256501972675323,dual_text_fixed_params,eldorado-Coder/NFT-marketplace-smart-contract,0
NEG_00631,0,0,0,931,2,0.0034496412,0,0.1256501972675323,dual_text_fixed_params,Elmanilov/CastClaim,0
NEG_00643,0,0,0,943,2,0.0025621732,0,0.1256501972675323,dual_text_fixed_params,Emmanuel-213/MyFirstSmartContract,0
NEG_00651,0,0,0,951,2,0.0027366532,0,0.1256501972675323,dual_text_fixed_params,Enricrypto/arb-wave-flashloans-arbitrage,0
NEG_00660,0,0,0,960,2,0.0040266486,0,0.1256501972675323,dual_text_fixed_params,ERC4626-Alliance/sup-web-4626,0
NEG_00669,0,0,0,969,2,0.00034706428,0,0.1256501972675323,dual_text_fixed_params,EthereumCommonwealth/Auditing,0
NEG_00674,0,0,0,974,2,0.000499888,0,0.1256501972675323,dual_text_fixed_params,EtherTW/LogoVote2017,0
NEG_00677,0,0,0,977,2,0.00095195643,0,0.1256501972675323,dual_text_fixed_params,Ev3rlasting/Sui-Vanity-Wallet-Generator,0
NEG_00678,0,0,0,978,2,0.0047182417,0,0.1256501972675323,dual_text_fixed_params,everstake/wallet-sdk,0
NEG_00679,0,0,0,979,2,0.0003832708,0,0.1256501972675323,dual_text_fixed_params,everx-labs/everdev,0
NEG_00694,0,0,0,994,2,0.005085588,0,0.1256501972675323,dual_text_fixed_params,Fabischu2008/Vinechain,0
NEG_00700,0,0,0,1000,2,0.00092220824,0,0.1256501972675323,dual_text_fixed_params,faizack/Supply-Chain-Blockchain,0
NEG_00701,0,0,0,1001,2,0.0015508847,0,0.1256501972675323,dual_text_fixed_params,falila/smart-contract-interpreter,0
NEG_00706,0,0,0,1006,2,0.00047341955,0,0.1256501972675323,dual_text_fixed_params,FazioNico/meta-gotchi,0
NEG_00707,0,0,0,1007,2,0.0006553424,0,0.1256501972675323,dual_text_fixed_params,fbsobreira/gotron-sdk,0
NEG_00710,0,0,0,1010,2,0.00823134,0,0.1256501972675323,dual_text_fixed_params,fewwwww/awesome-uniswap-hooks,0
NEG_00720,0,0,0,1020,2,0.0009684519,0,0.1256501972675323,dual_text_fixed_params,flappyagent/flappy-bird-solidity-2,0
NEG_00721,0,0,0,1021,2,0.0005555051,0,0.1256501972675323,dual_text_fixed_params,flexa/collateral-manager,0
NEG_00722,0,0,0,1022,2,0.00040062962,0,0.1256501972675323,dual_text_fixed_params,floranguyen0/nft-marketplace,0
NEG_00727,0,0,0,1027,2,0.00092236773,0,0.1256501972675323,dual_text_fixed_params,forward0507/Dexordi-BE,0
NEG_00730,0,0,0,1030,2,0.0016940886,0,0.1256501972675323,dual_text_fixed_params,frankdev7/bootcamp-solidity-defi,0
NEG_00733,0,0,0,1033,2,0.00063576933,0,0.1256501972675323,dual_text_fixed_params,FredericRezeau/soroban-snooker,0
NEG_00743,0,0,0,1043,2,0.0013404691,0,0.1256501972675323,dual_text_fixed_params,fxop0218/DEFI-aave-JS-Solidity,0
NEG_00755,0,0,0,1055,2,0.0016059721,0,0.1256501972675323,dual_text_fixed_params,geraldoramos/crypto-bar,0
NEG_00756,0,0,0,1056,2,0.0005981971,0,0.1256501972675323,dual_text_fixed_params,getgems-community-tact/nft-template-editable,0
NEG_00757,0,0,0,1057,2,0.0013152994,0,0.1256501972675323,dual_text_fixed_params,getsafle/safle-identity-wallet,0
NEG_00764,0,0,0,1064,2,0.0015726082,0,0.1256501972675323,dual_text_fixed_params,gizdusum/hermes-blockchain-oracle,0
NEG_00767,0,0,0,1067,2,0.0005597942,0,0.1256501972675323,dual_text_fixed_params,glitznerf/blockchain_banking_system,0
NEG_00771,0,0,0,1071,2,0.0006761518,0,0.1256501972675323,dual_text_fixed_params,gnosis/reth-util,0
NEG_00772,0,0,0,1072,2,0.0044365926,0,0.1256501972675323,dual_text_fixed_params,gobeyondfj-cmd/cryptoagent-ai,0
NEG_00774,0,0,0,1074,2,0.007255342,0,0.1256501972675323,dual_text_fixed_params,gokcearda/OwlToken,0
NEG_00785,0,0,0,1085,2,0.015231533,0,0.1256501972675323,dual_text_fixed_params,gsachin1809/bitcoin_wallet,0
NEG_00786,0,0,0,1086,2,0.0011585073,0,0.1256501972675323,dual_text_fixed_params,gskril/mnemonic-guesser,0
NEG_00787,0,0,0,1087,2,0.0017460594,0,0.1256501972675323,dual_text_fixed_params,guider23/CryptoShare,0
NEG_00788,0,0,0,1088,2,0.0005265679,0,0.1256501972675323,dual_text_fixed_params,guillaumelauzier/rootstock-NFT,0
NEG_00792,0,0,0,1092,2,0.00032065454,0,0.1256501972675323,dual_text_fixed_params,gurnec/btcrecover,0
NEG_00802,0,0,0,1102,2,0.00065034715,0,0.1256501972675323,dual_text_fixed_params,HAECHI-LABS/vvisp,0
NEG_00806,0,0,0,1106,2,0.0005663489,0,0.1256501972675323,dual_text_fixed_params,HandyDudes/ETH-NFT-buildspace,0
NEG_00807,0,0,0,1107,2,0.0017205601,0,0.1256501972675323,dual_text_fixed_params,Hany-Almnaem/Solana-Documents-as-NFTs-in-a-wallet-Project,0
NEG_00808,0,0,0,1108,2,0.00054679037,0,0.1256501972675323,dual_text_fixed_params,hanzopgp/CryptoZombies,0
NEG_00817,0,0,0,1117,2,0.07347108,0,0.1256501972675323,dual_text_fixed_params,harshit180704/aave-credit-scoring,1
NEG_00818,0,0,0,1118,2,0.00066821434,0,0.1256501972675323,dual_text_fixed_params,Harukite/wallets-generate,0
NEG_00832,0,0,0,1132,2,0.03800101,0,0.1256501972675323,dual_text_fixed_params,hi-riddhi/AaveV2-CreditScoring,0
NEG_00834,0,0,0,1134,2,0.00055684097,0,0.1256501972675323,dual_text_fixed_params,hilalsidhic/waveportal-Web3-and-solidity,0
NEG_00836,0,0,0,1136,2,0.0017455043,0,0.1256501972675323,dual_text_fixed_params,hilmikt/Web3,0
NEG_00838,0,0,0,1138,2,0.0035235507,0,0.1256501972675323,dual_text_fixed_params,hippogriff-dev/baby-swap,0
NEG_00845,0,0,0,1145,2,0.001339771,0,0.1256501972675323,dual_text_fixed_params,HongThaiPham/plugin-u2u,0
NEG_00855,0,0,0,1155,2,0.00077068567,0,0.1256501972675323,dual_text_fixed_params,hsharshshukla/SmartContractL,0
NEG_00857,0,0,0,1157,2,0.0005604001,0,0.1256501972675323,dual_text_fixed_params,hugoclrd/clearness,0
NEG_00873,0,0,0,1173,2,0.0016264307,0,0.1256501972675323,dual_text_fixed_params,IBQ-SUP/b-rad-coin,0
NEG_00874,0,0,0,1174,2,0.0020254017,0,0.1256501972675323,dual_text_fixed_params,ibrahimjspy/defi-portfolio-tracker,0
NEG_00881,0,0,0,1181,2,0.0006688999,0,0.1256501972675323,dual_text_fixed_params,ihaveCred/OfflineSignProvider,0
NEG_00887,0,0,0,1187,2,0.0007160164,0,0.1256501972675323,dual_text_fixed_params,imfrodobaggins/metabullrage,0
NEG_00888,0,0,0,1188,2,0.0006097851,0,0.1256501972675323,dual_text_fixed_params,Imperial-Group-19/contracts,0
NEG_00892,0,0,0,1192,2,0.0018134371,0,0.1256501972675323,dual_text_fixed_params,input-output-hk/daedalus,0
NEG_00904,0,0,0,1204,2,0.00035125873,0,0.1256501972675323,dual_text_fixed_params,itstargetconfirmed/wrapped-ether,0
NEG_00907,0,0,0,1207,2,0.0013552777,0,0.1256501972675323,dual_text_fixed_params,Ivy-Apps/ivy-wallet,0
NEG_00921,0,0,0,1221,2,0.00038210538,0,0.1256501972675323,dual_text_fixed_params,Jahankohan/NFT-Marketplace,0
NEG_00922,0,0,0,1222,2,0.00042446336,0,0.1256501972675323,dual_text_fixed_params,Jahankohan/NFTWhiteListing,0
NEG_00923,0,0,0,1223,2,0.0034610953,0,0.1256501972675323,dual_text_fixed_params,Jain-Sameer/DecentralizedStableCoin,0
NEG_00925,0,0,0,1225,2,0.0005984252,0,0.1256501972675323,dual_text_fixed_params,JamBrains/jam-docs,0
NEG_00931,0,0,0,1231,2,0.0054709734,0,0.1256501972675323,dual_text_fixed_params,Janus-chan/ZkSync_Accounts,0
NEG_00932,0,0,0,1232,2,0.0058059855,0,0.1256501972675323,dual_text_fixed_params,jaoleal/chainpass,0
NEG_00938,0,0,0,1238,2,0.001957113,0,0.1256501972675323,dual_text_fixed_params,jasonjgarcia24/web3-ether-talent-pool,0
NEG_00941,0,0,0,1241,2,0.0006429039,0,0.1256501972675323,dual_text_fixed_params,javascript-pro/crypto-casino,0
NEG_00943,0,0,0,1243,2,0.0014130669,0,0.1256501972675323,dual_text_fixed_params,jay-Anonymous/CryptoLedger,0
NEG_00948,0,0,0,1248,2,0.00081112474,0,0.1256501972675323,dual_text_fixed_params,Jeff1010-web/NFT-marketplace,0
NEG_00964,0,0,0,1264,2,0.0016094967,0,0.1256501972675323,dual_text_fixed_params,jocruz/LostCatsUi,0
NEG_00965,0,0,0,1265,2,0.0015639145,0,0.1256501972675323,dual_text_fixed_params,JoeanSteinbock/crypto-price-tracker,0
NEG_00968,0,0,0,1268,2,0.0018531784,0,0.1256501972675323,dual_text_fixed_params,johnsonstephan/awesome-web3-formal-verification,0
NEG_00976,0,0,0,1276,2,0.00062417187,0,0.1256501972675323,dual_text_fixed_params,joshaustintech/ethereum-portfolio,0
NEG_00978,0,0,0,1278,2,0.007316528,0,0.1256501972675323,dual_text_fixed_params,JoshuaDevCo/defi-arb,0
NEG_00984,0,0,0,1284,2,0.0005550531,0,0.1256501972675323,dual_text_fixed_params,jualexandre/crypto-zombies,0
NEG_00985,0,0,0,1285,2,0.0011911767,0,0.1256501972675323,dual_text_fixed_params,juanemmanuelpd/NFT-Marketplace,0
NEG_00986,0,0,0,1286,2,0.0007300757,0,0.1256501972675323,dual_text_fixed_params,JuanXavier/DEX_React,0
NEG_00994,0,0,0,1294,2,0.00047406036,0,0.1256501972675323,dual_text_fixed_params,junowoz/smartContracts,0
NEG_00997,0,0,0,1297,2,0.00040930617,0,0.1256501972675323,dual_text_fixed_params,kaamil-ahamadh/web3-ico-app,0
NEG_01000,0,0,0,1300,2,0.0017138036,0,0.1256501972675323,dual_text_fixed_params,KareimGazer/Blockchain-Sim,0
NEG_01004,0,0,0,1304,2,0.025312075,0,0.1256501972675323,dual_text_fixed_params,Kartikey353/Bitcoin-WalletCmd,0
NEG_01006,0,0,0,1306,2,0.00077389064,0,0.1256501972675323,dual_text_fixed_params,KashifCh-eth/Lottery-Smart-contract,0
NEG_01007,0,0,0,1307,2,0.0014282839,0,0.1256501972675323,dual_text_fixed_params,katya201165/NFT-platform-lending,0
NEG_01013,0,0,0,1313,2,0.001654213,0,0.1256501972675323,dual_text_fixed_params,Kazopl/nft-marketplace-signatures,0
NEG_01027,0,0,0,1327,2,0.010294989,0,0.1256501972675323,dual_text_fixed_params,keshav200215/SmartBlock,0
NEG_01029,0,0,0,1329,2,0.0004927487,0,0.1256501972675323,dual_text_fixed_params,KevinSmall/blockchain3d,0
NEG_01034,0,0,0,1334,2,0.0012093132,0,0.1256501972675323,dual_text_fixed_params,khaled-305/crypto-order-book,0
NEG_01041,0,0,0,1341,2,0.00045212856,0,0.1256501972675323,dual_text_fixed_params,kingstarfly/nft_pendle,0
NEG_01047,0,0,0,1347,2,0.00039053665,0,0.1256501972675323,dual_text_fixed_params,klever-io/kos-rs,0
NEG_01054,0,0,0,1354,2,0.0032078642,0,0.1256501972675323,dual_text_fixed_params,KOSASIH/GEE-Platform,0
NEG_01061,0,0,0,1361,2,0.0011822422,0,0.1256501972675323,dual_text_fixed_params,krushangSk17/Interaction_with_SmartContract,0
NEG_01063,0,0,0,1363,2,0.0028630826,0,0.1256501972675323,dual_text_fixed_params,kshaveen13/vaulte8,0
NEG_01068,0,0,0,1368,2,0.0011778219,0,0.1256501972675323,dual_text_fixed_params,kushal-g/Bitcoin-Wallet,0
NEG_01084,0,0,0,1384,2,0.0045145475,0,0.1256501972675323,dual_text_fixed_params,layer3xyz/cubes,0
NEG_01090,0,0,0,1390,2,0.0030069863,0,0.1256501972675323,dual_text_fixed_params,lee-seokmin/BlockChainVotingSystem,0
NEG_01100,0,0,0,1400,2,0.0035747883,0,0.1256501972675323,dual_text_fixed_params,lifinance/contracts,0
NEG_01111,0,0,0,1411,2,0.00064018613,0,0.1256501972675323,dual_text_fixed_params,Logarithm-Labs/basis-mcp-server,0
NEG_01112,0,0,0,1412,2,0.00039150903,0,0.1256501972675323,dual_text_fixed_params,LondheShubham153/falcon-nft,0
NEG_01113,0,0,0,1413,2,0.00486666,0,0.1256501972675323,dual_text_fixed_params,Lopes-Marcio/chia-blockchain,0
NEG_01117,0,0,0,1417,2,0.00083804684,0,0.1256501972675323,dual_text_fixed_params,lsw6684/Ethereum,0
NEG_01118,0,0,0,1418,2,0.17855743,1,0.1256501972675323,dual_text_fixed_params,luca-nik/Blockchain_ResearchLead_Assignements,1
NEG_01120,0,0,0,1420,2,0.0006334338,0,0.1256501972675323,dual_text_fixed_params,lucaliebenberg/_cryptoKids-solidity-contract,0
NEG_01121,0,0,0,1421,2,0.0011362946,0,0.1256501972675323,dual_text_fixed_params,lucas54neves/crypto-address-generator,0
NEG_01131,0,0,0,1431,2,0.0005110031,0,0.1256501972675323,dual_text_fixed_params,madilraza/BlockChain-Vtraders.pro-Project-,0
NEG_01134,0,0,0,1434,2,0.0016449702,0,0.1256501972675323,dual_text_fixed_params,MahadISL/Web3-App----Smart-Contract,0
NEG_01146,0,0,0,1446,2,0.0010687271,0,0.1256501972675323,dual_text_fixed_params,manufy/crypto-experiments,0
NEG_01151,0,0,0,1451,2,0.0008968705,0,0.1256501972675323,dual_text_fixed_params,mariam9woecloud773/Kiichain,0
NEG_01175,0,0,0,1475,2,0.0011352634,0,0.1256501972675323,dual_text_fixed_params,mchtter/zku-web3,0
NEG_01178,0,0,0,1478,2,0.001035441,0,0.1256501972675323,dual_text_fixed_params,mehmethalis/blockchain-cryptocurrency-implementation,0
NEG_01181,0,0,0,1481,2,0.0008951332,0,0.1256501972675323,dual_text_fixed_params,mellow-finance/mellow-vaults,0
NEG_01185,0,0,0,1485,2,0.00045471825,0,0.1256501972675323,dual_text_fixed_params,merklejerk/flex-contract,0
NEG_01190,0,0,0,1490,2,0.003139802,0,0.1256501972675323,dual_text_fixed_params,messari/subgraphs,0
NEG_01193,0,0,0,1493,2,0.0009993588,0,0.1256501972675323,dual_text_fixed_params,mexak/bitcoin,0
NEG_01196,0,0,0,1496,2,0.0014368369,0,0.1256501972675323,dual_text_fixed_params,mgysel/nft-ticketing,0
NEG_01200,0,0,0,1500,2,0.0007980863,0,0.1256501972675323,dual_text_fixed_params,michael-spengler/blockchain-technologie-und-anwendungsgebiete-vorlesungsreihe,0
NEG_01202,0,0,0,1502,2,0.0017094746,0,0.1256501972675323,dual_text_fixed_params,michal3pol/tickeDapp,0
NEG_01206,0,0,0,1506,2,0.00056876126,0,0.1256501972675323,dual_text_fixed_params,mikeservices1/wallet_stealer-,0
NEG_01221,0,0,0,1521,2,0.0005837843,0,0.1256501972675323,dual_text_fixed_params,Mo-Ali98/mint-your-nft,0
NEG_01223,0,0,0,1523,2,0.0007952634,0,0.1256501972675323,dual_text_fixed_params,mogipatangan/cryptozombies-sol-101,0
NEG_01232,0,0,0,1532,2,0.0028897983,0,0.1256501972675323,dual_text_fixed_params,Monyancha/Reown-Wallet-Connect,0
NEG_01233,0,0,0,1533,2,0.00058645254,0,0.1256501972675323,dual_text_fixed_params,Mooninghnk/ethreum-wallet,0
NEG_01234,0,0,0,1534,2,0.01590325,0,0.1256501972675323,dual_text_fixed_params,moonsly/crypto-wallets,0
NEG_01235,0,0,0,1535,2,0.00052252854,0,0.1256501972675323,dual_text_fixed_params,moonstream-to/api,0
NEG_01237,0,0,0,1537,2,0.009104685,0,0.1256501972675323,dual_text_fixed_params,morpho-org/morpho-aavev3-optimizer,0
NEG_01239,0,0,0,1539,2,0.015716324,0,0.1256501972675323,dual_text_fixed_params,motorHillary/polymarket-copy-trading-bot,0
NEG_01240,0,0,0,1540,2,0.0005842586,0,0.1256501972675323,dual_text_fixed_params,Moyintech/First-nft-project,0
NEG_01242,0,0,0,1542,2,0.00038457353,0,0.1256501972675323,dual_text_fixed_params,mradkov/decentralized-dns,0
NEG_01249,0,0,0,1549,2,0.0005031092,0,0.1256501972675323,dual_text_fixed_params,mrsaad07/PropChain,0
NEG_01251,0,0,0,1551,2,0.0009997545,0,0.1256501972675323,dual_text_fixed_params,mrtnetwork/ton_dart,0
NEG_01255,0,0,0,1555,2,0.00056839787,0,0.1256501972675323,dual_text_fixed_params,mtorry225/NFT-Collection,0
NEG_01258,0,0,0,1558,2,0.0005167139,0,0.1256501972675323,dual_text_fixed_params,mujtaba1747/wave-eth-solidity,0
NEG_01259,0,0,0,1559,2,0.00057881424,0,0.1256501972675323,dual_text_fixed_params,MukeshMano19/BlockchainApp-CryptoCurrency-Exchange,0
NEG_01262,0,0,0,1562,2,0.0006438197,0,0.1256501972675323,dual_text_fixed_params,Multy-io/Multy-Android,0
NEG_01263,0,0,0,1563,2,0.00044548753,0,0.1256501972675323,dual_text_fixed_params,Multy-io/Multy-back,0
NEG_01265,0,0,0,1565,2,0.0041954634,0,0.1256501972675323,dual_text_fixed_params,museum-of-war/nft,0
NEG_01269,0,0,0,1569,2,0.0018995508,0,0.1256501972675323,dual_text_fixed_params,mx-space/kami,0
NEG_01272,0,0,0,1572,2,0.0006350599,0,0.1256501972675323,dual_text_fixed_params,MyCryptoHQ/MyCrypto,0
NEG_01273,0,0,0,1573,2,0.00037922422,0,0.1256501972675323,dual_text_fixed_params,MyEtherWallet/MyEtherWallet,0
NEG_01274,0,0,0,1574,2,0.00074316515,0,0.1256501972675323,dual_text_fixed_params,mygo-ecosystem/OSSWallet-non-custodial-crypto-wallet,0
NEG_01280,0,0,0,1580,2,0.0006111152,0,0.1256501972675323,dual_text_fixed_params,naman159/Blockchain_Cryptocurrency,0
NEG_01281,0,0,0,1581,2,0.0006971439,0,0.1256501972675323,dual_text_fixed_params,namesys-eth/istest-eth,0
NEG_01284,0,0,0,1584,2,0.01093885,0,0.1256501972675323,dual_text_fixed_params,nassirou-N/defi_crypto,0
NEG_01285,0,0,0,1585,2,0.0069940225,0,0.1256501972675323,dual_text_fixed_params,nathaniel-cmd/defi-native-nft-exchange,0
NEG_01287,0,0,0,1587,2,0.00058622763,0,0.1256501972675323,dual_text_fixed_params,nazar-pc/abundance,0
NEG_01318,0,0,0,1618,2,0.00038134443,0,0.1256501972675323,dual_text_fixed_params,nimiq/php-xpub,0
NEG_01331,0,0,0,1631,2,0.0024183702,0,0.1256501972675323,dual_text_fixed_params,nktkas/hyperliquid,0
NEG_01335,0,0,0,1635,2,0.0005870535,0,0.1256501972675323,dual_text_fixed_params,noditlabs/nodit-mcp-server,0
NEG_01338,0,0,0,1638,2,0.00055762037,0,0.1256501972675323,dual_text_fixed_params,Normalizex/1inch-api-v4,0
NEG_01345,0,0,0,1645,2,0.00073138176,0,0.1256501972675323,dual_text_fixed_params,nuts-foundation/crypto-ecies,0
NEG_01347,0,0,0,1647,2,0.00058203953,0,0.1256501972675323,dual_text_fixed_params,NyanyanKat/Crypto_Lottery_Solidity,0
NEG_01350,0,0,0,1650,2,0.0016268481,0,0.1256501972675323,dual_text_fixed_params,ocalvet/bitcoin-wallet,0
NEG_01357,0,0,0,1657,2,0.0014179426,0,0.1256501972675323,dual_text_fixed_params,ohkuku/kurypto-wallet,0
NEG_01358,0,0,0,1658,2,0.0005063759,0,0.1256501972675323,dual_text_fixed_params,oishii-pg-gohan/myCryptoZombie,0
NEG_01362,0,0,0,1662,2,0.000926557,0,0.1256501972675323,dual_text_fixed_params,okx/js-wallet-sdk,0
NEG_01366,0,0,0,1666,2,0.0045000073,0,0.1256501972675323,dual_text_fixed_params,olivermen/bitcoin-wallet-create-app,0
NEG_01375,0,0,0,1675,2,0.0005200588,0,0.1256501972675323,dual_text_fixed_params,OnGridSystems/erc20_airdrop_cli,0
NEG_01381,0,0,0,1681,2,0.020827198,0,0.1256501972675323,dual_text_fixed_params,openocean-finance/OpenOcean-API-Examples,0
NEG_01385,0,0,0,1685,2,0.0027664313,0,0.1256501972675323,dual_text_fixed_params,opiethehokie/pfp-template,0
NEG_01394,0,0,0,1694,2,0.00072103937,0,0.1256501972675323,dual_text_fixed_params,orweinberger/blockchain-dashboard,0
NEG_01401,0,0,0,1701,2,0.00079714385,0,0.1256501972675323,dual_text_fixed_params,P4-Games/VeriTrust-SmartContracts,0
NEG_01425,0,0,0,1725,2,0.0003549449,0,0.1256501972675323,dual_text_fixed_params,pcaversaccio/createx,0
NEG_01427,0,0,0,1727,2,0.00042343565,0,0.1256501972675323,dual_text_fixed_params,peace-source/bitcoin-bridge,0
NEG_01428,0,0,0,1728,2,0.0043113683,0,0.1256501972675323,dual_text_fixed_params,PeggyJV/sommelier,0
NEG_01429,0,0,0,1729,2,0.0006674554,0,0.1256501972675323,dual_text_fixed_params,pepekingbnb/pepe-contracts,0
NEG_01441,0,0,0,1741,2,0.0013604104,0,0.1256501972675323,dual_text_fixed_params,PL2134/Capstone-Project,0
NEG_01449,0,0,0,1749,2,0.0033860977,0,0.1256501972675323,dual_text_fixed_params,polkadot-js/apps,0
NEG_01450,0,0,0,1750,2,0.00062638015,0,0.1256501972675323,dual_text_fixed_params,Polkaverse/Substrate-Chain-to-deploy-Smart-Contract,0
NEG_01452,0,0,0,1752,2,0.0010468818,0,0.1256501972675323,dual_text_fixed_params,PolymathNetwork/polymath-core-deprecated,0
NEG_01453,0,0,0,1753,2,0.00037311757,0,0.1256501972675323,dual_text_fixed_params,powerpool-finance/power-oracle-contracts,0
NEG_01455,0,0,0,1755,2,0.0014272267,0,0.1256501972675323,dual_text_fixed_params,PrakyathReddy/CryptoDevs-NFT-Collection,0
NEG_01459,0,0,0,1759,2,0.0011429568,0,0.1256501972675323,dual_text_fixed_params,prashantprabhakar/p-ethereum,0
NEG_01464,0,0,0,1764,2,0.027404169,0,0.1256501972675323,dual_text_fixed_params,prental/Defiewallet.crypto,0
NEG_01465,0,0,0,1765,2,0.0004448135,0,0.1256501972675323,dual_text_fixed_params,prgblockweek/prague-blockchain-week,0
NEG_01468,0,0,0,1768,2,0.015045477,0,0.1256501972675323,dual_text_fixed_params,PROFADAM/defi-token,0
NEG_01473,0,0,0,1773,2,0.0014707687,0,0.1256501972675323,dual_text_fixed_params,PromiseGameFi/cyrrus-contract,0
NEG_01477,0,0,0,1777,2,0.0003578833,0,0.1256501972675323,dual_text_fixed_params,pubkey/eth-crypto,0
NEG_01487,0,0,0,1787,2,0.0007164358,0,0.1256501972675323,dual_text_fixed_params,quang1225/GoFox-Frontend,0
NEG_01491,0,0,0,1791,2,0.0007992751,0,0.1256501972675323,dual_text_fixed_params,Quiark/Roboth.web3,0
NEG_01494,0,0,0,1794,2,0.0019834503,0,0.1256501972675323,dual_text_fixed_params,R3D4NG3L/DebankScripts,0
NEG_01506,0,0,0,1806,2,0.00078219344,0,0.1256501972675323,dual_text_fixed_params,rainbow-me/rainbow,0
NEG_01509,0,0,0,1809,2,0.0004517249,0,0.1256501972675323,dual_text_fixed_params,raj-pranav/learn-solidity,0
NEG_01517,0,0,0,1817,2,0.0008025469,0,0.1256501972675323,dual_text_fixed_params,rarepepi/nft-data,0
NEG_01518,0,0,0,1818,2,0.0013208688,0,0.1256501972675323,dual_text_fixed_params,Rashi1005/Reputation-Forge-Crypto-Credit-Score-DApp,0
NEG_01519,0,0,0,1819,2,0.00074032217,0,0.1256501972675323,dual_text_fixed_params,RavikantShinde05/Ethers_Academy,0
NEG_01525,0,0,0,1825,2,0.00093408156,0,0.1256501972675323,dual_text_fixed_params,RCarmelaVO/qhatuy-wallet,0
NEG_01530,0,0,0,1830,2,0.0005109912,0,0.1256501972675323,dual_text_fixed_params,redacademy/ethereum-graphql,0
NEG_01537,0,0,0,1837,2,0.0008185636,0,0.1256501972675323,dual_text_fixed_params,renpool/renpool-contracts,0
NEG_01538,0,0,0,1838,2,0.0016727669,0,0.1256501972675323,dual_text_fixed_params,reown-com/appkit,0
NEG_01542,0,0,0,1842,2,0.0004896186,0,0.1256501972675323,dual_text_fixed_params,RFMCR/Platzi_ETHDeveloperProgram2023,0
NEG_01545,0,0,0,1845,2,0.0012607349,0,0.1256501972675323,dual_text_fixed_params,rickstewartdev/Dbank,0
NEG_01546,0,0,0,1846,2,0.0012377388,0,0.1256501972675323,dual_text_fixed_params,riglr/riglr,0
NEG_01554,0,0,0,1854,2,0.004776111,0,0.1256501972675323,dual_text_fixed_params,rm4328-d/web3de4,0
NEG_01563,0,0,0,1863,2,0.0006950294,0,0.1256501972675323,dual_text_fixed_params,rohanhraj/MultiSignature-Wallet-SmartContract,0
NEG_01573,0,0,0,1873,2,0.0006317388,0,0.1256501972675323,dual_text_fixed_params,roysowah/solarwind,0
NEG_01575,0,0,0,1875,2,0.0012985695,0,0.1256501972675323,dual_text_fixed_params,rstkey/whitelist_token,0
NEG_01583,0,0,0,1883,2,0.0024217188,0,0.1256501972675323,dual_text_fixed_params,rxhul18/DeWall,0
NEG_01591,0,0,0,1891,2,0.002200732,0,0.1256501972675323,dual_text_fixed_params,saaim23/QuantPilot,0
NEG_01594,0,0,0,1894,2,0.0016080254,0,0.1256501972675323,dual_text_fixed_params,safeblock-com/dex_contract,0
NEG_01600,0,0,0,1900,2,0.0004687658,0,0.1256501972675323,dual_text_fixed_params,sambacha/compendium,0
NEG_01601,0,0,0,1901,2,0.0009074251,0,0.1256501972675323,dual_text_fixed_params,sambacha/create-subgraph-app,0
NEG_01604,0,0,0,1904,2,0.0058541857,0,0.1256501972675323,dual_text_fixed_params,sanjibbaral435/Ethereum_Solidity_Udemy,0
NEG_01605,0,0,0,1905,2,0.00058865646,0,0.1256501972675323,dual_text_fixed_params,SANTHOSH17-DOT/HODL,0
NEG_01610,0,0,0,1910,2,0.00055936666,0,0.1256501972675323,dual_text_fixed_params,satisfywithmylife/phantom-py,0
NEG_01622,0,0,0,1922,2,0.0011992977,0,0.1256501972675323,dual_text_fixed_params,scotch53/Smart-Contract-for-Token-Minting-in-Solidity,0
NEG_01623,0,0,0,1923,2,0.00083181506,0,0.1256501972675323,dual_text_fixed_params,sdelvalle57/bonding-curves,0
NEG_01624,0,0,0,1924,2,0.0008939267,0,0.1256501972675323,dual_text_fixed_params,sdhosseinabadi/aleo-project,0
NEG_01626,0,0,0,1926,2,0.0005639239,0,0.1256501972675323,dual_text_fixed_params,sebetelist/bitcoin-wallet,0
NEG_01628,0,0,0,1928,2,0.0008857779,0,0.1256501972675323,dual_text_fixed_params,Sebx/blockchain_wallet,0
NEG_01629,0,0,0,1929,2,0.0005747881,0,0.1256501972675323,dual_text_fixed_params,second-state/smart-contract-search-engine,0
NEG_01644,0,0,0,1944,2,0.0022782907,0,0.1256501972675323,dual_text_fixed_params,shape-network/builder-kit,0
NEG_01646,0,0,0,1946,2,0.011181331,0,0.1256501972675323,dual_text_fixed_params,shardeum/shardeum-docs,0
NEG_01649,0,0,0,1949,2,0.00084905146,0,0.1256501972675323,dual_text_fixed_params,shifaj22/Nft_Marketplace_SmartContract,0
NEG_01650,0,0,0,1950,2,0.01962601,0,0.1256501972675323,dual_text_fixed_params,shirley2749-dunn7/ethere1,0
NEG_01653,0,0,0,1953,2,0.001814185,0,0.1256501972675323,dual_text_fixed_params,ShivRaiGithub/DeFi-Assessment,0
NEG_01659,0,0,0,1959,2,0.0020534934,0,0.1256501972675323,dual_text_fixed_params,shumbushojeanbaptiste/Blockchain-task-2025,0
NEG_01664,0,0,0,1964,2,0.0004212499,0,0.1256501972675323,dual_text_fixed_params,SilentCicero/wafr,0
NEG_01665,0,0,0,1965,2,0.0010544906,0,0.1256501972675323,dual_text_fixed_params,SimonPhoenix96/crypto-website,0
NEG_01676,0,0,0,1976,2,0.0044328435,0,0.1256501972675323,dual_text_fixed_params,slaviquee/monolith,0
NEG_01680,0,0,0,1980,2,0.0015412899,0,0.1256501972675323,dual_text_fixed_params,smart-bsy/web3_crypto-smart-contract,0
NEG_01681,0,0,0,1981,2,0.00042800396,0,0.1256501972675323,dual_text_fixed_params,smartbugs/smartbugs-curated,0
NEG_01683,0,0,0,1983,2,0.0003592606,0,0.1256501972675323,dual_text_fixed_params,smartbugs/smartbugs,0
NEG_01692,0,0,0,1992,2,0.00087944575,0,0.1256501972675323,dual_text_fixed_params,SofianeHamlaoui/Cryto-Minning-Simulator,0
NEG_01697,0,0,0,1997,2,0.0006650238,0,0.1256501972675323,dual_text_fixed_params,solidityj/solidity-antlr4,0
NEG_01706,0,0,0,2006,2,0.00047989585,0,0.1256501972675323,dual_text_fixed_params,sparrowwallet/sparrow,0
NEG_01718,0,0,0,2018,2,0.010406743,0,0.1256501972675323,dual_text_fixed_params,stacks-archive/blockstack-browser,0
NEG_01723,0,0,0,2023,2,0.0018510788,0,0.1256501972675323,dual_text_fixed_params,stellarnodeN/Q3_25_NFT_Staking,0
NEG_01726,0,0,0,2026,2,0.0007217554,0,0.1256501972675323,dual_text_fixed_params,Stephen-Kimoi/NFT-collection,0
NEG_01727,0,0,0,2027,2,0.0013970954,0,0.1256501972675323,dual_text_fixed_params,stevenbooke/decentralized-crowdfunding,0
NEG_01735,0,0,0,2035,2,0.0005052434,0,0.1256501972675323,dual_text_fixed_params,Sudhanmanoharan/MarketPlace-BlockChain,0
NEG_01738,0,0,0,2038,2,0.0011943192,0,0.1256501972675323,dual_text_fixed_params,summa-tx/coins,0
NEG_01747,0,0,0,2047,2,0.0006694213,0,0.1256501972675323,dual_text_fixed_params,supercoolx/NFT-Contract-Utilities,0
NEG_01749,0,0,0,2049,2,0.001970373,0,0.1256501972675323,dual_text_fixed_params,superfluid-org/protocol-monorepo,0
NEG_01755,0,0,0,2055,2,0.0006225446,0,0.1256501972675323,dual_text_fixed_params,swapkit/SwapKit,0
NEG_01773,0,0,0,2073,2,0.03408945,0,0.1256501972675323,dual_text_fixed_params,talonlab/hdwallet-desktop,0
NEG_01776,0,0,0,2076,2,0.004392297,0,0.1256501972675323,dual_text_fixed_params,tanish35/Blockchain-Tracker,0
NEG_01781,0,0,0,2081,2,0.0011887618,0,0.1256501972675323,dual_text_fixed_params,taoteh1221/Open_Crypto_Tracker,0
NEG_01807,0,0,0,2107,2,0.0009194586,0,0.1256501972675323,dual_text_fixed_params,theblockstalk/inter-crypto,0
NEG_01809,0,0,0,2109,2,0.0016178696,0,0.1256501972675323,dual_text_fixed_params,thedarkhorse934/ai-blockchain-explainer,0
NEG_01816,0,0,0,2116,2,0.0012245366,0,0.1256501972675323,dual_text_fixed_params,thomas21-jquerry/Casino,0
NEG_01825,0,0,0,2125,2,0.0011679872,0,0.1256501972675323,dual_text_fixed_params,tmdi123/amazing-cat-,0
NEG_01830,0,0,0,2130,2,0.0014886424,0,0.1256501972675323,dual_text_fixed_params,tonkeeper/ton-console,0
NEG_01837,0,0,0,2137,2,0.0022535105,0,0.1256501972675323,dual_text_fixed_params,TP-Lab/key-generator,0
NEG_01838,0,0,0,2138,2,0.00040282533,0,0.1256501972675323,dual_text_fixed_params,TP-Lab/Mobile-SDK,0
NEG_01848,0,0,0,2148,2,0.0012825704,0,0.1256501972675323,dual_text_fixed_params,Trum3it/bsc-web3-connector,0
NEG_01852,0,0,0,2152,2,0.0013579665,0,0.1256501972675323,dual_text_fixed_params,Tsatsch/Web3DevLearn,0
NEG_01869,0,0,0,2169,2,0.0042128307,0,0.1256501972675323,dual_text_fixed_params,uhsr/CryptoLedgerParser,0
NEG_01876,0,0,0,2176,2,0.008355497,0,0.1256501972675323,dual_text_fixed_params,uola9210-cmd/BTC-or-ETH,0
NEG_01883,0,0,0,2183,2,0.0013980371,0,0.1256501972675323,dual_text_fixed_params,v3xlabs/open-lavatory,0
NEG_01893,0,0,0,2193,2,0.12096936,0,0.1256501972675323,dual_text_fixed_params,Vedant7789/defi_wallet_score,1
NEG_01900,0,0,0,2200,2,0.00039013123,0,0.1256501972675323,dual_text_fixed_params,vgrichina/web4,0
NEG_01902,0,0,0,2202,2,0.0004242856,0,0.1256501972675323,dual_text_fixed_params,viaprotocol/format-crypto,0
NEG_01906,0,0,0,2206,2,0.0013074696,0,0.1256501972675323,dual_text_fixed_params,vigneshbalu96/Inherited-ERC-20-contract,0
NEG_01913,0,0,0,2213,2,0.001116857,0,0.1256501972675323,dual_text_fixed_params,vipul-69-ax/CryptoFlip,0
NEG_01915,0,0,0,2215,2,0.00040294995,0,0.1256501972675323,dual_text_fixed_params,vishnoitanuj/Blockchain-Cryptocurrency,0
NEG_01923,0,0,0,2223,2,0.00061025255,0,0.1256501972675323,dual_text_fixed_params,vitwit/Multisig-Wallet-ERC20,0
NEG_01925,0,0,0,2225,2,0.0011637184,0,0.1256501972675323,dual_text_fixed_params,Vivojay/De-Fi-Infidelity-Coders,0
NEG_01926,0,0,0,2226,2,0.016637703,0,0.1256501972675323,dual_text_fixed_params,vjbhandari61/web3-authentication,0
NEG_01929,0,0,0,2229,2,0.00042673046,0,0.1256501972675323,dual_text_fixed_params,vm542/bitcoin-wallet-bot,0
NEG_01931,0,0,0,2231,2,0.0010415269,0,0.1256501972675323,dual_text_fixed_params,vmieres/BlockChain-Python,0
NEG_01933,0,0,0,2233,2,0.008777038,0,0.1256501972675323,dual_text_fixed_params,vrakesh2907/MicroLend,0
NEG_01940,0,0,0,2240,2,0.0026253972,0,0.1256501972675323,dual_text_fixed_params,Wallet3/Wallet3,0
NEG_01942,0,0,0,2242,2,0.000348585,0,0.1256501972675323,dual_text_fixed_params,walleth/walleth,0
NEG_01956,0,0,0,2256,2,0.00063210103,0,0.1256501972675323,dual_text_fixed_params,WeaverFi/weaverfi,0
NEG_01968,0,0,0,2268,2,0.0012609643,0,0.1256501972675323,dual_text_fixed_params,weichen466/CryptoCrowd,0
NEG_01972,0,0,0,2272,2,0.0008591597,0,0.1256501972675323,dual_text_fixed_params,wevm/awesome-wagmi,0
NEG_01978,0,0,0,2278,2,0.0006841159,0,0.1256501972675323,dual_text_fixed_params,WizardOfAus/WizardsEthereumWorkshop,0
NEG_01998,0,0,0,2298,2,0.0030238435,0,0.1256501972675323,dual_text_fixed_params,XRPLF/xrpl.js,0
NEG_02019,0,0,0,2319,2,0.0010517356,0,0.1256501972675323,dual_text_fixed_params,yigittopm/lkd-web3-blockchain,0
NEG_02020,0,0,0,2320,2,0.0017134699,0,0.1256501972675323,dual_text_fixed_params,YiJie-Zhu/Crypto-Identity,0
NEG_02021,0,0,0,2321,2,0.0011775027,0,0.1256501972675323,dual_text_fixed_params,yippee-ki-yay/CryptoJingles,0
NEG_02031,0,0,0,2331,2,0.0075840643,0,0.1256501972675323,dual_text_fixed_params,yurkenchik/Crypto-Ethereum-TTE-blockchain,0
NEG_02035,0,0,0,2335,2,0.0012535804,0,0.1256501972675323,dual_text_fixed_params,zakcroft/shared-wallet-blockchain-solidity,0
NEG_02036,0,0,0,2336,2,0.0010525099,0,0.1256501972675323,dual_text_fixed_params,zama-ai/blockchain-wallet-exporter,0
NEG_02039,0,0,0,2339,2,0.00083512167,0,0.1256501972675323,dual_text_fixed_params,zeriontech/defi-sdk,0
NEG_02040,0,0,0,2340,2,0.00039741516,0,0.1256501972675323,dual_text_fixed_params,zeta-chain/node,0
NEG_02044,0,0,0,2344,2,0.006238965,0,0.1256501972675323,dual_text_fixed_params,zillet/zillet,0
NEG_02048,0,0,0,2348,2,0.0011252188,0,0.1256501972675323,dual_text_fixed_params,zman0225/bitcoinclass,0
F3_web3_platform_app,1,1,0,7,3,0.14613257,1,0.1256501972675323,dual_text_fixed_params,arliawhite/rentverse,1
F3_web3_platform_app,1,1,0,10,3,0.094405375,0,0.1256501972675323,dual_text_fixed_params,clixlogix/blockchain-dev,1
F3_web3_platform_app,1,1,0,21,3,0.6325947,1,0.1256501972675323,dual_text_fixed_params,knightsdex/knightsbridge-dex,1
F3_web3_platform_app,1,1,0,26,3,0.34165308,1,0.1256501972675323,dual_text_fixed_params,MentarisHub121/TokenPresaleApp,1
F3_web3_platform_app,1,1,0,28,3,0.010922208,0,0.1256501972675323,dual_text_fixed_params,mirzamudassir/blocknovas-nyx-public,0
F3_web3_platform_app,1,1,0,35,3,0.001031591,0,0.1256501972675323,dual_text_fixed_params,SuperDev313/Trading_Platform_Ultrax,0
F3_web3_platform_app,1,1,0,36,3,0.110947534,0,0.1256501972675323,dual_text_fixed_params,ta3pks/Decentralized-Social,1
F3_web3_platform_app,1,1,0,41,3,0.011443778,0,0.1256501972675323,dual_text_fixed_params,xorostar/blocknovas-llc-currency-converter-task,0
F3_web3_platform_app,1,0,1,136,3,0.14613257,1,0.1256501972675323,dual_text_fixed_params,arliawhitec/rentverse,1
F3_web3_platform_app,1,0,1,137,3,0.094405375,0,0.1256501972675323,dual_text_fixed_params,studio-hu/blockchain-dev,1
F3_web3_platform_app,1,0,1,138,3,0.6325947,1,0.1256501972675323,dual_text_fixed_params,knightsdexj/knightsbridge-dex,1
F3_web3_platform_app,1,0,1,139,3,0.34636167,1,0.1256501972675323,dual_text_fixed_params,protocol-app/TokenPresaleApp,1
F3_web3_platform_app,1,0,1,140,3,0.011443778,0,0.1256501972675323,dual_text_fixed_params,mirzamudassi/blocknovas-nyx-public,0
F3_web3_platform_app,1,0,1,141,3,0.001031591,0,0.1256501972675323,dual_text_fixed_params,SuperDev31/Trading_Platform_Ultrax,0
F3_web3_platform_app,1,0,1,142,3,0.110947534,0,0.1256501972675323,dual_text_fixed_params,ta3pks2/Decentralized-Social,1
F3_web3_platform_app,1,0,1,143,3,0.011443778,0,0.1256501972675323,dual_text_fixed_params,xorostar2/blocknovas-llc-currency-converter-task,0
F3_web3_platform_app,1,0,1,144,3,0.14613257,1,0.1256501972675323,dual_text_fixed_params,arliawhite2/rentverse,1
F3_web3_platform_app,1,0,1,145,3,0.094405375,0,0.1256501972675323,dual_text_fixed_params,app-proto/blockchain-dev,1
F3_web3_platform_app,1,0,1,146,3,0.75820076,1,0.1256501972675323,dual_text_fixed_params,knightsdexk/knightsbridge-dex,1
F3_web3_platform_app,1,0,1,147,3,0.34581226,1,0.1256501972675323,dual_text_fixed_params,chain-studio/TokenPresaleApp,1
F3_web3_platform_app,1,0,1,148,3,0.015211969,0,0.1256501972675323,dual_text_fixed_params,mirzamudassira/blocknovas-nyx-public,0
F3_web3_platform_app,1,0,1,149,3,0.001031591,0,0.1256501972675323,dual_text_fixed_params,SuperDev3132/Trading_Platform_Ultrax,0
F3_web3_platform_app,1,0,1,150,3,0.110947534,0,0.1256501972675323,dual_text_fixed_params,ta3pk/Decentralized-Social,1
F3_web3_platform_app,1,0,1,151,3,0.011443778,0,0.1256501972675323,dual_text_fixed_params,xorostar3/blocknovas-llc-currency-converter-task,0
F3_web3_platform_app,1,0,1,152,3,0.14613257,1,0.1256501972675323,dual_text_fixed_params,arliawhitew/rentverse,1
F3_web3_platform_app,1,0,1,153,3,0.094405375,0,0.1256501972675323,dual_text_fixed_params,chain-stu/blockchain-dev,1
F3_web3_platform_app,1,0,1,154,3,0.7399644,1,0.1256501972675323,dual_text_fixed_params,knightsdex2/knightsbridge-dex,1
F3_web3_platform_app,1,0,1,155,3,0.34165308,1,0.1256501972675323,dual_text_fixed_params,labs-protocol/TokenPresaleApp,1
F3_web3_platform_app,1,0,1,156,3,0.007243269,0,0.1256501972675323,dual_text_fixed_params,mirzamudassir2/blocknovas-nyx-public,0
F3_web3_platform_app,1,0,1,157,3,0.001031591,0,0.1256501972675323,dual_text_fixed_params,SuperDev313d/Trading_Platform_Ultrax,0
F3_web3_platform_app,1,0,1,158,3,0.110947534,0,0.1256501972675323,dual_text_fixed_params,ta3pk2/Decentralized-Social,1
F3_web3_platform_app,1,0,1,159,3,0.015935095,0,0.1256501972675323,dual_text_fixed_params,xorostar32/blocknovas-llc-currency-converter-task,0
F3_web3_platform_app,1,0,1,160,3,0.14613257,1,0.1256501972675323,dual_text_fixed_params,arliawhite3/rentverse,1
F3_web3_platform_app,1,0,1,161,3,0.094405375,0,0.1256501972675323,dual_text_fixed_params,labs-stud/blockchain-dev,1
F3_web3_platform_app,1,0,1,162,3,0.76156485,1,0.1256501972675323,dual_text_fixed_params,knightsdexl/knightsbridge-dex,1
F3_web3_platform_app,1,0,1,163,3,0.34165308,1,0.1256501972675323,dual_text_fixed_params,chain-studio2/TokenPresaleApp,1
F3_web3_platform_app,1,0,1,164,3,0.003519956,0,0.1256501972675323,dual_text_fixed_params,mirzamudassirj/blocknovas-nyx-public,0
F3_web3_platform_app,1,0,1,165,3,0.001031591,0,0.1256501972675323,dual_text_fixed_params,SuperDev3133/Trading_Platform_Ultrax,0
F3_web3_platform_app,1,0,1,166,3,0.110947534,0,0.1256501972675323,dual_text_fixed_params,ta3pks3/Decentralized-Social,1
F3_web3_platform_app,1,0,1,167,3,0.011443778,0,0.1256501972675323,dual_text_fixed_params,xorosta/blocknovas-llc-currency-converter-task,0
F3_web3_platform_app,1,0,1,168,3,0.14613257,1,0.1256501972675323,dual_text_fixed_params,arliawhite4/rentverse,1
F3_web3_platform_app,1,0,1,169,3,0.094405375,0,0.1256501972675323,dual_text_fixed_params,protocol-/blockchain-dev,1
F3_web3_platform_app,1,0,1,170,3,0.6286459,1,0.1256501972675323,dual_text_fixed_params,knightsdexf/knightsbridge-dex,1
F3_web3_platform_app,1,0,1,171,3,0.34581226,1,0.1256501972675323,dual_text_fixed_params,verse-studio/TokenPresaleApp,1
F3_web3_platform_app,1,0,1,172,3,0.011443778,0,0.1256501972675323,dual_text_fixed_params,mirzamudassiri/blocknovas-nyx-public,0
F3_web3_platform_app,1,0,1,173,3,0.001031591,0,0.1256501972675323,dual_text_fixed_params,SuperDev312/Trading_Platform_Ultrax,0
F3_web3_platform_app,1,0,1,174,3,0.110947534,0,0.1256501972675323,dual_text_fixed_params,ta3pks4/Decentralized-Social,1
F3_web3_platform_app,1,0,1,175,3,0.015935095,0,0.1256501972675323,dual_text_fixed_params,xorosta2/blocknovas-llc-currency-converter-task,0
F3_web3_platform_app,1,0,1,176,3,0.14613257,1,0.1256501972675323,dual_text_fixed_params,arliawhit/rentverse,1
F3_web3_platform_app,1,0,1,177,3,0.094405375,0,0.1256501972675323,dual_text_fixed_params,protocol-2/blockchain-dev,1
F3_web3_platform_app,1,0,1,178,3,0.75820076,1,0.1256501972675323,dual_text_fixed_params,knightsdex3/knightsbridge-dex,1
F3_web3_platform_app,1,0,1,179,3,0.34165308,1,0.1256501972675323,dual_text_fixed_params,studio-labs/TokenPresaleApp,1
F3_web3_platform_app,1,0,1,180,3,0.011443778,0,0.1256501972675323,dual_text_fixed_params,mirzamudassir3/blocknovas-nyx-public,0
F3_web3_platform_app,1,0,1,181,3,0.001031591,0,0.1256501972675323,dual_text_fixed_params,SuperDev313k/Trading_Platform_Ultrax,0
F3_web3_platform_app,1,0,1,182,3,0.110947534,0,0.1256501972675323,dual_text_fixed_params,ta3pksm/Decentralized-Social,1
F3_web3_platform_app,1,0,1,183,3,0.011443778,0,0.1256501972675323,dual_text_fixed_params,xorosta3/blocknovas-llc-currency-converter-task,0
F3_web3_platform_app,1,0,1,184,3,0.14613257,1,0.1256501972675323,dual_text_fixed_params,arliawhite5/rentverse,1
F3_web3_platform_app,1,0,1,185,3,0.094405375,0,0.1256501972675323,dual_text_fixed_params,protocol-3/blockchain-dev,1
F3_web3_platform_app,1,0,1,186,3,0.6368695,1,0.1256501972675323,dual_text_fixed_params,knightsdex4/knightsbridge-dex,1
F3_web3_platform_app,1,0,1,187,3,0.34165308,1,0.1256501972675323,dual_text_fixed_params,app-studio/TokenPresaleApp,1
NEG_00000,0,0,0,300,3,0.00265824,0,0.1256501972675323,dual_text_fixed_params,007SKRN/crypto-portfolio-tracker,0
NEG_00003,0,0,0,303,3,0.0044712215,0,0.1256501972675323,dual_text_fixed_params,0wl3xSec/web3-cryptozombies,0
NEG_00005,0,0,0,305,3,0.0027525458,0,0.1256501972675323,dual_text_fixed_params,0x4543/zeta-crypto,0
NEG_00007,0,0,0,307,3,0.0011037277,0,0.1256501972675323,dual_text_fixed_params,0xbitcoin/0xbitcoin-token,0
NEG_00010,0,0,0,310,3,0.0014170827,0,0.1256501972675323,dual_text_fixed_params,0xdevrel/Conditional-NFTs,0
NEG_00012,0,0,0,312,3,0.0007634018,0,0.1256501972675323,dual_text_fixed_params,0xfps/python-solidity-blockchain-smart-contract-course,0
NEG_00024,0,0,0,324,3,0.0027248543,0,0.1256501972675323,dual_text_fixed_params,0xmdrakib/JesseHillClimb,0
NEG_00027,0,0,0,327,3,0.0010018364,0,0.1256501972675323,dual_text_fixed_params,0xpranay/WildCoins-NFT,0
NEG_00033,0,0,0,333,3,0.00086088624,0,0.1256501972675323,dual_text_fixed_params,1-5Pool/RansomwareEschrowService,0
NEG_00041,0,0,0,341,3,0.0019464773,0,0.1256501972675323,dual_text_fixed_params,23Konradbase/altseason-ethereum,0
NEG_00042,0,0,0,342,3,0.00088187074,0,0.1256501972675323,dual_text_fixed_params,2qx/awesome-bitcoin-cash,0
NEG_00047,0,0,0,347,3,0.00089375343,0,0.1256501972675323,dual_text_fixed_params,914alexwillett/StochRSI-Crypto-Trading-Algorithm,0
NEG_00052,0,0,0,352,3,0.0009976769,0,0.1256501972675323,dual_text_fixed_params,aankor/wnft,0
NEG_00055,0,0,0,355,3,0.008999749,0,0.1256501972675323,dual_text_fixed_params,aaronajis92/smart-contract-cryptorian,0
NEG_00060,0,0,0,360,3,0.00052804156,0,0.1256501972675323,dual_text_fixed_params,abdullahpichoo/SimpleStorage-using-Brownie,0
NEG_00066,0,0,0,366,3,0.0011617441,0,0.1256501972675323,dual_text_fixed_params,ac12644/ICO-Smart-Contract,0
NEG_00068,0,0,0,368,3,0.0014994565,0,0.1256501972675323,dual_text_fixed_params,AchyuthMohan/Blockchain-Cryptogram,0
NEG_00074,0,0,0,374,3,0.0020538648,0,0.1256501972675323,dual_text_fixed_params,Adamant-im/adamant-im,0
NEG_00077,0,0,0,377,3,0.0027970897,0,0.1256501972675323,dual_text_fixed_params,adeshshukla/MyCryptoFolio,0
NEG_00080,0,0,0,380,3,0.0009093665,0,0.1256501972675323,dual_text_fixed_params,Aditya-alchemist/GFGKIIT-CRYPTOMA-HyperThon,0
NEG_00082,0,0,0,382,3,0.0005834556,0,0.1256501972675323,dual_text_fixed_params,AdrianaMiha/Krypto,0
NEG_00085,0,0,0,385,3,0.0043877116,0,0.1256501972675323,dual_text_fixed_params,adrianhajdin/project_web3_battle_game,0
NEG_00088,0,0,0,388,3,0.0024577314,0,0.1256501972675323,dual_text_fixed_params,Adrijan-Petek/gas-fee-optimizer,0
NEG_00092,0,0,0,392,3,0.0010523038,0,0.1256501972675323,dual_text_fixed_params,adw0rd/solidity-create2-web3-example,0
NEG_00094,0,0,0,394,3,0.0020993853,0,0.1256501972675323,dual_text_fixed_params,aelew/cryptotracker,0
NEG_00096,0,0,0,396,3,0.001543883,0,0.1256501972675323,dual_text_fixed_params,aeternity/aeternity,0
NEG_00097,0,0,0,397,3,0.0050732163,0,0.1256501972675323,dual_text_fixed_params,afacchi0/rpc-inspector,0
NEG_00102,0,0,0,402,3,0.0011093318,0,0.1256501972675323,dual_text_fixed_params,aha-moment-group/braavos,0
NEG_00104,0,0,0,404,3,0.0010696012,0,0.1256501972675323,dual_text_fixed_params,ahester57/private-chain,0
NEG_00105,0,0,0,405,3,0.00069268065,0,0.1256501972675323,dual_text_fixed_params,ahmadbrainworks/fiddi,0
NEG_00106,0,0,0,406,3,0.0013013738,0,0.1256501972675323,dual_text_fixed_params,ahmedali8/hardhat-js-starterkit,0
NEG_00110,0,0,0,410,3,0.0013213577,0,0.1256501972675323,dual_text_fixed_params,ahmetzturk/epic-nfts,0
NEG_00117,0,0,0,417,3,0.00091041817,0,0.1256501972675323,dual_text_fixed_params,aitos-io/BoAT-X-Framework,0
NEG_00125,0,0,0,425,3,0.0005834556,0,0.1256501972675323,dual_text_fixed_params,akiselyoff/defi,0
NEG_00126,0,0,0,426,3,0.0008841669,0,0.1256501972675323,dual_text_fixed_params,Akshat-cs/hardhat-defi-aave-v2,0
NEG_00129,0,0,0,429,3,0.00071182125,0,0.1256501972675323,dual_text_fixed_params,alanpelayoo/FatedEth,0
NEG_00131,0,0,0,431,3,0.0016691341,0,0.1256501972675323,dual_text_fixed_params,AlejandroGV96/web3-test,0
NEG_00132,0,0,0,432,3,0.0012288077,0,0.1256501972675323,dual_text_fixed_params,alejoacosta74/ethereum-erc20token-vault,0
NEG_00136,0,0,0,436,3,0.00072522095,0,0.1256501972675323,dual_text_fixed_params,alesanro/ethereum-smart-contracts,0
NEG_00137,0,0,0,437,3,0.00052804156,0,0.1256501972675323,dual_text_fixed_params,alexandrupele/web3,0
NEG_00138,0,0,0,438,3,0.0012780306,0,0.1256501972675323,dual_text_fixed_params,alexbensimon/pakt,0
NEG_00139,0,0,0,439,3,0.0006130411,0,0.1256501972675323,dual_text_fixed_params,alexbiet/smartwallet,0
NEG_00140,0,0,0,440,3,0.00082377804,0,0.1256501972675323,dual_text_fixed_params,AlexCheema/Tanuki,0
NEG_00142,0,0,0,442,3,0.0075977,0,0.1256501972675323,dual_text_fixed_params,alexia795/Gnosis-wallet-pro,0
NEG_00144,0,0,0,444,3,0.0025039834,0,0.1256501972675323,dual_text_fixed_params,alexx855/axie-tools,0
NEG_00156,0,0,0,456,3,0.0011512515,0,0.1256501972675323,dual_text_fixed_params,almonit/almonit-plugin,0
NEG_00158,0,0,0,458,3,0.00079793914,0,0.1256501972675323,dual_text_fixed_params,alpaca-finance/bsc-alpaca-contract,0
NEG_00164,0,0,0,464,3,0.0008260175,0,0.1256501972675323,dual_text_fixed_params,amazingandyyy/leptin,0
NEG_00165,0,0,0,465,3,0.00068151916,0,0.1256501972675323,dual_text_fixed_params,amazingandyyy/solidity-contracts,0
NEG_00167,0,0,0,467,3,0.0026022904,0,0.1256501972675323,dual_text_fixed_params,amnegan/BlockChain-CryptoCurrencies,0
NEG_00171,0,0,0,471,3,0.0031226585,0,0.1256501972675323,dual_text_fixed_params,An4Dev/Solana-Bitcoin-NFT-Dex-Defi-P2EGame-SmartContract-Web3-Projects,0
NEG_00178,0,0,0,478,3,0.0013532386,0,0.1256501972675323,dual_text_fixed_params,andrewinsoul/CadenaCourse-CryptoBank-UI,0
NEG_00183,0,0,0,483,3,0.0030451573,0,0.1256501972675323,dual_text_fixed_params,AnnaNX1/create-NFT,0
NEG_00193,0,0,0,493,3,0.0020110866,0,0.1256501972675323,dual_text_fixed_params,anwar-776/gocryp8,0
NEG_00195,0,0,0,495,3,0.0013213577,0,0.1256501972675323,dual_text_fixed_params,aonemd/stakehouse,0
NEG_00204,0,0,0,504,3,0.003848877,0,0.1256501972675323,dual_text_fixed_params,apoorvm230/web3-vuln-scanner,0
NEG_00209,0,0,0,509,3,0.00085366814,0,0.1256501972675323,dual_text_fixed_params,Aranyani01/Alpha-defi-adapter,0
NEG_00213,0,0,0,513,3,0.0010292473,0,0.1256501972675323,dual_text_fixed_params,armors/armors-solidity,0
NEG_00215,0,0,0,515,3,0.0010129831,0,0.1256501972675323,dual_text_fixed_params,ArnaudBand/nftMarketplace,0
NEG_00224,0,0,0,524,3,0.001104344,0,0.1256501972675323,dual_text_fixed_params,ArthurAhiyarov/Hardhat-Betting-Smart-Contract-Bsc,0
NEG_00227,0,0,0,527,3,0.0017500184,0,0.1256501972675323,dual_text_fixed_params,Aryan0770/Blockchain-Major-CryptoBox,0
NEG_00228,0,0,0,528,3,0.0005738039,0,0.1256501972675323,dual_text_fixed_params,AS-1312/Crypto-Steps,0
NEG_00232,0,0,0,532,3,0.00071182125,0,0.1256501972675323,dual_text_fixed_params,Ashland-jp/Web3-Projects,0
NEG_00235,0,0,0,535,3,0.0005834556,0,0.1256501972675323,dual_text_fixed_params,asilveira1969/bitcoincashblockchain,0
NEG_00238,0,0,0,538,3,0.0005388272,0,0.1256501972675323,dual_text_fixed_params,atitkh/WebXR---NFT-Viewer,0
NEG_00242,0,0,0,542,3,0.013341539,0,0.1256501972675323,dual_text_fixed_params,aurowallet/auro-wallet-browser-extension,0
NEG_00248,0,0,0,548,3,0.004152947,0,0.1256501972675323,dual_text_fixed_params,axldarealest/crypto-tracker,0
NEG_00249,0,0,0,549,3,0.0010307083,0,0.1256501972675323,dual_text_fixed_params,axone-protocol/contracts,0
NEG_00258,0,0,0,558,3,0.0021748026,0,0.1256501972675323,dual_text_fixed_params,baby636/causes.cash,0
NEG_00260,0,0,0,560,3,0.0015984245,0,0.1256501972675323,dual_text_fixed_params,balajipachai/smart-contract-for-fun,0
NEG_00267,0,0,0,567,3,0.0009024011,0,0.1256501972675323,dual_text_fixed_params,banjtheman/polygon_nft_workshop,0
NEG_00280,0,0,0,580,3,0.005337942,0,0.1256501972675323,dual_text_fixed_params,belimad/NftHorizon,0
NEG_00282,0,0,0,582,3,0.0006841182,0,0.1256501972675323,dual_text_fixed_params,benjaminbang987/crypto,0
NEG_00290,0,0,0,590,3,0.0005586333,0,0.1256501972675323,dual_text_fixed_params,bhemen/usdc,0
NEG_00291,0,0,0,591,3,0.00061026186,0,0.1256501972675323,dual_text_fixed_params,BibliothecaDAO/realms-contracts,0
NEG_00294,0,0,0,594,3,0.00058246683,0,0.1256501972675323,dual_text_fixed_params,bigbomio/digital-contracts,0
NEG_00296,0,0,0,596,3,0.0015171784,0,0.1256501972675323,dual_text_fixed_params,bilinearlabs/beacon-contract-indexer,0
NEG_00302,0,0,0,602,3,0.0015103043,0,0.1256501972675323,dual_text_fixed_params,Bitcoin-II/BitcoinII-Core,0
NEG_00314,0,0,0,614,3,0.0031649363,0,0.1256501972675323,dual_text_fixed_params,Block-Beats-Estonia/BITCOIN-NFT,0
NEG_00318,0,0,0,618,3,0.0009776568,0,0.1256501972675323,dual_text_fixed_params,blockchain-etl/blockchain-etl-streaming,0
NEG_00319,0,0,0,619,3,0.00078153476,0,0.1256501972675323,dual_text_fixed_params,blockchain-etl/public-datasets,0
NEG_00323,0,0,0,623,3,0.0014075026,0,0.1256501972675323,dual_text_fixed_params,blockchain/My-Wallet-V3,0
NEG_00325,0,0,0,625,3,0.00054244755,0,0.1256501972675323,dual_text_fixed_params,blockstarter/ico-contracts,0
NEG_00328,0,0,0,628,3,0.004751045,0,0.1256501972675323,dual_text_fixed_params,BlueWallet/BlueWallet,0
NEG_00333,0,0,0,633,3,0.000656208,0,0.1256501972675323,dual_text_fixed_params,bonedaddy/cryptovendingmachine,0
NEG_00336,0,0,0,636,3,0.00082377804,0,0.1256501972675323,dual_text_fixed_params,BradMoonUESTC/FireWallProject,0
NEG_00348,0,0,0,648,3,0.001231071,0,0.1256501972675323,dual_text_fixed_params,BTCwalletGen/BTCwalletGen,0
NEG_00349,0,0,0,649,3,0.0024704684,0,0.1256501972675323,dual_text_fixed_params,btq-ag/QRiNG,0
NEG_00355,0,0,0,655,3,0.0018058436,0,0.1256501972675323,dual_text_fixed_params,bwire-official/Gastronaut-bot,0
NEG_00359,0,0,0,659,3,0.004516779,0,0.1256501972675323,dual_text_fixed_params,C0A21130/web3-demo-app,0
NEG_00362,0,0,0,662,3,0.0009091132,0,0.1256501972675323,dual_text_fixed_params,cake-tech/cake_wallet,0
NEG_00364,0,0,0,664,3,0.00094675814,0,0.1256501972675323,dual_text_fixed_params,camerodev/Finaomics-Solidity-Web3-React,0
NEG_00375,0,0,0,675,3,0.00069454574,0,0.1256501972675323,dual_text_fixed_params,celer-network/layer2-finance-contracts,0
NEG_00377,0,0,0,677,3,0.0013329402,0,0.1256501972675323,dual_text_fixed_params,ChainAgnostic/CAIPs,0
NEG_00388,0,0,0,688,3,0.0006618346,0,0.1256501972675323,dual_text_fixed_params,chatch/hashed-timelock-contract-ethereum,0
NEG_00390,0,0,0,690,3,0.0011501664,0,0.1256501972675323,dual_text_fixed_params,chawresh/Multi-Currency-Rich-Address-Finder-v1.0,0
NEG_00404,0,0,0,704,3,0.0011548839,0,0.1256501972675323,dual_text_fixed_params,CIpherEE/TECHCRUSHERC-20,0
NEG_00409,0,0,0,709,3,0.0035824073,0,0.1256501972675323,dual_text_fixed_params,cliffhall/in-app-pro-shop,0
NEG_00410,0,0,0,710,3,0.001246115,0,0.1256501972675323,dual_text_fixed_params,cloudframeworks-blockchain/user-guide-fabric-smart-contract,0
NEG_00419,0,0,0,719,3,0.0029783568,0,0.1256501972675323,dual_text_fixed_params,codeesura/Arbitrage-uniswap-sushiswap,0
NEG_00421,0,0,0,721,3,0.0036771793,0,0.1256501972675323,dual_text_fixed_params,CodeMachine0121/EthereumWallet_local_API,0
NEG_00424,0,0,0,724,3,0.0011847866,0,0.1256501972675323,dual_text_fixed_params,codewithmide/FlowPrice-Oracle,0
NEG_00434,0,0,0,734,3,0.0013496194,0,0.1256501972675323,dual_text_fixed_params,ColonySatoshi/BTCME.WEB3,0
NEG_00440,0,0,0,740,3,0.0012564115,0,0.1256501972675323,dual_text_fixed_params,ConsenSysDiligence/0x-review,0
NEG_00446,0,0,0,746,3,0.00503185,0,0.1256501972675323,dual_text_fixed_params,coral-xyz/backpack,0
NEG_00447,0,0,0,747,3,0.0011545318,0,0.1256501972675323,dual_text_fixed_params,cordovaem/solana-nft,0
NEG_00448,0,0,0,748,3,0.00070978235,0,0.1256501972675323,dual_text_fixed_params,cosmostation/cosmostation-android,0
NEG_00458,0,0,0,758,3,0.001910584,0,0.1256501972675323,dual_text_fixed_params,crestalnetwork/intentkit,0
NEG_00461,0,0,0,761,3,0.0007751509,0,0.1256501972675323,dual_text_fixed_params,crossclaim/btcrelay-sol,0
NEG_00467,0,0,0,767,3,0.00058246683,0,0.1256501972675323,dual_text_fixed_params,Crypto0390/nft-airdrops,0
NEG_00477,0,0,0,777,3,0.0006407119,0,0.1256501972675323,dual_text_fixed_params,cryptoleadxyz/demo-infura-web3py,0
NEG_00503,0,0,0,803,3,0.00075769,0,0.1256501972675323,dual_text_fixed_params,DanielCM2001/SendCrypto-Blockchain-App-web3,0
NEG_00516,0,0,0,816,3,0.0017466206,0,0.1256501972675323,dual_text_fixed_params,dappros/nfmt,0
NEG_00523,0,0,0,823,3,0.0006743563,0,0.1256501972675323,dual_text_fixed_params,darrylyeo/blockhead,0
NEG_00525,0,0,0,825,3,0.0006893937,0,0.1256501972675323,dual_text_fixed_params,Daudxu/eth-wallet-modal,0
NEG_00531,0,0,0,831,3,0.00059485546,0,0.1256501972675323,dual_text_fixed_params,DE-labtory/zulu,0
NEG_00533,0,0,0,833,3,0.0066594677,0,0.1256501972675323,dual_text_fixed_params,DealAiFind/DealAiFind-Ai-DEX-FrontRun-JS-V4,0
NEG_00536,0,0,0,836,3,0.0010587787,0,0.1256501972675323,dual_text_fixed_params,Decurity/semgrep-smart-contracts,0
NEG_00541,0,0,0,841,3,0.0005834556,0,0.1256501972675323,dual_text_fixed_params,Defi-Pool-Share/DefiPoolShare.LendingContract,0
NEG_00542,0,0,0,842,3,0.00058828294,0,0.1256501972675323,dual_text_fixed_params,DeFiCh/defiscan.live,0
NEG_00545,0,0,0,845,3,0.00052804156,0,0.1256501972675323,dual_text_fixed_params,DeFiNecromancer/Basic-Name-Storage,0
NEG_00547,0,0,0,847,3,0.0016691341,0,0.1256501972675323,dual_text_fixed_params,DEFIProtocol/Web3,0
NEG_00549,0,0,0,849,3,0.0017677204,0,0.1256501972675323,dual_text_fixed_params,delvtech/agent0,0
NEG_00553,0,0,0,853,3,0.00067972887,0,0.1256501972675323,dual_text_fixed_params,DenisZS/cckat,0
NEG_00558,0,0,0,858,3,0.0006932667,0,0.1256501972675323,dual_text_fixed_params,DePayFi/web3-wallets,0
NEG_00571,0,0,0,871,3,0.0054061003,0,0.1256501972675323,dual_text_fixed_params,devridge0/aave-core,0
NEG_00573,0,0,0,873,3,0.000575229,0,0.1256501972675323,dual_text_fixed_params,dex-guru/assets,0
NEG_00578,0,0,0,878,3,0.0025785915,0,0.1256501972675323,dual_text_fixed_params,dherranzf/CryptoBank,0
NEG_00594,0,0,0,894,3,0.0006094002,0,0.1256501972675323,dual_text_fixed_params,dkrsgood/ETH_Wallet,0
NEG_00597,0,0,0,897,3,0.0018123473,0,0.1256501972675323,dual_text_fixed_params,dogecoin/dogecoin,0
NEG_00603,0,0,0,903,3,0.00094764703,0,0.1256501972675323,dual_text_fixed_params,dorianbayart/DexPairs,0
NEG_00605,0,0,0,905,3,0.019613907,0,0.1256501972675323,dual_text_fixed_params,Dpost-George/foundry-web3-wallet-security-Advanced,0
NEG_00615,0,0,0,915,3,0.0010049868,0,0.1256501972675323,dual_text_fixed_params,duytacong24895/smart-contract-lesson-1,0
NEG_00621,0,0,0,921,3,0.0026495857,0,0.1256501972675323,dual_text_fixed_params,EdgeApp/edge-react-gui,0
NEG_00622,0,0,0,922,3,0.00074886705,0,0.1256501972675323,dual_text_fixed_params,edubrunaldi/generic-wallet,0
NEG_00624,0,0,0,924,3,0.0031649363,0,0.1256501972675323,dual_text_fixed_params,edwintyx/Blockchain-Cryptocurrency-Project,0
NEG_00626,0,0,0,926,3,0.0014820512,0,0.1256501972675323,dual_text_fixed_params,eka0789/nft-marketplace,0
NEG_00634,0,0,0,934,3,0.0030306145,0,0.1256501972675323,dual_text_fixed_params,Elytro-eth/ETHShanghai2022,0
NEG_00636,0,0,0,936,3,0.00052804156,0,0.1256501972675323,dual_text_fixed_params,emerald-dao/float,0
NEG_00638,0,0,0,938,3,0.00076818204,0,0.1256501972675323,dual_text_fixed_params,emiliosheinz/vue-js-crypto-wallet,0
NEG_00644,0,0,0,944,3,0.00082377804,0,0.1256501972675323,dual_text_fixed_params,Emmanuel-Samuel/Alchemy-projects,0
NEG_00649,0,0,0,949,3,0.00065081497,0,0.1256501972675323,dual_text_fixed_params,enricobottazzi/Zeko,0
NEG_00661,0,0,0,961,3,0.00079522433,0,0.1256501972675323,dual_text_fixed_params,Erfaniaa/crypto-portfolio-optimizer,0
NEG_00664,0,0,0,964,3,0.0014453476,0,0.1256501972675323,dual_text_fixed_params,esolidar/web3,0
NEG_00665,0,0,0,965,3,0.00088052696,0,0.1256501972675323,dual_text_fixed_params,estevaopbs/bitcoin-rs,0
NEG_00666,0,0,0,966,3,0.00072339486,0,0.1256501972675323,dual_text_fixed_params,ethaccount/vue-dapp,0
NEG_00668,0,0,0,968,3,0.0012938405,0,0.1256501972675323,dual_text_fixed_params,ethereum-boilerplate/ethereum-prediction-market-boilerplate,0
NEG_00672,0,0,0,972,3,0.00065030035,0,0.1256501972675323,dual_text_fixed_params,ethers-io/ethers.js,0
NEG_00673,0,0,0,973,3,0.00091565173,0,0.1256501972675323,dual_text_fixed_params,ethersphere/swap-swear-and-swindle,0
NEG_00676,0,0,0,976,3,0.06276216,0,0.1256501972675323,dual_text_fixed_params,euphonious-raisinnutcookie575/ethwizc,1
NEG_00682,0,0,0,982,3,0.0008746944,0,0.1256501972675323,dual_text_fixed_params,evm-tooling/viem-go,0
NEG_00688,0,0,0,988,3,0.0024150168,0,0.1256501972675323,dual_text_fixed_params,ExodusMovement/bitcoind-zmq,0
NEG_00691,0,0,0,991,3,0.0015917625,0,0.1256501972675323,dual_text_fixed_params,explorills/expl-nodes-dashboard,0
NEG_00695,0,0,0,995,3,0.0023011304,0,0.1256501972675323,dual_text_fixed_params,Fabomarche/ethereum-viewer,0
NEG_00711,0,0,0,1011,3,0.21545717,1,0.1256501972675323,dual_text_fixed_params,Fida-Kainth/Block-Chain-A-Decentralized-Cryptocurrency-Wallet-System-with-Automated-Zakat-Deduction,1
NEG_00714,0,0,0,1014,3,0.00083705684,0,0.1256501972675323,dual_text_fixed_params,filips123/BlogChain,0
NEG_00716,0,0,0,1016,3,0.0013178235,0,0.1256501972675323,dual_text_fixed_params,FinHubRotman/eth-blockchain-data,0
NEG_00718,0,0,0,1018,3,0.0016691341,0,0.1256501972675323,dual_text_fixed_params,Flame-eth/Multiparty-Solidity-Wallet-,0
NEG_00723,0,0,0,1023,3,0.0017702373,0,0.1256501972675323,dual_text_fixed_params,fomoweth/flashloan-aggregator,0
NEG_00724,0,0,0,1024,3,0.0005834556,0,0.1256501972675323,dual_text_fixed_params,ForcingVaporizer/Blockchain-Dapp-Crypto,0
NEG_00737,0,0,0,1037,3,0.004873137,0,0.1256501972675323,dual_text_fixed_params,Freya-Lark/Chainlink-2024-17hours-Web3-tutorial,0
NEG_00754,0,0,0,1054,3,0.00071182125,0,0.1256501972675323,dual_text_fixed_params,geovgy/smart-wallet,0
NEG_00762,0,0,0,1062,3,0.0010496491,0,0.1256501972675323,dual_text_fixed_params,giogam/Gopher-Wallet,0
NEG_00770,0,0,0,1070,3,0.0007432388,0,0.1256501972675323,dual_text_fixed_params,gnidan/abi-to-sol,0
NEG_00778,0,0,0,1078,3,0.00055760867,0,0.1256501972675323,dual_text_fixed_params,govi-dao/cvi-contracts,0
NEG_00793,0,0,0,1093,3,0.0060076322,0,0.1256501972675323,dual_text_fixed_params,gweidart/evm-flashswap-arb,0
NEG_00796,0,0,0,1096,3,0.008525262,0,0.1256501972675323,dual_text_fixed_params,Gzeu/hero-forge-monorepo,0
NEG_00798,0,0,0,1098,3,0.0036679076,0,0.1256501972675323,dual_text_fixed_params,Hackathons-w-Rapto/RugRader,0
NEG_00799,0,0,0,1099,3,0.0042430875,0,0.1256501972675323,dual_text_fixed_params,hacksdark/cybersecurity_hack,0
NEG_00803,0,0,0,1103,3,0.002736856,0,0.1256501972675323,dual_text_fixed_params,Haehnchen/uniswap-arbitrage-flash-swap,0
NEG_00810,0,0,0,1110,3,0.0008348933,0,0.1256501972675323,dual_text_fixed_params,Hardchat/Web3.py-Transaction,0
NEG_00811,0,0,0,1111,3,0.0030451573,0,0.1256501972675323,dual_text_fixed_params,harishummam/CryptoKet-NFT-Marketplace,0
NEG_00813,0,0,0,1113,3,0.0006130411,0,0.1256501972675323,dual_text_fixed_params,HariVP03/nft-kart,0
NEG_00816,0,0,0,1116,3,0.011968472,0,0.1256501972675323,dual_text_fixed_params,harshiit1/ethereumChecker,0
NEG_00820,0,0,0,1120,3,0.0009366638,0,0.1256501972675323,dual_text_fixed_params,hashemabad/MultiSigWallet,0
NEG_00839,0,0,0,1139,3,0.00095091294,0,0.1256501972675323,dual_text_fixed_params,hiromaily/go-crypto-wallet,0
NEG_00841,0,0,0,1141,3,0.0009313036,0,0.1256501972675323,dual_text_fixed_params,hobbleabbas/Bitcoin-RPC-API,0
NEG_00842,0,0,0,1142,3,0.0021917704,0,0.1256501972675323,dual_text_fixed_params,HODLorg/HODLbot,0
NEG_00843,0,0,0,1143,3,0.0022200488,0,0.1256501972675323,dual_text_fixed_params,holder-bot/wallet-testnet,0
NEG_00844,0,0,0,1144,3,0.00052804156,0,0.1256501972675323,dual_text_fixed_params,holyblock/blockchain-piaic-q4-solution,0
NEG_00846,0,0,0,1146,3,0.00094675814,0,0.1256501972675323,dual_text_fixed_params,HopefulHeart2020/Finaomics-Solidity-Web3-React,0
NEG_00847,0,0,0,1147,3,0.0012442553,0,0.1256501972675323,dual_text_fixed_params,hoprnet/hopr-ethereum,0
NEG_00858,0,0,0,1158,3,0.0009923347,0,0.1256501972675323,dual_text_fixed_params,hululuzhu/solidity-t5,0
NEG_00864,0,0,0,1164,3,0.0011348116,0,0.1256501972675323,dual_text_fixed_params,Hyperledger-TWGC/GM-interoperability,0
NEG_00867,0,0,0,1167,3,0.0013092358,0,0.1256501972675323,dual_text_fixed_params,Iamdungx/denigma-cracker,0
NEG_00893,0,0,0,1193,3,0.00087382627,0,0.1256501972675323,dual_text_fixed_params,input-output-hk/mantis-wallet,0
NEG_00898,0,0,0,1198,3,0.00061679253,0,0.1256501972675323,dual_text_fixed_params,ismailbangee/smart-contracts,0
NEG_00899,0,0,0,1199,3,0.0017824789,0,0.1256501972675323,dual_text_fixed_params,itaikeren/Crypto-Fighters,0
NEG_00901,0,0,0,1201,3,0.00062700367,0,0.1256501972675323,dual_text_fixed_params,ithunter0428/solidity2terrachian_rust,0
NEG_00903,0,0,0,1203,3,0.00082377804,0,0.1256501972675323,dual_text_fixed_params,itstargetconfirmed/flash-loan-sample,0
NEG_00905,0,0,0,1205,3,0.0013170883,0,0.1256501972675323,dual_text_fixed_params,ivanzhelyazkov/ethereum-wallet-manager,0
NEG_00909,0,0,0,1209,3,0.00059485546,0,0.1256501972675323,dual_text_fixed_params,J12ATA/my-wave-portal,0
NEG_00910,0,0,0,1210,3,0.0010689471,0,0.1256501972675323,dual_text_fixed_params,jaayperez/btc-wallet,0
NEG_00915,0,0,0,1215,3,0.16887401,1,0.1256501972675323,dual_text_fixed_params,Jackhuang166/evm-dex-swap-staking-liquidity,1
NEG_00916,0,0,0,1216,3,0.0011712762,0,0.1256501972675323,dual_text_fixed_params,JACKORARO12/BlockChainVoting,0
NEG_00917,0,0,0,1217,3,0.001081589,0,0.1256501972675323,dual_text_fixed_params,JackyVerse/SmartContractSolidityEth,0
NEG_00918,0,0,0,1218,3,0.0012336546,0,0.1256501972675323,dual_text_fixed_params,jacobdmn/iWallet,0
NEG_00936,0,0,0,1236,3,0.0015822742,0,0.1256501972675323,dual_text_fixed_params,jarrodwatts/nft-drop-with-smart-wallet,0
NEG_00942,0,0,0,1242,3,0.0005834556,0,0.1256501972675323,dual_text_fixed_params,jawedzaid/jawed,0
NEG_00944,0,0,0,1244,3,0.001173834,0,0.1256501972675323,dual_text_fixed_params,jdogresorg/freewallet-mobile,0
NEG_00946,0,0,0,1246,3,0.0037699006,0,0.1256501972675323,dual_text_fixed_params,jeanne-cortes725n/ethere8,0
NEG_00962,0,0,0,1262,3,0.0007993475,0,0.1256501972675323,dual_text_fixed_params,jjtiger/Blockchain_Business_Crypto_-DevPack,0
NEG_00966,0,0,0,1266,3,0.0006679915,0,0.1256501972675323,dual_text_fixed_params,john-lawniczak/Smart-Contract-Resources,0
NEG_00973,0,0,0,1273,3,0.0010034532,0,0.1256501972675323,dual_text_fixed_params,jon4hz/ethconvert,0
NEG_00983,0,0,0,1283,3,0.00069892773,0,0.1256501972675323,dual_text_fixed_params,jseanchuang/web3py_example,0
NEG_00989,0,0,0,1289,3,0.0006532634,0,0.1256501972675323,dual_text_fixed_params,JulyIghor/QtBitcoinTrader,0
NEG_00999,0,0,0,1299,3,0.003352059,0,0.1256501972675323,dual_text_fixed_params,kansel-dev/solana-nft-sniper,0
NEG_01010,0,0,0,1310,3,0.0010482391,0,0.1256501972675323,dual_text_fixed_params,kaymen99/Dex-aggregator,0
NEG_01022,0,0,0,1322,3,0.00052804156,0,0.1256501972675323,dual_text_fixed_params,kenpoon94/ethdenver-bootcamp-2022,0
NEG_01023,0,0,0,1323,3,0.000630233,0,0.1256501972675323,dual_text_fixed_params,kerala-blockchain-academy/ethereum-developer-program,0
NEG_01026,0,0,0,1326,3,0.001299162,0,0.1256501972675323,dual_text_fixed_params,keshav-poojary/NFT-on-Ethereum,0
NEG_01030,0,0,0,1330,3,0.00081231055,0,0.1256501972675323,dual_text_fixed_params,KevzPeter/EduBlocks,0
NEG_01040,0,0,0,1340,3,0.0007971154,0,0.1256501972675323,dual_text_fixed_params,Kingscliq/nuking-nfts,0
NEG_01043,0,0,0,1343,3,0.0013296626,0,0.1256501972675323,dual_text_fixed_params,KittenYang/SafeSnap,0
NEG_01044,0,0,0,1344,3,0.0005895127,0,0.1256501972675323,dual_text_fixed_params,kittyshiba/contracts,0
NEG_01046,0,0,0,1346,3,0.00068971014,0,0.1256501972675323,dual_text_fixed_params,klever-io/klever-go,0
NEG_01049,0,0,0,1349,3,0.0020318339,0,0.1256501972675323,dual_text_fixed_params,kochavalabs/xchng-solidity,0
NEG_01050,0,0,0,1350,3,0.0019392052,0,0.1256501972675323,dual_text_fixed_params,koh-gt/ferrite-wallet,0
NEG_01052,0,0,0,1352,3,0.0005834556,0,0.1256501972675323,dual_text_fixed_params,konradcodes/Web-3.0-Blockchain-App,0
NEG_01067,0,0,0,1367,3,0.0036235633,0,0.1256501972675323,dual_text_fixed_params,kuroroLuciferPhantom/cryptopredict,0
NEG_01074,0,0,0,1374,3,0.003347296,0,0.1256501972675323,dual_text_fixed_params,LanceHez/Blockchain_Army_Knife-wallet-cracker-with-multichian,0
NEG_01075,0,0,0,1375,3,0.0007519069,0,0.1256501972675323,dual_text_fixed_params,lapismyt/ston-fi.py,0
NEG_01079,0,0,0,1379,3,0.001128917,0,0.1256501972675323,dual_text_fixed_params,Laszlo23/deficrown,0
NEG_01080,0,0,0,1380,3,0.0037699006,0,0.1256501972675323,dual_text_fixed_params,latoya4xfishn/spankcb,0
NEG_01091,0,0,0,1391,3,0.0010831909,0,0.1256501972675323,dual_text_fixed_params,leeshuzheng/destroyer,0
NEG_01094,0,0,0,1394,3,0.0011093318,0,0.1256501972675323,dual_text_fixed_params,Lemonio1Official/privateKey,0
NEG_01096,0,0,0,1396,3,0.0006977817,0,0.1256501972675323,dual_text_fixed_params,lephleg/cryptocerts-contracts,0
NEG_01101,0,0,0,1401,3,0.0012742971,0,0.1256501972675323,dual_text_fixed_params,Lilypad-Tech/lilypad,0
NEG_01102,0,0,0,1402,3,0.0013034386,0,0.1256501972675323,dual_text_fixed_params,LinuxKunaL/gigalate-crypto-wallet,0
NEG_01103,0,0,0,1403,3,0.0018568212,0,0.1256501972675323,dual_text_fixed_params,lionello/secp256k1-js,0
NEG_01105,0,0,0,1405,3,0.0012780008,0,0.1256501972675323,dual_text_fixed_params,ljubisnikolic0/NFT-Ethereum-Game,0
NEG_01106,0,0,0,1406,3,0.002043424,0,0.1256501972675323,dual_text_fixed_params,lmacken/binance-chain-python,0
NEG_01108,0,0,0,1408,3,0.00070767204,0,0.1256501972675323,dual_text_fixed_params,lnardon/BlockChainExchange,0
NEG_01125,0,0,0,1425,3,0.0006605057,0,0.1256501972675323,dual_text_fixed_params,lynx-xdg/block,0
NEG_01132,0,0,0,1432,3,0.0010831909,0,0.1256501972675323,dual_text_fixed_params,MaelRibes/Crypto-Kids,0
NEG_01137,0,0,0,1437,3,0.001132055,0,0.1256501972675323,dual_text_fixed_params,ManaanAnsari/MultiSigWallet-Solidity-Foundry,0
NEG_01157,0,0,0,1457,3,0.0006629441,0,0.1256501972675323,dual_text_fixed_params,masa-finance/arcomia-contracts,0
NEG_01159,0,0,0,1459,3,0.0021507423,0,0.1256501972675323,dual_text_fixed_params,mascarenhaswanja/Winter-2020-Introduction-To-Smart-Contracts,0
NEG_01160,0,0,0,1460,3,0.0006378022,0,0.1256501972675323,dual_text_fixed_params,MassDotMoney/nested-core-lego,0
NEG_01163,0,0,0,1463,3,0.00062026596,0,0.1256501972675323,dual_text_fixed_params,matheusroleal/solidity-cookbook,0
NEG_01165,0,0,0,1465,3,0.0009940478,0,0.1256501972675323,dual_text_fixed_params,maticnetwork/pos-commit-poc,0
NEG_01173,0,0,0,1473,3,0.0010652874,0,0.1256501972675323,dual_text_fixed_params,mayurimulay789/cryptocurrency_landingpage,0
NEG_01176,0,0,0,1476,3,0.0011069541,0,0.1256501972675323,dual_text_fixed_params,mdsalman729/ethBucket,0
NEG_01177,0,0,0,1477,3,0.0007263428,0,0.1256501972675323,dual_text_fixed_params,Medicyp/NFT_Marketplace_using_Ethereum_Smart_Contracts,0
NEG_01179,0,0,0,1479,3,0.00088580494,0,0.1256501972675323,dual_text_fixed_params,mehtaAnsh/BlockChainVoting,0
NEG_01187,0,0,0,1487,3,0.0012456189,0,0.1256501972675323,dual_text_fixed_params,Merou1/Blockchain_Edh_cryptoCoin,0
NEG_01189,0,0,0,1489,3,0.0010077999,0,0.1256501972675323,dual_text_fixed_params,merynoseth/moje-wlasne-sui,0
NEG_01192,0,0,0,1492,3,0.0010424238,0,0.1256501972675323,dual_text_fixed_params,metafy-social/web3-smart-contracts,0
NEG_01198,0,0,0,1498,3,0.0014663376,0,0.1256501972675323,dual_text_fixed_params,mhxw/crypto-sdk,0
NEG_01204,0,0,0,1504,3,0.001264384,0,0.1256501972675323,dual_text_fixed_params,microgift/my-web3-projects,0
NEG_01210,0,0,0,1510,3,0.0032634796,0,0.1256501972675323,dual_text_fixed_params,mili12321/misterCrypto,0
NEG_01211,0,0,0,1511,3,0.005181197,0,0.1256501972675323,dual_text_fixed_params,militarandroid/cybersecurity_hack,0
NEG_01216,0,0,0,1516,3,0.0010040227,0,0.1256501972675323,dual_text_fixed_params,MitchPierias/advanced-eos-examples,0
NEG_01222,0,0,0,1522,3,0.0041465233,0,0.1256501972675323,dual_text_fixed_params,modagavr/pancake-wizard,0
NEG_01226,0,0,0,1526,3,0.0011085639,0,0.1256501972675323,dual_text_fixed_params,mohitchandel/treasury-contract,0
NEG_01229,0,0,0,1529,3,0.0007788523,0,0.1256501972675323,dual_text_fixed_params,mokshyaprotocol/aptos-nft-random-mint,0
NEG_01244,0,0,0,1544,3,0.06298351,0,0.1256501972675323,dual_text_fixed_params,mrfomoweb3/nft-wallet-tracker,1
NEG_01245,0,0,0,1545,3,0.0014752138,0,0.1256501972675323,dual_text_fixed_params,MrinalSingh04/solidity-production-contracts,0
NEG_01261,0,0,0,1561,3,0.0013174671,0,0.1256501972675323,dual_text_fixed_params,multiversx/mx-sdk-dapp-sc-explorer,0
NEG_01271,0,0,0,1571,3,0.0027973347,0,0.1256501972675323,dual_text_fixed_params,mycelium-com/wallet-android,0
NEG_01283,0,0,0,1583,3,0.001104344,0,0.1256501972675323,dual_text_fixed_params,nashidahmed/registry-core,0
NEG_01289,0,0,0,1589,3,0.0015100023,0,0.1256501972675323,dual_text_fixed_params,NCRadtke00/Web3CryptoExchange,0
NEG_01290,0,0,0,1590,3,0.0005895127,0,0.1256501972675323,dual_text_fixed_params,ndsvw/Ethereum-Web3-SmartContract-HelloWorld,0
NEG_01292,0,0,0,1592,3,0.0013481382,0,0.1256501972675323,dual_text_fixed_params,nedasma/solidity-vuln-tests,0
NEG_01298,0,0,0,1598,3,0.00093568,0,0.1256501972675323,dual_text_fixed_params,net2devcrypto/Soroban-NextJS-Vote-dApp-with-Freighter,0
NEG_01299,0,0,0,1599,3,0.00067604193,0,0.1256501972675323,dual_text_fixed_params,NetSepio/evmcontracts,0
NEG_01301,0,0,0,1601,3,0.09827182,0,0.1256501972675323,dual_text_fixed_params,Neurproject/NeurProjects,1
NEG_01303,0,0,0,1603,3,0.00069454574,0,0.1256501972675323,dual_text_fixed_params,Nexis-Network/nexis-network,0
NEG_01313,0,0,0,1613,3,0.0010793678,0,0.1256501972675323,dual_text_fixed_params,nicolasdelira/Projeto-de-cria-a-de-carteiras-bitcoin-na-testnet,0
NEG_01317,0,0,0,1617,3,0.00075550575,0,0.1256501972675323,dual_text_fixed_params,nikunjtilva/cryptocoin-test-faucet-frontend,0
NEG_01323,0,0,0,1623,3,0.049007837,0,0.1256501972675323,dual_text_fixed_params,nirholas/lyra-web3-playground,1
NEG_01328,0,0,0,1628,3,0.0029129274,0,0.1256501972675323,dual_text_fixed_params,Niweera/opensear,0
NEG_01334,0,0,0,1634,3,0.00077446795,0,0.1256501972675323,dual_text_fixed_params,NodeFactoryIo/solidity-node-docker-starter,0
NEG_01336,0,0,0,1636,3,0.0015396196,0,0.1256501972675323,dual_text_fixed_params,noman-land/relike,0
NEG_01340,0,0,0,1640,3,0.0022056797,0,0.1256501972675323,dual_text_fixed_params,Novus-Tech-LLC/Casino-Games,0
NEG_01342,0,0,0,1642,3,0.0007923881,0,0.1256501972675323,dual_text_fixed_params,nshmadhani/zkNFT,0
NEG_01344,0,0,0,1644,3,0.0011004972,0,0.1256501972675323,dual_text_fixed_params,null-none/django-eth-fields,0
NEG_01355,0,0,0,1655,3,0.0006601385,0,0.1256501972675323,dual_text_fixed_params,ogDAO/Optino,0
NEG_01361,0,0,0,1661,3,0.0008949238,0,0.1256501972675323,dual_text_fixed_params,okx/go-wallet-sdk,0
NEG_01364,0,0,0,1664,3,0.0005834556,0,0.1256501972675323,dual_text_fixed_params,olegerr/currency,0
NEG_01370,0,0,0,1670,3,0.0013309784,0,0.1256501972675323,dual_text_fixed_params,omsaraykar/crypto-wallet,0
NEG_01378,0,0,0,1678,3,0.0010831909,0,0.1256501972675323,dual_text_fixed_params,oparex/crypto_trader,0
NEG_01379,0,0,0,1679,3,0.0019260756,0,0.1256501972675323,dual_text_fixed_params,opencodeiiita/CryptoWallet,0
NEG_01380,0,0,0,1680,3,0.0014852309,0,0.1256501972675323,dual_text_fixed_params,opencodeiiita/Learning-Smart-Contracts,0
NEG_01393,0,0,0,1693,3,0.0010252998,0,0.1256501972675323,dual_text_fixed_params,oritwoen/ubichain,0
NEG_01412,0,0,0,1712,3,0.0011281569,0,0.1256501972675323,dual_text_fixed_params,parsaaba/FukiPay,0
NEG_01414,0,0,0,1714,3,0.0010596325,0,0.1256501972675323,dual_text_fixed_params,pat3icki/ExzoCoin-2-0,0
NEG_01417,0,0,0,1717,3,0.0017458824,0,0.1256501972675323,dual_text_fixed_params,paulgconlon/blockchain-solidity-multi-sig-wallet,0
NEG_01419,0,0,0,1719,3,0.0007635269,0,0.1256501972675323,dual_text_fixed_params,paulmillr/noble-curves,0
NEG_01446,0,0,0,1746,3,0.002702614,0,0.1256501972675323,dual_text_fixed_params,pmontaguevans/ethereum-angular6-cryptogap,0
NEG_01447,0,0,0,1747,3,0.00081184745,0,0.1256501972675323,dual_text_fixed_params,Pobepto/walle,0
NEG_01448,0,0,0,1748,3,0.0012017328,0,0.1256501972675323,dual_text_fixed_params,pointbiz/bitaddress.org,0
NEG_01460,0,0,0,1760,3,0.0010831909,0,0.1256501972675323,dual_text_fixed_params,prashantsingh55/ERC20-Tokens,0
NEG_01463,0,0,0,1763,3,0.0011093318,0,0.1256501972675323,dual_text_fixed_params,pratikshappai/cryptos,0
NEG_01469,0,0,0,1769,3,0.00074915757,0,0.1256501972675323,dual_text_fixed_params,ProgrammingPirates/Free_NFT_Drawing,0
NEG_01471,0,0,0,1771,3,0.0015020388,0,0.1256501972675323,dual_text_fixed_params,ProjectOpenSea/nft-tutorial,0
NEG_01481,0,0,0,1781,3,0.002430025,0,0.1256501972675323,dual_text_fixed_params,pysznybimber/BASE-crypto-chain-killer,0
NEG_01490,0,0,0,1790,3,0.001163909,0,0.1256501972675323,dual_text_fixed_params,QuanTumfuryxl/ethereum-arbitrage-suite-1,0
NEG_01493,0,0,0,1793,3,0.0010527691,0,0.1256501972675323,dual_text_fixed_params,Quillhash/QuillAudit_smart_contract_audit_Reports,0
NEG_01501,0,0,0,1801,3,0.00071140146,0,0.1256501972675323,dual_text_fixed_params,rafaelfgx/Blockchain,0
NEG_01503,0,0,0,1803,3,0.00075652834,0,0.1256501972675323,dual_text_fixed_params,raft-fi/contracts,0
NEG_01505,0,0,0,1805,3,0.0006438817,0,0.1256501972675323,dual_text_fixed_params,Raiden1411/zabi,0
NEG_01507,0,0,0,1807,3,0.002055972,0,0.1256501972675323,dual_text_fixed_params,rainbow-me/rainbowkit,0
NEG_01510,0,0,0,1810,3,0.0007360472,0,0.1256501972675323,dual_text_fixed_params,Rajeshwarkanawat/CryptoWallet,0
NEG_01512,0,0,0,1812,3,0.008495793,0,0.1256501972675323,dual_text_fixed_params,Rami8612/liquidity-orchestrator,0
NEG_01524,0,0,0,1824,3,0.00076906575,0,0.1256501972675323,dual_text_fixed_params,rbubyr777/Ethereum,0
NEG_01532,0,0,0,1832,3,0.00077379926,0,0.1256501972675323,dual_text_fixed_params,RektifyAI/attack-playbook,0
NEG_01543,0,0,0,1843,3,0.0009009182,0,0.1256501972675323,dual_text_fixed_params,rgab1508/cryptoTSEC,0
NEG_01547,0,0,0,1847,3,0.00086175214,0,0.1256501972675323,dual_text_fixed_params,RigoBlock/v3-contracts,0
NEG_01548,0,0,0,1848,3,0.0005628891,0,0.1256501972675323,dual_text_fixed_params,risc0/risc0-ethereum,0
NEG_01550,0,0,0,1850,3,0.0056840014,0,0.1256501972675323,dual_text_fixed_params,ritikhzb/blockchain_SmartContracts,0
NEG_01551,0,0,0,1851,3,0.0010831909,0,0.1256501972675323,dual_text_fixed_params,ritwik-1994/Blockchain,0
NEG_01552,0,0,0,1852,3,0.0021101616,0,0.1256501972675323,dual_text_fixed_params,riyagoel192/Define-Blockchain-Python-,0
NEG_01553,0,0,0,1853,3,0.002149026,0,0.1256501972675323,dual_text_fixed_params,rk98991439/Cryptocurrency-Wallet,0
NEG_01559,0,0,0,1859,3,0.0013496194,0,0.1256501972675323,dual_text_fixed_params,Robin2164/nft1,0
NEG_01561,0,0,0,1861,3,0.002245264,0,0.1256501972675323,dual_text_fixed_params,rocksanen/crypto_smart_contracts,0
NEG_01562,0,0,0,1862,3,0.00076019525,0,0.1256501972675323,dual_text_fixed_params,RocktimRajkumar/CrowdFunding-Ethereum,0
NEG_01565,0,0,0,1865,3,0.0010040227,0,0.1256501972675323,dual_text_fixed_params,rohanranjan25061996/Wallet,0
NEG_01566,0,0,0,1866,3,0.073689885,0,0.1256501972675323,dual_text_fixed_params,Rohit04052004/aave-credit-scoring-analysis,1
NEG_01571,0,0,0,1871,3,0.001529037,0,0.1256501972675323,dual_text_fixed_params,RoseBayConsulting/Titan,0
NEG_01574,0,0,0,1874,3,0.00065606134,0,0.1256501972675323,dual_text_fixed_params,rpardela/SmartContractAPIGenerator,0
NEG_01580,0,0,0,1880,3,0.0033357558,0,0.1256501972675323,dual_text_fixed_params,rusty-web3-developer/Solana-Bitcoin-NFT-Dex-Defi-P2EGame-SmartContract-Web3-Projects,0
NEG_01586,0,0,0,1886,3,0.00079793914,0,0.1256501972675323,dual_text_fixed_params,Ryu204/crypto_rocket,0
NEG_01592,0,0,0,1892,3,0.0010282922,0,0.1256501972675323,dual_text_fixed_params,saddle-finance/saddle-frontend,0
NEG_01607,0,0,0,1907,3,0.0006381256,0,0.1256501972675323,dual_text_fixed_params,sanyamdogra/crypto-wall-et,0
NEG_01608,0,0,0,1908,3,0.00063955766,0,0.1256501972675323,dual_text_fixed_params,SarathAdhi/Online_Poll_Creator_Blockchain,0
NEG_01609,0,0,0,1909,3,0.0012131106,0,0.1256501972675323,dual_text_fixed_params,satansdeer/ethereum-token-tutorial,0
NEG_01613,0,0,0,1913,3,0.004848402,0,0.1256501972675323,dual_text_fixed_params,sava2109/Cryptography_project_PKI_smart_contract,0
NEG_01619,0,0,0,1919,3,0.0059162322,0,0.1256501972675323,dual_text_fixed_params,scholtz/wallet,0
NEG_01625,0,0,0,1925,3,0.0010831909,0,0.1256501972675323,dual_text_fixed_params,SebastienLeger02/CryptoZombies,0
NEG_01627,0,0,0,1927,3,0.0007894378,0,0.1256501972675323,dual_text_fixed_params,sebitokazu/wave-and-token-ranking-dApp,0
NEG_01640,0,0,0,1940,3,0.0009747541,0,0.1256501972675323,dual_text_fixed_params,shaikat010/Gamefi-Chess-Dapp,0
NEG_01642,0,0,0,1942,3,0.0010880029,0,0.1256501972675323,dual_text_fixed_params,Shakedash-dev/ReverseBlockChainShell,0
NEG_01652,0,0,0,1952,3,0.001129641,0,0.1256501972675323,dual_text_fixed_params,ShivankK26/Solidity-Smart-Contracts,0
NEG_01657,0,0,0,1957,3,0.0028332316,0,0.1256501972675323,dual_text_fixed_params,shriya-upadhyay/fight-on-chain,0
NEG_01658,0,0,0,1958,3,0.0008218893,0,0.1256501972675323,dual_text_fixed_params,shubhamguptaiitd/bitcoin,0
NEG_01662,0,0,0,1962,3,0.0006921395,0,0.1256501972675323,dual_text_fixed_params,sidebetxyz/crypto-chess,0
NEG_01666,0,0,0,1966,3,0.00069295295,0,0.1256501972675323,dual_text_fixed_params,simplito/elliptic-php,0
NEG_01667,0,0,0,1967,3,0.00082377804,0,0.1256501972675323,dual_text_fixed_params,SimSimButDifferent/hardhat-defi-fcc,0
NEG_01668,0,0,0,1968,3,0.0013257507,0,0.1256501972675323,dual_text_fixed_params,sincerely91/simple-defi,0
NEG_01669,0,0,0,1969,3,0.00053777563,0,0.1256501972675323,dual_text_fixed_params,sirlopu/defi-stake-yield-brownie,0
NEG_01670,0,0,0,1970,3,0.0019932806,0,0.1256501972675323,dual_text_fixed_params,SkSamreen3/Organ-Matching-Transplantation-Blockchain-,0
NEG_01689,0,0,0,1989,3,0.0005834556,0,0.1256501972675323,dual_text_fixed_params,snannamu/E-Voting-System-Based-on-Ethereum-Blockchain-,0
NEG_01690,0,0,0,1990,3,0.0007922099,0,0.1256501972675323,dual_text_fixed_params,sntsabode/daisweb3.ts,0
NEG_01703,0,0,0,2003,3,0.0023562473,0,0.1256501972675323,dual_text_fixed_params,SoshiCrmProject/btcyield-platform,0
NEG_01708,0,0,0,2008,3,0.0024177765,0,0.1256501972675323,dual_text_fixed_params,spesmilo/electrum,0
NEG_01716,0,0,0,2016,3,0.00090959796,0,0.1256501972675323,dual_text_fixed_params,sripwoud/ethernaut,0
NEG_01719,0,0,0,2019,3,0.00062536664,0,0.1256501972675323,dual_text_fixed_params,Stacktical/stacktical-dsla-developer-toolkit,0
NEG_01720,0,0,0,2020,3,0.0010487166,0,0.1256501972675323,dual_text_fixed_params,stater-co/nft-lending-contracts,0
NEG_01737,0,0,0,2037,3,0.0007952736,0,0.1256501972675323,dual_text_fixed_params,sumit03guha/smart-contracts-development-boilerplate,0
NEG_01744,0,0,0,2044,3,0.0008442807,0,0.1256501972675323,dual_text_fixed_params,sunshineioxzc/nft-sales-tracking-bot,0
NEG_01756,0,0,0,2056,3,0.00060270616,0,0.1256501972675323,dual_text_fixed_params,swaponline/MultiCurrencyWallet,0
NEG_01761,0,0,0,2061,3,0.0012634221,0,0.1256501972675323,dual_text_fixed_params,Swizec/blockchain-redux,0
NEG_01764,0,0,0,2064,3,0.003860865,0,0.1256501972675323,dual_text_fixed_params,sxnuru/FentaCode,0
NEG_01767,0,0,0,2067,3,0.0017099198,0,0.1256501972675323,dual_text_fixed_params,Synthetixio/SIPs,0
NEG_01778,0,0,0,2078,3,0.00062661327,0,0.1256501972675323,dual_text_fixed_params,tanujajoshi1/solidityContracts,0
NEG_01779,0,0,0,2079,3,0.00070947426,0,0.1256501972675323,dual_text_fixed_params,TanujJha/OpenD-NFT-Marketplace,0
NEG_01784,0,0,0,2084,3,0.001919326,0,0.1256501972675323,dual_text_fixed_params,TasmeTime/yt-react-next-ui-crypto-nft,0
NEG_01786,0,0,0,2086,3,0.021182247,0,0.1256501972675323,dual_text_fixed_params,tayyabappoly/bitcoin-wallet-that-uses-Neutrino,0
NEG_01791,0,0,0,2091,3,0.0016817902,0,0.1256501972675323,dual_text_fixed_params,teefeh-07/DefiDungeons,0
NEG_01803,0,0,0,2103,3,0.0030740793,0,0.1256501972675323,dual_text_fixed_params,The-Poolz/LockDealNFT.Builders,0
NEG_01811,0,0,0,2111,3,0.00076566474,0,0.1256501972675323,dual_text_fixed_params,TheODDYSEY/Vending-Machine-Smart-Contract,0
NEG_01812,0,0,0,2112,3,0.0006429085,0,0.1256501972675323,dual_text_fixed_params,theshefer/NFT-lazy-minting,0
NEG_01815,0,0,0,2115,3,0.0020604853,0,0.1256501972675323,dual_text_fixed_params,thoangln/Blockchain-SmartContract,0
NEG_01817,0,0,0,2117,3,0.00092397217,0,0.1256501972675323,dual_text_fixed_params,threshold-network/tbtc-v2,0
NEG_01824,0,0,0,2124,3,0.000814165,0,0.1256501972675323,dual_text_fixed_params,TJ-2004/dechai,0
NEG_01828,0,0,0,2128,3,0.004240467,0,0.1256501972675323,dual_text_fixed_params,tomerweller/exp-tempo-clones,0
NEG_01833,0,0,0,2133,3,0.0037805426,0,0.1256501972675323,dual_text_fixed_params,Topten1004/DoubleDice-Platform,0
NEG_01840,0,0,0,2140,3,0.0020441106,0,0.1256501972675323,dual_text_fixed_params,tradingstrategy-ai/trade-executor,0
NEG_01854,0,0,0,2154,3,0.029456096,0,0.1256501972675323,dual_text_fixed_params,TShanku/linked-chain,0
NEG_01856,0,0,0,2156,3,0.0008827922,0,0.1256501972675323,dual_text_fixed_params,tunnckoCore/bitcoin-connect,0
NEG_01857,0,0,0,2157,3,0.000782423,0,0.1256501972675323,dual_text_fixed_params,turbo-eth/template-bank-app,0
NEG_01859,0,0,0,2159,3,0.0026022904,0,0.1256501972675323,dual_text_fixed_params,TW2541/Solidity_Web3_Practice_Python,0
NEG_01870,0,0,0,2170,3,0.0047955494,0,0.1256501972675323,dual_text_fixed_params,uhsr/CryptoSecurityToolkit,0
NEG_01872,0,0,0,2172,3,0.0034394437,0,0.1256501972675323,dual_text_fixed_params,uhsr/NftMetadataIndexerTechNext,0
NEG_01879,0,0,0,2179,3,0.0015348281,0,0.1256501972675323,dual_text_fixed_params,UssCalSst41/Xyn-SeedWatcher-Crypto-Balance-Checker-Searcher-MultiCoin,0
NEG_01889,0,0,0,2189,3,0.0016864608,0,0.1256501972675323,dual_text_fixed_params,vdsalexandre/CryptoZombies,0
NEG_01892,0,0,0,2192,3,0.00052804156,0,0.1256501972675323,dual_text_fixed_params,ved-et9/Blockchain_web3,0
NEG_01897,0,0,0,2197,3,0.0009930402,0,0.1256501972675323,dual_text_fixed_params,VeloraDEX/sdk,0
NEG_01910,0,0,0,2210,3,0.013915257,0,0.1256501972675323,dual_text_fixed_params,vilicvane/megnat,0
NEG_01911,0,0,0,2211,3,0.0025697018,0,0.1256501972675323,dual_text_fixed_params,vinnyhoward/rn-crypto-wallet,0
NEG_01912,0,0,0,2212,3,0.0010247134,0,0.1256501972675323,dual_text_fixed_params,viperadnan-git/blockdoc,0
NEG_01916,0,0,0,2216,3,0.0025409032,0,0.1256501972675323,dual_text_fixed_params,VishviThrimavithana/crypto-arbitrage-bot,0
NEG_01920,0,0,0,2220,3,0.000874546,0,0.1256501972675323,dual_text_fixed_params,VitalR/NFTLazyMinting,0
NEG_01921,0,0,0,2221,3,0.0006328144,0,0.1256501972675323,dual_text_fixed_params,VitalR/Uniswap,0
NEG_01928,0,0,0,2228,3,0.0006775315,0,0.1256501972675323,dual_text_fixed_params,vjgaur/NFT-Ethereum-Polygon-Marketplace,0
NEG_01930,0,0,0,2230,3,0.0035428281,0,0.1256501972675323,dual_text_fixed_params,vmeazevedo/myCrypto_MercadoBitcoin,0
NEG_01943,0,0,0,2243,3,0.0020304315,0,0.1256501972675323,dual_text_fixed_params,Walletika/walletika-contracts,0
NEG_01950,0,0,0,2250,3,0.0008537141,0,0.1256501972675323,dual_text_fixed_params,wardu/Crypto-Resources,0
NEG_01953,0,0,0,2253,3,0.0040706675,0,0.1256501972675323,dual_text_fixed_params,wcoelho/BitcoinMinerPrototype,0
NEG_01959,0,0,0,2259,3,0.0005600162,0,0.1256501972675323,dual_text_fixed_params,web3brasil/web3brasil,0
NEG_01962,0,0,0,2262,3,0.0058758133,0,0.1256501972675323,dual_text_fixed_params,web3gamesofficial/web3games-contract-solidity,0
NEG_01963,0,0,0,2263,3,0.0008192788,0,0.1256501972675323,dual_text_fixed_params,web3inventor/web3-wallet-brute-force-cracking,0
NEG_01970,0,0,0,2270,3,0.00088767294,0,0.1256501972675323,dual_text_fixed_params,wencio/python_solidity_Web3_examples,0
NEG_01971,0,0,0,2271,3,0.25832736,1,0.1256501972675323,dual_text_fixed_params,westhoronhp15/HOW-TO-MINING-BTC-2025,1
NEG_01979,0,0,0,2279,3,0.0017348388,0,0.1256501972675323,dual_text_fixed_params,wizardsardine/liana,0
NEG_01980,0,0,0,2280,3,0.0015173649,0,0.1256501972675323,dual_text_fixed_params,wpdas/kibi-greeting-contract,0
NEG_01981,0,0,0,2281,3,0.00054244755,0,0.1256501972675323,dual_text_fixed_params,wsdt/WavectToken,0
NEG_01985,0,0,0,2285,3,0.001852227,0,0.1256501972675323,dual_text_fixed_params,xabzxbt/brass-hands,0
NEG_01988,0,0,0,2288,3,0.003265394,0,0.1256501972675323,dual_text_fixed_params,xaviersins/CryptoMesh,0
NEG_01992,0,0,0,2292,3,0.0017851271,0,0.1256501972675323,dual_text_fixed_params,xeoneux/generation-blockchain-crypto-tracker,0
NEG_02003,0,0,0,2303,3,0.0006675648,0,0.1256501972675323,dual_text_fixed_params,y-chan/handmade_blockchain,0
NEG_02006,0,0,0,2306,3,0.00079095515,0,0.1256501972675323,dual_text_fixed_params,yann1ckv/Marketplace_dapp,0
NEG_02012,0,0,0,2312,3,0.0010472145,0,0.1256501972675323,dual_text_fixed_params,YassineMharrek/Phenicia-Metaverse,0
NEG_02022,0,0,0,2322,3,0.0006937119,0,0.1256501972675323,dual_text_fixed_params,yogdaan/blockchain-certification,0
NEG_02025,0,0,0,2325,3,0.0009465633,0,0.1256501972675323,dual_text_fixed_params,YosephKS/moralis-opensea-plugins,0
NEG_02028,0,0,0,2328,3,0.00073648646,0,0.1256501972675323,dual_text_fixed_params,ysongh/blockchain-on-restaurant-client,0
NEG_02032,0,0,0,2332,3,0.00060055987,0,0.1256501972675323,dual_text_fixed_params,yuzushioh/EthereumKit,0
NEG_02038,0,0,0,2338,3,0.00083341886,0,0.1256501972675323,dual_text_fixed_params,zeriontech/defi-sdk-js,0
NEG_02050,0,0,0,2350,3,0.00064124767,0,0.1256501972675323,dual_text_fixed_params,ZuInnoTe/spark-hadoopcryptoledger-ds,0
NEG_02051,0,0,0,2351,3,0.016263051,0,0.1256501972675323,dual_text_fixed_params,Zynora06JaA7/Arb-Script,0
F1_pumpfun_clone,1,1,0,0,4,0.8147008,1,0.1256501972675323,dual_text_fixed_params,2723799947qq2022/solana-pumpfun-bot,1
F1_pumpfun_clone,1,1,0,1,4,0.82987803,1,0.1256501972675323,dual_text_fixed_params,2kwkkk/solana-pumpfun-bot,1
F1_pumpfun_clone,1,1,0,2,4,0.8147008,1,0.1256501972675323,dual_text_fixed_params,790659193qqch/solana-pumpfun-bot,1
F1_pumpfun_clone,1,1,0,3,4,0.8147008,1,0.1256501972675323,dual_text_fixed_params,7arlystar/solana-pumpfun-bot,1
F1_pumpfun_clone,1,1,0,4,4,0.8147008,1,0.1256501972675323,dual_text_fixed_params,918715c83/solana-pumpfun-bot,1
F1_pumpfun_clone,1,1,0,6,4,0.8147008,1,0.1256501972675323,dual_text_fixed_params,AmirhBeigi7zch6f/solana-pumpfun-bot,1
F1_pumpfun_clone,1,1,0,8,4,0.8348795,1,0.1256501972675323,dual_text_fixed_params,asmaamohamed0264/solana-pumpfun-bot,1
F1_pumpfun_clone,1,1,0,9,4,0.82987803,1,0.1256501972675323,dual_text_fixed_params,bog-us/solana-pumpfun-bot,1
F1_pumpfun_clone,1,1,0,12,4,0.8147008,1,0.1256501972675323,dual_text_fixed_params,edparker89/solana-pumpfun-bot,1
F1_pumpfun_clone,1,1,0,16,4,0.82987803,1,0.1256501972675323,dual_text_fixed_params,ii4272/solana-pumpfun-bot,1
F1_pumpfun_clone,1,1,0,17,4,0.8147008,1,0.1256501972675323,dual_text_fixed_params,ijtye/solana-pumpfun-bot,1
F1_pumpfun_clone,1,1,0,18,4,0.8090756,1,0.1256501972675323,dual_text_fixed_params,iwanjunaids/solana-pumpfun-bot,1
F1_pumpfun_clone,1,1,0,19,4,0.8147008,1,0.1256501972675323,dual_text_fixed_params,janmalece/solana-pumpfun-bot,1
F1_pumpfun_clone,1,1,0,20,4,0.8147008,1,0.1256501972675323,dual_text_fixed_params,kay2x4/solana-pumpfun-bot,1
F1_pumpfun_clone,1,1,0,22,4,0.8147008,1,0.1256501972675323,dual_text_fixed_params,lan666as2dfur/solana-pumpfun-bot,1
F1_pumpfun_clone,1,1,0,23,4,0.75945425,1,0.1256501972675323,dual_text_fixed_params,loveccat/solana-pumpfun-bot,1
F1_pumpfun_clone,1,1,0,24,4,0.8147008,1,0.1256501972675323,dual_text_fixed_params,lukgria/solana-pumpfun-bot,1
F1_pumpfun_clone,1,1,0,25,4,0.8147008,1,0.1256501972675323,dual_text_fixed_params,mdemetrial26rvk9w/solana-pumpfun-bot,1
F1_pumpfun_clone,1,1,0,31,4,0.82987803,1,0.1256501972675323,dual_text_fixed_params,oumengwas/solana-pumpfun-bot,1
F1_pumpfun_clone,1,1,0,32,4,0.8147008,1,0.1256501972675323,dual_text_fixed_params,Rain-Rave5/solana-pumpfun-bot,1
F1_pumpfun_clone,1,1,0,38,4,0.8147008,1,0.1256501972675323,dual_text_fixed_params,wc64561673347375/solana-pumpfun-bot,1
F1_pumpfun_clone,1,1,0,39,4,0.82987803,1,0.1256501972675323,dual_text_fixed_params,wj6942/solana-pumpfun-bot,1
F1_pumpfun_clone,1,1,0,40,4,0.8147008,1,0.1256501972675323,dual_text_fixed_params,xnaotutu77765/solana-pumpfun-bot,1
F1_pumpfun_clone,1,1,0,42,4,0.8147008,1,0.1256501972675323,dual_text_fixed_params,yvagSirKt/solana-pumpfun-bot,1
F1_pumpfun_clone,1,0,1,45,4,0.81155956,1,0.1256501972675323,dual_text_fixed_params,2723799947qq2022t/solana-pumpfun-bot,1
F1_pumpfun_clone,1,0,1,46,4,0.82693946,1,0.1256501972675323,dual_text_fixed_params,2kwkk/solana-pumpfun-bot,1
F1_pumpfun_clone,1,0,1,47,4,0.81155956,1,0.1256501972675323,dual_text_fixed_params,790659193qqch2/solana-pumpfun-bot,1
F1_pumpfun_clone,1,0,1,48,4,0.8147008,1,0.1256501972675323,dual_text_fixed_params,7arlysta/solana-pumpfun-bot,1
F1_pumpfun_clone,1,0,1,49,4,0.81155956,1,0.1256501972675323,dual_text_fixed_params,918715c8/solana-pumpfun-bot,1
F1_pumpfun_clone,1,0,1,50,4,0.8147008,1,0.1256501972675323,dual_text_fixed_params,AmirhBeigi7zch6ff/solana-pumpfun-bot,1
F1_pumpfun_clone,1,0,1,51,4,0.8348795,1,0.1256501972675323,dual_text_fixed_params,asmaamohamed0264a/solana-pumpfun-bot,1
F1_pumpfun_clone,1,0,1,52,4,0.82987803,1,0.1256501972675323,dual_text_fixed_params,bogus/solana-pumpfun-bot,1
F1_pumpfun_clone,1,0,1,53,4,0.8147008,1,0.1256501972675323,dual_text_fixed_params,edparker89t/solana-pumpfun-bot,1
F1_pumpfun_clone,1,0,1,54,4,0.82987803,1,0.1256501972675323,dual_text_fixed_params,ii427/solana-pumpfun-bot,1
F1_pumpfun_clone,1,0,1,55,4,0.8147008,1,0.1256501972675323,dual_text_fixed_params,ijty/solana-pumpfun-bot,1
F1_pumpfun_clone,1,0,1,56,4,0.8090756,1,0.1256501972675323,dual_text_fixed_params,iwanjunaid/solana-pumpfun-bot,1
F1_pumpfun_clone,1,0,1,57,4,0.8147008,1,0.1256501972675323,dual_text_fixed_params,janmalece2/solana-pumpfun-bot,1
F1_pumpfun_clone,1,0,1,58,4,0.81155956,1,0.1256501972675323,dual_text_fixed_params,kay2x42/solana-pumpfun-bot,1
F1_pumpfun_clone,1,0,1,59,4,0.8147008,1,0.1256501972675323,dual_text_fixed_params,lan666as2dfu/solana-pumpfun-bot,1
F1_pumpfun_clone,1,0,1,60,4,0.7556573,1,0.1256501972675323,dual_text_fixed_params,loveccat2/solana-pumpfun-bot,1
F1_pumpfun_clone,1,0,1,61,4,0.81155956,1,0.1256501972675323,dual_text_fixed_params,lukgrial/solana-pumpfun-bot,1
F1_pumpfun_clone,1,0,1,62,4,0.81155956,1,0.1256501972675323,dual_text_fixed_params,mdemetrial26rvk9wz/solana-pumpfun-bot,1
F1_pumpfun_clone,1,0,1,63,4,0.82693946,1,0.1256501972675323,dual_text_fixed_params,oumengwas2/solana-pumpfun-bot,1
F1_pumpfun_clone,1,0,1,64,4,0.8147008,1,0.1256501972675323,dual_text_fixed_params,RainRave5/solana-pumpfun-bot,1
F1_pumpfun_clone,1,0,1,65,4,0.8147008,1,0.1256501972675323,dual_text_fixed_params,wc645616733473752/solana-pumpfun-bot,1
F1_pumpfun_clone,1,0,1,66,4,0.82693946,1,0.1256501972675323,dual_text_fixed_params,wj69422/solana-pumpfun-bot,1
F1_pumpfun_clone,1,0,1,67,4,0.81155956,1,0.1256501972675323,dual_text_fixed_params,xnaotutu777652/solana-pumpfun-bot,1
F1_pumpfun_clone,1,0,1,68,4,0.8147008,1,0.1256501972675323,dual_text_fixed_params,yvagSirKt6/solana-pumpfun-bot,1
F1_pumpfun_clone,1,0,1,69,4,0.8147008,1,0.1256501972675323,dual_text_fixed_params,2723799947qq202/solana-pumpfun-bot,1
F1_pumpfun_clone,1,0,1,70,4,0.82693946,1,0.1256501972675323,dual_text_fixed_params,2kwkkk2/solana-pumpfun-bot,1
F1_pumpfun_clone,1,0,1,71,4,0.8147008,1,0.1256501972675323,dual_text_fixed_params,790659193qqch3/solana-pumpfun-bot,1
F1_pumpfun_clone,1,0,1,72,4,0.8147008,1,0.1256501972675323,dual_text_fixed_params,7arlystart/solana-pumpfun-bot,1
F1_pumpfun_clone,1,0,1,73,4,0.81155956,1,0.1256501972675323,dual_text_fixed_params,918715c832/solana-pumpfun-bot,1
F1_pumpfun_clone,1,0,1,74,4,0.8147008,1,0.1256501972675323,dual_text_fixed_params,AmirhBeigi7zch6f2/solana-pumpfun-bot,1
F1_pumpfun_clone,1,0,1,75,4,0.8348795,1,0.1256501972675323,dual_text_fixed_params,asmaamohamed026/solana-pumpfun-bot,1
F1_pumpfun_clone,1,0,1,76,4,0.82987803,1,0.1256501972675323,dual_text_fixed_params,bogusyc/solana-pumpfun-bot,1
F1_pumpfun_clone,1,0,1,77,4,0.81155956,1,0.1256501972675323,dual_text_fixed_params,edparker8/solana-pumpfun-bot,1
F1_pumpfun_clone,1,0,1,78,4,0.82987803,1,0.1256501972675323,dual_text_fixed_params,ii4273/solana-pumpfun-bot,1
F1_pumpfun_clone,1,0,1,79,4,0.8147008,1,0.1256501972675323,dual_text_fixed_params,ijtye2/solana-pumpfun-bot,1
F1_pumpfun_clone,1,0,1,80,4,0.8058617,1,0.1256501972675323,dual_text_fixed_params,iwanjunaidst/solana-pumpfun-bot,1
NEG_00004,0,0,0,304,4,0.04246529,0,0.1256501972675323,dual_text_fixed_params,0x-Crisbanks/panda-Web3-smart-contract-auditor-,1
NEG_00009,0,0,0,309,4,0.0014235149,0,0.1256501972675323,dual_text_fixed_params,0xDeadList/0xDeadList,0
NEG_00011,0,0,0,311,4,0.00047845868,0,0.1256501972675323,dual_text_fixed_params,0xefrain/Bsc-bootcamp,0
NEG_00016,0,0,0,316,4,0.004816205,0,0.1256501972675323,dual_text_fixed_params,0xhappydev/evm-explorer-uniswap,0
NEG_00017,0,0,0,317,4,0.0014478719,0,0.1256501972675323,dual_text_fixed_params,0xinevitable/bento,0
NEG_00019,0,0,0,319,4,0.0008312684,0,0.1256501972675323,dual_text_fixed_params,0xJonaseb11/Meta-suite,0
NEG_00022,0,0,0,322,4,0.0010420018,0,0.1256501972675323,dual_text_fixed_params,0xLabs-Org/DeHarvest,0
NEG_00028,0,0,0,328,4,0.00038300196,0,0.1256501972675323,dual_text_fixed_params,0xRajkumar/damn-vulnerable-defi-solutions,0
NEG_00035,0,0,0,335,4,0.0014140859,0,0.1256501972675323,dual_text_fixed_params,10gic/vanitygen-plusplus,0
NEG_00036,0,0,0,336,4,0.0005113239,0,0.1256501972675323,dual_text_fixed_params,1200wd/bitcoinlib,0
NEG_00038,0,0,0,338,4,0.0030610207,0,0.1256501972675323,dual_text_fixed_params,1Crazymoney/ethNearMarketplace,0
NEG_00046,0,0,0,346,4,0.000690606,0,0.1256501972675323,dual_text_fixed_params,6sl3pt/ethereum-data-analytics,0
NEG_00050,0,0,0,350,4,0.0036309583,0,0.1256501972675323,dual_text_fixed_params,a3igner/dixie-coin,0
NEG_00057,0,0,0,357,4,0.001352434,0,0.1256501972675323,dual_text_fixed_params,aave/governance-crosschain-bridges,0
NEG_00061,0,0,0,361,4,0.0079986155,0,0.1256501972675323,dual_text_fixed_params,abdurrazzak5621/neonops-ai,0
NEG_00062,0,0,0,362,4,0.0033352883,0,0.1256501972675323,dual_text_fixed_params,abhi-rawal/aave_credit_scoring,0
NEG_00075,0,0,0,375,4,0.0013204626,0,0.1256501972675323,dual_text_fixed_params,adameth2900/ETH,0
NEG_00079,0,0,0,379,4,0.001572907,0,0.1256501972675323,dual_text_fixed_params,adilsachwani/web3ForSmartContracts,0
NEG_00089,0,0,0,389,4,0.060410626,0,0.1256501972675323,dual_text_fixed_params,Adrijan-Petek/onchain-nft-art,1
NEG_00090,0,0,0,390,4,0.004206047,0,0.1256501972675323,dual_text_fixed_params,Adrijan-Petek/portfolio-tracker-pnl,0
NEG_00093,0,0,0,393,4,0.00071033015,0,0.1256501972675323,dual_text_fixed_params,adwait2001/Mint-NFT,0
NEG_00108,0,0,0,408,4,0.048547033,0,0.1256501972675323,dual_text_fixed_params,ahmedali8/solspeakai,1
NEG_00114,0,0,0,414,4,0.0015973754,0,0.1256501972675323,dual_text_fixed_params,AidosKuneen/aidos-wallet-v1,0
NEG_00116,0,0,0,416,4,0.003747241,0,0.1256501972675323,dual_text_fixed_params,aiLeonardo/cryptotips,0
NEG_00119,0,0,0,419,4,0.0008536885,0,0.1256501972675323,dual_text_fixed_params,Ajitabh-Kalia/Ethereum-Wallet,0
NEG_00127,0,0,0,427,4,0.0034160255,0,0.1256501972675323,dual_text_fixed_params,akshit0201/Web3-Ethereum,0
NEG_00133,0,0,0,433,4,0.0013677953,0,0.1256501972675323,dual_text_fixed_params,alejoacosta74/ethereum-farming-example,0
NEG_00145,0,0,0,445,4,0.00058221375,0,0.1256501972675323,dual_text_fixed_params,alfonsrv/crypto-tracker,0
NEG_00149,0,0,0,449,4,0.002286751,0,0.1256501972675323,dual_text_fixed_params,aliezzahn/crypto-price-correlation-matrix,0
NEG_00153,0,0,0,453,4,0.0005752208,0,0.1256501972675323,dual_text_fixed_params,alisidaniel/Defi,0
NEG_00154,0,0,0,454,4,0.010525858,0,0.1256501972675323,dual_text_fixed_params,alissonfernandes/bitcoin-wallet,0
NEG_00157,0,0,0,457,4,0.012068865,0,0.1256501972675323,dual_text_fixed_params,aloshai/aequi-monorepo,0
NEG_00159,0,0,0,459,4,0.00050579227,0,0.1256501972675323,dual_text_fixed_params,alpdevcode/ethereum-multisig-wallet,0
NEG_00169,0,0,0,469,4,0.0012126496,0,0.1256501972675323,dual_text_fixed_params,Amr-9/HexHunter,0
NEG_00172,0,0,0,472,4,0.0011699554,0,0.1256501972675323,dual_text_fixed_params,AnalytixAudit/Solidity,0
NEG_00176,0,0,0,476,4,0.0005245561,0,0.1256501972675323,dual_text_fixed_params,andreitoma8/legendary-owls-smart-contract,0
NEG_00180,0,0,0,480,4,0.00048795968,0,0.1256501972675323,dual_text_fixed_params,angelcatanzariti1/web3_py_example,0
NEG_00190,0,0,0,490,4,0.0004371981,0,0.1256501972675323,dual_text_fixed_params,antoniopgs/tangible,0
NEG_00191,0,0,0,491,4,0.0036276889,0,0.1256501972675323,dual_text_fixed_params,anudeeep4/Decentralized-Identity-Project,0
NEG_00217,0,0,0,517,4,0.0029747665,0,0.1256501972675323,dual_text_fixed_params,Arowolokehinde/STX-TIP,0
NEG_00223,0,0,0,523,4,0.00072850776,0,0.1256501972675323,dual_text_fixed_params,arthur0725/CryptoZombie,0
NEG_00234,0,0,0,534,4,0.0008457058,0,0.1256501972675323,dual_text_fixed_params,AshutoshShekharProjects/Blockchain-Solidity,0
NEG_00245,0,0,0,545,4,0.0010190299,0,0.1256501972675323,dual_text_fixed_params,AuxillaryLord/Smart-Contracts,0
NEG_00255,0,0,0,555,4,0.002034484,0,0.1256501972675323,dual_text_fixed_params,azerpas/prescurity-blockchain,0
NEG_00257,0,0,0,557,4,0.00041177508,0,0.1256501972675323,dual_text_fixed_params,Baat-Maan/defiBasic,0
NEG_00263,0,0,0,563,4,0.020158693,0,0.1256501972675323,dual_text_fixed_params,balancer/scaffold-balancer-v3,0
NEG_00264,0,0,0,564,4,0.0003194846,0,0.1256501972675323,dual_text_fixed_params,balive053/blockchainFromScratch,0
NEG_00268,0,0,0,568,4,0.0003810165,0,0.1256501972675323,dual_text_fixed_params,bansaltushar014/Chapter-Solidity,0
NEG_00278,0,0,0,578,4,0.007336813,0,0.1256501972675323,dual_text_fixed_params,beeman/solana-mobile-seeker-genesis-holders,0
NEG_00284,0,0,0,584,4,0.001624022,0,0.1256501972675323,dual_text_fixed_params,benzemeze1-art/nft-rarity-tracker-2,0
NEG_00301,0,0,0,601,4,0.0023790777,0,0.1256501972675323,dual_text_fixed_params,bitcoin-flasher/flasher-smart-contracts,0
NEG_00304,0,0,0,604,4,0.00049425894,0,0.1256501972675323,dual_text_fixed_params,bitcoinaverage/api-integration-examples,0
NEG_00313,0,0,0,613,4,0.0008786287,0,0.1256501972675323,dual_text_fixed_params,blakewood84/react-metamask-medium,0
NEG_00320,0,0,0,620,4,0.0010700505,0,0.1256501972675323,dual_text_fixed_params,Blockchain-for-Developers/sp18-midterm-pt2,0
NEG_00335,0,0,0,635,4,0.001662097,0,0.1256501972675323,dual_text_fixed_params,Bottom-Labs/wallet-core,0
NEG_00338,0,0,0,638,4,0.00032411463,0,0.1256501972675323,dual_text_fixed_params,BraianVaylet/buildspace-epic-nfts-ui,0
NEG_00340,0,0,0,640,4,0.0008339138,0,0.1256501972675323,dual_text_fixed_params,brendanjryan/crypto-keystore-rs,0
NEG_00347,0,0,0,647,4,0.0028183763,0,0.1256501972675323,dual_text_fixed_params,btcsuite/btcwallet,0
NEG_00356,0,0,0,656,4,0.01989572,0,0.1256501972675323,dual_text_fixed_params,Bytez3/MEDiscordBuySell,0
NEG_00357,0,0,0,657,4,0.0017994607,0,0.1256501972675323,dual_text_fixed_params,bzthelmaeddins54/headlee,0
NEG_00369,0,0,0,669,4,0.0008169101,0,0.1256501972675323,dual_text_fixed_params,carlosgauci/crypto-track,0
NEG_00372,0,0,0,672,4,0.00078892795,0,0.1256501972675323,dual_text_fixed_params,catze-labs/jury-dao-web,0
NEG_00373,0,0,0,673,4,0.00072869734,0,0.1256501972675323,dual_text_fixed_params,cawfree/web3-react-native,0
NEG_00386,0,0,0,686,4,0.0019280638,0,0.1256501972675323,dual_text_fixed_params,charlo1492charlo14928/NFT-Yield-Farming,0
NEG_00389,0,0,0,689,4,0.001351018,0,0.1256501972675323,dual_text_fixed_params,chauhan-varun/Account-abstraction,0
NEG_00395,0,0,0,695,4,0.0010182671,0,0.1256501972675323,dual_text_fixed_params,Chirag21/CryptoZombies-solidity-v0.8.16,0
NEG_00396,0,0,0,696,4,0.0005839171,0,0.1256501972675323,dual_text_fixed_params,chjj/mako,0
NEG_00399,0,0,0,699,4,0.041678082,0,0.1256501972675323,dual_text_fixed_params,ChocoChichia/bitcoin-wallet,1
NEG_00407,0,0,0,707,4,0.000799095,0,0.1256501972675323,dual_text_fixed_params,CJpaekil/nft-marketplace-ERC721,0
NEG_00412,0,0,0,712,4,0.00036509577,0,0.1256501972675323,dual_text_fixed_params,ClusterH/Memories-NFT,0
NEG_00417,0,0,0,717,4,0.0016207658,0,0.1256501972675323,dual_text_fixed_params,Code-Decoders/specter-defi-near,0
NEG_00431,0,0,0,731,4,0.0007118566,0,0.1256501972675323,dual_text_fixed_params,CoinSpace/CoinSpace,0
NEG_00443,0,0,0,743,4,0.0021915222,0,0.1256501972675323,dual_text_fixed_params,Consensys/defi-score,0
NEG_00444,0,0,0,744,4,0.0025489065,0,0.1256501972675323,dual_text_fixed_params,Consensys/eth-lightwallet,0
NEG_00449,0,0,0,749,4,0.0013017848,0,0.1256501972675323,dual_text_fixed_params,coti-io/coti-ethers,0
NEG_00454,0,0,0,754,4,0.0014755166,0,0.1256501972675323,dual_text_fixed_params,Cr0mb/Crypto-Sweeper,0
NEG_00456,0,0,0,756,4,0.0026446157,0,0.1256501972675323,dual_text_fixed_params,craftBrainLLC/ethereum-indexer,0
NEG_00460,0,0,0,760,4,0.002821856,0,0.1256501972675323,dual_text_fixed_params,critfinds/Web3CRIT-Scanner,0
NEG_00470,0,0,0,770,4,0.0018727258,0,0.1256501972675323,dual_text_fixed_params,CryptoApex23/mnemonic-balance-checker,0
NEG_00473,0,0,0,773,4,0.00096280494,0,0.1256501972675323,dual_text_fixed_params,cryptodance/cryptodance-backend,0
NEG_00475,0,0,0,775,4,0.0006527005,0,0.1256501972675323,dual_text_fixed_params,CryptoFist/MemeMarketplace-contract,0
NEG_00476,0,0,0,776,4,0.013813372,0,0.1256501972675323,dual_text_fixed_params,cryptoforge318/NFT-Marketplace,0
NEG_00487,0,0,0,787,4,0.0014413155,0,0.1256501972675323,dual_text_fixed_params,curvefi/curve-contract,0
NEG_00489,0,0,0,789,4,0.006086386,0,0.1256501972675323,dual_text_fixed_params,cyforge/Orbis-Wallet,0
NEG_00491,0,0,0,791,4,0.0007325201,0,0.1256501972675323,dual_text_fixed_params,cypherpunk-symposium/web3-starter-rs,0
NEG_00496,0,0,0,796,4,0.0020517393,0,0.1256501972675323,dual_text_fixed_params,d3or/eth-vanity-gen,0
NEG_00498,0,0,0,798,4,0.0015551036,0,0.1256501972675323,dual_text_fixed_params,Dakii03/crypto-project-v2,0
NEG_00499,0,0,0,799,4,0.0017821928,0,0.1256501972675323,dual_text_fixed_params,dalloglio/nft-pokemon,0
NEG_00501,0,0,0,801,4,0.0009917516,0,0.1256501972675323,dual_text_fixed_params,Daltonic/dappFundsX,0
NEG_00504,0,0,0,804,4,0.0005757731,0,0.1256501972675323,dual_text_fixed_params,DanielDimitrov5/NFT-Marketplace-FE,0
NEG_00511,0,0,0,811,4,0.00038893794,0,0.1256501972675323,dual_text_fixed_params,dapperlabs/dapper-contracts,0
NEG_00512,0,0,0,812,4,0.001129218,0,0.1256501972675323,dual_text_fixed_params,DappFactory/CryptoTrivia,0
NEG_00515,0,0,0,815,4,0.0005475294,0,0.1256501972675323,dual_text_fixed_params,DappioLab/navigator,0
NEG_00517,0,0,0,817,4,0.0026267187,0,0.1256501972675323,dual_text_fixed_params,dappteacher/smart-contract-audit-portfolio,0
NEG_00521,0,0,0,821,4,0.002039472,0,0.1256501972675323,dual_text_fixed_params,Darkbladecr/cryptoWallet,0
NEG_00537,0,0,0,837,4,0.0011870781,0,0.1256501972675323,dual_text_fixed_params,Deed3Labs/Protocol-DApp,0
NEG_00539,0,0,0,839,4,0.0011844662,0,0.1256501972675323,dual_text_fixed_params,Deeppanchal2108/metaflex-nft-lab,0
NEG_00546,0,0,0,846,4,0.0011589836,0,0.1256501972675323,dual_text_fixed_params,defiprime/defiprime1,0
NEG_00559,0,0,0,859,4,0.00064918323,0,0.1256501972675323,dual_text_fixed_params,DePayFi/widgets,0
NEG_00568,0,0,0,868,4,0.0011840318,0,0.1256501972675323,dual_text_fixed_params,develrocket/NFT-Smart-Contract,0
NEG_00569,0,0,0,869,4,0.0062780515,0,0.1256501972675323,dual_text_fixed_params,DevJihwan/SmartContractSample_RentCar,0
NEG_00574,0,0,0,874,4,0.0029743267,0,0.1256501972675323,dual_text_fixed_params,dgrmunch/docuten-blockchain-proof-dapp,0
NEG_00580,0,0,0,880,4,0.00038861146,0,0.1256501972675323,dual_text_fixed_params,dhiraj0911/defi-uniswap,0
NEG_00587,0,0,0,887,4,0.3906358,1,0.1256501972675323,dual_text_fixed_params,Dineshv0311/Web3.0-CryptoTransfer,1
NEG_00595,0,0,0,895,4,0.0018138757,0,0.1256501972675323,dual_text_fixed_params,dmakarov-dev/Ethereum-Solidity-token,0
NEG_00604,0,0,0,904,4,0.028540859,0,0.1256501972675323,dual_text_fixed_params,dozerokz/polymarket_monitor,0
NEG_00606,0,0,0,906,4,0.0021198099,0,0.1256501972675323,dual_text_fixed_params,drips-network/app,0
NEG_00616,0,0,0,916,4,0.0016157321,0,0.1256501972675323,dual_text_fixed_params,dvinubius/tiny-multisig-typescript,0
NEG_00625,0,0,0,925,4,0.0010367977,0,0.1256501972675323,dual_text_fixed_params,EjaraApp/trustdart,0
NEG_00633,0,0,0,933,4,0.0010620585,0,0.1256501972675323,dual_text_fixed_params,elxor/jetum-wallet,0
NEG_00635,0,0,0,935,4,0.0011602936,0,0.1256501972675323,dual_text_fixed_params,EmanHerawy/web3Drive,0
NEG_00652,0,0,0,952,4,0.0011707268,0,0.1256501972675323,dual_text_fixed_params,EnridoZanoge/Layer-1,0
NEG_00653,0,0,0,953,4,0.0020406789,0,0.1256501972675323,dual_text_fixed_params,enzymefinance/protocol,0
NEG_00655,0,0,0,955,4,0.069733545,0,0.1256501972675323,dual_text_fixed_params,epacrypt25/Web3BlockchainVooting,1
NEG_00656,0,0,0,956,4,0.16972838,1,0.1256501972675323,dual_text_fixed_params,EpicVillage/Ore-Blue-Miner,1
NEG_00657,0,0,0,957,4,0.00039118557,0,0.1256501972675323,dual_text_fixed_params,eprbell/dali-rp2,0
NEG_00658,0,0,0,958,4,0.00053125696,0,0.1256501972675323,dual_text_fixed_params,eprbell/rp2,0
NEG_00662,0,0,0,962,4,0.0016802666,0,0.1256501972675323,dual_text_fixed_params,ernestognw/ethereum_signature,0
NEG_00667,0,0,0,967,4,0.0005929885,0,0.1256501972675323,dual_text_fixed_params,EtherAuthority/Portfolio,0
NEG_00671,0,0,0,971,4,0.003434485,0,0.1256501972675323,dual_text_fixed_params,Ethernal-Tech/bridge-web-test-suite,0
NEG_00675,0,0,0,975,4,0.0015198411,0,0.1256501972675323,dual_text_fixed_params,ETsCalrskj/Kypt-MultiSig-Wallet-Transactions-Tron-Ethereum,0
NEG_00684,0,0,0,984,4,0.00072657684,0,0.1256501972675323,dual_text_fixed_params,exactly/liquidation-bot,0
NEG_00685,0,0,0,985,4,0.0010920173,0,0.1256501972675323,dual_text_fixed_params,exactly/protocol,0
NEG_00689,0,0,0,989,4,0.00043941944,0,0.1256501972675323,dual_text_fixed_params,Expandergraph/crypto-crawler,0
NEG_00690,0,0,0,990,4,0.016935978,0,0.1256501972675323,dual_text_fixed_params,ExpertVagabond/mango-v4,0
NEG_00696,0,0,0,996,4,0.0008380648,0,0.1256501972675323,dual_text_fixed_params,FACINGS/collection-manager,0
NEG_00697,0,0,0,997,4,0.03681199,0,0.1256501972675323,dual_text_fixed_params,fadedreams/wallet_go_blockchain_concepts,0
NEG_00703,0,0,0,1003,4,0.0016697644,0,0.1256501972675323,dual_text_fixed_params,Farber98/MultiSigWallet,0
NEG_00708,0,0,0,1008,4,0.00093389914,0,0.1256501972675323,dual_text_fixed_params,feeeei/vanity-generator,0
NEG_00713,0,0,0,1013,4,0.0009639009,0,0.1256501972675323,dual_text_fixed_params,FIFA0313/sui-mcp-server-wallet-management,0
NEG_00717,0,0,0,1017,4,0.0005036538,0,0.1256501972675323,dual_text_fixed_params,FIT-DNU/Blockchain-Technology,0
NEG_00726,0,0,0,1026,4,0.001287706,0,0.1256501972675323,dual_text_fixed_params,formysister/crosschain-mixer-solidity,0
NEG_00728,0,0,0,1028,4,0.05633281,0,0.1256501972675323,dual_text_fixed_params,foxxcn/Arkham_API_test,1
NEG_00731,0,0,0,1031,4,0.0007334918,0,0.1256501972675323,dual_text_fixed_params,frankiefab100/Blockchain-Development-Resources,0
NEG_00732,0,0,0,1032,4,0.00038478588,0,0.1256501972675323,dual_text_fixed_params,frankiefab100/Web3.0-Roadmap,0
NEG_00734,0,0,0,1034,4,0.00095585396,0,0.1256501972675323,dual_text_fixed_params,FrederikBolding/chainlist,0
NEG_00735,0,0,0,1035,4,0.0010927208,0,0.1256501972675323,dual_text_fixed_params,freight-trust/deployments-solidity,0
NEG_00738,0,0,0,1038,4,0.00043140093,0,0.1256501972675323,dual_text_fixed_params,FriendlyUser/solidity-smart-contracts,0
NEG_00739,0,0,0,1039,4,0.0022539373,0,0.1256501972675323,dual_text_fixed_params,FujiwaraChoki/CoinWizard,0
NEG_00740,0,0,0,1040,4,0.0060236244,0,0.1256501972675323,dual_text_fixed_params,fullstack-development/blockchain-wiki-en,0
NEG_00750,0,0,0,1050,4,0.0047494466,0,0.1256501972675323,dual_text_fixed_params,gear5labs/chenpilot,0
NEG_00753,0,0,0,1053,4,0.00050367106,0,0.1256501972675323,dual_text_fixed_params,Generic35/Ethereum-Wallet-Dai-Token-Clone,0
NEG_00758,0,0,0,1058,4,0.017420271,0,0.1256501972675323,dual_text_fixed_params,gfsxyz/lamina,0
NEG_00760,0,0,0,1060,4,0.000508862,0,0.1256501972675323,dual_text_fixed_params,GHODA-crypto/shatranj,0
NEG_00761,0,0,0,1061,4,0.0034188759,0,0.1256501972675323,dual_text_fixed_params,ghulamrabbanimedium-dotcom/VerseBet-dapp,0
NEG_00768,0,0,0,1068,4,0.0025313485,0,0.1256501972675323,dual_text_fixed_params,gmh5225/awesome-crypto-wallet-address,0
NEG_00773,0,0,0,1073,4,0.0020244583,0,0.1256501972675323,dual_text_fixed_params,GobyWallet/openapi,0
NEG_00783,0,0,0,1083,4,0.000707983,0,0.1256501972675323,dual_text_fixed_params,GridexProtocol/core,0
NEG_00784,0,0,0,1084,4,0.0017750306,0,0.1256501972675323,dual_text_fixed_params,gridgentoo/graph-node,0
NEG_00789,0,0,0,1089,4,0.0060457224,0,0.1256501972675323,dual_text_fixed_params,GuiTeK/bip39-splitter,0
NEG_00790,0,0,0,1090,4,0.00068659894,0,0.1256501972675323,dual_text_fixed_params,guoshijiang/blockchain-wallet-sdk,0
NEG_00801,0,0,0,1101,4,0.00043652637,0,0.1256501972675323,dual_text_fixed_params,HadhemiBM/SmartContract_NFT-Marketplace,0
NEG_00814,0,0,0,1114,4,0.0005153408,0,0.1256501972675323,dual_text_fixed_params,HarryR/shwop,0
NEG_00822,0,0,0,1122,4,0.00051690673,0,0.1256501972675323,dual_text_fixed_params,HashLips/nft_collection_minter,0
NEG_00823,0,0,0,1123,4,0.0012054623,0,0.1256501972675323,dual_text_fixed_params,HassanA632/blockchain-wallet-risk-analyser,0
NEG_00825,0,0,0,1125,4,0.0020750477,0,0.1256501972675323,dual_text_fixed_params,haxpor/contractdiff,0
NEG_00826,0,0,0,1126,4,0.0031258753,0,0.1256501972675323,dual_text_fixed_params,haxpor/inoutflow,0
NEG_00827,0,0,0,1127,4,0.012011848,0,0.1256501972675323,dual_text_fixed_params,hclivess/qtrader,0
NEG_00828,0,0,0,1128,4,0.0009996064,0,0.1256501972675323,dual_text_fixed_params,hdwaIIet-io/python-hdwallet,0
NEG_00830,0,0,0,1130,4,0.0020251889,0,0.1256501972675323,dual_text_fixed_params,henesaud/bitcoin-cryptography,0
NEG_00833,0,0,0,1133,4,0.0016902004,0,0.1256501972675323,dual_text_fixed_params,hiero-ledger/hiero-consensus-node,0
NEG_00837,0,0,0,1137,4,0.0009982821,0,0.1256501972675323,dual_text_fixed_params,HimanshuGupta-p1/ETHIFY,0
NEG_00848,0,0,0,1148,4,0.00047422913,0,0.1256501972675323,dual_text_fixed_params,horizontalsystems/bitcoin-kit-android,0
NEG_00850,0,0,0,1150,4,0.00049551966,0,0.1256501972675323,dual_text_fixed_params,horizontalsystems/ethereum-kit-android,0
NEG_00851,0,0,0,1151,4,0.00056186394,0,0.1256501972675323,dual_text_fixed_params,horizontalsystems/unstoppable-wallet-android,0
NEG_00852,0,0,0,1152,4,0.0005980081,0,0.1256501972675323,dual_text_fixed_params,horizontalsystems/unstoppable-wallet-ios,0
NEG_00853,0,0,0,1153,4,0.0010556846,0,0.1256501972675323,dual_text_fixed_params,hoseadevops/edec-nft-market,0
NEG_00866,0,0,0,1166,4,0.005388732,0,0.1256501972675323,dual_text_fixed_params,hzblab/NFT-Minting-dApp,0
NEG_00868,0,0,0,1168,4,0.0004611346,0,0.1256501972675323,dual_text_fixed_params,iamnotstatic/multichain-crypto-wallet,0
NEG_00872,0,0,0,1172,4,0.001753005,0,0.1256501972675323,dual_text_fixed_params,IBM/loyalty-points-evm-fabric,0
NEG_00875,0,0,0,1175,4,0.001222854,0,0.1256501972675323,dual_text_fixed_params,IcarusCan/CryptoSimsNFT,0
NEG_00876,0,0,0,1176,4,0.00072371174,0,0.1256501972675323,dual_text_fixed_params,icebert04/Defi-Dashboard,0
NEG_00882,0,0,0,1182,4,0.038956437,0,0.1256501972675323,dual_text_fixed_params,illia-fz/defi-python-nft-staking-rewards-v2,0
NEG_00884,0,0,0,1184,4,0.001902101,0,0.1256501972675323,dual_text_fixed_params,ilyarolf/AiogramShopBot,0
NEG_00885,0,0,0,1185,4,0.0010686595,0,0.1256501972675323,dual_text_fixed_params,imanmousaei/coinexpy,0
NEG_00890,0,0,0,1190,4,0.0036067907,0,0.1256501972675323,dual_text_fixed_params,Infinite-Null/Wallet-Master,0
NEG_00894,0,0,0,1194,4,0.00071414845,0,0.1256501972675323,dual_text_fixed_params,instant-coffee/cryptoZombies,0
NEG_00895,0,0,0,1195,4,0.011655175,0,0.1256501972675323,dual_text_fixed_params,invis2912/TokenTrail,0
NEG_00902,0,0,0,1202,4,0.00059950585,0,0.1256501972675323,dual_text_fixed_params,itsSauravK/Election-Voting-Blockchain,0
NEG_00908,0,0,0,1208,4,0.0045761378,0,0.1256501972675323,dual_text_fixed_params,Iwai88961997/Electrum-Fake-Balance,0
NEG_00911,0,0,0,1211,4,0.00041622238,0,0.1256501972675323,dual_text_fixed_params,jaayperez/coin,0
NEG_00912,0,0,0,1212,4,0.0010941207,0,0.1256501972675323,dual_text_fixed_params,jackey1510/MyNFT,0
NEG_00919,0,0,0,1219,4,0.00045304146,0,0.1256501972675323,dual_text_fixed_params,JacobZavita/nfts-react,0
NEG_00920,0,0,0,1220,4,0.0005809723,0,0.1256501972675323,dual_text_fixed_params,jagadeeshgatla/simple-cryptocurrency-wallet,0
NEG_00924,0,0,0,1224,4,0.0015617366,0,0.1256501972675323,dual_text_fixed_params,jamaltheatlantean/DeFi-Staking,0
NEG_00927,0,0,0,1227,4,0.00051926775,0,0.1256501972675323,dual_text_fixed_params,JamesANZ/learn-solidity-with-examples,0
NEG_00933,0,0,0,1233,4,0.39685977,1,0.1256501972675323,dual_text_fixed_params,Jared351/Blockchain-crypto-currencies,1
NEG_00934,0,0,0,1234,4,0.00091348327,0,0.1256501972675323,dual_text_fixed_params,jarrettyew/web3.0,0
NEG_00935,0,0,0,1235,4,0.0007114147,0,0.1256501972675323,dual_text_fixed_params,jarrodwatts/evmkit,0
NEG_00945,0,0,0,1245,4,0.00051197305,0,0.1256501972675323,dual_text_fixed_params,jdogresorg/freewallet,0
NEG_00947,0,0,0,1247,4,0.00048186694,0,0.1256501972675323,dual_text_fixed_params,jeet-patel313/NFTStaking,0
NEG_00953,0,0,0,1253,4,0.0018211674,0,0.1256501972675323,dual_text_fixed_params,jenil04/auction,0
NEG_00958,0,0,0,1258,4,0.0013117972,0,0.1256501972675323,dual_text_fixed_params,jitendragangwar123/Crowd-Sale-ICO-Dapp,0
NEG_00959,0,0,0,1259,4,0.00031857367,0,0.1256501972675323,dual_text_fixed_params,jitendragangwar123/Crypto-Zombies-Game,0
NEG_00961,0,0,0,1261,4,0.0011265503,0,0.1256501972675323,dual_text_fixed_params,jjanczur/SolidityDrive,0
NEG_00967,0,0,0,1267,4,0.00046914082,0,0.1256501972675323,dual_text_fixed_params,johnnyshankman/xtznftswap-contracts,0
NEG_00969,0,0,0,1269,4,0.0026658524,0,0.1256501972675323,dual_text_fixed_params,jokeradms/Electrum-ADA,0
NEG_00970,0,0,0,1270,4,0.00060035696,0,0.1256501972675323,dual_text_fixed_params,jolly-roger-eth/ethereum-indexer,0
NEG_00971,0,0,0,1271,4,0.00064471184,0,0.1256501972675323,dual_text_fixed_params,Jolsho/eth_wallet,0
NEG_00977,0,0,0,1277,4,0.32597336,1,0.1256501972675323,dual_text_fixed_params,joshH94/NFT-Marketplace-Solidity-Hardhat-NexJS-Web3js-Tailwind,1
NEG_00980,0,0,0,1280,4,0.00047325803,0,0.1256501972675323,dual_text_fixed_params,jp-co-decoo-shirato/solidity-cryptozombies,0
NEG_00991,0,0,0,1291,4,0.0044368836,0,0.1256501972675323,dual_text_fixed_params,jun1sen1/solidityone1,0
NEG_00992,0,0,0,1292,4,0.0004462464,0,0.1256501972675323,dual_text_fixed_params,Juniorduc44/brownie_fund_me,0
NEG_00996,0,0,0,1296,4,0.0012016143,0,0.1256501972675323,dual_text_fixed_params,k1-c/ethereum-wallet-manager,0
NEG_01002,0,0,0,1302,4,0.0141179655,0,0.1256501972675323,dual_text_fixed_params,karmaizmyb1tch/Crypto-Wallet,0
NEG_01003,0,0,0,1303,4,0.0052337847,0,0.1256501972675323,dual_text_fixed_params,kartik78946/Bank-Wallet-SmartContract,0
NEG_01008,0,0,0,1308,4,0.00047506863,0,0.1256501972675323,dual_text_fixed_params,kausikds/ethereum-onChain-wallet,0
NEG_01011,0,0,0,1311,4,0.0022430718,0,0.1256501972675323,dual_text_fixed_params,kaymen99/uniswap-sushiswap-arbitrage,0
NEG_01015,0,0,0,1315,4,0.00074907765,0,0.1256501972675323,dual_text_fixed_params,keewenaw/Ethereum-Wallet-Cracker,0
NEG_01019,0,0,0,1319,4,0.0017576002,0,0.1256501972675323,dual_text_fixed_params,Kelvyne/starknet-storage-proof-solidity,0
NEG_01024,0,0,0,1324,4,0.0005859162,0,0.1256501972675323,dual_text_fixed_params,kerala-blockchain-academy/SmartKYC,0
NEG_01031,0,0,0,1331,4,0.0202418,0,0.1256501972675323,dual_text_fixed_params,Keya-Moradi/Cryptopunk,0
NEG_01032,0,0,0,1332,4,0.003009359,0,0.1256501972675323,dual_text_fixed_params,keyhunters/Biggest-Lost-Bitcoin-Wallets-List,0
NEG_01035,0,0,0,1335,4,0.0006621573,0,0.1256501972675323,dual_text_fixed_params,khanjasir90/Secure-Shared-Wallet-Solidity,0
NEG_01039,0,0,0,1339,4,0.0022769927,0,0.1256501972675323,dual_text_fixed_params,kinggongzilla/Stable_GME_SmartContract,0
NEG_01042,0,0,0,1342,4,0.00061224704,0,0.1256501972675323,dual_text_fixed_params,kingsudo1004/Wallet-EVM,0
NEG_01048,0,0,0,1348,4,0.0011818289,0,0.1256501972675323,dual_text_fixed_params,klntsky/sec.cyou,0
NEG_01062,0,0,0,1362,4,0.0011047755,0,0.1256501972675323,dual_text_fixed_params,krypc-code/krypcore-web3-sdk,0
NEG_01065,0,0,0,1365,4,0.028441165,0,0.1256501972675323,dual_text_fixed_params,kunalsinghdadhwal/LiqX,0
NEG_01066,0,0,0,1366,4,0.0034561518,0,0.1256501972675323,dual_text_fixed_params,Kuprovskiy/defi.finance,0
NEG_01069,0,0,0,1369,4,0.0056033293,0,0.1256501972675323,dual_text_fixed_params,kvmizu/transfer_eth,0
NEG_01070,0,0,0,1370,4,0.0031886857,0,0.1256501972675323,dual_text_fixed_params,KYVENetwork/kyvejs,0
NEG_01072,0,0,0,1372,4,0.0030278305,0,0.1256501972675323,dual_text_fixed_params,LaChance-Lab/EVM-Solana-Casino-Games,0
NEG_01077,0,0,0,1377,4,0.0009410855,0,0.1256501972675323,dual_text_fixed_params,laser-wallet/laser-wallet-contracts,0
NEG_01081,0,0,0,1381,4,0.01116879,0,0.1256501972675323,dual_text_fixed_params,Lavkush3411/nft-backend,0
NEG_01088,0,0,0,1388,4,0.00064301456,0,0.1256501972675323,dual_text_fixed_params,LeandroHugo/EtherJoint-Decentralized-Finance-for-Shared-Prosperity,0
NEG_01092,0,0,0,1392,4,0.0037065449,0,0.1256501972675323,dual_text_fixed_params,lefajmofokeng/Cryptocurrencies,0
NEG_01093,0,0,0,1393,4,0.000669831,0,0.1256501972675323,dual_text_fixed_params,Lego1st/VotingDapp,0
NEG_01097,0,0,0,1397,4,0.00046456384,0,0.1256501972675323,dual_text_fixed_params,leukaemiamedtech/hiasbch,0
NEG_01098,0,0,0,1398,4,0.0004932581,0,0.1256501972675323,dual_text_fixed_params,levintech/CryptoZombie,0
NEG_01099,0,0,0,1399,4,0.0005900813,0,0.1256501972675323,dual_text_fixed_params,life-itself/web3,0
NEG_01115,0,0,0,1415,4,0.0005904993,0,0.1256501972675323,dual_text_fixed_params,Louis-XWB/ICP_Web3Jobs,0
NEG_01119,0,0,0,1419,4,0.00053256855,0,0.1256501972675323,dual_text_fixed_params,lucabizza/cryptozombies,0
NEG_01126,0,0,0,1426,4,0.00037975656,0,0.1256501972675323,dual_text_fixed_params,m1guelpf/laravel-web3-login,0
NEG_01127,0,0,0,1427,4,0.0004683167,0,0.1256501972675323,dual_text_fixed_params,maAPPsDEV/dex-attack,0
NEG_01139,0,0,0,1439,4,0.0007581822,0,0.1256501972675323,dual_text_fixed_params,manifoldfinance/kb,0
NEG_01140,0,0,0,1440,4,0.0020610313,0,0.1256501972675323,dual_text_fixed_params,manifoldfinance/multicall-framework,0
NEG_01141,0,0,0,1441,4,0.0005021223,0,0.1256501972675323,dual_text_fixed_params,manifoldfinance/tscli,0
NEG_01142,0,0,0,1442,4,0.0009608842,0,0.1256501972675323,dual_text_fixed_params,manifoldx/typed-sdk,0
NEG_01145,0,0,0,1445,4,0.0011078127,0,0.1256501972675323,dual_text_fixed_params,manuelpires/nft-collection-generator,0
NEG_01148,0,0,0,1448,4,0.01807159,0,0.1256501972675323,dual_text_fixed_params,MarcoBrian/damn-vulnerable-defi,0
NEG_01149,0,0,0,1449,4,0.0015769769,0,0.1256501972675323,dual_text_fixed_params,margelo/react-native-graph,0
NEG_01150,0,0,0,1450,4,0.00053460547,0,0.1256501972675323,dual_text_fixed_params,marginalfriend/brownie_fund_me,0
NEG_01155,0,0,0,1455,4,0.0008588466,0,0.1256501972675323,dual_text_fixed_params,MartinSerafini/Solidity,0
NEG_01156,0,0,0,1456,4,0.00061133655,0,0.1256501972675323,dual_text_fixed_params,martycodes333/crypto_zombies,0
NEG_01166,0,0,0,1466,4,0.0009105548,0,0.1256501972675323,dual_text_fixed_params,matprime/ERC-1155-NFT-demo,0
NEG_01167,0,0,0,1467,4,0.00044408775,0,0.1256501972675323,dual_text_fixed_params,mattdf/RingCrypto,0
NEG_01168,0,0,0,1468,4,0.0027431038,0,0.1256501972675323,dual_text_fixed_params,matthias-wyss/crypto-carry-trade-strategies,0
NEG_01172,0,0,0,1472,4,0.0005288558,0,0.1256501972675323,dual_text_fixed_params,maximebrugel/YokaiChain,0
NEG_01174,0,0,0,1474,4,0.0016043368,0,0.1256501972675323,dual_text_fixed_params,mchalise/mero_crypto_finance,0
NEG_01188,0,0,0,1488,4,0.0005847597,0,0.1256501972675323,dual_text_fixed_params,mervanerenci/Jumpy-PlayToEarn-BlockchainGame,0
NEG_01191,0,0,0,1491,4,0.001436246,0,0.1256501972675323,dual_text_fixed_params,Meta-Dragons/CronoSafe,0
NEG_01195,0,0,0,1495,4,0.0011864733,0,0.1256501972675323,dual_text_fixed_params,MGM103/CDP_Stable_Coin,0
NEG_01197,0,0,0,1497,4,0.0012091335,0,0.1256501972675323,dual_text_fixed_params,MhmdNdri/XCryptoDApp,0
NEG_01199,0,0,0,1499,4,0.0007291641,0,0.1256501972675323,dual_text_fixed_params,mic0des/simple-multisig-wallet,0
NEG_01201,0,0,0,1501,4,0.00051557226,0,0.1256501972675323,dual_text_fixed_params,Michal2SAB/Ethereum-Stealer,0
NEG_01203,0,0,0,1503,4,0.005739292,0,0.1256501972675323,dual_text_fixed_params,michelle5013-guilloryn/polye,0
NEG_01205,0,0,0,1505,4,0.0007543683,0,0.1256501972675323,dual_text_fixed_params,midas92/lottery-casino-crypto-game,0
NEG_01209,0,0,0,1509,4,0.001001605,0,0.1256501972675323,dual_text_fixed_params,milan338/totally-secure-dapp,0
NEG_01212,0,0,0,1512,4,0.0007962719,0,0.1256501972675323,dual_text_fixed_params,mimani68/TRON-network-smart-contract-integration,0
NEG_01213,0,0,0,1513,4,0.0015251212,0,0.1256501972675323,dual_text_fixed_params,mimic-fi/cross-chain-subscription-payments-with-mimic,0
NEG_01214,0,0,0,1514,4,0.036291484,0,0.1256501972675323,dual_text_fixed_params,mimic-protocol/contracts,0
NEG_01217,0,0,0,1517,4,0.0015260334,0,0.1256501972675323,dual_text_fixed_params,Mizogg/GUI_keyhunt,0
NEG_01219,0,0,0,1519,4,0.00046400668,0,0.1256501972675323,dual_text_fixed_params,Mizogg/Tkinter-Power-Mini,0
NEG_01227,0,0,0,1527,4,0.0020620006,0,0.1256501972675323,dual_text_fixed_params,moisestech/web3crypto.mx,0
NEG_01236,0,0,0,1536,4,0.0010799854,0,0.1256501972675323,dual_text_fixed_params,MoralisWeb3/unity-web3-game-kit,0
NEG_01243,0,0,0,1543,4,0.0010835335,0,0.1256501972675323,dual_text_fixed_params,mrazoriginal/Ali-Crypto-House-HardFork,0
NEG_01246,0,0,0,1546,4,0.04209085,0,0.1256501972675323,dual_text_fixed_params,mrkkyatilla/omus-wallet,1
NEG_01252,0,0,0,1552,4,0.0041768397,0,0.1256501972675323,dual_text_fixed_params,mstable/mStable-app,0
NEG_01253,0,0,0,1553,4,0.00053334626,0,0.1256501972675323,dual_text_fixed_params,mstable/mStable-contracts,0
NEG_01260,0,0,0,1560,4,0.0035561132,0,0.1256501972675323,dual_text_fixed_params,multiavatar/multiavatar-solidity,0
NEG_01276,0,0,0,1576,4,0.0042785355,0,0.1256501972675323,dual_text_fixed_params,n4bi10p/aptos-meme-nft-minter,0
NEG_01277,0,0,0,1577,4,0.0006141002,0,0.1256501972675323,dual_text_fixed_params,Nachoxt17/Blockchain-Memory-Game-with-ERC-721-Tokens,0
NEG_01279,0,0,0,1579,4,0.001373853,0,0.1256501972675323,dual_text_fixed_params,nakandakare/cryptopay-smart-contract,0
NEG_01295,0,0,0,1595,4,0.0004097514,0,0.1256501972675323,dual_text_fixed_params,Neph-dev/EpicNFT,0
NEG_01296,0,0,0,1596,4,0.00041519798,0,0.1256501972675323,dual_text_fixed_params,NEST-Protocol/NEST-Oracle-V4.0,0
NEG_01307,0,0,0,1607,4,0.00058418786,0,0.1256501972675323,dual_text_fixed_params,nicehash/NiceHashQuickMiner,0
NEG_01308,0,0,0,1608,4,0.00061273156,0,0.1256501972675323,dual_text_fixed_params,nicholashc/uniswap-skim,0
NEG_01311,0,0,0,1611,4,0.0011363594,0,0.1256501972675323,dual_text_fixed_params,nicolaiort/stonx-backend,0
NEG_01312,0,0,0,1612,4,0.0037435067,0,0.1256501972675323,dual_text_fixed_params,nicolas-sanch/web3.py-dapp,0
NEG_01322,0,0,0,1622,4,0.024892027,0,0.1256501972675323,dual_text_fixed_params,nirholas/free-crypto-news,0
NEG_01324,0,0,0,1624,4,0.044785462,0,0.1256501972675323,dual_text_fixed_params,nirholas/x402-stablecoin,1
NEG_01325,0,0,0,1625,4,0.0006252114,0,0.1256501972675323,dual_text_fixed_params,Nishantthapa4591/Smart-Wallet-with-Blockchain,0
NEG_01343,0,0,0,1643,4,0.002570719,0,0.1256501972675323,dual_text_fixed_params,ntourne/nft-crypto-punks-contract,0
NEG_01346,0,0,0,1646,4,0.0013756386,0,0.1256501972675323,dual_text_fixed_params,nxm-rs/nexum,0
NEG_01348,0,0,0,1648,4,0.0016316553,0,0.1256501972675323,dual_text_fixed_params,oasislabs/oasis.js,0
NEG_01365,0,0,0,1665,4,0.00076312723,0,0.1256501972675323,dual_text_fixed_params,olegsinavski/voting_system_web3,0
NEG_01373,0,0,0,1673,4,0.0012561136,0,0.1256501972675323,dual_text_fixed_params,OneKeyHQ/app-monorepo,0
NEG_01377,0,0,0,1677,4,0.022145886,0,0.1256501972675323,dual_text_fixed_params,onoka-ship-it/kogwasys,0
NEG_01389,0,0,0,1689,4,0.001534256,0,0.1256501972675323,dual_text_fixed_params,Opty1712/nft-opensea-search,0
NEG_01391,0,0,0,1691,4,0.000608674,0,0.1256501972675323,dual_text_fixed_params,orelkabets/eth-wallet-notify,0
NEG_01392,0,0,0,1692,4,0.0036103688,0,0.1256501972675323,dual_text_fixed_params,OriginProtocol/origin-dollar,0
NEG_01399,0,0,0,1699,4,0.0028929433,0,0.1256501972675323,dual_text_fixed_params,Oxdevonchain/ethereum-nft-marketplace,0
NEG_01402,0,0,0,1702,4,0.001078935,0,0.1256501972675323,dual_text_fixed_params,p4u/blockmessage,0
NEG_01416,0,0,0,1716,4,0.0006425713,0,0.1256501972675323,dual_text_fixed_params,patrana/cryptographic-parcel-ledger,0
NEG_01420,0,0,0,1720,4,0.0011440193,0,0.1256501972675323,dual_text_fixed_params,PaulRBerg/prb-math,0
NEG_01433,0,0,0,1733,4,0.0011457169,0,0.1256501972675323,dual_text_fixed_params,PeterVermeulen01123/NFT-cryptoDevs,0
NEG_01440,0,0,0,1740,4,0.0012565198,0,0.1256501972675323,dual_text_fixed_params,Pixie1234/BlockchainCrypto,0
NEG_01442,0,0,0,1742,4,0.00039744892,0,0.1256501972675323,dual_text_fixed_params,Planxnx/defi-tx-kit,0
NEG_01458,0,0,0,1758,4,0.0004892939,0,0.1256501972675323,dual_text_fixed_params,prasanna-rkumar/Cryptocurrency-Widgets-by-Wallet.app,0
NEG_01466,0,0,0,1766,4,0.0038522005,0,0.1256501972675323,dual_text_fixed_params,pRizz/CryptoNoter,0
NEG_01470,0,0,0,1770,4,0.003502543,0,0.1256501972675323,dual_text_fixed_params,project-serum/spl-token-wallet,0
NEG_01486,0,0,0,1786,4,0.0023981484,0,0.1256501972675323,dual_text_fixed_params,qtumproject/qtum,0
NEG_01488,0,0,0,1788,4,0.03462142,0,0.1256501972675323,dual_text_fixed_params,QuantForgeOrg/PineTS,0
NEG_01489,0,0,0,1789,4,0.00086241093,0,0.1256501972675323,dual_text_fixed_params,QuantLet/Blockchain_mechanism,0
NEG_01497,0,0,0,1797,4,0.001394168,0,0.1256501972675323,dual_text_fixed_params,Racks-Community/MrCryptoIndexer,0
NEG_01504,0,0,0,1804,4,0.0011807093,0,0.1256501972675323,dual_text_fixed_params,RageTrade/core,0
NEG_01511,0,0,0,1811,4,0.0009180488,0,0.1256501972675323,dual_text_fixed_params,raketic-ognjen/ZombieCrypto,0
NEG_01514,0,0,0,1814,4,0.0004299165,0,0.1256501972675323,dual_text_fixed_params,ramyhardan/proof-of-existence,0
NEG_01516,0,0,0,1816,4,0.001300761,0,0.1256501972675323,dual_text_fixed_params,rango-exchange/rango-sdk,0
NEG_01523,0,0,0,1823,4,0.04840869,0,0.1256501972675323,dual_text_fixed_params,RazDwa1923/ML_Pred_Crypto,1
NEG_01531,0,0,0,1831,4,0.012434701,0,0.1256501972675323,dual_text_fixed_params,redbuttonsa/crypt,0
NEG_01535,0,0,0,1835,4,0.00063215947,0,0.1256501972675323,dual_text_fixed_params,remston-dsa/ETH-USD-price-feed-using-Chainlink-oracle-Web3-Brownie-Python-and-Solidity,0
NEG_01539,0,0,0,1839,4,0.006163761,0,0.1256501972675323,dual_text_fixed_params,reown-com/reown_flutter,0
NEG_01541,0,0,0,1841,4,0.0055038766,0,0.1256501972675323,dual_text_fixed_params,reshma149/crypto,0
NEG_01555,0,0,0,1855,4,0.0015828703,0,0.1256501972675323,dual_text_fixed_params,ro61zzy/crypto_zombies,0
NEG_01560,0,0,0,1860,4,0.0020229588,0,0.1256501972675323,dual_text_fixed_params,Robocular/defi-mcp,0
NEG_01564,0,0,0,1864,4,0.0012799992,0,0.1256501972675323,dual_text_fixed_params,rohanjsh/nft-marketplace,0
NEG_01568,0,0,0,1868,4,0.0009237371,0,0.1256501972675323,dual_text_fixed_params,rolod0x/rolod0x,0
NEG_01569,0,0,0,1869,4,0.0027397037,0,0.1256501972675323,dual_text_fixed_params,romanzaikin/From-Zero-to-Hero-in-Blockchain-Security-DefCon30-Workshop,0
NEG_01576,0,0,0,1876,4,0.02413794,0,0.1256501972675323,dual_text_fixed_params,rtb-12/PolkaGuard,0
NEG_01587,0,0,0,1887,4,0.00082254974,0,0.1256501972675323,dual_text_fixed_params,Ryz0nd/useWeb3Wallet,0
NEG_01602,0,0,0,1902,4,0.0017702676,0,0.1256501972675323,dual_text_fixed_params,Sammers21/crypto-owl,0
NEG_01606,0,0,0,1906,4,0.0037746746,0,0.1256501972675323,dual_text_fixed_params,santiellena/air-flatcoin-protocol,0
NEG_01614,0,0,0,1914,4,0.00058421935,0,0.1256501972675323,dual_text_fixed_params,Savjee/SavjeeCoin,0
NEG_01616,0,0,0,1916,4,0.0056456174,0,0.1256501972675323,dual_text_fixed_params,sayandas-sd/Scan_and_pay_Crypto,0
NEG_01620,0,0,0,1920,4,0.01624274,0,0.1256501972675323,dual_text_fixed_params,sciencemanepsilon/Blockchain_DeFi_Gaming,0
NEG_01630,0,0,0,1930,4,0.0024969997,0,0.1256501972675323,dual_text_fixed_params,SecorD0/evm-mnemonic-generator,0
NEG_01637,0,0,0,1937,4,0.00035364754,0,0.1256501972675323,dual_text_fixed_params,ShackAmeri/brownie-koalaStaking,0
NEG_01641,0,0,0,1941,4,0.002303117,0,0.1256501972675323,dual_text_fixed_params,Shaivpidadi/NFT-Dapp-Boilerplate,0
NEG_01647,0,0,0,1947,4,0.016809793,0,0.1256501972675323,dual_text_fixed_params,Shashwat-Manglam-Jain/NFT-Blockchain,0
NEG_01651,0,0,0,1951,4,0.00058318174,0,0.1256501972675323,dual_text_fixed_params,ShivankK26/Crypto-Wallet-Extension,0
NEG_01654,0,0,0,1954,4,0.0008910444,0,0.1256501972675323,dual_text_fixed_params,shlima/fortune,0
NEG_01671,0,0,0,1971,4,0.0006745578,0,0.1256501972675323,dual_text_fixed_params,skundu42/CryptoWarz,0
NEG_01673,0,0,0,1973,4,0.0012312422,0,0.1256501972675323,dual_text_fixed_params,skydream118/NFTMarketplace,0
NEG_01677,0,0,0,1977,4,0.0030141496,0,0.1256501972675323,dual_text_fixed_params,sletizia/serverless-trading-bot,0
NEG_01684,0,0,0,1984,4,0.00051174324,0,0.1256501972675323,dual_text_fixed_params,smartcontract123/-Smart-Contract-Based-Cryptocurrency-MlM-Software-Development-On-Tron-Ethereum-Smart-contract-Deve,0
NEG_01688,0,0,0,1988,4,0.00048207183,0,0.1256501972675323,dual_text_fixed_params,smolgroot/prometheus-vanity-generator,0
NEG_01691,0,0,0,1991,4,0.00047606733,0,0.1256501972675323,dual_text_fixed_params,sobi983/Binance-Marketplace-NFT-transfer-automation,0
NEG_01693,0,0,0,1993,4,0.00064775255,0,0.1256501972675323,dual_text_fixed_params,softstack/Smart-Contract-Security-Audits,0
NEG_01704,0,0,0,2004,4,0.0009862441,0,0.1256501972675323,dual_text_fixed_params,sounxk/Web3Escrow,0
NEG_01709,0,0,0,2009,4,0.012019717,0,0.1256501972675323,dual_text_fixed_params,spesmulla/electrum,0
NEG_01710,0,0,0,2010,4,0.004208456,0,0.1256501972675323,dual_text_fixed_params,SpiderOak/Encryptr,0
NEG_01721,0,0,0,2021,4,0.0008616237,0,0.1256501972675323,dual_text_fixed_params,status-im/status-legacy,0
NEG_01731,0,0,0,2031,4,0.00057085685,0,0.1256501972675323,dual_text_fixed_params,stravid87/nft_mgt_protocol,0
NEG_01739,0,0,0,2039,4,0.002714322,0,0.1256501972675323,dual_text_fixed_params,sun-blockchain/harmony-pet,0
NEG_01740,0,0,0,2040,4,0.0021068437,0,0.1256501972675323,dual_text_fixed_params,sunby16/web3-portfolio,0
NEG_01743,0,0,0,2043,4,0.0007903234,0,0.1256501972675323,dual_text_fixed_params,sunnyRK/EthIndia-HackJaipur,0
NEG_01745,0,0,0,2045,4,0.0005172796,0,0.1256501972675323,dual_text_fixed_params,SunWeb3Sec/DeFiHackLabs,0
NEG_01753,0,0,0,2053,4,0.001433225,0,0.1256501972675323,dual_text_fixed_params,svanas/migratooor,0
NEG_01758,0,0,0,2058,4,0.0014310858,0,0.1256501972675323,dual_text_fixed_params,sweetmantech/nft-factory,0
NEG_01765,0,0,0,2065,4,0.0006578602,0,0.1256501972675323,dual_text_fixed_params,syedsimanta03/solana-NFT,0
NEG_01766,0,0,0,2066,4,0.0016098416,0,0.1256501972675323,dual_text_fixed_params,syncrao/blockchain-rust,0
NEG_01769,0,0,0,2069,4,0.001360334,0,0.1256501972675323,dual_text_fixed_params,Synthetixio/synthetix,0
NEG_01770,0,0,0,2070,4,0.0010478576,0,0.1256501972675323,dual_text_fixed_params,tahowallet/extension,0
NEG_01774,0,0,0,2074,4,0.0014828058,0,0.1256501972675323,dual_text_fixed_params,tamago-labs/legato-finance,0
NEG_01780,0,0,0,2080,4,0.003820843,0,0.1256501972675323,dual_text_fixed_params,tanviedev/AaveV2-BehavIQ,0
NEG_01787,0,0,0,2087,4,0.0017572824,0,0.1256501972675323,dual_text_fixed_params,tcyeee/PixWallet,0
NEG_01794,0,0,0,2094,4,0.0009307053,0,0.1256501972675323,dual_text_fixed_params,TegroTON/ton3-client,0
NEG_01798,0,0,0,2098,4,0.00057662604,0,0.1256501972675323,dual_text_fixed_params,terrygmk/NFT-Collection,0
NEG_01818,0,0,0,2118,4,0.0005575553,0,0.1256501972675323,dual_text_fixed_params,Throvn/web3-multi-signature-wallet,0
NEG_01827,0,0,0,2127,4,0.0007772042,0,0.1256501972675323,dual_text_fixed_params,tnkerer/vestingVault,0
NEG_01831,0,0,0,2131,4,0.00062559114,0,0.1256501972675323,dual_text_fixed_params,Toporin/Satodime-Applet,0
NEG_01835,0,0,0,2135,4,0.0009106967,0,0.1256501972675323,dual_text_fixed_params,tosynthegeek/mcw,0
NEG_01841,0,0,0,2141,4,0.0035948015,0,0.1256501972675323,dual_text_fixed_params,tradingstrategy-ai/web3-ethereum-defi,0
NEG_01844,0,0,0,2144,4,0.0007312838,0,0.1256501972675323,dual_text_fixed_params,treejer/contract,0
NEG_01846,0,0,0,2146,4,0.015145509,0,0.1256501972675323,dual_text_fixed_params,TrinetixHubs/PixelVerse,0
NEG_01847,0,0,0,2147,4,0.022099864,0,0.1256501972675323,dual_text_fixed_params,tronprotocol/wallet-cli,0
NEG_01851,0,0,0,2151,4,0.0004514124,0,0.1256501972675323,dual_text_fixed_params,trustwallet/wallet-core,0
NEG_01855,0,0,0,2155,4,0.005312172,0,0.1256501972675323,dual_text_fixed_params,Tswaanda/tswaanda-marketplace,0
NEG_01860,0,0,0,2160,4,0.0011678343,0,0.1256501972675323,dual_text_fixed_params,txtx/txtx,0
NEG_01861,0,0,0,2161,4,0.0022367502,0,0.1256501972675323,dual_text_fixed_params,uhsr/BlockchainNFTCertificateAuthority,0
NEG_01868,0,0,0,2168,4,0.012405411,0,0.1256501972675323,dual_text_fixed_params,uhsr/CryptoKeyVaultManager,0
NEG_01875,0,0,0,2175,4,0.0039036106,0,0.1256501972675323,dual_text_fixed_params,unobrandon/DefiWallet,0
NEG_01881,0,0,0,2181,4,0.009337492,0,0.1256501972675323,dual_text_fixed_params,utsavempiric20/token-wallet-solidity,0
NEG_01885,0,0,0,2185,4,0.0010822378,0,0.1256501972675323,dual_text_fixed_params,vancelin/ethereum-event-tracker,0
NEG_01888,0,0,0,2188,4,0.0010505494,0,0.1256501972675323,dual_text_fixed_params,vdimitriad/Uncuffed,0
NEG_01905,0,0,0,2205,4,0.0029182157,0,0.1256501972675323,dual_text_fixed_params,ViditGalav/NFT-Synthesizer-Sol-Breeder,0
NEG_01908,0,0,0,2208,4,0.00059048133,0,0.1256501972675323,dual_text_fixed_params,Viken-Blockchain-Solutions/Solidity-files,0
NEG_01909,0,0,0,2209,4,0.00099305,0,0.1256501972675323,dual_text_fixed_params,ViktorVL584/Crypto-News-Aggregator,0
NEG_01924,0,0,0,2224,4,0.0021691334,0,0.1256501972675323,dual_text_fixed_params,vivekananand-cpu/web3-blockchain-nft-drop-app,0
NEG_01932,0,0,0,2232,4,0.001026087,0,0.1256501972675323,dual_text_fixed_params,vorburger/awesome-decentralized-internet-web3-blockchain-p2p-security-world-cloud,0
NEG_01935,0,0,0,2235,4,0.0052390825,0,0.1256501972675323,dual_text_fixed_params,vvizardev/pump-smart-contract-solidity,0
NEG_01936,0,0,0,2236,4,0.0038277458,0,0.1256501972675323,dual_text_fixed_params,vvizardev/wizardev,0
NEG_01946,0,0,0,2246,4,0.0009296874,0,0.1256501972675323,dual_text_fixed_params,walt-id/waltid-walletkit,0
NEG_01947,0,0,0,2247,4,0.0008782713,0,0.1256501972675323,dual_text_fixed_params,wanglinyang/nft-collection,0
NEG_01949,0,0,0,2249,4,0.0010292243,0,0.1256501972675323,dual_text_fixed_params,wangtengjiao1997/Encode-Solidity-Bootcamp,0
NEG_01961,0,0,0,2261,4,0.00076052605,0,0.1256501972675323,dual_text_fixed_params,web3crafter/NFTCollection_Crypto-Devs,0
NEG_01964,0,0,0,2264,4,0.000573257,0,0.1256501972675323,dual_text_fixed_params,Web3Philippines/homepage,0
NEG_01965,0,0,0,2265,4,0.002360778,0,0.1256501972675323,dual_text_fixed_params,web3privacy/web3privacy,0
NEG_01967,0,0,0,2267,4,0.0006591527,0,0.1256501972675323,dual_text_fixed_params,weex/Live-bitcoin-transactions,0
NEG_01969,0,0,0,2269,4,0.0011576198,0,0.1256501972675323,dual_text_fixed_params,weiweiyeih/web3.0-lottery-frontend-app,0
NEG_01975,0,0,0,2275,4,0.00896089,0,0.1256501972675323,dual_text_fixed_params,WilliamMassalino/foundry-app,0
NEG_01977,0,0,0,2277,4,0.00924416,0,0.1256501972675323,dual_text_fixed_params,WISEPLAT/backtrader_bybit,0
NEG_01982,0,0,0,2282,4,0.0005303771,0,0.1256501972675323,dual_text_fixed_params,wslyvh/clean-contracts,0
NEG_01995,0,0,0,2295,4,0.00054717984,0,0.1256501972675323,dual_text_fixed_params,xlnfinance/xln,0
NEG_01999,0,0,0,2299,4,0.004761575,0,0.1256501972675323,dual_text_fixed_params,xsen215/Web3-Solana-Bitcoin-NFT-Dex-Defi-P2EGame-SmartContract-Projects,0
NEG_02004,0,0,0,2304,4,0.0012926131,0,0.1256501972675323,dual_text_fixed_params,Y-Xiang-hub/Crowdsourcing-With-Smart-Contract,0
NEG_02005,0,0,0,2305,4,0.0010608495,0,0.1256501972675323,dual_text_fixed_params,yakiyahi/projet-web3,0
NEG_02008,0,0,0,2308,4,0.0014135587,0,0.1256501972675323,dual_text_fixed_params,yanukadeneth99/Meme-NFT,0
NEG_02014,0,0,0,2314,4,0.00051707873,0,0.1256501972675323,dual_text_fixed_params,yearn/NFTreasury,0
NEG_02016,0,0,0,2316,4,0.0005058048,0,0.1256501972675323,dual_text_fixed_params,yessGlory17/nft-marketplace,0
NEG_02017,0,0,0,2317,4,0.0013494021,0,0.1256501972675323,dual_text_fixed_params,yeswadams/CryptoKitty,0
NEG_02023,0,0,0,2323,4,0.0018420051,0,0.1256501972675323,dual_text_fixed_params,yokeld/solgo,0
NEG_02027,0,0,0,2327,4,0.0040259566,0,0.1256501972675323,dual_text_fixed_params,Yourmix0x/webwag-tiri,0
NEG_02030,0,0,0,2330,4,0.010975109,0,0.1256501972675323,dual_text_fixed_params,yunanah/nft-wallet-yoorabaek,0
NEG_02033,0,0,0,2333,4,0.0005208615,0,0.1256501972675323,dual_text_fixed_params,zafar-saleem/blockchain-node,0
NEG_02042,0,0,0,2342,4,0.001796297,0,0.1256501972675323,dual_text_fixed_params,Zheaoli/awesome-coins,0
NEG_02043,0,0,0,2343,4,0.000991326,0,0.1256501972675323,dual_text_fixed_params,zillehuma75/lottery-smart-contract-,0
NEG_02047,0,0,0,2347,4,0.003366462,0,0.1256501972675323,dual_text_fixed_params,zktx-io/sui-extension,0
NEG_02053,0,0,0,2353,4,0.00064082677,0,0.1256501972675323,dual_text_fixed_params,zzzizo/cig-chain,0
F4_security_osint_cve,1,1,0,5,5,0.14665417,1,0.1256501972675323,dual_text_fixed_params,adminlove520/VulnWatchDog,1
F4_security_osint_cve,1,1,0,30,5,0.039498057,0,0.1256501972675323,dual_text_fixed_params,nocomp/poc-CVE-2001-1473,1
F4_security_osint_cve,1,1,0,37,5,0.8619537,1,0.1256501972675323,dual_text_fixed_params,themaxlpalfaboy/CVE-2025-54897-LAB,1
F4_security_osint_cve,1,1,0,43,5,0.25177383,1,0.1256501972675323,dual_text_fixed_params,Zeeeepa/spyder-osint,1
F4_security_osint_cve,1,1,0,44,5,0.26914167,1,0.1256501972675323,dual_text_fixed_params,Zeeeepa/spyder-osint2,1
F4_security_osint_cve,1,0,1,81,5,0.18691617,1,0.1256501972675323,dual_text_fixed_params,adminlove5202/VulnWatchDog,1
F4_security_osint_cve,1,0,1,82,5,0.041407388,0,0.1256501972675323,dual_text_fixed_params,nocomp9/poc-CVE-2001-1473,1
F4_security_osint_cve,1,0,1,83,5,0.8619537,1,0.1256501972675323,dual_text_fixed_params,themaxlpalfaboyr/CVE-2025-54897-LAB,1
F4_security_osint_cve,1,0,1,84,5,0.25615668,1,0.1256501972675323,dual_text_fixed_params,Zeeeep/spyder-osint,1
F4_security_osint_cve,1,0,1,85,5,0.26914167,1,0.1256501972675323,dual_text_fixed_params,Zeeeepa2/spyder-osint2,1
F4_security_osint_cve,1,0,1,86,5,0.14665417,1,0.1256501972675323,dual_text_fixed_params,adminlove5203/VulnWatchDog,1
F4_security_osint_cve,1,0,1,87,5,0.042354867,0,0.1256501972675323,dual_text_fixed_params,nocomp4/poc-CVE-2001-1473,1
F4_security_osint_cve,1,0,1,88,5,0.8619537,1,0.1256501972675323,dual_text_fixed_params,themaxlpalfaboyk/CVE-2025-54897-LAB,1
F4_security_osint_cve,1,0,1,89,5,0.25177383,1,0.1256501972675323,dual_text_fixed_params,Zeeeepa2/spyder-osint,1
F4_security_osint_cve,1,0,1,90,5,0.25177383,1,0.1256501972675323,dual_text_fixed_params,Zeeeepa3/spyder-osint2,1
F4_security_osint_cve,1,0,1,91,5,0.18691617,1,0.1256501972675323,dual_text_fixed_params,adminlove52/VulnWatchDog,1
F4_security_osint_cve,1,0,1,92,5,0.039498057,0,0.1256501972675323,dual_text_fixed_params,nocomps/poc-CVE-2001-1473,1
F4_security_osint_cve,1,0,1,93,5,0.8619537,1,0.1256501972675323,dual_text_fixed_params,themaxlpalfaboy2/CVE-2025-54897-LAB,1
F4_security_osint_cve,1,0,1,94,5,0.25177383,1,0.1256501972675323,dual_text_fixed_params,Zeeeep2/spyder-osint,1
F4_security_osint_cve,1,0,1,95,5,0.25177383,1,0.1256501972675323,dual_text_fixed_params,Zeeeep/spyder-osint2,1
F4_security_osint_cve,1,0,1,96,5,0.14665417,1,0.1256501972675323,dual_text_fixed_params,adminlove520v/VulnWatchDog,1
F4_security_osint_cve,1,0,1,97,5,0.036055386,0,0.1256501972675323,dual_text_fixed_params,nocomp7/poc-CVE-2001-1473,0
F4_security_osint_cve,1,0,1,98,5,0.87039125,1,0.1256501972675323,dual_text_fixed_params,themaxlpalfabo/CVE-2025-54897-LAB,1
F4_security_osint_cve,1,0,1,99,5,0.28002506,1,0.1256501972675323,dual_text_fixed_params,Zeeeepaz/spyder-osint,1
F4_security_osint_cve,1,0,1,100,5,0.28002506,1,0.1256501972675323,dual_text_fixed_params,Zeeeepa4/spyder-osint2,1
F4_security_osint_cve,1,0,1,101,5,0.14665417,1,0.1256501972675323,dual_text_fixed_params,adminlove520t/VulnWatchDog,1
F4_security_osint_cve,1,0,1,102,5,0.044395912,0,0.1256501972675323,dual_text_fixed_params,nocompf/poc-CVE-2001-1473,1
F4_security_osint_cve,1,0,1,103,5,0.8619537,1,0.1256501972675323,dual_text_fixed_params,themaxlpalfaboy3/CVE-2025-54897-LAB,1
F4_security_osint_cve,1,0,1,104,5,0.26914167,1,0.1256501972675323,dual_text_fixed_params,Zeeeepa3/spyder-osint,1
F4_security_osint_cve,1,0,1,105,5,0.25177383,1,0.1256501972675323,dual_text_fixed_params,Zeeeepa5/spyder-osint2,1
F4_security_osint_cve,1,0,1,106,5,0.18691617,1,0.1256501972675323,dual_text_fixed_params,adminlove520f/VulnWatchDog,1
F4_security_osint_cve,1,0,1,107,5,0.039498057,0,0.1256501972675323,dual_text_fixed_params,nocom/poc-CVE-2001-1473,1
F4_security_osint_cve,1,0,1,108,5,0.8619537,1,0.1256501972675323,dual_text_fixed_params,themaxlpalfaboy4/CVE-2025-54897-LAB,1
F4_security_osint_cve,1,0,1,109,5,0.25177383,1,0.1256501972675323,dual_text_fixed_params,Zeeeepa4/spyder-osint,1
F4_security_osint_cve,1,0,1,110,5,0.2657363,1,0.1256501972675323,dual_text_fixed_params,Zeeeepap/spyder-osint2,1
F4_security_osint_cve,1,0,1,111,5,0.18691617,1,0.1256501972675323,dual_text_fixed_params,adminlove520x/VulnWatchDog,1
F4_security_osint_cve,1,0,1,112,5,0.037699625,0,0.1256501972675323,dual_text_fixed_params,nocompa/poc-CVE-2001-1473,0
F4_security_osint_cve,1,0,1,113,5,0.87039125,1,0.1256501972675323,dual_text_fixed_params,themaxlpalfaboy5/CVE-2025-54897-LAB,1
F4_security_osint_cve,1,0,1,114,5,0.28471258,1,0.1256501972675323,dual_text_fixed_params,Zeeeepaw/spyder-osint,1
F4_security_osint_cve,1,0,1,115,5,0.25177383,1,0.1256501972675323,dual_text_fixed_params,Zeeeepax/spyder-osint2,1
F4_security_osint_cve,1,0,1,116,5,0.14665417,1,0.1256501972675323,dual_text_fixed_params,adminlove522/VulnWatchDog,1
F4_security_osint_cve,1,0,1,117,5,0.041407388,0,0.1256501972675323,dual_text_fixed_params,nocomp2/poc-CVE-2001-1473,1
F4_security_osint_cve,1,0,1,118,5,0.8619537,1,0.1256501972675323,dual_text_fixed_params,themaxlpalfaboy6/CVE-2025-54897-LAB,1
F4_security_osint_cve,1,0,1,119,5,0.28471258,1,0.1256501972675323,dual_text_fixed_params,Zeeeepa5/spyder-osint,1
F4_security_osint_cve,1,0,1,120,5,0.25177383,1,0.1256501972675323,dual_text_fixed_params,Zeeeep2/spyder-osint2,1
F4_security_osint_cve,1,0,1,121,5,0.18691617,1,0.1256501972675323,dual_text_fixed_params,adminlove5200/VulnWatchDog,1
F4_security_osint_cve,1,0,1,122,5,0.041407388,0,0.1256501972675323,dual_text_fixed_params,nocom2/poc-CVE-2001-1473,1
F4_security_osint_cve,1,0,1,123,5,0.87039125,1,0.1256501972675323,dual_text_fixed_params,themaxlpalfabo2/CVE-2025-54897-LAB,1
F4_security_osint_cve,1,0,1,124,5,0.28002506,1,0.1256501972675323,dual_text_fixed_params,Zeeeep3/spyder-osint,1
F4_security_osint_cve,1,0,1,125,5,0.28002506,1,0.1256501972675323,dual_text_fixed_params,Zeeeep3/spyder-osint2,1
F4_security_osint_cve,1,0,1,126,5,0.14665417,1,0.1256501972675323,dual_text_fixed_params,adminlove520o/VulnWatchDog,1
F4_security_osint_cve,1,0,1,127,5,0.041407388,0,0.1256501972675323,dual_text_fixed_params,nocompb/poc-CVE-2001-1473,1
F4_security_osint_cve,1,0,1,128,5,0.8619537,1,0.1256501972675323,dual_text_fixed_params,themaxlpalfaboy7/CVE-2025-54897-LAB,1
F4_security_osint_cve,1,0,1,129,5,0.27371627,1,0.1256501972675323,dual_text_fixed_params,Zeeeep4/spyder-osint,1
F4_security_osint_cve,1,0,1,130,5,0.25177383,1,0.1256501972675323,dual_text_fixed_params,Zeeeepa6/spyder-osint2,1
F4_security_osint_cve,1,0,1,131,5,0.14665417,1,0.1256501972675323,dual_text_fixed_params,adminlove5208/VulnWatchDog,1
F4_security_osint_cve,1,0,1,132,5,0.037699625,0,0.1256501972675323,dual_text_fixed_params,nocompc/poc-CVE-2001-1473,0
F4_security_osint_cve,1,0,1,133,5,0.8619537,1,0.1256501972675323,dual_text_fixed_params,themaxlpalfaboy8/CVE-2025-54897-LAB,1
F4_security_osint_cve,1,0,1,134,5,0.26914167,1,0.1256501972675323,dual_text_fixed_params,Zeeeep5/spyder-osint,1
F4_security_osint_cve,1,0,1,135,5,0.25177383,1,0.1256501972675323,dual_text_fixed_params,Zeeeepaz/spyder-osint2,1
NEG_00001,0,0,0,301,5,0.00637316,0,0.1256501972675323,dual_text_fixed_params,00hello/solidity-experiments,0
NEG_00008,0,0,0,308,5,0.00042204995,0,0.1256501972675323,dual_text_fixed_params,0xcregis/anychain,0
NEG_00013,0,0,0,313,5,0.00075651467,0,0.1256501972675323,dual_text_fixed_params,0xfrosty/leverade-nft,0
NEG_00014,0,0,0,314,5,0.00088728446,0,0.1256501972675323,dual_text_fixed_params,0xGeegZ/defi-gambler,0
NEG_00020,0,0,0,320,5,0.001365608,0,0.1256501972675323,dual_text_fixed_params,0xJonaseb11/shared_wallet.3.0,0
NEG_00021,0,0,0,321,5,0.00044069006,0,0.1256501972675323,dual_text_fixed_params,0xJonaseb11/solidity_L,0
NEG_00026,0,0,0,326,5,0.0048619257,0,0.1256501972675323,dual_text_fixed_params,0xPleiades/switch-trade-coin,0
NEG_00034,0,0,0,334,5,0.00111088,0,0.1256501972675323,dual_text_fixed_params,10ap17/Damn-Vulnerable-DeFi-Foundry,0
NEG_00037,0,0,0,337,5,0.00057439436,0,0.1256501972675323,dual_text_fixed_params,1983shiv/blockchain-crypto-smart-contract-example,0
NEG_00040,0,0,0,340,5,0.011418501,0,0.1256501972675323,dual_text_fixed_params,2303A51405/solidity-smart_contract,0
NEG_00053,0,0,0,353,5,0.0010150388,0,0.1256501972675323,dual_text_fixed_params,aaquib8700/Wallet-SmartContract,0
NEG_00064,0,0,0,364,5,0.0015476015,0,0.1256501972675323,dual_text_fixed_params,AbioyeSamuel/DBANK_DeFi_DApp,0
NEG_00087,0,0,0,387,5,0.0006282207,0,0.1256501972675323,dual_text_fixed_params,adrianmcli/ganache-jest-example,0
NEG_00091,0,0,0,391,5,0.0095466,0,0.1256501972675323,dual_text_fixed_params,Adrijan-Petek/token-correlation-analyzer,0
NEG_00095,0,0,0,395,5,0.00044777233,0,0.1256501972675323,dual_text_fixed_params,aeminium-labs/nextjs-solana-starter-kit,0
NEG_00098,0,0,0,398,5,0.00049132714,0,0.1256501972675323,dual_text_fixed_params,afroze93/smart-contract-1,0
NEG_00103,0,0,0,403,5,0.00051438017,0,0.1256501972675323,dual_text_fixed_params,aha-moment-group/wallet,0
NEG_00112,0,0,0,412,5,0.0026815454,0,0.1256501972675323,dual_text_fixed_params,aidear3/smart-contracts,0
NEG_00122,0,0,0,422,5,0.0012215624,0,0.1256501972675323,dual_text_fixed_params,akbarwijayaa/simple-defi-flash,0
NEG_00130,0,0,0,430,5,0.0011987169,0,0.1256501972675323,dual_text_fixed_params,alebeta06/chainlink-bootcampES-2024,0
NEG_00134,0,0,0,434,5,0.0012877518,0,0.1256501972675323,dual_text_fixed_params,alejoacosta74/token-swap-exchange,0
NEG_00143,0,0,0,443,5,0.004734252,0,0.1256501972675323,dual_text_fixed_params,AlexNa-Holdings/web3pro,0
NEG_00146,0,0,0,446,5,0.036793336,0,0.1256501972675323,dual_text_fixed_params,algonomad571/CryptoHFT,0
NEG_00150,0,0,0,450,5,0.001244058,0,0.1256501972675323,dual_text_fixed_params,aliezzahn/yield-farming-optimization-calculator,0
NEG_00151,0,0,0,451,5,0.002613115,0,0.1256501972675323,dual_text_fixed_params,Alikhan-Shanbay/AegisScan,0
NEG_00152,0,0,0,452,5,0.00055337825,0,0.1256501972675323,dual_text_fixed_params,aliraza944/MultiSig-Wallet-,0
NEG_00160,0,0,0,460,5,0.0006243569,0,0.1256501972675323,dual_text_fixed_params,alpha-sol/alpha-frontend,0
NEG_00161,0,0,0,461,5,0.0017679249,0,0.1256501972675323,dual_text_fixed_params,alpinelab-it/BuyMeABeer-Solidity-DeFi-Tipping-smart-contract-,0
NEG_00166,0,0,0,466,5,0.00045892515,0,0.1256501972675323,dual_text_fixed_params,amdonatusprince/brownie_simple_storage-application,0
NEG_00186,0,0,0,486,5,0.001673541,0,0.1256501972675323,dual_text_fixed_params,Anonymous961/NFTClaimApp,0
NEG_00187,0,0,0,487,5,0.00084584364,0,0.1256501972675323,dual_text_fixed_params,ant-design/ant-design-web3,0
NEG_00189,0,0,0,489,5,0.0019524614,0,0.1256501972675323,dual_text_fixed_params,Anton1636/crypto-wallet,0
NEG_00197,0,0,0,497,5,0.0008832213,0,0.1256501972675323,dual_text_fixed_params,apalowski688-art/ethereum-bitcoin,0
NEG_00200,0,0,0,500,5,0.0020415704,0,0.1256501972675323,dual_text_fixed_params,ApeWorX/ape-ganache,0
NEG_00201,0,0,0,501,5,0.003066787,0,0.1256501972675323,dual_text_fixed_params,ApeWorX/ape-ledger,0
NEG_00202,0,0,0,502,5,0.0009609038,0,0.1256501972675323,dual_text_fixed_params,ApeWorX/evm-trace,0
NEG_00205,0,0,0,505,5,0.0059190122,0,0.1256501972675323,dual_text_fixed_params,aptos-labs/petra-vault,0
NEG_00206,0,0,0,506,5,0.030688975,0,0.1256501972675323,dual_text_fixed_params,aqemal/owasp-sc-token-,0
NEG_00207,0,0,0,507,5,0.0005745307,0,0.1256501972675323,dual_text_fixed_params,aragon/use-wallet,0
NEG_00216,0,0,0,516,5,0.00060943596,0,0.1256501972675323,dual_text_fixed_params,arokvic/FundMeProject-SmartContracts-Web3-Brownie-Solidity-2022,0
NEG_00219,0,0,0,519,5,0.0006860132,0,0.1256501972675323,dual_text_fixed_params,ArrjunPradeep/safeCryptoWallet,0
NEG_00225,0,0,0,525,5,0.001323003,0,0.1256501972675323,dual_text_fixed_params,arthuravianna/uff-web3-course,0
NEG_00229,0,0,0,529,5,0.0006193642,0,0.1256501972675323,dual_text_fixed_params,as3360/ReinforcementLearntTradingBot,0
NEG_00230,0,0,0,530,5,0.0009388774,0,0.1256501972675323,dual_text_fixed_params,ashbz/CryptoSharp,0
NEG_00241,0,0,0,541,5,0.0049584066,0,0.1256501972675323,dual_text_fixed_params,atul24112001/trackpack,0
NEG_00246,0,0,0,546,5,0.00039726312,0,0.1256501972675323,dual_text_fixed_params,Axentro/Axentro,0
NEG_00252,0,0,0,552,5,0.014385553,0,0.1256501972675323,dual_text_fixed_params,ayushi030709/aave-credit-scorer,0
NEG_00253,0,0,0,553,5,0.010119606,0,0.1256501972675323,dual_text_fixed_params,ayushn2/market_maker,0
NEG_00262,0,0,0,562,5,0.007538995,0,0.1256501972675323,dual_text_fixed_params,balancer/frontend-v2,0
NEG_00269,0,0,0,569,5,0.000434932,0,0.1256501972675323,dual_text_fixed_params,banteg/multicall.py,0
NEG_00276,0,0,0,576,5,0.00045213694,0,0.1256501972675323,dual_text_fixed_params,BeanstalkFarms/Basin,0
NEG_00279,0,0,0,579,5,0.000976703,0,0.1256501972675323,dual_text_fixed_params,bekatom/awesome-ethereum,0
NEG_00283,0,0,0,583,5,0.00047227985,0,0.1256501972675323,dual_text_fixed_params,benruseau/Inhetherit,0
NEG_00288,0,0,0,588,5,0.000532464,0,0.1256501972675323,dual_text_fixed_params,BeycanPress/cryptopay-lite,0
NEG_00293,0,0,0,593,5,0.0005657562,0,0.1256501972675323,dual_text_fixed_params,bifrost-platform/solidity-contract-configs,0
NEG_00295,0,0,0,595,5,0.003302314,0,0.1256501972675323,dual_text_fixed_params,bigint/hey,0
NEG_00315,0,0,0,615,5,0.0009475649,0,0.1256501972675323,dual_text_fixed_params,Block-Chen/blocksdk-go,0
NEG_00317,0,0,0,617,5,0.0008249568,0,0.1256501972675323,dual_text_fixed_params,blockchain-certificates/cert-issuer,0
NEG_00330,0,0,0,630,5,0.00054194836,0,0.1256501972675323,dual_text_fixed_params,bob-collective/bob,0
NEG_00337,0,0,0,637,5,0.101423755,0,0.1256501972675323,dual_text_fixed_params,braedonsaunders/homerun,1
NEG_00343,0,0,0,643,5,0.00055627147,0,0.1256501972675323,dual_text_fixed_params,brlojam4932/usdc-app,0
NEG_00345,0,0,0,645,5,0.00048817464,0,0.1256501972675323,dual_text_fixed_params,BSN-DDC/taianchain,0
NEG_00378,0,0,0,678,5,0.00069405243,0,0.1256501972675323,dual_text_fixed_params,chainapsis/keplr-wallet,0
NEG_00379,0,0,0,679,5,0.0004658725,0,0.1256501972675323,dual_text_fixed_params,ChainEasy/ChainEasy-Wallet,0
NEG_00384,0,0,0,684,5,0.039835136,0,0.1256501972675323,dual_text_fixed_params,ChainsQueen/web3dashboard,1
NEG_00385,0,0,0,685,5,0.01313697,0,0.1256501972675323,dual_text_fixed_params,charanbalaji2005/CryptoView-solidity,0
NEG_00387,0,0,0,687,5,0.00036340588,0,0.1256501972675323,dual_text_fixed_params,chase-manning/debt-farming,0
NEG_00391,0,0,0,691,5,0.003921551,0,0.1256501972675323,dual_text_fixed_params,chellscript/bitLeaf,0
NEG_00392,0,0,0,692,5,0.00056420156,0,0.1256501972675323,dual_text_fixed_params,cherti/bitcoin-analysis,0
NEG_00397,0,0,0,697,5,0.0005460305,0,0.1256501972675323,dual_text_fixed_params,chjj/termcoin,0
NEG_00400,0,0,0,700,5,0.0010941629,0,0.1256501972675323,dual_text_fixed_params,chrisalexadams/balancer,0
NEG_00401,0,0,0,701,5,0.00066537154,0,0.1256501972675323,dual_text_fixed_params,ChrisdeWolf/blockchain-attack-probabilities,0
NEG_00402,0,0,0,702,5,0.0012224703,0,0.1256501972675323,dual_text_fixed_params,chrisstef/defi-staking,0
NEG_00403,0,0,0,703,5,0.016071748,0,0.1256501972675323,dual_text_fixed_params,ChrisZyy3/presale-nft-web3-app,0
NEG_00406,0,0,0,706,5,0.00092694815,0,0.1256501972675323,dual_text_fixed_params,citizenweb3/validatorinfo,0
NEG_00418,0,0,0,718,5,0.0049834354,0,0.1256501972675323,dual_text_fixed_params,codebatine/Chores-for-Crypto,0
NEG_00437,0,0,0,737,5,0.003926796,0,0.1256501972675323,dual_text_fixed_params,conka8/Solana-Dexterity,0
NEG_00441,0,0,0,741,5,0.00050085667,0,0.1256501972675323,dual_text_fixed_params,ConsenSysDiligence/mythril,0
NEG_00452,0,0,0,752,5,0.0007164771,0,0.1256501972675323,dual_text_fixed_params,covir-io/cvr-contract,0
NEG_00455,0,0,0,755,5,0.0024899312,0,0.1256501972675323,dual_text_fixed_params,Cr0mb/Satoshi-Sweeper,0
NEG_00459,0,0,0,759,5,0.00073990005,0,0.1256501972675323,dual_text_fixed_params,cristiandbetancurg/fulgol,0
NEG_00463,0,0,0,763,5,0.0017933123,0,0.1256501972675323,dual_text_fixed_params,crypto-balance-checker-seed-phrases/crypto-balance-checker-seed-phrases,0
NEG_00466,0,0,0,766,5,0.001974121,0,0.1256501972675323,dual_text_fixed_params,crypto-org-chain/cronos,0
NEG_00469,0,0,0,769,5,0.001478587,0,0.1256501972675323,dual_text_fixed_params,cryptoadvance/specter-desktop,0
NEG_00472,0,0,0,772,5,0.002164254,0,0.1256501972675323,dual_text_fixed_params,CryptoCreams/Crypto-Creams,0
NEG_00474,0,0,0,774,5,0.0018616441,0,0.1256501972675323,dual_text_fixed_params,CryptoExplor/CeloNFT,0
NEG_00484,0,0,0,784,5,0.0013983906,0,0.1256501972675323,dual_text_fixed_params,cshep4/crypto-dot-com-exchange-go,0
NEG_00488,0,0,0,788,5,0.0023162884,0,0.1256501972675323,dual_text_fixed_params,CutupAngel/nft-marketplace,0
NEG_00492,0,0,0,792,5,0.00085242325,0,0.1256501972675323,dual_text_fixed_params,czeti/shamus,0
NEG_00502,0,0,0,802,5,0.00084337126,0,0.1256501972675323,dual_text_fixed_params,Damian-Sanchez/CryptoTextAlert,0
NEG_00508,0,0,0,808,5,0.0013904202,0,0.1256501972675323,dual_text_fixed_params,danilych/token-sale,0
NEG_00509,0,0,0,809,5,0.002977459,0,0.1256501972675323,dual_text_fixed_params,danpatrocinio/web3-api,0
NEG_00510,0,0,0,810,5,0.009390887,0,0.1256501972675323,dual_text_fixed_params,dante4rt/t3rn-airdrop-bot,0
NEG_00520,0,0,0,820,5,0.0035137613,0,0.1256501972675323,dual_text_fixed_params,dariocast/algorand-nft-loan,0
NEG_00524,0,0,0,824,5,0.0012469194,0,0.1256501972675323,dual_text_fixed_params,datmedevil17/hack-web3conf,0
NEG_00540,0,0,0,840,5,0.00042852754,0,0.1256501972675323,dual_text_fixed_params,Defi-Pool-Share/DefiPoolShare.DPSTContract,0
NEG_00550,0,0,0,850,5,0.00035658,0,0.1256501972675323,dual_text_fixed_params,DemocracyEarth/exodus,0
NEG_00556,0,0,0,856,5,0.001075451,0,0.1256501972675323,dual_text_fixed_params,DePayFi/buttons,0
NEG_00562,0,0,0,862,5,0.002879053,0,0.1256501972675323,dual_text_fixed_params,desoul-labs/soulhub-contracts,0
NEG_00563,0,0,0,863,5,0.0051941387,0,0.1256501972675323,dual_text_fixed_params,deusfinance/deus-interface-v2,0
NEG_00564,0,0,0,864,5,0.0011340783,0,0.1256501972675323,dual_text_fixed_params,dev-x-master/Election-Blockchain-App,0
NEG_00565,0,0,0,865,5,0.0032980572,0,0.1256501972675323,dual_text_fixed_params,devano12/Kryptex-miner,0
NEG_00577,0,0,0,877,5,0.00042371123,0,0.1256501972675323,dual_text_fixed_params,dharmaprotocol/experimental,0
NEG_00586,0,0,0,886,5,0.001620971,0,0.1256501972675323,dual_text_fixed_params,DimensionDev/Maskbook,0
NEG_00592,0,0,0,892,5,0.014698813,0,0.1256501972675323,dual_text_fixed_params,Dklish/trading-lab,0
NEG_00600,0,0,0,900,5,0.005061847,0,0.1256501972675323,dual_text_fixed_params,DonggeunYu/MEV-Attack-on-the-BSC,0
NEG_00608,0,0,0,908,5,0.0007236576,0,0.1256501972675323,dual_text_fixed_params,Drix10/ai-resources,0
NEG_00612,0,0,0,912,5,0.00069565495,0,0.1256501972675323,dual_text_fixed_params,ducga1998/tai-xiu-smart-contract,0
NEG_00623,0,0,0,923,5,0.00046212185,0,0.1256501972675323,dual_text_fixed_params,educoin/notarypoc,0
NEG_00627,0,0,0,927,5,0.0007122997,0,0.1256501972675323,dual_text_fixed_params,el-noir/ethereum-defi-app,0
NEG_00632,0,0,0,932,5,0.1367001,1,0.1256501972675323,dual_text_fixed_params,ElromEvedElElyon/bitcoinbrasil,1
NEG_00639,0,0,0,939,5,0.0005940662,0,0.1256501972675323,dual_text_fixed_params,emilyhon/foundry-defi-stablecoin-f23,0
NEG_00640,0,0,0,940,5,0.0006038967,0,0.1256501972675323,dual_text_fixed_params,Emivvvvv/btc-vanity,0
NEG_00641,0,0,0,941,5,0.0006842007,0,0.1256501972675323,dual_text_fixed_params,emlynazuma/blockchainCrawler,0
NEG_00642,0,0,0,942,5,0.0014934095,0,0.1256501972675323,dual_text_fixed_params,Emmahchinonso/web3-bridge-contract,0
NEG_00645,0,0,0,945,5,0.00065506704,0,0.1256501972675323,dual_text_fixed_params,emograms/nft-marketplace,0
NEG_00646,0,0,0,946,5,0.00052292267,0,0.1256501972675323,dual_text_fixed_params,emtinanseo/dApp-Refund-by-Location-Smart-Contract,0
NEG_00647,0,0,0,947,5,0.0006637988,0,0.1256501972675323,dual_text_fixed_params,energychain/CorrentlyWallet,0
NEG_00648,0,0,0,948,5,0.000499169,0,0.1256501972675323,dual_text_fixed_params,Enkhai/crypto-blockchain-python,0
NEG_00659,0,0,0,959,5,0.00043805476,0,0.1256501972675323,dual_text_fixed_params,eq-lab/marginly,0
NEG_00663,0,0,0,963,5,0.00080459146,0,0.1256501972675323,dual_text_fixed_params,ervikassingh/nft-market,0
NEG_00681,0,0,0,981,5,0.001615949,0,0.1256501972675323,dual_text_fixed_params,EveryThinUknow/BlockchainPrototype,0
NEG_00683,0,0,0,983,5,0.00045892515,0,0.1256501972675323,dual_text_fixed_params,EWCunha/brownie-fund-me,0
NEG_00686,0,0,0,986,5,0.0018641284,0,0.1256501972675323,dual_text_fixed_params,exekerey/3xpl-mcp,0
NEG_00687,0,0,0,987,5,0.000537354,0,0.1256501972675323,dual_text_fixed_params,exglos/wallet,0
NEG_00698,0,0,0,998,5,0.002520694,0,0.1256501972675323,dual_text_fixed_params,fadliferdian28/MyCryptoToken,0
NEG_00699,0,0,0,999,5,0.0013410386,0,0.1256501972675323,dual_text_fixed_params,fairrustana/Sports-Betting-Sportsbook,0
NEG_00702,0,0,0,1002,5,0.00073933124,0,0.1256501972675323,dual_text_fixed_params,Faouzijedidi1/NFT-Game,0
NEG_00709,0,0,0,1009,5,0.003355068,0,0.1256501972675323,dual_text_fixed_params,felipeserrano05/one-sol-protocol,0
NEG_00719,0,0,0,1019,5,0.0005133839,0,0.1256501972675323,dual_text_fixed_params,flannerychristopher/web3_py_simple_storage,0
NEG_00725,0,0,0,1025,5,0.0014288519,0,0.1256501972675323,dual_text_fixed_params,Formyselfonly/smart-contract-quickstart,0
NEG_00729,0,0,0,1029,5,0.0009251429,0,0.1256501972675323,dual_text_fixed_params,frangio/hardhat-exposed,0
NEG_00742,0,0,0,1042,5,0.0018857303,0,0.1256501972675323,dual_text_fixed_params,fvictorio/ganache-explorer-poc,0
NEG_00747,0,0,0,1047,5,0.0012658444,0,0.1256501972675323,dual_text_fixed_params,gasparllamazares/Bitcoin-Virus,0
NEG_00748,0,0,0,1048,5,0.044905216,0,0.1256501972675323,dual_text_fixed_params,gauryvg98/Bitcoin-Indexer,1
NEG_00749,0,0,0,1049,5,0.0006008676,0,0.1256501972675323,dual_text_fixed_params,gbto/web3-everything,0
NEG_00751,0,0,0,1051,5,0.00077801006,0,0.1256501972675323,dual_text_fixed_params,Gearbox-protocol/gearbox-protocol-description,0
NEG_00763,0,0,0,1063,5,0.0026462863,0,0.1256501972675323,dual_text_fixed_params,gitthekid/Ethereum-Flashloan-DEX-Arbitrage-Contracts,0
NEG_00766,0,0,0,1066,5,0.00052730675,0,0.1256501972675323,dual_text_fixed_params,glitchnsec/cryptozombies-solutions,0
NEG_00769,0,0,0,1069,5,0.0040399134,0,0.1256501972675323,dual_text_fixed_params,gmtech-xyz/safe-cex,0
NEG_00775,0,0,0,1075,5,0.0010667584,0,0.1256501972675323,dual_text_fixed_params,Gola-k/jsm_nft_marketplace,0
NEG_00776,0,0,0,1076,5,0.0011397891,0,0.1256501972675323,dual_text_fixed_params,GoodDollar/GoodDAPP,0
NEG_00779,0,0,0,1079,5,0.0011377562,0,0.1256501972675323,dual_text_fixed_params,gprateek93/Sikka--A-Simple-Bitcoin-Implementation,0
NEG_00791,0,0,0,1091,5,0.033437017,0,0.1256501972675323,dual_text_fixed_params,Gupta-4699/crypto_gallery,0
NEG_00794,0,0,0,1094,5,0.00044735803,0,0.1256501972675323,dual_text_fixed_params,gyro-defi/gyro-v1-contracts,0
NEG_00795,0,0,0,1095,5,0.0024931617,0,0.1256501972675323,dual_text_fixed_params,gysr-io/core,0
NEG_00797,0,0,0,1097,5,0.000603391,0,0.1256501972675323,dual_text_fixed_params,ha-bhai-noob-hoon/Solidity-task,0
NEG_00800,0,0,0,1100,5,0.010516867,0,0.1256501972675323,dual_text_fixed_params,HackUnderway/BlockChain,0
NEG_00804,0,0,0,1104,5,0.0012707199,0,0.1256501972675323,dual_text_fixed_params,haf-decent/bArb,0
NEG_00805,0,0,0,1105,5,0.0006694946,0,0.1256501972675323,dual_text_fixed_params,HalfSuperNate/BalanceOfBatchDataToString,0
NEG_00815,0,0,0,1115,5,0.00038332288,0,0.1256501972675323,dual_text_fixed_params,harsh6768/web3-basics,0
NEG_00821,0,0,0,1121,5,0.00050248543,0,0.1256501972675323,dual_text_fixed_params,HashLips/hashlips_nft_contract,0
NEG_00831,0,0,0,1131,5,0.00059676234,0,0.1256501972675323,dual_text_fixed_params,hexoul/aws-lambda-eth-proxy,0
NEG_00835,0,0,0,1135,5,0.0015564464,0,0.1256501972675323,dual_text_fixed_params,HilliamT/foundry-web3-monorepo,0
NEG_00840,0,0,0,1140,5,0.00053132727,0,0.1256501972675323,dual_text_fixed_params,hiwadrashad/Crypto-Currency,0
NEG_00854,0,0,0,1154,5,0.00065234076,0,0.1256501972675323,dual_text_fixed_params,hovig/web3-fabric-voting-dapp,0
NEG_00856,0,0,0,1156,5,0.0006399119,0,0.1256501972675323,dual_text_fixed_params,HugoBrunet13/NFT-Marketplace-Auction,0
NEG_00860,0,0,0,1160,5,0.0006189794,0,0.1256501972675323,dual_text_fixed_params,hundredwz/BlockchainInfo,0
NEG_00863,0,0,0,1163,5,0.0005025937,0,0.1256501972675323,dual_text_fixed_params,hyp3r5pace/crowdfunding-platform-avalanche,0
NEG_00870,0,0,0,1170,5,0.0008005572,0,0.1256501972675323,dual_text_fixed_params,ianmah/cryptostory,0
NEG_00871,0,0,0,1171,5,0.004960449,0,0.1256501972675323,dual_text_fixed_params,IaroslavTitov/OnchainVestingService,0
NEG_00877,0,0,0,1177,5,0.0031179981,0,0.1256501972675323,dual_text_fixed_params,idimetrix/next-jobs,0
NEG_00878,0,0,0,1178,5,0.0024696835,0,0.1256501972675323,dual_text_fixed_params,idrabenia/SublimeLinter-contrib-solhint,0
NEG_00880,0,0,0,1180,5,0.000419074,0,0.1256501972675323,dual_text_fixed_params,igorlourenco/nft-marketplace-smart-contract,0
NEG_00883,0,0,0,1183,5,0.0141833825,0,0.1256501972675323,dual_text_fixed_params,illia-fz/defi-ts-wallet-connect-v23,0
NEG_00891,0,0,0,1191,5,0.0006404018,0,0.1256501972675323,dual_text_fixed_params,inghong06/Solidity_Whitelist,0
NEG_00896,0,0,0,1196,5,0.013271671,0,0.1256501972675323,dual_text_fixed_params,iotaledger-archive/legacy-wallet-use-trinity-wallet-instead,0
NEG_00897,0,0,0,1197,5,0.001282055,0,0.1256501972675323,dual_text_fixed_params,Isaacdelly/Plutus,0
NEG_00913,0,0,0,1213,5,0.0008359139,0,0.1256501972675323,dual_text_fixed_params,JackG-eth/CryptoZombieEthSC,0
NEG_00928,0,0,0,1228,5,0.009421401,0,0.1256501972675323,dual_text_fixed_params,jammy928/CoinExchange_CryptoExchange_Java,0
NEG_00929,0,0,0,1229,5,0.00041765106,0,0.1256501972675323,dual_text_fixed_params,janfilips/blockchain-poker,0
NEG_00951,0,0,0,1251,5,0.0007402788,0,0.1256501972675323,dual_text_fixed_params,Jeiwan/zuniswapv2,0
NEG_00954,0,0,0,1254,5,0.0005979756,0,0.1256501972675323,dual_text_fixed_params,JennEYoon/DeFi-ml,0
NEG_00955,0,0,0,1255,5,0.00080664566,0,0.1256501972675323,dual_text_fixed_params,jevinjivani2507/casino-web3,0
NEG_00956,0,0,0,1256,5,0.0010948302,0,0.1256501972675323,dual_text_fixed_params,jgyy/solarjun,0
NEG_00957,0,0,0,1257,5,0.0018002327,0,0.1256501972675323,dual_text_fixed_params,jianminggit/NFT_BOT,0
NEG_00960,0,0,0,1260,5,0.00068595563,0,0.1256501972675323,dual_text_fixed_params,JJ-Top/Despliegue-en-Ganache-de-SmartContract,0
NEG_00972,0,0,0,1272,5,0.000690576,0,0.1256501972675323,dual_text_fixed_params,Jon-Becker/heimdall-rs,0
NEG_00975,0,0,0,1275,5,0.0007562689,0,0.1256501972675323,dual_text_fixed_params,joseoscarcc/TaqueriaCryptoChain,0
NEG_00981,0,0,0,1281,5,0.002991617,0,0.1256501972675323,dual_text_fixed_params,jpromamen/sat-stacker-quiz,0
NEG_00995,0,0,0,1295,5,0.011082769,0,0.1256501972675323,dual_text_fixed_params,jwinterm/cryptonoteRPCwalletGUI,0
NEG_01012,0,0,0,1312,5,0.0019203421,0,0.1256501972675323,dual_text_fixed_params,Kazopl/mpc-agent-wallet,0
NEG_01014,0,0,0,1314,5,0.00060081144,0,0.1256501972675323,dual_text_fixed_params,keep-network/tbtc-website,0
NEG_01016,0,0,0,1316,5,0.0036579708,0,0.1256501972675323,dual_text_fixed_params,KehindeA533/CryptoDev_NFTCollection_Frontend,0
NEG_01017,0,0,0,1317,5,0.0022896281,0,0.1256501972675323,dual_text_fixed_params,kelvincup/base-commit,0
NEG_01020,0,0,0,1320,5,0.0010663022,0,0.1256501972675323,dual_text_fixed_params,KenatSF/NFT-Marketplace,0
NEG_01021,0,0,0,1321,5,0.000981163,0,0.1256501972675323,dual_text_fixed_params,keng42/xwallet,0
NEG_01025,0,0,0,1325,5,0.00101551,0,0.1256501972675323,dual_text_fixed_params,KernelFailure/blockchain,0
NEG_01028,0,0,0,1328,5,0.00045498402,0,0.1256501972675323,dual_text_fixed_params,Kevaljagani/NFT-Market,0
NEG_01038,0,0,0,1338,5,0.00050540455,0,0.1256501972675323,dual_text_fixed_params,Kimxons/generate-btc-keys,0
NEG_01045,0,0,0,1345,5,0.003416654,0,0.1256501972675323,dual_text_fixed_params,klaim-dev/solana-programs,0
NEG_01051,0,0,0,1351,5,0.00047179253,0,0.1256501972675323,dual_text_fixed_params,kokomoji/CryptoCoinPaperWallet,0
NEG_01056,0,0,0,1356,5,0.0004898816,0,0.1256501972675323,dual_text_fixed_params,Kr1ptal/ethers-kt,0
NEG_01059,0,0,0,1359,5,0.031831622,0,0.1256501972675323,dual_text_fixed_params,KrishGitVerse/speedrun-multisig-msu,0
NEG_01060,0,0,0,1360,5,0.022958718,0,0.1256501972675323,dual_text_fixed_params,krrish-sehgal/nwc-playground,0
NEG_01064,0,0,0,1364,5,0.00058122096,0,0.1256501972675323,dual_text_fixed_params,Kula529/-nft-collectible-frontend,0
NEG_01071,0,0,0,1371,5,0.00047029916,0,0.1256501972675323,dual_text_fixed_params,l3lackcurtains/solo-coin-cryptocurrency,0
NEG_01076,0,0,0,1376,5,0.00080726476,0,0.1256501972675323,dual_text_fixed_params,laramiedunlap/blockchain-wallets,0
NEG_01082,0,0,0,1382,5,0.038931817,0,0.1256501972675323,dual_text_fixed_params,lawlietu0/EnigmaCracker,0
NEG_01086,0,0,0,1386,5,0.00915885,0,0.1256501972675323,dual_text_fixed_params,lbryio/lbry-desktop,0
NEG_01095,0,0,0,1395,5,0.0012448392,0,0.1256501972675323,dual_text_fixed_params,Lemury1/wallet_stealer,0
NEG_01104,0,0,0,1404,5,0.0008697738,0,0.1256501972675323,dual_text_fixed_params,liquality/wallet,0
NEG_01109,0,0,0,1409,5,0.0006945964,0,0.1256501972675323,dual_text_fixed_params,LoboVH/NFT-contract-NEAR-PROTOCOL,0
NEG_01122,0,0,0,1422,5,0.0038895335,0,0.1256501972675323,dual_text_fixed_params,Lucifer666XD/ZenDesk,0
NEG_01123,0,0,0,1423,5,0.00059935934,0,0.1256501972675323,dual_text_fixed_params,LuckyPigeon/Smart-Contract-Playground,0
NEG_01129,0,0,0,1429,5,0.0025455398,0,0.1256501972675323,dual_text_fixed_params,maazgora/Multi-Sig-Wallet-using-Solidity,0
NEG_01130,0,0,0,1430,5,0.018096115,0,0.1256501972675323,dual_text_fixed_params,machenxi/Dodging-Turtis-NFT-game-Polygon,0
NEG_01135,0,0,0,1435,5,0.0016366856,0,0.1256501972675323,dual_text_fixed_params,maikon9824-lab/giftcard-dapp-arc-,0
NEG_01136,0,0,0,1436,5,0.00052001345,0,0.1256501972675323,dual_text_fixed_params,mainnetblockchain/sendEtherThroughSmartContract,0
NEG_01143,0,0,0,1443,5,0.00039894547,0,0.1256501972675323,dual_text_fixed_params,Manuel-yang/BlockChainSelfLearning,0
NEG_01147,0,0,0,1447,5,0.00064069056,0,0.1256501972675323,dual_text_fixed_params,maprob/nft-mint-site,0
NEG_01152,0,0,0,1452,5,0.00053219503,0,0.1256501972675323,dual_text_fixed_params,markjinhua/SmartContract,0
NEG_01153,0,0,0,1453,5,0.00083706557,0,0.1256501972675323,dual_text_fixed_params,Markkop/markkop-defi,0
NEG_01154,0,0,0,1454,5,0.0004713264,0,0.1256501972675323,dual_text_fixed_params,MartinoTruppini/LegalTech-SmartContract.it,0
NEG_01158,0,0,0,1458,5,0.00073753117,0,0.1256501972675323,dual_text_fixed_params,masaun/governorAlpha-with-proof-of-voting-NFT,0
NEG_01162,0,0,0,1462,5,0.00042971343,0,0.1256501972675323,dual_text_fixed_params,mateolafalce/MonthlySubscriptionSolana,0
NEG_01171,0,0,0,1471,5,0.036377084,0,0.1256501972675323,dual_text_fixed_params,MauriceBoendermaker/kraken_forge_hackathon_2025,0
NEG_01180,0,0,0,1480,5,0.0015142852,0,0.1256501972675323,dual_text_fixed_params,Melchizedek4ever/Time-Lock-Wallet,0
NEG_01183,0,0,0,1483,5,0.001702489,0,0.1256501972675323,dual_text_fixed_params,MeoMunDep/Fintopio,0
NEG_01184,0,0,0,1484,5,0.00051402824,0,0.1256501972675323,dual_text_fixed_params,MeoMunDep/OG-Labs,0
NEG_01186,0,0,0,1486,5,0.003230276,0,0.1256501972675323,dual_text_fixed_params,merofinance/webapp,0
NEG_01194,0,0,0,1494,5,0.00043438302,0,0.1256501972675323,dual_text_fixed_params,mg98/arbitrary-data-on-blockchains,0
NEG_01207,0,0,0,1507,5,0.0013184783,0,0.1256501972675323,dual_text_fixed_params,mikke555/eth-wallets-generator,0
NEG_01215,0,0,0,1515,5,0.0011394069,0,0.1256501972675323,dual_text_fixed_params,mirrorworld-universe/mirrorworld-sdk-js,0
NEG_01218,0,0,0,1518,5,0.0012400604,0,0.1256501972675323,dual_text_fixed_params,Mizogg/Mizogg-Tools,0
NEG_01224,0,0,0,1524,5,0.0013885623,0,0.1256501972675323,dual_text_fixed_params,MohaiminulEraj/Indicium,0
NEG_01238,0,0,0,1538,5,0.005098761,0,0.1256501972675323,dual_text_fixed_params,moseuh/blockchain-nft,0
NEG_01241,0,0,0,1541,5,0.0035335582,0,0.1256501972675323,dual_text_fixed_params,Mr-Malik-Aryan/LendVault,0
NEG_01248,0,0,0,1548,5,0.0006353759,0,0.1256501972675323,dual_text_fixed_params,mrozdolski/ink-flipper,0
NEG_01250,0,0,0,1550,5,0.0011333935,0,0.1256501972675323,dual_text_fixed_params,mrsmookie/btcrecover,0
NEG_01254,0,0,0,1554,5,0.0017451247,0,0.1256501972675323,dual_text_fixed_params,mtechee/libax,0
NEG_01256,0,0,0,1556,5,0.0008472165,0,0.1256501972675323,dual_text_fixed_params,mucolon/gemini-interface,0
NEG_01257,0,0,0,1557,5,0.0019862016,0,0.1256501972675323,dual_text_fixed_params,muhammadshiraz/dex-frontend-react,0
NEG_01264,0,0,0,1564,5,0.00049922947,0,0.1256501972675323,dual_text_fixed_params,MuscleBunny/NFT_MarketPlace,0
NEG_01266,0,0,0,1566,5,0.004282436,0,0.1256501972675323,dual_text_fixed_params,muzikoud/cryptoZombies_smart_contract,0
NEG_01267,0,0,0,1567,5,0.0023312522,0,0.1256501972675323,dual_text_fixed_params,Muziris-Labs/fusion-smart-contracts,0
NEG_01275,0,0,0,1575,5,0.0016336513,0,0.1256501972675323,dual_text_fixed_params,Mystique85/Hub-Portal-Chat,0
NEG_01282,0,0,0,1582,5,0.011659768,0,0.1256501972675323,dual_text_fixed_params,NancenFrelly/crypto_wallet,0
NEG_01291,0,0,0,1591,5,0.0013852629,0,0.1256501972675323,dual_text_fixed_params,NecroNexus/Blocklog,0
NEG_01294,0,0,0,1594,5,0.00080935366,0,0.1256501972675323,dual_text_fixed_params,neoguias/tutorial-wallet-multifirma,0
NEG_01297,0,0,0,1597,5,0.0015912086,0,0.1256501972675323,dual_text_fixed_params,NesterZz/NFT-Wallet,0
NEG_01300,0,0,0,1600,5,0.0011173243,0,0.1256501972675323,dual_text_fixed_params,Neufund/ledger-wallet-provider,0
NEG_01306,0,0,0,1606,5,0.00064985425,0,0.1256501972675323,dual_text_fixed_params,nguyenj27/CSC299,0
NEG_01321,0,0,0,1621,5,0.0053106965,0,0.1256501972675323,dual_text_fixed_params,nirholas/bnbchain-mcp,0
NEG_01327,0,0,0,1627,5,0.00092107855,0,0.1256501972675323,dual_text_fixed_params,Nitin2489/simple-wallet-solidity,0
NEG_01332,0,0,0,1632,5,0.0014930527,0,0.1256501972675323,dual_text_fixed_params,Noahendriks/CryptoTokens,0
NEG_01337,0,0,0,1637,5,0.0046804915,0,0.1256501972675323,dual_text_fixed_params,NoNameNo1F/Blockchain-Applied_BitcoinScripts,0
NEG_01349,0,0,0,1649,5,0.0056452937,0,0.1256501972675323,dual_text_fixed_params,Obalfour/CryptoPokes,0
NEG_01354,0,0,0,1654,5,0.00044810964,0,0.1256501972675323,dual_text_fixed_params,ofojichigozie/multisig-smart-contract,0
NEG_01363,0,0,0,1663,5,0.00036583355,0,0.1256501972675323,dual_text_fixed_params,Olanetsoft/buymeacoffee-be,0
NEG_01367,0,0,0,1667,5,0.0013071077,0,0.1256501972675323,dual_text_fixed_params,Om-Mishra7/KRMU-OS-Expo_2023,0
NEG_01369,0,0,0,1669,5,0.00053496484,0,0.1256501972675323,dual_text_fixed_params,OmarChefrad/HourZero,0
NEG_01371,0,0,0,1671,5,0.0025335986,0,0.1256501972675323,dual_text_fixed_params,OnChainMee/evm-base-pumfun-smart-contract-v1,0
NEG_01372,0,0,0,1672,5,0.00076643995,0,0.1256501972675323,dual_text_fixed_params,onee-io/crypto-zombies,0
NEG_01382,0,0,0,1682,5,0.00046417562,0,0.1256501972675323,dual_text_fixed_params,openocean-finance/Security-Audit-Report,0
NEG_01388,0,0,0,1688,5,0.0006101793,0,0.1256501972675323,dual_text_fixed_params,Opty-Fi/defi-adapters,0
NEG_01390,0,0,0,1690,5,0.0017890732,0,0.1256501972675323,dual_text_fixed_params,opynfinance/squeeth-monorepo,0
NEG_01396,0,0,0,1696,5,0.0012997115,0,0.1256501972675323,dual_text_fixed_params,oumaoumag/smart-wallet-skeleton,0
NEG_01397,0,0,0,1697,5,0.0010532832,0,0.1256501972675323,dual_text_fixed_params,Outlier1217/stellar-ai-escrow-commerce-hackathon,0
NEG_01398,0,0,0,1698,5,0.00069183885,0,0.1256501972675323,dual_text_fixed_params,Overtorment/cli-cold-wallet,0
NEG_01400,0,0,0,1700,5,0.0005617713,0,0.1256501972675323,dual_text_fixed_params,oxofonime/Celo,0
NEG_01408,0,0,0,1708,5,0.0007247978,0,0.1256501972675323,dual_text_fixed_params,paniaguaadrian/nft-marketplace,0
NEG_01409,0,0,0,1709,5,0.006042434,0,0.1256501972675323,dual_text_fixed_params,pantunes/xtcryptosignals,0
NEG_01410,0,0,0,1710,5,0.0008316086,0,0.1256501972675323,dual_text_fixed_params,paradigmxyz/solar,0
NEG_01411,0,0,0,1711,5,0.0014128919,0,0.1256501972675323,dual_text_fixed_params,Parkhomets/crypto_solidity,0
NEG_01413,0,0,0,1713,5,0.00066151586,0,0.1256501972675323,dual_text_fixed_params,parv3213/Multi-Signature-Wallet,0
NEG_01415,0,0,0,1715,5,0.008465556,0,0.1256501972675323,dual_text_fixed_params,patilom342/poc-stake,0
NEG_01426,0,0,0,1726,5,0.0004973372,0,0.1256501972675323,dual_text_fixed_params,pcaversaccio/solidity-games,0
NEG_01430,0,0,0,1730,5,0.0005159289,0,0.1256501972675323,dual_text_fixed_params,PepperWatch/rust,0
NEG_01434,0,0,0,1734,5,0.00042609978,0,0.1256501972675323,dual_text_fixed_params,Petrosdevri/Solidity-Token-Contract,0
NEG_01437,0,0,0,1737,5,0.0007132174,0,0.1256501972675323,dual_text_fixed_params,PiDAOLab/Pi-NFT-CryptoDragonKing,0
NEG_01438,0,0,0,1738,5,0.003920233,0,0.1256501972675323,dual_text_fixed_params,PigCharid/ethereum-codeAnalysis,0
NEG_01439,0,0,0,1739,5,0.0069245407,0,0.1256501972675323,dual_text_fixed_params,piske-level/multi-chain-payment-gateway,0
NEG_01443,0,0,0,1743,5,0.00045422174,0,0.1256501972675323,dual_text_fixed_params,Planxnx/ethereum-wallet-generator,0
NEG_01445,0,0,0,1745,5,0.0005931061,0,0.1256501972675323,dual_text_fixed_params,pmaji/crypto-whale-watching-app,0
NEG_01451,0,0,0,1751,5,0.0013118908,0,0.1256501972675323,dual_text_fixed_params,Polygon-Academy/basicnfts,0
NEG_01462,0,0,0,1762,5,0.0009942221,0,0.1256501972675323,dual_text_fixed_params,prathameshbelurkar/Blockchains,0
NEG_01478,0,0,0,1778,5,0.00054944225,0,0.1256501972675323,dual_text_fixed_params,pulkitpal/defi-protocol-sdk,0
NEG_01479,0,0,0,1779,5,0.0008122455,0,0.1256501972675323,dual_text_fixed_params,pvedha/HackIT_IX_Server,0
NEG_01482,0,0,0,1782,5,0.0010573862,0,0.1256501972675323,dual_text_fixed_params,pythoninthegrasses/nft_meetup,0
NEG_01484,0,0,0,1784,5,0.00085333345,0,0.1256501972675323,dual_text_fixed_params,qlyde/peek,0
NEG_01485,0,0,0,1785,5,0.0006173268,0,0.1256501972675323,dual_text_fixed_params,qshuai/blockchain-wallet,0
NEG_01495,0,0,0,1795,5,0.0003552584,0,0.1256501972675323,dual_text_fixed_params,ra0321/CryptoZombies,0
NEG_01496,0,0,0,1796,5,0.000836655,0,0.1256501972675323,dual_text_fixed_params,RabbyHub/Rabby,0
NEG_01499,0,0,0,1799,5,0.0006941424,0,0.1256501972675323,dual_text_fixed_params,RafaBlockDev/Lending-Pool,0
NEG_01500,0,0,0,1800,5,0.08379746,0,0.1256501972675323,dual_text_fixed_params,rafaelfariasbsb/polymarket,1
NEG_01508,0,0,0,1808,5,0.0045291414,0,0.1256501972675323,dual_text_fixed_params,RainbowMiner/RainbowMiner,0
NEG_01513,0,0,0,1813,5,0.0047922553,0,0.1256501972675323,dual_text_fixed_params,Ramprakash852/Proofify-Smart-Contract,0
NEG_01515,0,0,0,1815,5,0.0004450595,0,0.1256501972675323,dual_text_fixed_params,ranchimall/blockchainbonds,0
NEG_01520,0,0,0,1820,5,0.0026843958,0,0.1256501972675323,dual_text_fixed_params,rawalraj022/One-Universal-Identity,0
NEG_01522,0,0,0,1822,5,0.0009900564,0,0.1256501972675323,dual_text_fixed_params,raytsangGitHub/Cryptocurrency,0
NEG_01527,0,0,0,1827,5,0.00089605316,0,0.1256501972675323,dual_text_fixed_params,RDCH106/pycoinmon,0
NEG_01528,0,0,0,1828,5,0.00037233994,0,0.1256501972675323,dual_text_fixed_params,re-nft/_v2_.sdk,0
NEG_01529,0,0,0,1829,5,0.00085428293,0,0.1256501972675323,dual_text_fixed_params,reaperdragon/kittos-nft-marketplace,0
NEG_01533,0,0,0,1833,5,0.0026437028,0,0.1256501972675323,dual_text_fixed_params,RelapsedCode/qa-assuring-ethereum-tspvak,0
NEG_01534,0,0,0,1834,5,0.0023563774,0,0.1256501972675323,dual_text_fixed_params,relyt29/Bubki-For-Ukraine-Contracts,0
NEG_01570,0,0,0,1870,5,0.0004769115,0,0.1256501972675323,dual_text_fixed_params,ronylucca/nft-dungeons-slayers,0
NEG_01577,0,0,0,1877,5,0.00057228166,0,0.1256501972675323,dual_text_fixed_params,ruppysuppy/Crypto-Crowdfund,0
NEG_01579,0,0,0,1879,5,0.015988007,0,0.1256501972675323,dual_text_fixed_params,rustjesty/bubblemaps-bypass-tool-rust,0
NEG_01584,0,0,0,1884,5,0.00062235125,0,0.1256501972675323,dual_text_fixed_params,RyanHaraki/ethereumjs,0
NEG_01585,0,0,0,1885,5,0.0007927888,0,0.1256501972675323,dual_text_fixed_params,RyanKoech/Crypto_Fund,0
NEG_01589,0,0,0,1889,5,0.0011645172,0,0.1256501972675323,dual_text_fixed_params,s-damian/hardhat-nft-ticketing,0
NEG_01590,0,0,0,1890,5,0.010205147,0,0.1256501972675323,dual_text_fixed_params,s4larie/walletool,0
NEG_01595,0,0,0,1895,5,0.0070525133,0,0.1256501972675323,dual_text_fixed_params,sahilrohera10/Fusion_Wallet,0
NEG_01597,0,0,0,1897,5,0.0007916926,0,0.1256501972675323,dual_text_fixed_params,saikun0293/gige-web3,0
NEG_01598,0,0,0,1898,5,0.00043971484,0,0.1256501972675323,dual_text_fixed_params,salmanbao/tic-tac-toe,0
NEG_01603,0,0,0,1903,5,0.001766347,0,0.1256501972675323,dual_text_fixed_params,Samuellyworld/Tippers,0
NEG_01631,0,0,0,1931,5,0.00050096604,0,0.1256501972675323,dual_text_fixed_params,secp256k2/secp256k2,0
NEG_01632,0,0,0,1932,5,0.0007368441,0,0.1256501972675323,dual_text_fixed_params,seekerpig/nftSmartContract,0
NEG_01633,0,0,0,1933,5,0.001901424,0,0.1256501972675323,dual_text_fixed_params,sefaosm/Stake-X,0
NEG_01634,0,0,0,1934,5,0.0021148005,0,0.1256501972675323,dual_text_fixed_params,SergioCifuentes/mpl-core-staking-frontend,0
NEG_01636,0,0,0,1936,5,0.001387477,0,0.1256501972675323,dual_text_fixed_params,sevdakeskin/Solidity-CryptoZombies,0
NEG_01638,0,0,0,1938,5,0.006379347,0,0.1256501972675323,dual_text_fixed_params,ShadowGuardAI/crypto-hdwallet-analyzer,0
NEG_01643,0,0,0,1943,5,0.0013134086,0,0.1256501972675323,dual_text_fixed_params,shanefontaine/ethfinex-python,0
NEG_01648,0,0,0,1948,5,0.0010995504,0,0.1256501972675323,dual_text_fixed_params,shawakash/payBox,0
NEG_01661,0,0,0,1961,5,0.00054650643,0,0.1256501972675323,dual_text_fixed_params,siddot/Wallet,0
NEG_01663,0,0,0,1963,5,0.00053327763,0,0.1256501972675323,dual_text_fixed_params,SilentCicero/MultiSignatureWallet,0
NEG_01672,0,0,0,1972,5,0.0022402264,0,0.1256501972675323,dual_text_fixed_params,Sky4Master/JS-DEX-TrackBot-Sky4Master,0
NEG_01675,0,0,0,1975,5,0.0020708612,0,0.1256501972675323,dual_text_fixed_params,skysor/digital-assets,0
NEG_01678,0,0,0,1978,5,0.0007082877,0,0.1256501972675323,dual_text_fixed_params,Slidebits/ethereum-smart-contracts,0
NEG_01682,0,0,0,1982,5,0.0005473963,0,0.1256501972675323,dual_text_fixed_params,smartbugs/smartbugs-wild,0
NEG_01685,0,0,0,1985,5,0.0007335239,0,0.1256501972675323,dual_text_fixed_params,smartcontractkit/chainlink-ruby,0
NEG_01687,0,0,0,1987,5,0.0012964068,0,0.1256501972675323,dual_text_fixed_params,SmolDapp/smoldapp,0
NEG_01695,0,0,0,1995,5,0.0044460255,0,0.1256501972675323,dual_text_fixed_params,solguru310/solana-wallet-tracking-bot,0
NEG_01698,0,0,0,1998,5,0.00072226796,0,0.1256501972675323,dual_text_fixed_params,solidstate-network/solidstate-solidity,0
NEG_01700,0,0,0,2000,5,0.00041828537,0,0.1256501972675323,dual_text_fixed_params,solomoncools/nft-minter-bep721,0
NEG_01702,0,0,0,2002,5,0.00067008316,0,0.1256501972675323,dual_text_fixed_params,SonOfMosiah/maxx-finance-subgraph,0
NEG_01705,0,0,0,2005,5,0.000434668,0,0.1256501972675323,dual_text_fixed_params,spareleg/bitcoin-ticker,0
NEG_01707,0,0,0,2007,5,0.0011172466,0,0.1256501972675323,dual_text_fixed_params,Spectral-Finance/scraped-sol-files,0
NEG_01712,0,0,0,2012,5,0.0017096585,0,0.1256501972675323,dual_text_fixed_params,Springbock99/hd-wallet,0
NEG_01714,0,0,0,2014,5,0.0010032003,0,0.1256501972675323,dual_text_fixed_params,SqueezerIO/squeezer,0
NEG_01715,0,0,0,2015,5,0.0018753553,0,0.1256501972675323,dual_text_fixed_params,sr2echa/DMD,0
NEG_01722,0,0,0,2022,5,0.00048985454,0,0.1256501972675323,dual_text_fixed_params,stefannovasky/cryptocurrency-smart-contract,0
NEG_01725,0,0,0,2025,5,0.00084778096,0,0.1256501972675323,dual_text_fixed_params,StephanAkkerman/crypto-ohlcv,0
NEG_01730,0,0,0,2030,5,0.0004980716,0,0.1256501972675323,dual_text_fixed_params,StratosGrig/BlockchainProjects,0
NEG_01733,0,0,0,2033,5,0.007992784,0,0.1256501972675323,dual_text_fixed_params,suarja/memoria-eterna-nft,0
NEG_01734,0,0,0,2034,5,0.0027349996,0,0.1256501972675323,dual_text_fixed_params,subsixx/Pinsurance,0
NEG_01742,0,0,0,2042,5,0.00297945,0,0.1256501972675323,dual_text_fixed_params,sunjiangjun/supernode,0
NEG_01748,0,0,0,2048,5,0.0010630586,0,0.1256501972675323,dual_text_fixed_params,superDev427/BlockChain-Tra,0
NEG_01750,0,0,0,2050,5,0.00060664496,0,0.1256501972675323,dual_text_fixed_params,SuperRich/soliditywallet,0
NEG_01751,0,0,0,2051,5,0.0021267345,0,0.1256501972675323,dual_text_fixed_params,supragya/CryptographyResearch,0
NEG_01752,0,0,0,2052,5,0.00079114054,0,0.1256501972675323,dual_text_fixed_params,suribartek9/btc-eth,0
NEG_01754,0,0,0,2054,5,0.0003690541,0,0.1256501972675323,dual_text_fixed_params,Swap76/Supply-Chain-Using-Blockchain,0
NEG_01757,0,0,0,2057,5,0.00072809996,0,0.1256501972675323,dual_text_fixed_params,swarupyeole11/BlockchainCryptography,0
NEG_01759,0,0,0,2059,5,0.00043076172,0,0.1256501972675323,dual_text_fixed_params,sweetmantech/NFT-Polygon-Minting,0
NEG_01762,0,0,0,2062,5,0.0006706019,0,0.1256501972675323,dual_text_fixed_params,swrno/adopt-pet,0
NEG_01768,0,0,0,2068,5,0.003613475,0,0.1256501972675323,dual_text_fixed_params,Synthetixio/synthetix-js,0
NEG_01772,0,0,0,2072,5,0.0028773807,0,0.1256501972675323,dual_text_fixed_params,TaliaKaza/CryptoSentinel,0
NEG_01785,0,0,0,2085,5,0.0006964616,0,0.1256501972675323,dual_text_fixed_params,taylorjdawson/eth-chains,0
NEG_01790,0,0,0,2090,5,0.00045659984,0,0.1256501972675323,dual_text_fixed_params,TechRate/Smart-Contract-Audits,0
NEG_01792,0,0,0,2092,5,0.0047421088,0,0.1256501972675323,dual_text_fixed_params,tega-tahir/ArtBridge,0
NEG_01795,0,0,0,2095,5,0.0013080431,0,0.1256501972675323,dual_text_fixed_params,TeleportDAO/teleswap-contracts-evm,0
NEG_01796,0,0,0,2096,5,0.0022596226,0,0.1256501972675323,dual_text_fixed_params,ten-protocol/go-ten,0
NEG_01800,0,0,0,2100,5,0.0031671606,0,0.1256501972675323,dual_text_fixed_params,Teyik0/solidity-order-book,0
NEG_01802,0,0,0,2102,5,0.0013264662,0,0.1256501972675323,dual_text_fixed_params,ThalesBMC/crypto-wallet,0
NEG_01805,0,0,0,2105,5,0.001114967,0,0.1256501972675323,dual_text_fixed_params,theblockbrain/ai-safeguard,0
NEG_01806,0,0,0,2106,5,0.00036432897,0,0.1256501972675323,dual_text_fixed_params,theblockchainchief/web3-hub,0
NEG_01810,0,0,0,2110,5,0.0004378961,0,0.1256501972675323,dual_text_fixed_params,thenua3bhai/backend-nft-marketplace-ethereum,0
NEG_01819,0,0,0,2119,5,0.0026870728,0,0.1256501972675323,dual_text_fixed_params,timxor/payment-api,0
NEG_01821,0,0,0,2121,5,0.0032025352,0,0.1256501972675323,dual_text_fixed_params,tinovyatkin/pass-js,0
NEG_01823,0,0,0,2123,5,0.00059967185,0,0.1256501972675323,dual_text_fixed_params,tiwarisakshi28/Multisignature-wallet,0
NEG_01826,0,0,0,2126,5,0.00055739563,0,0.1256501972675323,dual_text_fixed_params,tmiess/CryptoBase,0
NEG_01829,0,0,0,2129,5,0.0009934211,0,0.1256501972675323,dual_text_fixed_params,tomteman/attendr,0
NEG_01832,0,0,0,2132,5,0.0034833231,0,0.1256501972675323,dual_text_fixed_params,topsecretagent007/smart-contract-web3-projects,0
NEG_01834,0,0,0,2134,5,0.0012242916,0,0.1256501972675323,dual_text_fixed_params,Topten1004/NFT-Marketplace-ERC1155,0
NEG_01836,0,0,0,2136,5,0.00035428096,0,0.1256501972675323,dual_text_fixed_params,toto-1010/nft-smart-contracts-basic1,0
NEG_01842,0,0,0,2142,5,0.0010390115,0,0.1256501972675323,dual_text_fixed_params,TradMod/awesome-audits-checklists,0
NEG_01845,0,0,0,2145,5,0.00071101787,0,0.1256501972675323,dual_text_fixed_params,TrentPierce/Ethereum-Address-Collider,0
NEG_01850,0,0,0,2150,5,0.00062319345,0,0.1256501972675323,dual_text_fixed_params,trustwallet/trust-wallet-ios,0
NEG_01862,0,0,0,2162,5,0.0019034251,0,0.1256501972675323,dual_text_fixed_params,uhsr/BlockchainNFTRegistryPlatformX,0
NEG_01863,0,0,0,2163,5,0.0028448813,0,0.1256501972675323,dual_text_fixed_params,uhsr/BlockchainNftRegistrySolutionsX,0
NEG_01866,0,0,0,2166,5,0.0025280686,0,0.1256501972675323,dual_text_fixed_params,uhsr/BlockchainNFTVaultManagerPlatformUltra,0
NEG_01877,0,0,0,2177,5,0.00096583547,0,0.1256501972675323,dual_text_fixed_params,uport-project/uport-connect,0
NEG_01878,0,0,0,2178,5,0.0006414262,0,0.1256501972675323,dual_text_fixed_params,UraniumCorporation/solana-payout-action,0
NEG_01880,0,0,0,2180,5,0.0029792148,0,0.1256501972675323,dual_text_fixed_params,utsavempiric20/multi-signature-wallet-factory-solidity,0
NEG_01886,0,0,0,2186,5,0.0007499048,0,0.1256501972675323,dual_text_fixed_params,vanchoy/nft-collection,0
NEG_01890,0,0,0,2190,5,0.00044464183,0,0.1256501972675323,dual_text_fixed_params,vdutts7/ai-generated-nfts,0
NEG_01891,0,0,0,2191,5,0.00073216413,0,0.1256501972675323,dual_text_fixed_params,vechain/web3-gear,0
NEG_01894,0,0,0,2194,5,0.037194595,0,0.1256501972675323,dual_text_fixed_params,VedikaaSankhe/ds_VedikaSankhe,0
NEG_01895,0,0,0,2195,5,0.00088725734,0,0.1256501972675323,dual_text_fixed_params,Velocity-BPA/n8n-nodes-aztec,0
NEG_01896,0,0,0,2196,5,0.002311654,0,0.1256501972675323,dual_text_fixed_params,Velocity-BPA/n8n-nodes-pendle,0
NEG_01898,0,0,0,2198,5,0.004111046,0,0.1256501972675323,dual_text_fixed_params,vergecurrency/verge,0
NEG_01899,0,0,0,2199,5,0.0016765536,0,0.1256501972675323,dual_text_fixed_params,VersoriumX/web3,0
NEG_01901,0,0,0,2201,5,0.0010360137,0,0.1256501972675323,dual_text_fixed_params,vhidvz/crypto-aio,0
NEG_01904,0,0,0,2204,5,0.00053419697,0,0.1256501972675323,dual_text_fixed_params,victorykop/Buildspace-Wave-Portal-Backend,0
NEG_01907,0,0,0,2207,5,0.0007298166,0,0.1256501972675323,dual_text_fixed_params,Vikash-8090-Yadav/Learn-Earn-in-WEB3,0
NEG_01919,0,0,0,2219,5,0.00042852754,0,0.1256501972675323,dual_text_fixed_params,vitalkamuntu/Crypto-wallet,0
NEG_01934,0,0,0,2234,5,0.0007224552,0,0.1256501972675323,dual_text_fixed_params,VulnPlanet/l3x,0
NEG_01937,0,0,0,2237,5,0.0005254869,0,0.1256501972675323,dual_text_fixed_params,vykuntaharsha/cryptocurrency-and-smart-contract,0
NEG_01938,0,0,0,2238,5,0.0008876717,0,0.1256501972675323,dual_text_fixed_params,wallet-agent/wallet-agent,0
NEG_01939,0,0,0,2239,5,0.0026465254,0,0.1256501972675323,dual_text_fixed_params,Wallet3/Wallet3-Desktop,0
NEG_01945,0,0,0,2245,5,0.0006650057,0,0.1256501972675323,dual_text_fixed_params,WalletWasabi/WalletWasabi,0
NEG_01948,0,0,0,2248,5,0.00070125086,0,0.1256501972675323,dual_text_fixed_params,wangshijun/ethereum-lottery-dapp,0
NEG_01951,0,0,0,2251,5,0.00051323365,0,0.1256501972675323,dual_text_fixed_params,warmkey-finance/bitcoin-cryptocurrency-tutorial,0
NEG_01952,0,0,0,2252,5,0.0042014816,0,0.1256501972675323,dual_text_fixed_params,wasiiff/blokk-lens,0
NEG_01955,0,0,0,2255,5,0.0014535333,0,0.1256501972675323,dual_text_fixed_params,WeaverFi/cookietrack-api,0
NEG_01957,0,0,0,2257,5,0.00035428096,0,0.1256501972675323,dual_text_fixed_params,Web3-Club/Blockchain-Developer-roadmap_Chinese,0
NEG_01958,0,0,0,2258,5,0.0006530686,0,0.1256501972675323,dual_text_fixed_params,Web3Auth/Auth,0
NEG_01966,0,0,0,2266,5,0.000991649,0,0.1256501972675323,dual_text_fixed_params,web3p/web3.php,0
NEG_01973,0,0,0,2273,5,0.0009782815,0,0.1256501972675323,dual_text_fixed_params,whoaryu/cryptozombies,0
NEG_01984,0,0,0,2284,5,0.0011838891,0,0.1256501972675323,dual_text_fixed_params,WTFAcademy/WTF-CTF,0
NEG_01987,0,0,0,2287,5,0.00046938463,0,0.1256501972675323,dual_text_fixed_params,Xalt8/Vyper,0
NEG_02001,0,0,0,2301,5,0.009828933,0,0.1256501972675323,dual_text_fixed_params,XXXGutierrezXXX/defi-staking-smart-contract-solana,0
NEG_02007,0,0,0,2307,5,0.0010530695,0,0.1256501972675323,dual_text_fixed_params,yannvr/lendx,0
NEG_02010,0,0,0,2310,5,0.00049412635,0,0.1256501972675323,dual_text_fixed_params,YarovoyVladimir09/rust-solana-NftLoanPlatform,0
NEG_02011,0,0,0,2311,5,0.0016722445,0,0.1256501972675323,dual_text_fixed_params,Yassin-MT/EETP,0
NEG_02026,0,0,0,2326,5,0.0004621183,0,0.1256501972675323,dual_text_fixed_params,YosephKS/truffle-opensea-nft,0
NEG_02029,0,0,0,2329,5,0.00047146037,0,0.1256501972675323,dual_text_fixed_params,yuichiroaoki/typescript-hardhat,0
NEG_02041,0,0,0,2341,5,0.0015603044,0,0.1256501972675323,dual_text_fixed_params,ZetiAi/defi,0
NEG_02052,0,0,0,2352,5,0.0008767249,0,0.1256501972675323,dual_text_fixed_params,zypher-game/bevy-web3,0
