threshold,precision,recall,f1,f_beta,tn,fp,fn,tp
0.0,0.1274426508071368,1.0,0.22607385079125847,0.4220596510973551,0,2054,0,300
0.0003185737,0.1274968125796855,1.0,0.22615906520919712,0.4221784407542922,1,2053,0,300
0.0003194846,0.1274968125796855,1.0,0.22615906520919712,0.4221784407542922,1,2053,0,300
0.0003206545,0.12755102040816327,1.0,0.22624434389140272,0.4222972972972973,2,2052,0,300
0.0003241146,0.12760527435133986,1.0,0.22632968691059976,0.4224162207828781,3,2051,0,300
0.000332971,0.1276595744680851,1.0,0.22641509433962265,0.4225352112676056,4,2050,0,300
0.0003354291,0.1277139208173691,1.0,0.22650056625141562,0.42265426880811496,5,2049,0,300
0.0003379802,0.12776831345826234,1.0,0.22658610271903323,0.4227733934611048,6,2048,0,300
0.0003426918,0.1278772378516624,1.0,0.22675736961451248,0.4230118443316413,8,2046,0,300
0.0003462488,0.1278772378516624,1.0,0.22675736961451248,0.4230118443316413,8,2046,0,300
0.0003470643,0.12798634812286688,1.0,0.22692889561270801,0.42325056433408575,10,2044,0,300
0.000347073,0.12798634812286688,1.0,0.22692889561270801,0.42325056433408575,10,2044,0,300
0.0003478837,0.12815036309269542,1.0,0.22718667171525936,0.42360914995763904,13,2041,0,300
0.000348585,0.12815036309269542,1.0,0.22718667171525936,0.42360914995763904,13,2041,0,300
0.0003512587,0.1282051282051282,1.0,0.22727272727272727,0.423728813559322,14,2040,0,300
0.0003536475,0.12825994014536127,1.0,0.22735884804850323,0.4238485447866629,15,2039,0,300
0.000354281,0.1284246575342466,1.0,0.2276176024279211,0.42420814479638014,18,2036,0,300
0.0003549449,0.1284246575342466,1.0,0.2276176024279211,0.42420814479638014,18,2036,0,300
0.0003552584,0.1284796573875803,1.0,0.22770398481973433,0.4243281471004243,19,2035,0,300
0.00035658,0.12853470437017994,1.0,0.22779043280182232,0.4244482173174872,20,2034,0,300
0.0003578833,0.12858979854264896,1.0,0.2278769464489176,0.42456835550523636,21,2033,0,300
0.0003579673,0.1287001287001287,1.0,0.22805017103762829,0.42480883602378927,23,2031,0,300
0.0003592606,0.1287001287001287,1.0,0.22805017103762829,0.42480883602378927,23,2031,0,300
0.0003626106,0.12875536480686695,1.0,0.22813688212927757,0.4249291784702549,24,2030,0,300
0.0003634059,0.12886597938144329,1.0,0.228310502283105,0.42517006802721086,26,2028,0,300
0.000364329,0.1289213579716373,1.0,0.22839741149600304,0.4252906152537568,27,2027,0,300
0.0003650958,0.1289767841788478,1.0,0.2284843869002285,0.4254112308564946,28,2026,0,300
0.0003658336,0.12903225806451613,1.0,0.22857142857142856,0.425531914893617,29,2025,0,300
0.0003660879,0.12908777969018934,1.0,0.22865853658536586,0.42565266742338254,30,2024,0,300
0.0003667746,0.12908777969018934,1.0,0.22865853658536586,0.42565266742338254,30,2024,0,300
0.0003690541,0.12914334911752046,1.0,0.2287457110179184,0.42577348850411584,31,2023,0,300
0.0003723399,0.12919896640826872,1.0,0.2288329519450801,0.4258943781942078,32,2022,0,300
0.0003726251,0.12931034482758622,1.0,0.22900763358778625,0.42613636363636365,34,2020,0,300
0.0003731176,0.129366106080207,1.0,0.2290950744558992,0.42625745950554134,35,2019,0,300
0.0003780767,0.129366106080207,1.0,0.2290950744558992,0.42625745950554134,35,2019,0,300
0.0003792242,0.12942191544434858,1.0,0.22918258212375858,0.4263786242183059,36,2018,0,300
0.0003797566,0.12953367875647667,1.0,0.22935779816513763,0.4266211604095563,38,2016,0,300
0.0003807789,0.12958963282937366,1.0,0.2294455066921606,0.42674253200568996,39,2015,0,300
0.0003810165,0.12958963282937366,1.0,0.2294455066921606,0.42674253200568996,39,2015,0,300
0.0003813444,0.12964563526361278,1.0,0.22953328232593725,0.42686397268070575,40,2014,0,300
0.0003821054,0.12975778546712802,1.0,0.22970903522205208,0.4271070615034168,42,2012,0,300
0.000383002,0.12981393336218086,1.0,0.2297970126388357,0.4272287097692965,43,2011,0,300
0.0003832708,0.12981393336218086,1.0,0.2297970126388357,0.4272287097692965,43,2011,0,300
0.0003833229,0.12992637505413598,1.0,0.22997316979685703,0.42747221430607013,45,2009,0,300
0.0003845735,0.12992637505413598,1.0,0.22997316979685703,0.42747221430607013,45,2009,0,300
0.0003847859,0.13003901170351106,1.0,0.23014959723820483,0.42771599657827203,47,2007,0,300
0.0003886115,0.13009540329575023,1.0,0.23023791250959325,0.4278379920136908,48,2006,0,300
0.0003889379,0.13009540329575023,1.0,0.23023791250959325,0.4278379920136908,48,2006,0,300
0.0003901312,0.1301518438177874,1.0,0.23032629558541268,0.42796005706134094,49,2005,0,300
0.0003905366,0.13020833333333334,1.0,0.2304147465437788,0.4280821917808219,50,2004,0,300
0.0003911856,0.13032145960034752,1.0,0.23059185242121444,0.4283266704740148,52,2002,0,300
0.000391509,0.13032145960034752,1.0,0.23059185242121444,0.4283266704740148,52,2002,0,300
0.0003931627,0.1303780964797914,1.0,0.2306805074971165,0.42844901456726653,53,2001,0,300
0.0003955092,0.13049151805132667,1.0,0.2308580223162755,0.42869391254644185,55,1999,0,300
0.0003956131,0.13049151805132667,1.0,0.2308580223162755,0.42869391254644185,55,1999,0,300
0.0003964698,0.13060513713539398,1.0,0.23103581055063535,0.4289390906491278,57,1997,0,300
0.0003972631,0.13060513713539398,1.0,0.23103581055063535,0.4289390906491278,57,1997,0,300
0.0003974152,0.13071895424836602,1.0,0.23121387283236994,0.4291845493562232,59,1995,0,300
0.0003974489,0.13071895424836602,1.0,0.23121387283236994,0.4291845493562232,59,1995,0,300
0.0003981909,0.13083296990841692,1.0,0.23139220979560354,0.4294302891497281,61,1993,0,300
0.0003989455,0.13089005235602094,1.0,0.23148148148148148,0.429553264604811,62,1992,0,300
0.0004004047,0.13089005235602094,1.0,0.23148148148148148,0.429553264604811,62,1992,0,300
0.0004004868,0.13094718463553034,1.0,0.23157082207641838,0.4296763105127471,63,1991,0,300
0.0004006296,0.13100436681222707,1.0,0.23166023166023167,0.42979942693409745,64,1990,0,300
0.0004028253,0.1310615989515072,1.0,0.23174971031286212,0.42992261392949266,65,1989,0,300
0.00040295,0.13117621337997376,1.0,0.23192887514495555,0.4301691998852882,67,1987,0,300
0.0004093062,0.13123359580052493,1.0,0.23201856148491878,0.43029259896729777,68,1986,0,300
0.0004097514,0.13123359580052493,1.0,0.23201856148491878,0.43029259896729777,68,1986,0,300
0.0004117751,0.13134851138353765,1.0,0.23219814241486067,0.4305396096440872,70,1984,0,300
0.0004123309,0.1314060446780552,1.0,0.23228803716608595,0.4306632213608958,71,1983,0,300
0.000415198,0.13146362839614373,1.0,0.23237800154918667,0.430786904078116,72,1982,0,300
0.0004152459,0.13146362839614373,1.0,0.23237800154918667,0.430786904078116,72,1982,0,300
0.00041527,0.131521262604121,1.0,0.2324680356450988,0.43091065785693766,73,1981,0,300
0.0004152756,0.13163668275559456,1.0,0.23264831329972857,0.43115837884449554,75,1979,0,300
0.0004162224,0.13169446883230904,1.0,0.23273855702094648,0.43128234617596317,76,1978,0,300
0.0004166209,0.13169446883230904,1.0,0.23273855702094648,0.43128234617596317,76,1978,0,300
0.0004175744,0.13175230566534915,1.0,0.23282887077997672,0.4314063848144953,77,1977,0,300
0.0004176511,0.13186813186813187,1.0,0.23300970873786409,0.43165467625899284,79,1975,0,300
0.0004182854,0.13192612137203166,1.0,0.2331002331002331,0.4317789291882556,80,1974,0,300
0.000419074,0.13192612137203166,1.0,0.2331002331002331,0.4317789291882556,80,1974,0,300
0.0004193738,0.13204225352112675,1.0,0.2332814930015552,0.43202764976958524,82,1972,0,300
0.0004208437,0.13204225352112675,1.0,0.2332814930015552,0.43202764976958524,82,1972,0,300
0.0004211666,0.13210039630118892,1.0,0.23337222870478413,0.43215211754537597,83,1971,0,300
0.0004212499,0.13215859030837004,1.0,0.23346303501945526,0.4322766570605187,84,1970,0,300
0.0004217584,0.13227513227513227,1.0,0.2336448598130841,0.43252595155709345,86,1968,0,300
0.0004217958,0.13233348037053375,1.0,0.2337358784573432,0.4326507066628209,87,1967,0,300
0.00042205,0.1323918799646955,1.0,0.2338269680436477,0.4327755337564917,88,1966,0,300
0.0004229949,0.1323918799646955,1.0,0.2338269680436477,0.4327755337564917,88,1966,0,300
0.0004234356,0.13245033112582782,1.0,0.23391812865497075,0.4329004329004329,89,1965,0,300
0.0004237112,0.13250883392226148,1.0,0.23400936037441497,0.43302540415704394,90,1964,0,300
0.0004238385,0.13262599469496023,1.0,0.234192037470726,0.43327556325823224,92,1962,0,300
0.0004242856,0.13262599469496023,1.0,0.234192037470726,0.43327556325823224,92,1962,0,300
0.0004244634,0.13274336283185842,1.0,0.234375,0.4335260115606937,94,1960,0,300
0.0004260998,0.13280212483399734,1.0,0.23446658851113716,0.43365134431916735,95,1959,0,300
0.0004267305,0.1328609388839681,1.0,0.23455824863174354,0.43377674956622325,96,1958,0,300
0.000428004,0.1329198050509526,1.0,0.23464998044583496,0.4339022273647672,97,1957,0,300
0.0004285275,0.1329198050509526,1.0,0.23464998044583496,0.4339022273647672,97,1957,0,300
0.0004287116,0.13303769401330376,1.0,0.23483365949119372,0.4341534008683068,99,1955,0,300
0.0004297134,0.13309671694764863,1.0,0.23492560689115113,0.4342790966994789,100,1954,0,300
0.0004299165,0.13315579227696406,1.0,0.23501762632197415,0.43440486533449174,101,1953,0,300
0.0004307617,0.13321492007104796,1.0,0.23510971786833856,0.43453070683661643,102,1952,0,300
0.0004312274,0.1332741003998223,1.0,0.23520188161505293,0.43465662126919735,103,1951,0,300
0.0004314009,0.13333333333333333,1.0,0.23529411764705882,0.43478260869565216,104,1950,0,300
0.0004329093,0.1333926189417519,1.0,0.23538642604943116,0.4349086691794723,105,1949,0,300
0.000434383,0.13345195729537365,1.0,0.23547880690737832,0.43503480278422274,106,1948,0,300
0.000434668,0.13351134846461948,1.0,0.23557126030624265,0.4351610095735422,107,1947,0,300
0.0004348522,0.13357079252003562,1.0,0.2356637863315004,0.4352872896111433,108,1946,0,300
0.000434932,0.133630289532294,1.0,0.2357563850687623,0.43541364296081286,109,1945,0,300
0.0004364271,0.13368983957219252,1.0,0.2358490566037736,0.4355400696864112,110,1944,0,300
0.0004365264,0.13380909901873328,1.0,0.23603461841070023,0.4357931435212086,112,1942,0,300
0.0004371981,0.13380909901873328,1.0,0.23603461841070023,0.4357931435212086,112,1942,0,300
0.0004378961,0.13386880856760375,1.0,0.2361275088547816,0.43591979075850046,113,1941,0,300
0.0004380548,0.13398838767306834,1.0,0.23631350925561245,0.43617330619366096,115,1939,0,300
0.0004394194,0.13398838767306834,1.0,0.23631350925561245,0.43617330619366096,115,1939,0,300
0.0004397148,0.13404825737265416,1.0,0.2364066193853428,0.43630017452006986,116,1938,0,300
0.0004400673,0.13410818059901655,1.0,0.2364998029168309,0.4364271166715159,117,1937,0,300
0.0004406901,0.1342281879194631,1.0,0.23668639053254437,0.43668122270742354,119,1935,0,300
0.0004408363,0.1342281879194631,1.0,0.23668639053254437,0.43668122270742354,119,1935,0,300
0.0004408905,0.13428827215756492,1.0,0.23677979479084452,0.43680838672102507,120,1934,0,300
0.0004440878,0.13440860215053763,1.0,0.23696682464454977,0.43706293706293703,122,1932,0,300
0.0004446418,0.13440860215053763,1.0,0.23696682464454977,0.43706293706293703,122,1932,0,300
0.0004448135,0.1344688480502017,1.0,0.2370604504148558,0.43719032352083936,123,1931,0,300
0.0004450595,0.13452914798206278,1.0,0.23715415019762845,0.4373177842565597,124,1930,0,300
0.0004454875,0.13458950201884254,1.0,0.2372479240806643,0.4374453193350831,125,1929,0,300
0.0004462464,0.13464991023339318,1.0,0.23734177215189872,0.4375729288214702,126,1928,0,300
0.000447358,0.1347103726986978,1.0,0.2374356944994064,0.43770061278085787,127,1927,0,300
0.0004477723,0.1347708894878706,1.0,0.2375296912114014,0.4378283712784588,128,1926,0,300
0.0004481096,0.1348314606741573,1.0,0.2376237623762376,0.437956204379562,129,1925,0,300
0.0004514124,0.13489208633093525,1.0,0.23771790808240886,0.43808411214953275,130,1924,0,300
0.0004517249,0.1349527665317139,1.0,0.23781212841854935,0.4382120946538124,131,1923,0,300
0.0004521286,0.135074290859973,1.0,0.2380007933359778,0.43846828412744815,133,1921,0,300
0.0004521369,0.135074290859973,1.0,0.2380007933359778,0.43846828412744815,133,1921,0,300
0.0004530415,0.135196034249662,1.0,0.23818975784041285,0.4387247733255338,135,1919,0,300
0.0004539129,0.135196034249662,1.0,0.23818975784041285,0.4387247733255338,135,1919,0,300
0.0004542217,0.13525698827772767,1.0,0.23828435266084194,0.4388531304856641,136,1918,0,300
0.0004547182,0.13531799729364005,1.0,0.23837902264600716,0.4389815627743635,137,1917,0,300
0.000454984,0.13537906137184116,1.0,0.2384737678855326,0.43911007025761123,138,1916,0,300
0.0004565998,0.13544018058690746,1.0,0.23856858846918488,0.43923865300146414,139,1915,0,300
0.0004589252,0.13562386980108498,1.0,0.23885350318471338,0.43962485345838215,142,1912,0,300
0.0004602388,0.13568521031207598,1.0,0.23894862604540024,0.43975373790677225,143,1911,0,300
0.0004609865,0.13568521031207598,1.0,0.23894862604540024,0.43975373790677225,143,1911,0,300
0.0004611346,0.13574660633484162,1.0,0.23904382470119523,0.4398826979472141,144,1910,0,300
0.0004621183,0.13580805794477138,1.0,0.2391390992427262,0.4400117336462306,145,1909,0,300
0.0004621218,0.1358695652173913,1.0,0.23923444976076555,0.44014084507042256,146,1908,0,300
0.0004621569,0.13593112822836428,1.0,0.23932987634623054,0.440270032286469,147,1907,0,300
0.0004640067,0.1360544217687075,1.0,0.23952095808383234,0.4405286343612335,149,1905,0,300
0.0004641756,0.1360544217687075,1.0,0.23952095808383234,0.4405286343612335,149,1905,0,300
0.0004645638,0.13611615245009073,1.0,0.23961661341853036,0.44065804935370145,150,1904,0,300
0.0004649478,0.1362397820163488,1.0,0.23980815347721823,0.4409171075837743,152,1902,0,300
0.0004658725,0.1362397820163488,1.0,0.23980815347721823,0.4409171075837743,152,1902,0,300
0.0004666594,0.13630168105406634,1.0,0.23990403838464613,0.4410467509556013,153,1901,0,300
0.0004683167,0.13636363636363635,1.0,0.24,0.4411764705882353,154,1900,0,300
0.0004684627,0.1364256480218281,1.0,0.24009603841536614,0.441306266548985,155,1899,0,300
0.0004687658,0.1364877161055505,1.0,0.2401921537229784,0.4414361389052383,156,1898,0,300
0.0004691408,0.13654984069185253,1.0,0.24028834601521826,0.44156608772446276,157,1897,0,300
0.0004693846,0.1366120218579235,1.0,0.2403846153846154,0.441696113074205,158,1896,0,300
0.0004702992,0.13673655423883319,1.0,0.24057738572574178,0.44195639363582795,160,1894,0,300
0.0004707172,0.13679890560875513,1.0,0.24067388688327315,0.44208664898320066,161,1893,0,300
0.0004713264,0.13679890560875513,1.0,0.24067388688327315,0.44208664898320066,161,1893,0,300
0.0004713478,0.13686131386861314,1.0,0.24077046548956663,0.44221698113207547,162,1892,0,300
0.0004714604,0.136986301369863,1.0,0.24096385542168675,0.44247787610619466,164,1890,0,300
0.0004717925,0.136986301369863,1.0,0.24096385542168675,0.44247787610619466,164,1890,0,300
0.0004722798,0.13704888076747374,1.0,0.24106066693451186,0.4426084390675715,165,1889,0,300
0.0004724469,0.13711151736745886,1.0,0.24115755627009647,0.4427390791027154,166,1888,0,300
0.000473258,0.13717421124828533,1.0,0.24125452352231605,0.4428697962798937,167,1887,0,300
0.0004734196,0.13729977116704806,1.0,0.2414486921529175,0.4431314623338257,169,1885,0,300
0.0004735678,0.13736263736263737,1.0,0.24154589371980675,0.4432624113475177,170,1884,0,300
0.0004740604,0.1374255611543747,1.0,0.24164317358034634,0.44339343777712087,171,1883,0,300
0.0004742291,0.1374255611543747,1.0,0.24164317358034634,0.44339343777712087,171,1883,0,300
0.0004750686,0.13748854262144822,1.0,0.24174053182917002,0.44352454169130695,172,1882,0,300
0.0004759283,0.13761467889908258,1.0,0.24193548387096775,0.44378698224852076,174,1880,0,300
0.0004760673,0.13761467889908258,1.0,0.24193548387096775,0.44378698224852076,174,1880,0,300
0.0004769115,0.13767783386874713,1.0,0.24203307785397338,0.4439183190292986,175,1879,0,300
0.0004773826,0.13774104683195593,1.0,0.24213075060532688,0.4440497335701599,176,1878,0,300
0.0004780436,0.13780431786862654,1.0,0.24222850222042794,0.44418122594018355,177,1877,0,300
0.0004784587,0.13793103448275862,1.0,0.24242424242424243,0.4444444444444445,179,1875,0,300
0.0004798958,0.13793103448275862,1.0,0.24242424242424243,0.4444444444444445,179,1875,0,300
0.0004802544,0.13799448022079117,1.0,0.2425222312045271,0.44457617071724953,180,1874,0,300
0.0004818669,0.13805798435342845,1.0,0.2426202992317024,0.4447079750963534,181,1873,0,300
0.0004820718,0.13812154696132597,1.0,0.24271844660194175,0.44483985765124556,182,1872,0,300
0.0004826922,0.1382488479262673,1.0,0.242914979757085,0.4451038575667656,184,1870,0,300
0.0004829641,0.1382488479262673,1.0,0.242914979757085,0.4451038575667656,184,1870,0,300
0.0004838011,0.13831258644536654,1.0,0.24301336573511542,0.44523597506678536,185,1869,0,300
0.0004879597,0.1384402399630826,1.0,0.2432103769760843,0.4455004455004455,187,1867,0,300
0.0004881746,0.1384402399630826,1.0,0.2432103769760843,0.4455004455004455,187,1867,0,300
0.0004885719,0.13850415512465375,1.0,0.24330900243309003,0.4456327985739751,188,1866,0,300
0.0004892939,0.13856812933025403,1.0,0.2434077079107505,0.4457652303120357,189,1865,0,300
0.0004896186,0.13863216266173753,1.0,0.2435064935064935,0.44589774078478006,190,1864,0,300
0.0004898545,0.13869625520110956,1.0,0.243605359317905,0.4460303300624442,191,1863,0,300
0.0004898816,0.13876040703052728,1.0,0.2437043054427295,0.446162998215348,192,1862,0,300
0.0004907657,0.1388888888888889,1.0,0.24390243902439024,0.4464285714285714,194,1860,0,300
0.0004913271,0.1388888888888889,1.0,0.24390243902439024,0.4464285714285714,194,1860,0,300
0.0004920738,0.13901760889712697,1.0,0.24410089503661514,0.4466944609886837,196,1858,0,300
0.0004927487,0.13901760889712697,1.0,0.24410089503661514,0.4466944609886837,196,1858,0,300
0.0004932581,0.13908205841446453,1.0,0.2442002442002442,0.44682752457551383,197,1857,0,300
0.0004939528,0.1391465677179963,1.0,0.24429967426710097,0.44696066746126345,198,1856,0,300
0.0004941264,0.1392757660167131,1.0,0.24449877750611246,0.4472271914132379,200,1854,0,300
0.0004942589,0.1392757660167131,1.0,0.24449877750611246,0.4472271914132379,200,1854,0,300
0.0004955197,0.13940520446096655,1.0,0.24469820554649266,0.44749403341288785,202,1852,0,300
0.0004973372,0.13940520446096655,1.0,0.24469820554649266,0.44749403341288785,202,1852,0,300
0.0004980716,0.1394700139470014,1.0,0.24479804161566707,0.4476275738585497,203,1851,0,300
0.0004986285,0.13953488372093023,1.0,0.24489795918367346,0.4477611940298507,204,1850,0,300
0.0004988862,0.13959981386691483,1.0,0.24499795835034707,0.44789489399820837,205,1849,0,300
0.000499169,0.13966480446927373,1.0,0.24509803921568626,0.4480286738351254,206,1848,0,300
0.0004992295,0.13979496738117428,1.0,0.24529844644317253,0.4482964734010759,208,1846,0,300
0.000499888,0.13979496738117428,1.0,0.24529844644317253,0.4482964734010759,208,1846,0,300
0.0005005455,0.13986013986013987,1.0,0.24539877300613497,0.4484304932735426,209,1845,0,300
0.0005008567,0.1399906672888474,1.0,0.24559967253376996,0.4486987735566856,211,1843,0,300
0.000500966,0.1399906672888474,1.0,0.24559967253376996,0.4486987735566856,211,1843,0,300
0.0005021223,0.1400560224089636,1.0,0.2457002457002457,0.44883303411131054,212,1842,0,300
0.0005024854,0.14012143858010276,1.0,0.2458009012699713,0.44896737503741396,213,1841,0,300
0.0005025937,0.14018691588785046,1.0,0.2459016393442623,0.4491017964071856,214,1840,0,300
0.0005031092,0.1402524544179523,1.0,0.24600246002460024,0.44923629829290207,215,1839,0,300
0.0005033389,0.1403180542563143,1.0,0.2461033634126333,0.4493708807669263,216,1838,0,300
0.0005034313,0.14038371548900327,1.0,0.24620434961017645,0.4495055439017081,217,1837,0,300
0.0005036538,0.1404494382022472,1.0,0.24630541871921183,0.4496402877697842,218,1836,0,300
0.0005036711,0.14058106841611998,1.0,0.2465078060805259,0.44991001799640074,220,1834,0,300
0.0005052434,0.14058106841611998,1.0,0.2465078060805259,0.44991001799640074,220,1834,0,300
0.0005054046,0.14071294559099437,1.0,0.24671052631578946,0.45018007202881155,222,1832,0,300
0.0005057923,0.14077897700610043,1.0,0.24681201151789386,0.4503152206544581,223,1831,0,300
0.0005058048,0.14077897700610043,1.0,0.24681201151789386,0.4503152206544581,223,1831,0,300
0.0005063759,0.14084507042253522,1.0,0.24691358024691357,0.45045045045045046,224,1830,0,300
0.0005072941,0.14091122592766558,1.0,0.24701523260601072,0.45058576148993695,225,1829,0,300
0.000508862,0.14097744360902256,1.0,0.2471169686985173,0.45072115384615385,226,1828,0,300
0.0005089178,0.14104372355430184,1.0,0.24721878862793573,0.4508566275924256,227,1827,0,300
0.0005109912,0.14111006585136407,1.0,0.247320692497939,0.45099218280216474,228,1826,0,300
0.0005110031,0.1411764705882353,1.0,0.24742268041237114,0.45112781954887216,229,1825,0,300
0.0005112691,0.14124293785310735,1.0,0.24752475247524752,0.45126353790613716,230,1824,0,300
0.0005113239,0.1413094677343382,1.0,0.24762690879075527,0.4513993379476377,231,1823,0,300
0.0005117432,0.1413760603204524,1.0,0.2477291494632535,0.4515352197471403,232,1822,0,300
0.0005117733,0.14144271570014144,1.0,0.24783147459727387,0.45167118337850043,233,1821,0,300
0.000511973,0.14150943396226415,1.0,0.24793388429752067,0.45180722891566266,234,1820,0,300
0.0005132336,0.1415762151958471,1.0,0.24803637866887143,0.4519433564326604,235,1819,0,300
0.0005133839,0.141643059490085,1.0,0.24813895781637718,0.45207956600361665,236,1818,0,300
0.0005140282,0.14170996693434104,1.0,0.24824162184526272,0.4522158577027434,237,1817,0,300
0.0005143802,0.14184397163120568,1.0,0.2484472049689441,0.4524886877828055,239,1815,0,300
0.0005147593,0.14184397163120568,1.0,0.2484472049689441,0.4524886877828055,239,1815,0,300
0.0005153408,0.14191106906338694,1.0,0.24855012427506215,0.45262522631261315,240,1814,0,300
0.0005155723,0.14204545454545456,1.0,0.24875621890547264,0.4528985507246377,242,1812,0,300
0.0005159289,0.14204545454545456,1.0,0.24875621890547264,0.4528985507246377,242,1812,0,300
0.0005160295,0.14211274277593558,1.0,0.2488593944421402,0.453035336756267,243,1811,0,300
0.0005167139,0.14218009478672985,1.0,0.24896265560165975,0.45317220543806647,244,1810,0,300
0.0005169067,0.1422475106685633,1.0,0.24906600249066002,0.45330915684496825,245,1809,0,300
0.0005170787,0.14231499051233396,1.0,0.24916943521594684,0.45344619105199513,246,1808,0,300
0.0005172796,0.14238253440911247,1.0,0.24927295388450352,0.4535833081342607,247,1807,0,300
0.0005186635,0.14245014245014245,1.0,0.24937655860349128,0.4537205081669692,248,1806,0,300
0.0005192678,0.14258555133079848,1.0,0.24958402662229617,0.4539951573849879,250,1804,0,300
0.000519924,0.14258555133079848,1.0,0.24958402662229617,0.4539951573849879,250,1804,0,300
0.0005200134,0.14265335235378032,1.0,0.24968789013732834,0.4541326067211626,251,1803,0,300
0.0005200588,0.142721217887726,1.0,0.2497918401332223,0.45427013930950944,252,1802,0,300
0.0005201388,0.14278914802475012,1.0,0.24989587671803415,0.45440775522568916,253,1801,0,300
0.0005208615,0.14285714285714285,1.0,0.25,0.4545454545454545,254,1800,0,300
0.0005220869,0.14292520247737017,1.0,0.25010421008753647,0.4546832373446499,255,1799,0,300
0.0005224437,0.14299332697807435,1.0,0.25020850708924103,0.45482110369921164,256,1798,0,300
0.0005225285,0.1430615164520744,1.0,0.2503128911138924,0.45495905368516837,257,1797,0,300
0.0005225828,0.1431297709923664,1.0,0.25041736227045075,0.4550970873786408,258,1796,0,300
0.0005229227,0.14326647564469913,1.0,0.2506265664160401,0.45537340619307826,260,1794,0,300
0.000523341,0.14326647564469913,1.0,0.2506265664160401,0.45537340619307826,260,1794,0,300
0.0005245561,0.1433349259436216,1.0,0.25073129962390306,0.45551169146674764,261,1793,0,300
0.0005254869,0.14340344168260039,1.0,0.2508361204013378,0.45565006075334147,262,1792,0,300
0.0005265679,0.14347202295552366,1.0,0.25094102885821834,0.45578851412944393,263,1791,0,300
0.0005273068,0.14360938247965535,1.0,0.25115110925073253,0.4560656734569778,265,1789,0,300
0.0005278989,0.14360938247965535,1.0,0.25115110925073253,0.4560656734569778,265,1789,0,300
0.0005280416,0.14416146083613648,1.0,0.25199496010079797,0.4571776897287413,273,1781,0,300
0.0005287507,0.14416146083613648,1.0,0.25199496010079797,0.4571776897287413,273,1781,0,300
0.0005288558,0.14423076923076922,1.0,0.25210084033613445,0.45731707317073167,274,1780,0,300
0.0005303771,0.1443001443001443,1.0,0.25220680958385877,0.45745654162854527,275,1779,0,300
0.000531257,0.14443909484833894,1.0,0.2524190155658393,0.45773573390296,277,1777,0,300
0.0005313273,0.14450867052023122,1.0,0.25252525252525254,0.4578754578754579,278,1776,0,300
0.0005316561,0.14450867052023122,1.0,0.25252525252525254,0.4578754578754579,278,1776,0,300
0.000532195,0.14457831325301204,1.0,0.25263157894736843,0.4580152671755725,279,1775,0,300
0.000532464,0.1446480231436837,1.0,0.2527379949452401,0.4581551618814905,280,1774,0,300
0.0005325686,0.14478764478764478,1.0,0.25295109612141653,0.4584352078239609,282,1772,0,300
0.0005326818,0.14485755673587639,1.0,0.25305778152678193,0.4585753592173647,283,1771,0,300
0.0005332776,0.14485755673587639,1.0,0.25305778152678193,0.4585753592173647,283,1771,0,300
0.0005333463,0.14499758337361043,1.0,0.2532714225411566,0.4588559192413582,285,1769,0,300
0.0005333697,0.1450676982591876,1.0,0.2533783783783784,0.45899632802937573,286,1768,0,300
0.0005334894,0.1450676982591876,1.0,0.2533783783783784,0.45899632802937573,286,1768,0,300
0.000534197,0.1452081316553727,1.0,0.25359256128486896,0.45927740355174523,288,1766,0,300
0.0005346055,0.14527845036319612,1.0,0.2536997885835095,0.45941807044410415,289,1765,0,300
0.0005349648,0.14527845036319612,1.0,0.2536997885835095,0.45941807044410415,289,1765,0,300
0.0005360257,0.14534883720930233,1.0,0.25380710659898476,0.45955882352941174,290,1764,0,300
0.0005362465,0.1454898157129001,1.0,0.2540220152413209,0.4598405885959534,292,1762,0,300
0.000537354,0.1454898157129001,1.0,0.2540220152413209,0.4598405885959534,292,1762,0,300
0.0005377734,0.14563106796116504,1.0,0.2542372881355932,0.460122699386503,294,1760,0,300
0.0005377756,0.14563106796116504,1.0,0.2542372881355932,0.460122699386503,294,1760,0,300
0.000538751,0.1457725947521866,1.0,0.2544529262086514,0.4604051565377532,296,1758,0,300
0.0005388272,0.1457725947521866,1.0,0.2544529262086514,0.4604051565377532,296,1758,0,300
0.0005398868,0.14591439688715954,1.0,0.2546689303904924,0.4606879606879607,298,1756,0,300
0.000540851,0.14591439688715954,1.0,0.2546689303904924,0.4606879606879607,298,1756,0,300
0.0005409881,0.145985401459854,1.0,0.25477707006369427,0.4608294930875576,299,1755,0,300
0.0005419484,0.14612761811982464,1.0,0.254993625159371,0.4611128189363664,301,1753,0,300
0.000542039,0.14612761811982464,1.0,0.254993625159371,0.4611128189363664,301,1753,0,300
0.0005424476,0.14634146341463414,1.0,0.2553191489361702,0.4615384615384615,304,1750,0,300
0.0005430013,0.14634146341463414,1.0,0.2553191489361702,0.4615384615384615,304,1750,0,300
0.000543292,0.14641288433382138,1.0,0.2554278416347382,0.46168051708217916,305,1749,0,300
0.0005442605,0.146484375,1.0,0.2555366269165247,0.4618226600985222,306,1748,0,300
0.0005452109,0.14655593551538837,1.0,0.2556455048998722,0.4619648906683092,307,1747,0,300
0.0005460305,0.1466275659824047,1.0,0.2557544757033248,0.46210720887245843,308,1746,0,300
0.0005465064,0.1466992665036675,1.0,0.255863539445629,0.4622496147919877,309,1745,0,300
0.0005467904,0.14684287812041116,1.0,0.2560819462227913,0.46253469010175763,311,1743,0,300
0.0005471798,0.14684287812041116,1.0,0.2560819462227913,0.46253469010175763,311,1743,0,300
0.0005473963,0.14691478942213515,1.0,0.2561912894961571,0.46267735965453427,312,1742,0,300
0.0005475294,0.14698677119059284,1.0,0.25630072618539085,0.46282011724776295,313,1741,0,300
0.0005485053,0.14705882352941177,1.0,0.2564102564102564,0.46296296296296297,314,1740,0,300
0.0005494422,0.14713094654242276,1.0,0.25651988029072254,0.46310589688175363,315,1739,0,300
0.0005497883,0.14720314033366044,1.0,0.2566295979469632,0.46324891908585547,316,1738,0,300
0.0005503506,0.14727540500736377,1.0,0.25673940949935814,0.46339202965708987,317,1737,0,300
0.0005515193,0.14734774066797643,1.0,0.2568493150684932,0.4635352286773795,318,1736,0,300
0.0005533782,0.14742014742014742,1.0,0.2569593147751606,0.46367851622874806,319,1735,0,300
0.0005542992,0.14749262536873156,1.0,0.2570694087403599,0.463821892393321,320,1734,0,300
0.0005550531,0.14756517461878996,1.0,0.2571795970852979,0.4639653572533251,321,1733,0,300
0.0005555051,0.14763779527559054,1.0,0.25728987993138935,0.4641089108910891,322,1732,0,300
0.0005562715,0.1477832512315271,1.0,0.2575107296137339,0.4643962848297214,324,1730,0,300
0.000556841,0.14785608674223755,1.0,0.25762129669386,0.46454010529575723,325,1729,0,300
0.0005573956,0.14785608674223755,1.0,0.25762129669386,0.46454010529575723,325,1729,0,300
0.0005575553,0.14792899408284024,1.0,0.25773195876288657,0.46468401486988853,326,1728,0,300
0.0005576087,0.14807502467917077,1.0,0.2579535683576956,0.4649721016738996,328,1726,0,300
0.0005576204,0.14814814814814814,1.0,0.25806451612903225,0.46511627906976744,329,1725,0,300
0.0005580008,0.14814814814814814,1.0,0.25806451612903225,0.46511627906976744,329,1725,0,300
0.0005586333,0.1482213438735178,1.0,0.25817555938037867,0.4652605459057072,330,1724,0,300
0.0005593667,0.14836795252225518,1.0,0.25839793281653745,0.46554934823091243,332,1722,0,300
0.0005597942,0.14836795252225518,1.0,0.25839793281653745,0.46554934823091243,332,1722,0,300
0.0005597984,0.14844136566056407,1.0,0.25850926324859974,0.46569388388699157,333,1721,0,300
0.0005600162,0.1485148514851485,1.0,0.25862068965517243,0.4658385093167702,334,1720,0,300
0.0005604001,0.1485884101040119,1.0,0.258732212160414,0.4659832246039142,335,1719,0,300
0.0005617713,0.14866204162537167,1.0,0.25884383088869717,0.4661280298321939,336,1718,0,300
0.0005618639,0.1487357461576599,1.0,0.2589555459646094,0.4662729250854834,337,1717,0,300
0.0005628891,0.1488095238095238,1.0,0.25906735751295334,0.46641791044776115,338,1716,0,300
0.0005639239,0.1488833746898263,1.0,0.2591792656587473,0.4665629860031104,339,1715,0,300
0.0005642016,0.14903129657228018,1.0,0.2594033722438392,0.46685340802987857,341,1713,0,300
0.0005644261,0.14903129657228018,1.0,0.2594033722438392,0.46685340802987857,341,1713,0,300
0.000565405,0.14910536779324055,1.0,0.25951557093425603,0.4669987546699875,342,1712,0,300
0.0005657562,0.14917951268025859,1.0,0.2596278667243617,0.4671441918405482,343,1711,0,300
0.0005662374,0.14925373134328357,1.0,0.2597402597402597,0.4672897196261682,344,1710,0,300
0.0005663489,0.1493280238924838,1.0,0.25985275010827197,0.46743533811156124,345,1709,0,300
0.0005683979,0.14947683109118087,1.0,0.26007802340702213,0.46772684752104776,347,1707,0,300
0.0005685101,0.14947683109118087,1.0,0.26007802340702213,0.46772684752104776,347,1707,0,300
0.0005687613,0.14962593516209477,1.0,0.2603036876355748,0.46801872074882994,349,1705,0,300
0.0005704994,0.14962593516209477,1.0,0.2603036876355748,0.46801872074882994,349,1705,0,300
0.0005707026,0.1497005988023952,1.0,0.2604166666666667,0.4681647940074906,350,1704,0,300
0.0005708568,0.14977533699450823,1.0,0.26052974381241856,0.4683109584764284,351,1703,0,300
0.0005722817,0.14992503748125938,1.0,0.2607561929595828,0.46860356138706655,353,1701,0,300
0.000573257,0.14992503748125938,1.0,0.2607561929595828,0.46860356138706655,353,1701,0,300
0.0005738039,0.15,1.0,0.2608695652173913,0.46875,354,1700,0,300
0.0005743944,0.15015015015015015,1.0,0.26109660574412535,0.4690431519699812,356,1698,0,300
0.0005745307,0.15015015015015015,1.0,0.26109660574412535,0.4690431519699812,356,1698,0,300
0.0005747881,0.15022533800701052,1.0,0.26121027427078797,0.46918986549890523,357,1697,0,300
0.0005752208,0.15030060120240482,1.0,0.2613240418118467,0.4693366708385482,358,1696,0,300
0.000575229,0.15037593984962405,1.0,0.26143790849673204,0.4694835680751174,359,1695,0,300
0.0005757731,0.15045135406218657,1.0,0.26155187445510025,0.46963055729492803,360,1694,0,300
0.000576626,0.15052684395383845,1.0,0.26166593981683384,0.4697776385844034,361,1693,0,300
0.0005788142,0.15060240963855423,1.0,0.2617801047120419,0.46992481203007525,362,1692,0,300
0.0005803726,0.15067805123053743,1.0,0.2618943692710607,0.4700720777185835,363,1691,0,300
0.000580708,0.1507537688442211,1.0,0.26200873362445415,0.47021943573667707,364,1690,0,300
0.0005809723,0.15082956259426847,1.0,0.2621231979030144,0.4703668861712135,365,1689,0,300
0.000581221,0.1509813789632612,1.0,0.2623524267599475,0.47066206463759025,367,1687,0,300
0.0005820079,0.1509813789632612,1.0,0.2623524267599475,0.47066206463759025,367,1687,0,300
0.0005820395,0.1510574018126888,1.0,0.26246719160104987,0.4708097928436911,368,1686,0,300
0.0005822138,0.15120967741935484,1.0,0.2626970227670753,0.47110552763819097,370,1684,0,300
0.0005824668,0.15120967741935484,1.0,0.2626970227670753,0.47110552763819097,370,1684,0,300
0.0005831817,0.15136226034308778,1.0,0.26292725679228746,0.4714016341923319,372,1682,0,300
0.0005834556,0.1514386673397274,1.0,0.263042525208242,0.4715498270983967,373,1681,0,300
0.0005837843,0.15212981744421908,1.0,0.2640845070422535,0.4728877679697352,382,1672,0,300
0.0005839171,0.15220700152207,1.0,0.26420079260237783,0.47303689687795647,383,1671,0,300
0.0005841879,0.15236160487557135,1.0,0.26443367122080214,0.47333543704638686,385,1669,0,300
0.0005842194,0.1524390243902439,1.0,0.26455026455026454,0.47348484848484845,386,1668,0,300
0.0005842586,0.1524390243902439,1.0,0.26455026455026454,0.47348484848484845,386,1668,0,300
0.0005845571,0.1525165226232842,1.0,0.2646669607410675,0.473634354278497,387,1667,0,300
0.0005847597,0.1525940996948118,1.0,0.264783759929391,0.4737839545167404,388,1666,0,300
0.0005850432,0.15274949083503056,1.0,0.26501766784452296,0.47408343868520864,390,1664,0,300
0.0005859162,0.15274949083503056,1.0,0.26501766784452296,0.47408343868520864,390,1664,0,300
0.0005862276,0.15282730514518594,1.0,0.26513477684489617,0.47423332279481506,391,1663,0,300
0.0005864525,0.1529051987767584,1.0,0.26525198938992045,0.4743833017077799,392,1662,0,300
0.0005870535,0.1529831718510964,1.0,0.26536930561698363,0.4745333755140778,393,1661,0,300
0.0005876799,0.15306122448979592,1.0,0.26548672566371684,0.4746835443037975,394,1660,0,300
0.0005882829,0.15313935681470137,1.0,0.2656042496679947,0.4748338081671415,395,1659,0,300
0.0005886565,0.1532958610117527,1.0,0.2658396101019052,0.47513462147608493,397,1657,0,300
0.0005895127,0.1532958610117527,1.0,0.2658396101019052,0.47513462147608493,397,1657,0,300
0.000589907,0.1534526854219949,1.0,0.2660753880266075,0.4754358161648178,399,1655,0,300
0.0005900813,0.1535312180143296,1.0,0.26619343389529726,0.4755865567533291,400,1654,0,300
0.0005904813,0.15360983102918588,1.0,0.2663115845539281,0.47573739295908657,401,1653,0,300
0.0005904993,0.15368852459016394,1.0,0.2664298401420959,0.47588832487309646,402,1652,0,300
0.0005909092,0.15376729882111737,1.0,0.2665482007996446,0.47603935258648045,403,1651,0,300
0.0005929885,0.15384615384615385,1.0,0.26666666666666666,0.4761904761904762,404,1650,0,300
0.0005931061,0.1539250897896357,1.0,0.2667852378835038,0.476341695776437,405,1649,0,300
0.0005940662,0.1540041067761807,1.0,0.2669039145907473,0.4764930114358323,406,1648,0,300
0.0005948555,0.15424164524421594,1.0,0.267260579064588,0.4769475357710652,409,1645,0,300
0.0005967623,0.15424164524421594,1.0,0.267260579064588,0.4769475357710652,409,1645,0,300
0.0005979756,0.15432098765432098,1.0,0.26737967914438504,0.47709923664122134,410,1644,0,300
0.0005980081,0.15440041173443128,1.0,0.26749888542131073,0.47725103404390706,411,1643,0,300
0.0005980594,0.15447991761071062,1.0,0.26761819803746656,0.47740292807129214,412,1642,0,300
0.0005981971,0.1545595054095827,1.0,0.2677376171352075,0.4775549188156638,413,1641,0,300
0.0005984252,0.15463917525773196,1.0,0.26785714285714285,0.47770700636942676,414,1640,0,300
0.0005992268,0.15471892728210418,1.0,0.2679767753461367,0.47785919082510353,415,1639,0,300
0.0005993593,0.15479876160990713,1.0,0.2680965147453083,0.47801147227533464,416,1638,0,300
0.0005995058,0.15487867836861124,1.0,0.2682163611980331,0.47816385081287854,417,1637,0,300
0.0005996718,0.15495867768595042,1.0,0.26833631484794274,0.4783163265306123,418,1636,0,300
0.000600357,0.15511892450879008,1.0,0.26857654431512984,0.47862156987874926,420,1634,0,300
0.0006005599,0.1551991722710812,1.0,0.2686968204209583,0.47877433769549954,421,1633,0,300
0.0006008114,0.1551991722710812,1.0,0.2686968204209583,0.47877433769549954,421,1633,0,300
0.0006008676,0.15527950310559005,1.0,0.26881720430107525,0.4789272030651341,422,1632,0,300
0.0006025416,0.15535991714137753,1.0,0.2689376961004034,0.47908016608112425,423,1631,0,300
0.0006027062,0.15552099533437014,1.0,0.2691790040376851,0.4793863854266539,425,1629,0,300
0.000603391,0.15552099533437014,1.0,0.2691790040376851,0.4793863854266539,425,1629,0,300
0.0006038967,0.15560165975103735,1.0,0.26929982046678635,0.479539641943734,426,1628,0,300
0.0006040579,0.15568240788790866,1.0,0.2694207453973956,0.47969299648225133,427,1627,0,300
0.0006040855,0.1557632398753894,1.0,0.2695417789757412,0.47984644913627633,428,1626,0,300
0.0006061017,0.15584415584415584,1.0,0.2696629213483146,0.48000000000000004,429,1625,0,300
0.0006064227,0.15592515592515593,1.0,0.2697841726618705,0.48015364916773373,430,1624,0,300
0.000606645,0.15608740894901144,1.0,0.27002700270027,0.48046124279308133,432,1622,0,300
0.0006075181,0.15608740894901144,1.0,0.27002700270027,0.48046124279308133,432,1622,0,300
0.000608674,0.15616866215512754,1.0,0.270148581719946,0.48061518743992304,433,1621,0,300
0.0006094002,0.15625,1.0,0.2702702702702703,0.4807692307692308,434,1620,0,300
0.000609436,0.15641293013555788,1.0,0.27051397655545534,0.4810776138550353,436,1618,0,300
0.0006097851,0.15641293013555788,1.0,0.27051397655545534,0.4810776138550353,436,1618,0,300
0.0006100862,0.1564945226917058,1.0,0.2706359945872801,0.48123195380173245,437,1617,0,300
0.0006101793,0.15657620041753653,1.0,0.27075812274368233,0.4813863928112965,438,1616,0,300
0.0006102526,0.15673981191222572,1.0,0.27100271002710025,0.4816955684007707,440,1614,0,300
0.0006102619,0.15682174594877157,1.0,0.2711251694532309,0.48185030517185995,441,1613,0,300
0.0006111152,0.15682174594877157,1.0,0.2711251694532309,0.48185030517185995,441,1613,0,300
0.0006113365,0.15690376569037656,1.0,0.27124773960216997,0.4820051413881748,442,1612,0,300
0.0006116055,0.15698587127158556,1.0,0.27137042062415195,0.4821600771456123,443,1611,0,300
0.000612247,0.15706806282722513,1.0,0.27149321266968324,0.48231511254019294,444,1610,0,300
0.0006127316,0.15723270440251572,1.0,0.2717391304347826,0.4826254826254826,446,1608,0,300
0.0006129424,0.15723270440251572,1.0,0.2717391304347826,0.4826254826254826,446,1608,0,300
0.0006130411,0.15731515469323545,1.0,0.27186225645672857,0.482780817508851,447,1607,0,300
0.0006141002,0.15748031496062992,1.0,0.272108843537415,0.4830917874396135,449,1605,0,300
0.0006141034,0.15756302521008403,1.0,0.27223230490018147,0.4832474226804124,450,1604,0,300
0.0006167925,0.1576458223857068,1.0,0.2723558783477077,0.4834031582339672,451,1603,0,300
0.0006173268,0.15772870662460567,1.0,0.2724795640326976,0.48355899419729204,452,1602,0,300
0.0006189794,0.15781167806417676,1.0,0.2726033621081327,0.48371493066752663,453,1601,0,300
0.0006190278,0.1579778830963665,1.0,0.2728512960436562,0.484027105517909,455,1599,0,300
0.0006193642,0.1579778830963665,1.0,0.2728512960436562,0.484027105517909,455,1599,0,300
0.000620266,0.158144438587243,1.0,0.27309968138370505,0.48433968356474005,457,1597,0,300
0.0006204611,0.15822784810126583,1.0,0.273224043715847,0.4844961240310077,458,1596,0,300
0.000621024,0.15822784810126583,1.0,0.273224043715847,0.4844961240310077,458,1596,0,300
0.0006223512,0.158311345646438,1.0,0.2733485193621868,0.48465266558966075,459,1595,0,300
0.0006225446,0.1583949313621964,1.0,0.27347310847766637,0.4848093083387201,460,1594,0,300
0.0006231934,0.15847860538827258,1.0,0.27359781121751026,0.4849660523763336,461,1593,0,300
0.0006241719,0.15864621893178213,1.0,0.2738475581926061,0.4852798447104497,463,1591,0,300
0.0006243569,0.15864621893178213,1.0,0.2738475581926061,0.4852798447104497,463,1591,0,300
0.0006246765,0.15873015873015872,1.0,0.273972602739726,0.4854368932038835,464,1590,0,300
0.0006252114,0.15881418740074113,1.0,0.27409776153494747,0.4855940433797345,465,1589,0,300
0.0006253666,0.15889830508474576,1.0,0.2742230347349177,0.4857512953367875,466,1588,0,300
0.0006254459,0.1589825119236884,1.0,0.27434842249657065,0.4859086491739553,467,1587,0,300
0.0006255911,0.15906680805938495,1.0,0.2744739249771272,0.48606610499027864,468,1586,0,300
0.0006263802,0.1592356687898089,1.0,0.27472527472527475,0.48638132295719844,470,1584,0,300
0.0006266133,0.15932023366967604,1.0,0.2748511223087494,0.48653908530651957,471,1583,0,300
0.0006270037,0.1594048884165781,1.0,0.27497708524289644,0.48669695003244645,472,1582,0,300
0.0006276024,0.1594048884165781,1.0,0.27497708524289644,0.48669695003244645,472,1582,0,300
0.0006282207,0.1594896331738437,1.0,0.2751031636863824,0.4868549172346641,473,1581,0,300
0.0006285225,0.1595744680851064,1.0,0.27522935779816515,0.487012987012987,474,1580,0,300
0.0006288044,0.15965939329430548,1.0,0.27535566773749426,0.48717115946735956,475,1579,0,300
0.0006290126,0.1597444089456869,1.0,0.27548209366391185,0.4873294346978558,476,1578,0,300
0.000630233,0.15982951518380395,1.0,0.2756086357372531,0.4874878128046799,477,1577,0,300
0.0006312064,0.15991471215351813,1.0,0.2757352941176471,0.48764629388816644,478,1576,0,300
0.0006317388,0.16,1.0,0.27586206896551724,0.4878048780487805,479,1575,0,300
0.000632101,0.16008537886872998,1.0,0.27598896044158233,0.4879635653871177,480,1574,0,300
0.0006321595,0.16025641025641027,1.0,0.27624309392265195,0.48828125000000006,482,1572,0,300
0.0006328144,0.16025641025641027,1.0,0.27624309392265195,0.48828125000000006,482,1572,0,300
0.0006334338,0.16034206306787813,1.0,0.2763703362505758,0.48844024747639203,483,1571,0,300
0.000633984,0.16042780748663102,1.0,0.2764976958525346,0.48859934853420195,484,1570,0,300
0.0006343016,0.16051364365971107,1.0,0.2766251728907331,0.4887585532746823,485,1569,0,300
0.0006350599,0.16059957173447537,1.0,0.2767527675276753,0.4889178617992177,486,1568,0,300
0.0006352618,0.1607717041800643,1.0,0.2770083102493075,0.4892367906066536,488,1566,0,300
0.0006353308,0.1607717041800643,1.0,0.2770083102493075,0.4892367906066536,488,1566,0,300
0.0006353759,0.16085790884718498,1.0,0.27713625866050806,0.4893964110929853,489,1565,0,300
0.0006357693,0.1609442060085837,1.0,0.27726432532347506,0.489556135770235,490,1564,0,300
0.0006364935,0.1610305958132045,1.0,0.27739251040221913,0.48971596474045054,491,1563,0,300
0.0006371487,0.1611170784103115,1.0,0.27752081406105455,0.4898758981058132,492,1562,0,300
0.0006378022,0.16120365394948952,1.0,0.2776492364645997,0.49003593596863765,493,1561,0,300
0.0006381256,0.16129032258064516,1.0,0.2777777777777778,0.4901960784313726,494,1560,0,300
0.000639044,0.16137708445400753,1.0,0.2779064381658175,0.4903563255966002,495,1559,0,300
0.0006395577,0.16155088852988692,1.0,0.27816411682892905,0.4906771344455348,497,1557,0,300
0.0006399119,0.16155088852988692,1.0,0.27816411682892905,0.4906771344455348,497,1557,0,300
0.0006401861,0.16163793103448276,1.0,0.2782931354359926,0.49083769633507857,498,1556,0,300
0.0006404018,0.16172506738544473,1.0,0.27842227378190254,0.4909983633387888,499,1555,0,300
0.0006406906,0.16189962223421478,1.0,0.2786809103576405,0.491320013101867,501,1553,0,300
0.0006407119,0.16189962223421478,1.0,0.2786809103576405,0.491320013101867,501,1553,0,300
0.0006408268,0.1620745542949757,1.0,0.2789400278940028,0.4916420845624386,503,1551,0,300
0.0006412477,0.16216216216216217,1.0,0.27906976744186046,0.4918032786885246,504,1550,0,300
0.0006414262,0.16216216216216217,1.0,0.27906976744186046,0.4918032786885246,504,1550,0,300
0.0006425713,0.16224986479177933,1.0,0.27919962773382967,0.49196457855034437,505,1549,0,300
0.0006429039,0.16233766233766234,1.0,0.27932960893854747,0.4921259842519685,506,1548,0,300
0.0006429085,0.16242555495397942,1.0,0.27945971122496505,0.49228749589760423,507,1547,0,300
0.0006430146,0.16260162601626016,1.0,0.27972027972027974,0.49261083743842365,509,1545,0,300
0.0006438197,0.16260162601626016,1.0,0.27972027972027974,0.49261083743842365,509,1545,0,300
0.0006438817,0.16268980477223427,1.0,0.2798507462686567,0.49277266754270693,510,1544,0,300
0.0006442398,0.16277807921866522,1.0,0.2799813345776948,0.49293460400920147,511,1543,0,300
0.0006447118,0.16286644951140064,1.0,0.2801120448179272,0.4930966469428008,512,1542,0,300
0.0006464854,0.16295491580662683,1.0,0.2802428771602055,0.49325879644853665,513,1541,0,300
0.0006474603,0.16304347826086957,1.0,0.2803738317757009,0.493421052631579,514,1540,0,300
0.0006477526,0.1632208922742111,1.0,0.2806361085126286,0.4937458854509546,516,1538,0,300
0.0006481369,0.1632208922742111,1.0,0.2806361085126286,0.4937458854509546,516,1538,0,300
0.0006491832,0.1633097441480675,1.0,0.28076743097800655,0.4939084622983207,517,1537,0,300
0.0006498542,0.16339869281045752,1.0,0.2808988764044944,0.4940711462450593,518,1536,0,300
0.0006503004,0.16357688113413305,1.0,0.28116213683223995,0.4943968358602505,520,1534,0,300
0.0006503472,0.16366612111292964,1.0,0.2812939521800281,0.49455984174085066,521,1533,0,300
0.000650815,0.16375545851528384,1.0,0.28142589118198874,0.4947229551451187,522,1532,0,300
0.0006511611,0.16375545851528384,1.0,0.28142589118198874,0.4947229551451187,522,1532,0,300
0.0006516438,0.1638448935008192,1.0,0.28155795401220085,0.4948861761794787,523,1531,0,300
0.0006523408,0.16402405686167304,1.0,0.28182245185533117,0.49521294156487294,525,1529,0,300
0.0006527005,0.16402405686167304,1.0,0.28182245185533117,0.49521294156487294,525,1529,0,300
0.0006530686,0.16411378555798686,1.0,0.2819548872180451,0.4953764861294584,526,1528,0,300
0.0006532634,0.16420361247947454,1.0,0.2820874471086037,0.4955401387512388,527,1527,0,300
0.0006542962,0.16429353778751368,1.0,0.28222013170272814,0.495703899537343,528,1526,0,300
0.0006549666,0.16447368421052633,1.0,0.2824858757062147,0.49603174603174605,530,1524,0,300
0.0006550212,0.16456390565002743,1.0,0.2826189354686764,0.4961958319550116,531,1523,0,300
0.000655067,0.16456390565002743,1.0,0.2826189354686764,0.4961958319550116,531,1523,0,300
0.0006550695,0.16465422612513722,1.0,0.2827521206409048,0.49636002647253474,532,1522,0,300
0.0006553424,0.16474464579901152,1.0,0.2828854314002829,0.49652432969215493,533,1521,0,300
0.0006555817,0.16483516483516483,1.0,0.2830188679245283,0.49668874172185434,534,1520,0,300
0.0006560613,0.16492578339747113,1.0,0.2831524303916942,0.4968532626697582,535,1519,0,300
0.000656208,0.16501650165016502,1.0,0.28328611898017,0.4970178926441352,536,1518,0,300
0.0006562506,0.1651073197578426,1.0,0.2834199338686821,0.4971826317533974,537,1517,0,300
0.0006578602,0.16519823788546256,1.0,0.2835538752362949,0.49734748010610086,538,1516,0,300
0.0006590723,0.1652892561983471,1.0,0.28368794326241137,0.4975124378109453,539,1515,0,300
0.0006590968,0.16538037486218302,1.0,0.28382213812677387,0.49767750497677504,540,1514,0,300
0.0006591527,0.1654715940430226,1.0,0.28395646000946523,0.49784268171257884,541,1513,0,300
0.0006601385,0.16556291390728478,1.0,0.2840909090909091,0.49800796812749004,542,1512,0,300
0.0006605057,0.16565433462175594,1.0,0.28422548555187116,0.4981733643307871,543,1511,0,300
0.0006615159,0.16583747927031509,1.0,0.2844950213371266,0.4985044865403788,545,1509,0,300
0.0006618346,0.16583747927031509,1.0,0.2844950213371266,0.4985044865403788,545,1509,0,300
0.0006621573,0.16592920353982302,1.0,0.2846299810246679,0.49867021276595747,546,1508,0,300
0.0006629441,0.16602102933038185,1.0,0.28476506881822494,0.4988360492184902,547,1507,0,300
0.0006630765,0.16620498614958448,1.0,0.2850356294536817,0.49916805324459235,549,1505,0,300
0.0006637988,0.16620498614958448,1.0,0.2850356294536817,0.49916805324459235,549,1505,0,300
0.0006650057,0.1662971175166297,1.0,0.28517110266159695,0.4993342210386152,550,1504,0,300
0.0006650238,0.16638935108153077,1.0,0.28530670470756064,0.4995004995004995,551,1503,0,300
0.0006652308,0.16648168701442842,1.0,0.285442435775452,0.4996668887408394,552,1502,0,300
0.0006653715,0.1665741254858412,1.0,0.28557829604950025,0.49983338887037654,553,1501,0,300
0.0006674554,0.16666666666666666,1.0,0.2857142857142857,0.5,554,1500,0,300
0.0006675648,0.16675931072818231,1.0,0.28585040495474034,0.5001667222407469,555,1499,0,300
0.0006679915,0.1668520578420467,1.0,0.2859866539561487,0.5003335557038026,556,1498,0,300
0.0006682143,0.1669449081803005,1.0,0.2861230329041488,0.5005005005005005,557,1497,0,300
0.0006683035,0.16703786191536749,1.0,0.2862595419847328,0.5006675567423231,558,1496,0,300
0.0006688999,0.1671309192200557,1.0,0.2863961813842482,0.5008347245409015,559,1495,0,300
0.0006694213,0.16722408026755853,1.0,0.28653295128939826,0.501002004008016,560,1494,0,300
0.0006694946,0.16731734523145567,1.0,0.2866698518872432,0.5011693952555963,561,1493,0,300
0.000669831,0.16741071428571427,1.0,0.28680688336520077,0.5013368983957219,562,1492,0,300
0.0006698377,0.16750418760469013,1.0,0.28694404591104733,0.5015045135406219,563,1491,0,300
0.0006700832,0.16769144773616546,1.0,0.2872187649593107,0.5018400802944128,565,1489,0,300
0.0006706019,0.16769144773616546,1.0,0.2872187649593107,0.5018400802944128,565,1489,0,300
0.0006731876,0.16778523489932887,1.0,0.28735632183908044,0.5020080321285141,566,1488,0,300
0.0006743563,0.16787912702853947,1.0,0.2874940105414471,0.5021760964178106,567,1487,0,300
0.0006745578,0.167973124300112,1.0,0.28763183125599234,0.5023442732752846,568,1486,0,300
0.0006760419,0.16806722689075632,1.0,0.28776978417266186,0.5025125628140704,569,1485,0,300
0.0006760864,0.16825574873808188,1.0,0.28804608737397985,0.5028494803888702,571,1483,0,300
0.0006761518,0.16825574873808188,1.0,0.28804608737397985,0.5028494803888702,571,1483,0,300
0.000676534,0.16835016835016836,1.0,0.2881844380403458,0.5030181086519114,572,1482,0,300
0.0006775315,0.16844469399213924,1.0,0.28832292167227297,0.5031868500503187,573,1481,0,300
0.0006791095,0.16853932584269662,1.0,0.28846153846153844,0.5033557046979866,574,1480,0,300
0.0006797289,0.1687289088863892,1.0,0.28873917228103946,0.503693754197448,576,1478,0,300
0.000680373,0.1687289088863892,1.0,0.28873917228103946,0.503693754197448,576,1478,0,300
0.0006815192,0.16891891891891891,1.0,0.28901734104046245,0.5040322580645161,578,1476,0,300
0.0006841159,0.16891891891891891,1.0,0.28901734104046245,0.5040322580645161,578,1476,0,300
0.0006841182,0.16901408450704225,1.0,0.2891566265060241,0.5042016806722689,579,1475,0,300
0.0006842007,0.16910935738444194,1.0,0.2892960462873674,0.5043712172158709,580,1474,0,300
0.0006859556,0.1692047377326565,1.0,0.2894356005788712,0.5045408678102926,581,1473,0,300
0.0006860132,0.16930022573363432,1.0,0.28957528957528955,0.5047106325706595,582,1472,0,300
0.0006865989,0.16939582156973462,1.0,0.28971511347175277,0.5048805116122518,583,1471,0,300
0.0006870748,0.1694915254237288,1.0,0.2898550724637681,0.5050505050505051,584,1470,0,300
0.000689191,0.1695873374788016,1.0,0.28999516674722087,0.5052206130010104,585,1469,0,300
0.0006893064,0.1697792869269949,1.0,0.29027576197387517,0.5055611729019212,587,1467,0,300
0.0006893937,0.1697792869269949,1.0,0.29027576197387517,0.5055611729019212,587,1467,0,300
0.0006897101,0.16987542468856173,1.0,0.2904162633107454,0.5057316250842886,588,1466,0,300
0.0006902773,0.16997167138810199,1.0,0.29055690072639223,0.5059021922428331,589,1465,0,300
0.0006905724,0.17006802721088435,1.0,0.29069767441860467,0.5060728744939271,590,1464,0,300
0.000690576,0.17016449234259784,1.0,0.290838584585555,0.5062436719541006,591,1463,0,300
0.000690606,0.170261066969353,1.0,0.2909796314258002,0.5064145847400404,592,1462,0,300
0.0006907906,0.17035775127768313,1.0,0.29112081513828236,0.5065856129685916,593,1461,0,300
0.0006918388,0.17045454545454544,1.0,0.2912621359223301,0.5067567567567568,594,1460,0,300
0.0006921395,0.17055144968732233,1.0,0.2914035939776591,0.5069280162216966,595,1459,0,300
0.0006926806,0.17064846416382254,1.0,0.2915451895043732,0.5070993914807302,596,1458,0,300
0.000692953,0.17084282460136674,1.0,0.2918287937743191,0.5074424898511501,598,1456,0,300
0.0006932667,0.17084282460136674,1.0,0.2918287937743191,0.5074424898511501,598,1456,0,300
0.0006937119,0.17094017094017094,1.0,0.291970802919708,0.5076142131979696,599,1455,0,300
0.0006940524,0.17103762827822122,1.0,0.2921129503407984,0.5077860528097495,600,1454,0,300
0.0006941424,0.17113519680547631,1.0,0.2922552362396493,0.5079580088046055,601,1453,0,300
0.0006945457,0.17123287671232876,1.0,0.29239766081871343,0.5081300813008129,602,1452,0,300
0.0006945964,0.17142857142857143,1.0,0.2926829268292683,0.5084745762711865,604,1450,0,300
0.0006950294,0.17152658662092624,1.0,0.29282576866764276,0.5086469989827059,605,1449,0,300
0.0006952927,0.17162471395881007,1.0,0.29296875,0.508819538670285,606,1448,0,300
0.0006954591,0.17172295363480253,1.0,0.29311187103077674,0.5089921954530031,607,1447,0,300
0.000695655,0.17191977077363896,1.0,0.293398533007335,0.5093378607809848,609,1445,0,300
0.0006956748,0.17191977077363896,1.0,0.293398533007335,0.5093378607809848,609,1445,0,300
0.0006964616,0.1720183486238532,1.0,0.29354207436399216,0.5095108695652174,610,1444,0,300
0.0006971439,0.1721170395869191,1.0,0.2936857562408223,0.509683995922528,611,1443,0,300
0.0006977817,0.17221584385763491,1.0,0.2938295788442703,0.5098572399728076,612,1442,0,300
0.0006989277,0.1723147616312464,1.0,0.29397354238118567,0.5100306018361102,613,1441,0,300
0.0007005319,0.1724137931034483,1.0,0.29411764705882354,0.5102040816326531,614,1440,0,300
0.0007012509,0.17261219792865362,1.0,0.2944062806673209,0.5105513955071478,616,1438,0,300
0.0007026226,0.17261219792865362,1.0,0.2944062806673209,0.5105513955071478,616,1438,0,300
0.000706388,0.17271157167530224,1.0,0.29455081001472755,0.5107252298263534,617,1437,0,300
0.000707672,0.1728110599078341,1.0,0.29469548133595286,0.510899182561308,618,1436,0,300
0.000707983,0.1729106628242075,1.0,0.29484029484029484,0.5110732538330494,619,1435,0,300
0.0007082877,0.17301038062283736,1.0,0.2949852507374631,0.5112474437627812,620,1434,0,300
0.0007087184,0.17311021350259664,1.0,0.2951303492375799,0.5114217524718717,621,1433,0,300
0.0007094743,0.1733102253032929,1.0,0.29542097488921715,0.5117707267144319,623,1431,0,300
0.0007097824,0.17341040462427745,1.0,0.2955665024630542,0.5119453924914675,624,1430,0,300
0.0007100594,0.17341040462427745,1.0,0.2955665024630542,0.5119453924914675,624,1430,0,300
0.0007103302,0.1736111111111111,1.0,0.2958579881656805,0.5122950819672132,626,1428,0,300
0.0007110179,0.17371163867979156,1.0,0.2960039467192896,0.5124701059104886,627,1427,0,300
0.0007114015,0.17381228273464658,1.0,0.29615004935834155,0.5126452494873548,628,1426,0,300
0.0007114147,0.17381228273464658,1.0,0.29615004935834155,0.5126452494873548,628,1426,0,300
0.0007118212,0.17391304347826086,1.0,0.2962962962962963,0.5128205128205128,629,1425,0,300
0.0007118566,0.17421602787456447,1.0,0.29673590504451036,0.513347022587269,632,1422,0,300
0.0007122997,0.17431725740848344,1.0,0.29688273132112813,0.5135227661759671,633,1421,0,300
0.0007128073,0.1744186046511628,1.0,0.297029702970297,0.5136986301369864,634,1420,0,300
0.0007132174,0.17452006980802792,1.0,0.2971768202080238,0.513874614594039,635,1419,0,300
0.0007133642,0.17462165308498254,1.0,0.29732408325074333,0.5140507196710076,636,1418,0,300
0.0007138324,0.17472335468841002,1.0,0.2974714923153198,0.5142269454919438,637,1417,0,300
0.0007141484,0.17482517482517482,1.0,0.2976190476190476,0.51440329218107,638,1416,0,300
0.0007141767,0.1749271137026239,1.0,0.2977667493796526,0.5145797598627787,639,1415,0,300
0.0007147851,0.1750291715285881,1.0,0.29791459781529295,0.5147563486616334,640,1414,0,300
0.0007160164,0.17513134851138354,1.0,0.29806259314456035,0.5149330587023687,641,1413,0,300
0.0007160843,0.17533606078316774,1.0,0.29835902536051717,0.5152868430092752,643,1411,0,300
0.0007164358,0.17533606078316774,1.0,0.29835902536051717,0.5152868430092752,643,1411,0,300
0.0007164771,0.17543859649122806,1.0,0.29850746268656714,0.5154639175257731,644,1410,0,300
0.0007174668,0.17554125219426564,1.0,0.2986560477849676,0.5156411137848057,645,1409,0,300
0.0007181365,0.1756440281030445,1.0,0.29880478087649404,0.515818431911967,646,1408,0,300
0.0007210394,0.17584994138335286,1.0,0.29910269192422734,0.516173434273916,648,1406,0,300
0.0007215036,0.17584994138335286,1.0,0.29910269192422734,0.516173434273916,648,1406,0,300
0.0007217554,0.17595307917888564,1.0,0.29925187032418954,0.5163511187607573,649,1405,0,300
0.0007220061,0.176056338028169,1.0,0.2994011976047904,0.5165289256198347,650,1404,0,300
0.000722268,0.1762632197414806,1.0,0.2997002997002997,0.5168849069607168,652,1402,0,300
0.0007224552,0.1762632197414806,1.0,0.2997002997002997,0.5168849069607168,652,1402,0,300
0.0007228801,0.1763668430335097,1.0,0.29985007496251875,0.5170630816959669,653,1401,0,300
0.0007233949,0.17657445556209536,1.0,0.3001500750375188,0.5174197999310107,655,1399,0,300
0.0007236576,0.17657445556209536,1.0,0.3001500750375188,0.5174197999310107,655,1399,0,300
0.0007237117,0.17667844522968199,1.0,0.3003003003003003,0.5175983436853002,656,1398,0,300
0.0007247978,0.17678255745433116,1.0,0.30045067601402103,0.5177770107007249,657,1397,0,300
0.0007251443,0.17688679245283018,1.0,0.30060120240480964,0.5179558011049723,658,1396,0,300
0.000725221,0.1770956316410862,1.0,0.30090270812437314,0.5183137525915688,660,1394,0,300
0.0007261601,0.1770956316410862,1.0,0.30090270812437314,0.5183137525915688,660,1394,0,300
0.0007263428,0.1772002362669817,1.0,0.3010536879076769,0.5184929139301763,661,1393,0,300
0.0007265768,0.1773049645390071,1.0,0.30120481927710846,0.5186721991701245,662,1392,0,300
0.0007266243,0.17740981667652278,1.0,0.30135610246107486,0.5188516084399862,663,1391,0,300
0.0007281,0.17761989342806395,1.0,0.30165912518853694,0.5192107995846313,665,1389,0,300
0.0007285078,0.17772511848341233,1.0,0.30181086519114686,0.5193905817174516,666,1388,0,300
0.0007285512,0.17772511848341233,1.0,0.30181086519114686,0.5193905817174516,666,1388,0,300
0.0007286973,0.17783046828689983,1.0,0.3019627579265224,0.5195704883962591,667,1387,0,300
0.0007291641,0.17793594306049823,1.0,0.3021148036253776,0.5197505197505198,668,1386,0,300
0.0007298166,0.17804154302670624,1.0,0.3022670025188917,0.5199306759098787,669,1385,0,300
0.0007300757,0.17814726840855108,1.0,0.3024193548387097,0.5201109570041609,670,1384,0,300
0.0007301818,0.17825311942959002,1.0,0.30257186081694404,0.5202913631633715,671,1383,0,300
0.0007312838,0.178359096313912,1.0,0.30272452068617556,0.520471894517696,672,1382,0,300
0.0007313818,0.17857142857142858,1.0,0.30303030303030304,0.5208333333333334,674,1380,0,300
0.0007321641,0.17857142857142858,1.0,0.30303030303030304,0.5208333333333334,674,1380,0,300
0.0007325201,0.1786777843954735,1.0,0.30318342597271347,0.5210142410559222,675,1379,0,300
0.0007334918,0.17878426698450536,1.0,0.3033367037411527,0.521195274496178,676,1378,0,300
0.0007335239,0.17889087656529518,1.0,0.30349013657056145,0.5213764337851929,677,1377,0,300
0.0007335424,0.17899761336515513,1.0,0.30364372469635625,0.521557719054242,678,1376,0,300
0.0007343212,0.1791044776119403,1.0,0.3037974683544304,0.5217391304347826,679,1375,0,300
0.0007360472,0.17921146953405018,1.0,0.303951367781155,0.521920668058455,680,1374,0,300
0.0007364865,0.17942583732057416,1.0,0.30425963488843816,0.5222841225626741,682,1372,0,300
0.0007368441,0.17942583732057416,1.0,0.30425963488843816,0.5222841225626741,682,1372,0,300
0.00073734,0.17953321364452424,1.0,0.30441400304414,0.522466039707419,683,1371,0,300
0.0007375312,0.17974835230677053,1.0,0.3047232097511427,0.5228302544440572,685,1369,0,300
0.0007393312,0.17974835230677053,1.0,0.3047232097511427,0.5228302544440572,685,1369,0,300
0.0007399,0.17985611510791366,1.0,0.3048780487804878,0.5230125523012552,686,1368,0,300
0.0007402788,0.1799640071985603,1.0,0.3050330452465684,0.5231949773282176,687,1367,0,300
0.0007403222,0.18018018018018017,1.0,0.3053435114503817,0.5235602094240838,689,1365,0,300
0.0007431652,0.18028846153846154,1.0,0.3054989816700611,0.5237430167597765,690,1364,0,300
0.0007432388,0.18028846153846154,1.0,0.3054989816700611,0.5237430167597765,690,1364,0,300
0.000743739,0.18050541516245489,1.0,0.3058103975535168,0.5241090146750524,692,1362,0,300
0.0007454448,0.18050541516245489,1.0,0.3058103975535168,0.5241090146750524,692,1362,0,300
0.0007458043,0.1806140878988561,1.0,0.3059663437021928,0.5242922055225445,693,1361,0,300
0.0007477928,0.18072289156626506,1.0,0.30612244897959184,0.5244755244755245,694,1360,0,300
0.0007482793,0.18083182640144665,1.0,0.30627871362940273,0.5246589716684155,695,1359,0,300
0.000748867,0.18094089264173704,1.0,0.30643513789581206,0.5248425472358292,696,1358,0,300
0.0007490776,0.18105009052504525,1.0,0.3065917220235054,0.5250262513125656,697,1357,0,300
0.0007491294,0.18115942028985507,1.0,0.3067484662576687,0.5252100840336135,698,1356,0,300
0.0007491576,0.18137847642079807,1.0,0.3070624360286592,0.5255781359495445,700,1354,0,300
0.0007499048,0.18137847642079807,1.0,0.3070624360286592,0.5255781359495445,700,1354,0,300
0.0007519069,0.18148820326678766,1.0,0.30721966205837176,0.5257623554153523,701,1353,0,300
0.0007532114,0.18159806295399517,1.0,0.3073770491803279,0.5259467040673211,702,1352,0,300
0.0007543683,0.18170805572380375,1.0,0.30753459764223473,0.526131182041389,703,1351,0,300
0.0007555058,0.18192844147968465,1.0,0.3078501795792714,0.5265005265005265,705,1349,0,300
0.0007562689,0.18192844147968465,1.0,0.3078501795792714,0.5265005265005265,705,1349,0,300
0.0007565147,0.18214936247723132,1.0,0.3081664098613251,0.5268703898840885,707,1347,0,300
0.0007565283,0.18214936247723132,1.0,0.3081664098613251,0.5268703898840885,707,1347,0,300
0.00075769,0.1822600243013366,1.0,0.30832476875642345,0.5270555165144062,708,1346,0,300
0.0007581822,0.182370820668693,1.0,0.30848329048843187,0.5272407732864675,709,1345,0,300
0.0007594969,0.18248175182481752,1.0,0.30864197530864196,0.5274261603375527,710,1344,0,300
0.0007601953,0.18270401948842874,1.0,0.30895983522142123,0.5277973258268824,712,1342,0,300
0.000760526,0.18270401948842874,1.0,0.30895983522142123,0.5277973258268824,712,1342,0,300
0.0007616375,0.18281535648994515,1.0,0.3091190108191654,0.5279831045406547,713,1341,0,300
0.0007631272,0.18292682926829268,1.0,0.30927835051546393,0.528169014084507,714,1340,0,300
0.0007634018,0.18303843807199513,1.0,0.30943785456420836,0.528355054596689,715,1339,0,300
0.0007635269,0.18315018315018314,1.0,0.30959752321981426,0.5285412262156448,716,1338,0,300
0.0007656647,0.1832620647525962,1.0,0.3097573567372225,0.5287275290800141,717,1337,0,300
0.0007662983,0.1834862385321101,1.0,0.31007751937984496,0.5291005291005291,719,1335,0,300
0.00076644,0.1835985312117503,1.0,0.31023784901758017,0.529287226534933,720,1334,0,300
0.000768182,0.1835985312117503,1.0,0.31023784901758017,0.529287226534933,720,1334,0,300
0.0007690658,0.18382352941176472,1.0,0.3105590062111801,0.5296610169491526,722,1332,0,300
0.0007706857,0.18393623543838136,1.0,0.31071983428275507,0.5298481102084069,723,1331,0,300
0.0007737993,0.18404907975460122,1.0,0.31088082901554404,0.5300353356890459,724,1330,0,300
0.0007738906,0.18404907975460122,1.0,0.31088082901554404,0.5300353356890459,724,1330,0,300
0.000774468,0.18427518427518427,1.0,0.3112033195020747,0.5304101838755304,726,1328,0,300
0.0007745639,0.18427518427518427,1.0,0.3112033195020747,0.5304101838755304,726,1328,0,300
0.0007751509,0.18438844499078058,1.0,0.3113648157758173,0.5305978068623983,727,1327,0,300
0.0007772042,0.18450184501845018,1.0,0.3115264797507788,0.5307855626326964,728,1326,0,300
0.0007780101,0.18472906403940886,1.0,0.31185031185031187,0.5311614730878187,730,1324,0,300
0.0007788523,0.18472906403940886,1.0,0.31185031185031187,0.5311614730878187,730,1324,0,300
0.0007815348,0.18495684340320592,1.0,0.31217481789802287,0.5315379163713678,732,1322,0,300
0.0007821934,0.18495684340320592,1.0,0.31217481789802287,0.5315379163713678,732,1322,0,300
0.000782423,0.1850709438618137,1.0,0.31233732431025507,0.5317263381779511,733,1321,0,300
0.0007873339,0.18518518518518517,1.0,0.3125,0.5319148936170213,734,1320,0,300
0.000788928,0.18541409147095178,1.0,0.31282586027111575,0.5322924059616749,736,1318,0,300
0.0007894378,0.18541409147095178,1.0,0.31282586027111575,0.5322924059616749,736,1318,0,300
0.0007902646,0.18552875695732837,1.0,0.3129890453834116,0.5324813631522897,737,1317,0,300
0.0007903234,0.18564356435643564,1.0,0.31315240083507306,0.5326704545454545,738,1316,0,300
0.0007909552,0.18587360594795538,1.0,0.31347962382445144,0.5330490405117271,740,1314,0,300
0.0007911405,0.18587360594795538,1.0,0.31347962382445144,0.5330490405117271,740,1314,0,300
0.0007916926,0.1859888406695598,1.0,0.31364349189754315,0.5332385353714895,741,1313,0,300
0.0007922099,0.18610421836228289,1.0,0.3138075313807531,0.5334281650071124,742,1312,0,300
0.0007923881,0.186219739292365,1.0,0.3139717425431711,0.5336179295624333,743,1311,0,300
0.0007927888,0.18633540372670807,1.0,0.31413612565445026,0.5338078291814946,744,1310,0,300
0.0007945335,0.18645121193287756,1.0,0.3143006809848088,0.533997864008544,745,1309,0,300
0.0007952243,0.1865671641791045,1.0,0.31446540880503143,0.5341880341880342,746,1308,0,300
0.0007952634,0.18668326073428748,1.0,0.3146303093864709,0.5343783398646241,747,1307,0,300
0.0007952736,0.18679950186799502,1.0,0.3147953830010493,0.534568781183179,748,1306,0,300
0.0007962719,0.18691588785046728,1.0,0.31496062992125984,0.53475935828877,749,1305,0,300
0.0007969486,0.18703241895261846,1.0,0.31512605042016806,0.5349500713266762,750,1304,0,300
0.0007971154,0.18714909544603867,1.0,0.3152916447714136,0.5351409204423832,751,1303,0,300
0.0007971438,0.18726591760299627,1.0,0.31545741324921134,0.5353319057815846,752,1302,0,300
0.0007977035,0.18738288569643974,1.0,0.3156233561283535,0.5355230274901821,753,1301,0,300
0.0007979391,0.1875,1.0,0.3157894736842105,0.5357142857142857,754,1300,0,300
0.0007980863,0.18773466833541927,1.0,0.31612223393045313,0.536097212294496,756,1298,0,300
0.000799095,0.18785222291797118,1.0,0.316288877174486,0.5362888809438684,757,1297,0,300
0.0007992751,0.18796992481203006,1.0,0.31645569620253167,0.5364806866952789,758,1296,0,300
0.0007993475,0.18808777429467086,1.0,0.316622691292876,0.5366726296958856,759,1295,0,300
0.0008005572,0.18820577164366373,1.0,0.3167898627243928,0.5368647100930566,760,1294,0,300
0.000801141,0.18832391713747645,1.0,0.31695721077654515,0.5370569280343717,761,1293,0,300
0.0008013517,0.1884422110552764,1.0,0.3171247357293869,0.5372492836676218,762,1292,0,300
0.0008025469,0.18856065367693275,1.0,0.31729243786356426,0.5374417771408098,763,1291,0,300
0.0008045915,0.18879798615481436,1.0,0.31762837480148226,0.5378271782000718,765,1289,0,300
0.000805004,0.18879798615481436,1.0,0.31762837480148226,0.5378271782000718,765,1289,0,300
0.0008066457,0.1890359168241966,1.0,0.3179650238473768,0.5382131324004306,767,1287,0,300
0.0008072648,0.18915510718789408,1.0,0.3181336161187699,0.5384063173007897,768,1286,0,300
0.0008093537,0.1892744479495268,1.0,0.3183023872679045,0.5385996409335727,769,1285,0,300
0.0008102036,0.1892744479495268,1.0,0.3183023872679045,0.5385996409335727,769,1285,0,300
0.0008103959,0.18951358180669614,1.0,0.3186404673393521,0.5389867049946102,771,1283,0,300
0.0008111247,0.18951358180669614,1.0,0.3186404673393521,0.5389867049946102,771,1283,0,300
0.0008118474,0.18963337547408343,1.0,0.3188097768331562,0.5391804457225018,772,1282,0,300
0.0008122455,0.18975332068311196,1.0,0.3189792663476874,0.5393743257820928,773,1281,0,300
0.0008123106,0.18999366687777075,1.0,0.31931878658861096,0.5397625044980209,775,1279,0,300
0.000814165,0.18999366687777075,1.0,0.31931878658861096,0.5397625044980209,775,1279,0,300
0.0008145506,0.19011406844106463,1.0,0.3194888178913738,0.5399568034557235,776,1278,0,300
0.0008169101,0.19023462270133165,1.0,0.3196590303676079,0.5401512423478574,777,1277,0,300
0.0008174439,0.19035532994923857,1.0,0.31982942430703626,0.5403458213256485,778,1276,0,300
0.0008185636,0.19047619047619047,1.0,0.32,0.5405405405405406,779,1275,0,300
0.0008192788,0.1905972045743329,1.0,0.32017075773745995,0.5407354001441961,780,1274,0,300
0.0008195942,0.19071837253655435,1.0,0.3203416978109984,0.5409304002884963,781,1273,0,300
0.0008218893,0.19083969465648856,1.0,0.32051282051282054,0.5411255411255411,782,1272,0,300
0.0008225497,0.19096117122851686,1.0,0.32068412613575625,0.5413208228076507,783,1271,0,300
0.000823778,0.1910828025477707,1.0,0.32085561497326204,0.5415162454873647,784,1270,0,300
0.0008249568,0.19169329073482427,1.0,0.32171581769436997,0.5424954792043399,789,1265,0,300
0.0008260175,0.1918158567774936,1.0,0.3218884120171674,0.5426917510853835,790,1264,0,300
0.0008292998,0.19193857965451055,1.0,0.322061191626409,0.5428881650380022,791,1263,0,300
0.0008312684,0.19206145966709348,1.0,0.322234156820623,0.5430847212165099,792,1262,0,300
0.0008316086,0.19218449711723254,1.0,0.32240730789897903,0.5432814197754436,793,1261,0,300
0.0008318151,0.19243104554201412,1.0,0.32275416890801506,0.5436752446538602,795,1259,0,300
0.0008334189,0.1925545571245186,1.0,0.32292787944025836,0.5438723712835387,796,1258,0,300
0.0008339138,0.1925545571245186,1.0,0.32292787944025836,0.5438723712835387,796,1258,0,300
0.0008348933,0.1926782273603083,1.0,0.32310177705977383,0.544069640914037,797,1257,0,300
0.0008351217,0.19292604501607716,1.0,0.32345013477088946,0.5444646098003629,799,1255,0,300
0.0008359139,0.19292604501607716,1.0,0.32345013477088946,0.5444646098003629,799,1255,0,300
0.0008362266,0.1931745009658725,1.0,0.32379924446842956,0.5448601525608426,801,1253,0,300
0.000836655,0.1931745009658725,1.0,0.32379924446842956,0.5448601525608426,801,1253,0,300
0.0008370568,0.19329896907216496,1.0,0.32397408207343414,0.5450581395348838,802,1252,0,300
0.0008370656,0.1935483870967742,1.0,0.32432432432432434,0.5454545454545455,804,1250,0,300
0.0008380468,0.1935483870967742,1.0,0.32432432432432434,0.5454545454545455,804,1250,0,300
0.0008380648,0.19367333763718528,1.0,0.32449972958355866,0.5456529647144416,805,1249,0,300
0.0008389969,0.1937984496124031,1.0,0.3246753246753247,0.5458515283842795,806,1248,0,300
0.0008433713,0.19404915912031048,1.0,0.3250270855904659,0.5462490895848506,808,1246,0,300
0.0008442807,0.19404915912031048,1.0,0.3250270855904659,0.5462490895848506,808,1246,0,300
0.0008457058,0.1941747572815534,1.0,0.3252032520325203,0.5464480874316939,809,1245,0,300
0.0008458436,0.19430051813471502,1.0,0.32537960954446854,0.5466472303206997,810,1244,0,300
0.0008458504,0.19442644199611148,1.0,0.32555615843733043,0.5468465184104995,811,1243,0,300
0.0008460895,0.19455252918287938,1.0,0.3257328990228013,0.5470459518599563,812,1242,0,300
0.0008472165,0.1946787800129786,1.0,0.32590983161325365,0.547245530828165,813,1241,0,300
0.000847781,0.1949317738791423,1.0,0.3262642740619902,0.547645125958379,815,1239,0,300
0.0008490515,0.19505851755526657,1.0,0.3264417845484222,0.547845142439737,816,1238,0,300
0.0008497062,0.19505851755526657,1.0,0.3264417845484222,0.547845142439737,816,1238,0,300
0.0008501723,0.1951854261548471,1.0,0.326619488296135,0.5480453050785531,817,1237,0,300
0.0008508453,0.1953125,1.0,0.32679738562091504,0.5482456140350878,818,1236,0,300
0.0008508724,0.19543973941368079,1.0,0.32697547683923706,0.5484460694698355,819,1235,0,300
0.0008524232,0.19556714471968709,1.0,0.3271537622682661,0.548646671543526,820,1234,0,300
0.0008524338,0.19569471624266144,1.0,0.32733224222585927,0.548847420417124,821,1233,0,300
0.0008527413,0.195822454308094,1.0,0.32751091703056767,0.5490483162518301,822,1232,0,300
0.0008533334,0.1959503592423253,1.0,0.3276897870016384,0.5492493592090809,823,1231,0,300
0.0008536681,0.19607843137254902,1.0,0.32786885245901637,0.5494505494505495,824,1230,0,300
0.0008536885,0.1962066710268149,1.0,0.3280481137233461,0.5496518871381458,825,1229,0,300
0.0008537141,0.19633507853403143,1.0,0.3282275711159737,0.5498533724340177,826,1228,0,300
0.0008542829,0.19646365422396855,1.0,0.3284072249589491,0.5500550055005501,827,1227,0,300
0.0008549225,0.1965923984272608,1.0,0.32858707557502737,0.5502567865003668,828,1226,0,300
0.0008588466,0.19672131147540983,1.0,0.3287671232876712,0.5504587155963303,829,1225,0,300
0.0008591597,0.1968503937007874,1.0,0.32894736842105265,0.5506607929515419,830,1224,0,300
0.0008592067,0.1969796454366382,1.0,0.32912781130005486,0.5508630187293426,831,1223,0,300
0.000859975,0.19710906701708278,1.0,0.32930845225027444,0.5510653930933137,832,1222,0,300
0.0008608862,0.19723865877712032,1.0,0.32948929159802304,0.5512679162072768,833,1221,0,300
0.0008616237,0.19736842105263158,1.0,0.32967032967032966,0.5514705882352942,834,1220,0,300
0.0008617521,0.19749835418038184,1.0,0.32985156679494226,0.5516734093416698,835,1219,0,300
0.0008624109,0.1976284584980237,1.0,0.33003300330033003,0.5518763796909493,836,1218,0,300
0.0008663012,0.19775873434410018,1.0,0.3302146395156852,0.5520794994479205,837,1217,0,300
0.0008697738,0.19788918205804748,1.0,0.3303964757709251,0.5522827687776141,838,1216,0,300
0.0008738263,0.19815059445178335,1.0,0.33076074972436603,0.552689756816507,840,1214,0,300
0.000874546,0.19815059445178335,1.0,0.33076074972436603,0.552689756816507,840,1214,0,300
0.0008746944,0.1982815598149372,1.0,0.3309431880860452,0.5528934758569849,841,1213,0,300
0.0008765261,0.1985440105890139,1.0,0.3313086692435119,0.5533013648100332,843,1211,0,300
0.0008767249,0.1985440105890139,1.0,0.3313086692435119,0.5533013648100332,843,1211,0,300
0.0008769003,0.1986754966887417,1.0,0.3314917127071823,0.5535055350553505,844,1210,0,300
0.000878132,0.1989389920424403,1.0,0.33185840707964603,0.5539143279172821,846,1208,0,300
0.0008782713,0.1989389920424403,1.0,0.33185840707964603,0.5539143279172821,846,1208,0,300
0.0008786287,0.19907100199071,1.0,0.3320420586607637,0.5541189508681197,847,1207,0,300
0.0008794458,0.19933554817275748,1.0,0.33240997229916897,0.5545286506469501,849,1205,0,300
0.000880527,0.19946808510638298,1.0,0.3325942350332594,0.5547337278106509,850,1204,0,300
0.0008818707,0.19946808510638298,1.0,0.3325942350332594,0.5547337278106509,850,1204,0,300
0.0008819019,0.1996007984031936,1.0,0.33277870216306155,0.5549389567147613,851,1203,0,300
0.0008827922,0.19973368841544606,1.0,0.33296337402885684,0.5551443375277573,852,1202,0,300
0.0008832213,0.19986675549633579,1.0,0.3331482509716824,0.5553498704183636,853,1201,0,300
0.0008840022,0.2,1.0,0.3333333333333333,0.5555555555555556,854,1200,0,300
0.0008841669,0.200133422281521,1.0,0.33351862145636463,0.5557613931085588,855,1199,0,300
0.0008855513,0.20026702269692923,1.0,0.3337041156840934,0.5559673832468496,856,1198,0,300
0.0008857779,0.20040080160320642,1.0,0.333889816360601,0.5561735261401558,857,1197,0,300
0.0008858049,0.20053475935828877,1.0,0.33407572383073497,0.5563798219584569,858,1196,0,300
0.0008872573,0.20066889632107024,1.0,0.3342618384401114,0.5565862708719852,859,1195,0,300
0.0008872845,0.20093770931011387,1.0,0.33463469046291133,0.5569996286669141,861,1193,0,300
0.0008876717,0.20093770931011387,1.0,0.33463469046291133,0.5569996286669141,861,1193,0,300
0.0008876729,0.20107238605898123,1.0,0.33482142857142855,0.5572065378900446,862,1192,0,300
0.0008894281,0.2012072434607646,1.0,0.33500837520938026,0.5574136008918619,863,1191,0,300
0.0008910444,0.20134228187919462,1.0,0.33519553072625696,0.5576208178438661,864,1190,0,300
0.0008937534,0.20147750167897918,1.0,0.3353828954723309,0.5578281889178134,865,1189,0,300
0.0008939267,0.20161290322580644,1.0,0.33557046979865773,0.5580357142857143,866,1188,0,300
0.0008947874,0.20174848688634836,1.0,0.33575825405707893,0.5582433941198361,867,1187,0,300
0.0008949238,0.2018842530282638,1.0,0.335946248600224,0.5584512285927029,868,1186,0,300
0.0008951332,0.20202020202020202,1.0,0.33613445378151263,0.558659217877095,869,1185,0,300
0.0008955244,0.20215633423180593,1.0,0.336322869955157,0.5588673621460507,870,1184,0,300
0.0008960532,0.20242914979757085,1.0,0.3367003367003367,0.5592841163310962,872,1182,0,300
0.0008968705,0.20242914979757085,1.0,0.3367003367003367,0.5592841163310962,872,1182,0,300
0.0009009182,0.2025658338960162,1.0,0.3368893879842785,0.5594927265945543,873,1181,0,300
0.0009024011,0.20270270270270271,1.0,0.33707865168539325,0.5597014925373134,874,1180,0,300
0.0009030398,0.2029769959404601,1.0,0.3374578177727784,0.5601194921583271,876,1178,0,300
0.0009059181,0.2029769959404601,1.0,0.3374578177727784,0.5601194921583271,876,1178,0,300
0.0009074251,0.2031144211238998,1.0,0.3376477208778841,0.5603287261860292,877,1177,0,300
0.0009091132,0.2032520325203252,1.0,0.33783783783783783,0.5605381165919282,878,1176,0,300
0.0009093665,0.2033898305084746,1.0,0.3380281690140845,0.5607476635514018,879,1175,0,300
0.000909598,0.20366598778004075,1.0,0.338409475465313,0.5611672278338946,881,1173,0,300
0.0009104182,0.20380434782608695,1.0,0.33860045146726864,0.561377245508982,882,1172,0,300
0.0009105548,0.20380434782608695,1.0,0.33860045146726864,0.561377245508982,882,1172,0,300
0.0009106967,0.20394289598912305,1.0,0.33879164313946925,0.5615874204417821,883,1171,0,300
0.0009129733,0.20408163265306123,1.0,0.3389830508474576,0.5617977528089888,884,1170,0,300
0.0009133397,0.20435967302452315,1.0,0.3393665158371041,0.5622188905547225,886,1168,0,300
0.0009134833,0.20449897750511248,1.0,0.3395585738539898,0.562429696287964,887,1167,0,300
0.0009156517,0.20449897750511248,1.0,0.3395585738539898,0.562429696287964,887,1167,0,300
0.0009180488,0.20463847203274216,1.0,0.33975084937712347,0.5626406601650412,888,1166,0,300
0.0009194586,0.20477815699658702,1.0,0.33994334277620397,0.5628517823639775,889,1165,0,300
0.0009196579,0.20491803278688525,1.0,0.3401360544217687,0.5630630630630631,890,1164,0,300
0.0009199073,0.2050580997949419,1.0,0.3403289846851957,0.5632745024408562,891,1163,0,300
0.0009210786,0.2053388090349076,1.0,0.34071550255536626,0.5636978579481398,893,1161,0,300
0.0009222082,0.2053388090349076,1.0,0.34071550255536626,0.5636978579481398,893,1161,0,300
0.0009223677,0.2054794520547945,1.0,0.3409090909090909,0.5639097744360901,894,1160,0,300
0.0009237371,0.20562028786840303,1.0,0.34110289937464466,0.5641218503196691,895,1159,0,300
0.0009239722,0.2059025394646534,1.0,0.3414911781445646,0.5645464809936017,897,1157,0,300
0.0009251429,0.2059025394646534,1.0,0.3414911781445646,0.5645464809936017,897,1157,0,300
0.000926557,0.20604395604395603,1.0,0.3416856492027335,0.5647590361445782,898,1156,0,300
0.0009269482,0.2063273727647868,1.0,0.34207525655644244,0.5651846269781462,900,1154,0,300
0.0009296874,0.2063273727647868,1.0,0.34207525655644244,0.5651846269781462,900,1154,0,300
0.0009307053,0.20646937370956642,1.0,0.34227039361095263,0.5653976630229929,901,1153,0,300
0.0009313036,0.2066115702479339,1.0,0.3424657534246575,0.5656108597285069,902,1152,0,300
0.0009320781,0.2067539627842867,1.0,0.34266133637921187,0.5658242172764995,903,1151,0,300
0.0009322012,0.2070393374741201,1.0,0.34305317324185247,0.5662514156285391,905,1149,0,300
0.0009338818,0.2070393374741201,1.0,0.34305317324185247,0.5662514156285391,905,1149,0,300
0.0009338991,0.20718232044198895,1.0,0.34324942791762014,0.5664652567975832,906,1148,0,300
0.0009340816,0.2074688796680498,1.0,0.3436426116838488,0.5668934240362812,908,1146,0,300
0.0009343561,0.2074688796680498,1.0,0.3436426116838488,0.5668934240362812,908,1146,0,300
0.00093568,0.20761245674740483,1.0,0.3438395415472779,0.5671077504725898,909,1145,0,300
0.0009366638,0.2077562326869806,1.0,0.3440366972477064,0.5673222390317699,910,1144,0,300
0.0009388774,0.2079002079002079,1.0,0.3442340791738382,0.5675368898978433,911,1143,0,300
0.0009410855,0.20804438280166435,1.0,0.34443168771526983,0.5677517032551097,912,1142,0,300
0.0009417524,0.2081887578070784,1.0,0.3446295232624928,0.5679666792881485,913,1141,0,300
0.0009424544,0.20833333333333334,1.0,0.3448275862068966,0.5681818181818181,914,1140,0,300
0.0009457371,0.2086230876216968,1.0,0.34522439585730724,0.5686125852918877,916,1138,0,300
0.0009465633,0.2086230876216968,1.0,0.34522439585730724,0.5686125852918877,916,1138,0,300
0.0009467581,0.20876826722338204,1.0,0.3454231433506045,0.5688282138794085,917,1137,0,300
0.0009475649,0.20905923344947736,1.0,0.345821325648415,0.5692599620493359,919,1135,0,300
0.000947647,0.20920502092050208,1.0,0.3460207612456747,0.5694760820045558,920,1134,0,300
0.0009498843,0.209351011863224,1.0,0.3462204270051933,0.5696923661222939,921,1133,0,300
0.0009509129,0.20949720670391062,1.0,0.3464203233256351,0.5699088145896657,922,1132,0,300
0.0009519564,0.20964360587002095,1.0,0.3466204506065858,0.5701254275940707,923,1131,0,300
0.000955854,0.2099370188943317,1.0,0.3470213996529786,0.5705591479650057,925,1129,0,300
0.0009608842,0.2099370188943317,1.0,0.3470213996529786,0.5705591479650057,925,1129,0,300
0.0009609038,0.21008403361344538,1.0,0.3472222222222222,0.5707762557077626,926,1128,0,300
0.0009618588,0.2102312543798178,1.0,0.3474232773595831,0.5709935287400076,927,1127,0,300
0.0009628049,0.21037868162692847,1.0,0.34762456546929316,0.5712109672505712,928,1126,0,300
0.0009630715,0.21052631578947367,1.0,0.34782608695652173,0.5714285714285714,929,1125,0,300
0.0009639009,0.21067415730337077,1.0,0.3480278422273782,0.5716463414634145,930,1124,0,300
0.0009658355,0.2109704641350211,1.0,0.34843205574912894,0.5720823798627003,932,1122,0,300
0.0009684519,0.2109704641350211,1.0,0.34843205574912894,0.5720823798627003,932,1122,0,300
0.0009694956,0.2112676056338028,1.0,0.3488372093023256,0.5725190839694656,934,1120,0,300
0.0009698896,0.2112676056338028,1.0,0.3488372093023256,0.5725190839694656,934,1120,0,300
0.0009699857,0.21141649048625794,1.0,0.34904013961605584,0.572737686139748,935,1119,0,300
0.000970959,0.2117148906139732,1.0,0.34944670937682004,0.573175391669851,937,1117,0,300
0.0009716391,0.2117148906139732,1.0,0.34944670937682004,0.573175391669851,937,1117,0,300
0.0009747541,0.211864406779661,1.0,0.34965034965034963,0.5733944954128439,938,1116,0,300
0.0009748622,0.21201413427561838,1.0,0.3498542274052478,0.5736137667304015,939,1115,0,300
0.000976703,0.21216407355021216,1.0,0.3500583430571762,0.5738332058148431,940,1114,0,300
0.0009776568,0.21231422505307856,1.0,0.3502626970227671,0.574052812858783,941,1113,0,300
0.0009782815,0.21246458923512748,1.0,0.35046728971962615,0.5742725880551302,942,1112,0,300
0.000981163,0.21261516654854712,1.0,0.3506721215663355,0.5744925315970892,943,1111,0,300
0.0009862441,0.2127659574468085,1.0,0.3508771929824561,0.574712643678161,944,1110,0,300
0.0009900564,0.21291696238466998,1.0,0.3510825043885313,0.5749329244921426,945,1109,0,300
0.000991326,0.21306818181818182,1.0,0.351288056206089,0.5751533742331288,946,1108,0,300
0.000991649,0.21321961620469082,1.0,0.351493848857645,0.5753739930955121,947,1107,0,300
0.0009917516,0.21337126600284495,1.0,0.3516998827667057,0.5755947812739832,948,1106,0,300
0.0009923347,0.21352313167259787,1.0,0.3519061583577713,0.5758157389635318,949,1105,0,300
0.0009930402,0.21367521367521367,1.0,0.352112676056338,0.576036866359447,950,1104,0,300
0.00099305,0.21382751247327156,1.0,0.35231943628890194,0.5762581636573184,951,1103,0,300
0.0009934211,0.21398002853067047,1.0,0.3525264394829612,0.5764796310530361,952,1102,0,300
0.0009940478,0.21413276231263384,1.0,0.3527336860670194,0.5767012687427913,953,1101,0,300
0.0009942221,0.21428571428571427,1.0,0.35294117647058826,0.5769230769230769,954,1100,0,300
0.0009976769,0.21443888491779842,1.0,0.3531489111241907,0.5771450557906888,955,1099,0,300
0.0009982821,0.2145922746781116,1.0,0.35335689045936397,0.5773672055427251,956,1098,0,300
0.0009993588,0.2147458840372226,1.0,0.3535651149086623,0.5775895263765884,957,1097,0,300
0.0009996064,0.2148997134670487,1.0,0.35377358490566035,0.5778120184899845,958,1096,0,300
0.0009997545,0.21505376344086022,1.0,0.35398230088495575,0.5780346820809248,959,1095,0,300
0.0009998874,0.2152080344332855,1.0,0.3541912632821724,0.5782575173477256,960,1094,0,300
0.001001605,0.21536252692031588,1.0,0.3544004725339634,0.5784805244890089,961,1093,0,300
0.0010018364,0.21551724137931033,1.0,0.3546099290780142,0.5787037037037036,962,1092,0,300
0.0010026103,0.21567217828900073,1.0,0.35481963335304556,0.5789270551910458,963,1091,0,300
0.0010032003,0.2158273381294964,1.0,0.35502958579881655,0.5791505791505791,964,1090,0,300
0.0010034532,0.2159827213822894,1.0,0.3552397868561279,0.5793742757821553,965,1089,0,300
0.0010040227,0.21613832853025935,1.0,0.35545023696682465,0.579598145285935,966,1088,0,300
0.0010049868,0.21645021645021645,1.0,0.35587188612099646,0.580046403712297,968,1086,0,300
0.0010077999,0.21660649819494585,1.0,0.3560830860534125,0.5802707930367506,969,1085,0,300
0.0010103134,0.21676300578034682,1.0,0.35629453681710216,0.5804953560371517,970,1084,0,300
0.0010129831,0.21691973969631237,1.0,0.35650623885918004,0.5807200929152149,971,1083,0,300
0.001013332,0.2170767004341534,1.0,0.356718192627824,0.5809450038729667,972,1082,0,300
0.0010150388,0.2172338884866039,1.0,0.35693039857227843,0.5811700891127469,973,1081,0,300
0.00101551,0.21739130434782608,1.0,0.35714285714285715,0.5813953488372093,974,1080,0,300
0.0010158898,0.21754894851341552,1.0,0.357355568790947,0.5816207832493214,975,1079,0,300
0.0010182671,0.21770682148040638,1.0,0.3575685339690107,0.5818463925523661,976,1078,0,300
0.0010190299,0.2178649237472767,1.0,0.35778175313059035,0.5820721769499417,977,1077,0,300
0.0010205042,0.2180232558139535,1.0,0.35799522673031026,0.5822981366459627,978,1076,0,300
0.0010227078,0.21818181818181817,1.0,0.3582089552238806,0.5825242718446602,979,1075,0,300
0.0010247134,0.2183406113537118,1.0,0.35842293906810035,0.5827505827505828,980,1074,0,300
0.0010252998,0.21849963583394028,1.0,0.3586371787208607,0.582977069568597,981,1073,0,300
0.001026087,0.21865889212827988,1.0,0.3588516746411483,0.583203732503888,982,1072,0,300
0.0010282922,0.2188183807439825,1.0,0.3590664272890485,0.5834305717619602,983,1071,0,300
0.0010286983,0.21897810218978103,1.0,0.3592814371257485,0.5836575875486382,984,1070,0,300
0.0010292243,0.2191380569758948,1.0,0.35949670461354105,0.5838847800700662,985,1069,0,300
0.0010292473,0.21929824561403508,1.0,0.3597122302158273,0.5841121495327102,986,1068,0,300
0.0010299511,0.2194586686174104,1.0,0.3599280143971206,0.584339696143358,987,1067,0,300
0.0010307083,0.21961932650073207,1.0,0.36014405762304924,0.5845674201091192,988,1066,0,300
0.001031591,0.21978021978021978,1.0,0.36036036036036034,0.584795321637427,989,1065,0,300
0.001035441,0.21575846833578793,0.9766666666666667,0.353437876960193,0.5727130570758406,989,1065,7,293
0.0010360137,0.2159174649963154,0.9766666666666667,0.3536511768255884,0.5729370355885803,990,1064,7,293
0.0010367977,0.21607669616519173,0.9766666666666667,0.3538647342995169,0.5731611893583725,991,1063,7,293
0.0010390115,0.21623616236162363,0.9766666666666667,0.3540785498489426,0.573385518590998,992,1062,7,293
0.0010400183,0.21639586410635156,0.9766666666666667,0.3542926239419589,0.5736100234925607,993,1061,7,293
0.00104049,0.21655580192165558,0.9766666666666667,0.3545069570477919,0.5738347042694869,994,1060,7,293
0.0010415269,0.21671597633136094,0.9766666666666667,0.35472154963680386,0.5740595611285266,995,1059,7,293
0.0010420018,0.21687638786084382,0.9766666666666667,0.35493640218049666,0.5742845942767543,996,1058,7,293
0.0010424238,0.21703703703703703,0.9766666666666667,0.35515151515151516,0.5745098039215686,997,1057,7,293
0.0010426397,0.21719792438843588,0.9766666666666667,0.3553668890236507,0.5747351902706944,998,1056,7,293
0.0010468818,0.21735905044510387,0.9766666666666667,0.35558252427184467,0.5749607535321821,999,1055,7,293
0.0010472145,0.21752041573867856,0.9766666666666667,0.35579842137219186,0.5751864939144092,1000,1054,7,293
0.0010478576,0.21768202080237742,0.9766666666666667,0.3560145808019441,0.5754124116260803,1001,1053,7,293
0.0010482391,0.2178438661710037,0.9766666666666667,0.35623100303951366,0.5756385068762279,1002,1052,7,293
0.0010487166,0.21800595238095238,0.9766666666666667,0.3564476885644769,0.5758647798742138,1003,1051,7,293
0.0010496491,0.21816827997021593,0.9766666666666667,0.3566646378575776,0.5760912308297286,1004,1050,7,293
0.0010505494,0.21833084947839046,0.9766666666666667,0.3568818514007308,0.5763178599527932,1005,1049,7,293
0.0010509413,0.2184936614466816,0.9766666666666667,0.3570993296770262,0.5765446674537583,1006,1048,7,293
0.0010515623,0.21865671641791046,0.9766666666666667,0.3573170731707317,0.5767716535433072,1007,1047,7,293
0.0010517356,0.21882001493651979,0.9766666666666667,0.35753508236729714,0.5769988184324537,1008,1046,7,293
0.0010523038,0.21898355754857998,0.9766666666666667,0.35775335775335776,0.5772261623325453,1009,1045,7,293
0.0010525099,0.21914734480179507,0.9766666666666667,0.35797189981673794,0.5774536854552621,1010,1044,7,293
0.0010527691,0.21931137724550898,0.9766666666666667,0.3581907090464548,0.5776813880126183,1011,1043,7,293
0.0010530695,0.2194756554307116,0.9766666666666667,0.3584097859327217,0.5779092702169626,1012,1042,7,293
0.0010532832,0.21964017991004497,0.9766666666666667,0.35862913096695226,0.5781373322809786,1013,1041,7,293
0.0010544906,0.21980495123780946,0.9766666666666667,0.35884874464176364,0.5783655744176865,1014,1040,7,293
0.0010551136,0.21996996996996998,0.9766666666666667,0.3590686274509804,0.5785939968404423,1015,1039,7,293
0.0010551668,0.2201352366641623,0.9766666666666667,0.35928877988963825,0.5788225997629395,1016,1038,7,293
0.0010556846,0.22030075187969925,0.9766666666666667,0.3595092024539877,0.5790513833992094,1017,1037,7,293
0.0010573862,0.22046651617757712,0.9766666666666667,0.3597298956414979,0.579280347963622,1018,1036,7,293
0.0010578093,0.22063253012048192,0.9766666666666667,0.35995085995085996,0.5795094936708861,1019,1035,7,293
0.0010587787,0.22079879427279578,0.9766666666666667,0.3601720958819914,0.5797388207360505,1020,1034,7,293
0.0010596325,0.2209653092006033,0.9766666666666667,0.36039360393603936,0.5799683293745053,1021,1033,7,293
0.0010602125,0.2211320754716981,0.9766666666666667,0.3606153846153846,0.5801980198019803,1022,1032,7,293
0.0010608495,0.2212990936555891,0.9766666666666667,0.3608374384236453,0.5804278922345484,1023,1031,7,293
0.0010620585,0.2214663643235072,0.9766666666666667,0.36105976586568084,0.5806579468886247,1024,1030,7,293
0.0010630586,0.2216338880484115,0.9766666666666667,0.36128236744759556,0.5808881839809674,1025,1029,7,293
0.0010652874,0.2218016654049962,0.9766666666666667,0.36150524367674275,0.5811186037286792,1026,1028,7,293
0.0010663022,0.22196969696969698,0.9766666666666667,0.3617283950617284,0.5813492063492064,1027,1027,7,293
0.0010663784,0.2221379833206975,0.9766666666666667,0.36195182211241506,0.5815799920603414,1028,1026,7,293
0.0010667584,0.22230652503793627,0.9766666666666667,0.3621755253399258,0.5818109610802223,1029,1025,7,293
0.0010686595,0.22247532270311313,0.9766666666666667,0.3623995052566481,0.5820421136273342,1030,1024,7,293
0.0010687271,0.22264437689969604,0.9766666666666667,0.3626237623762376,0.5822734499205088,1031,1023,7,293
0.0010689471,0.22281368821292777,0.9766666666666667,0.3628482972136223,0.5825049701789266,1032,1022,7,293
0.0010696012,0.22298325722983256,0.9766666666666667,0.3630731102850062,0.5827366746221161,1033,1021,7,293
0.0010700505,0.22315308453922314,0.9766666666666667,0.3632982021078735,0.5829685634699563,1034,1020,7,293
0.0010731723,0.22332317073170732,0.9766666666666667,0.36352357320099254,0.5832006369426751,1035,1019,7,293
0.001075451,0.2234935163996949,0.9766666666666667,0.3637492240844196,0.5834328952608523,1036,1018,7,293
0.0010765468,0.22366412213740458,0.9766666666666667,0.3639751552795031,0.5836653386454184,1037,1017,7,293
0.001076969,0.2238349885408709,0.9766666666666667,0.3642013673088875,0.5838979673176564,1038,1016,7,293
0.001078935,0.22400611620795108,0.9766666666666667,0.3644278606965174,0.5841307814992025,1039,1015,7,293
0.0010793678,0.22417750573833206,0.9766666666666667,0.3646546359676416,0.5843637814120464,1040,1014,7,293
0.0010799854,0.22434915773353753,0.9766666666666667,0.36488169364881695,0.5845969672785315,1041,1013,7,293
0.001081589,0.22452107279693487,0.9766666666666667,0.36510903426791275,0.5848303393213572,1042,1012,7,293
0.0010822378,0.22469325153374234,0.9766666666666667,0.3653366583541147,0.5850638977635783,1043,1011,7,293
0.0010831909,0.22486569455103608,0.9766666666666667,0.3655645664379289,0.5852976428286056,1044,1010,7,293
0.0010835335,0.2259059367771781,0.9766666666666667,0.36693800876643706,0.5867040448538247,1050,1004,7,293
0.0010880029,0.22608024691358025,0.9766666666666667,0.36716791979949875,0.5869391025641025,1051,1003,7,293
0.0010889927,0.22625482625482626,0.9766666666666667,0.36739811912225706,0.5871743486973947,1052,1002,7,293
0.0010920173,0.22642967542503864,0.9766666666666667,0.36762860727728985,0.5874097834803529,1053,1001,7,293
0.0010927208,0.2266047950502707,0.9766666666666667,0.36785938480853736,0.5876454071399919,1054,1000,7,293
0.0010941207,0.22678018575851394,0.9766666666666667,0.36809045226130654,0.5878812199036918,1055,999,7,293
0.0010941629,0.22695584817970565,0.9766666666666667,0.3683218101822753,0.588117221999197,1056,998,7,293
0.0010948302,0.22713178294573644,0.9766666666666667,0.36855345911949683,0.5883534136546186,1057,997,7,293
0.0010995504,0.2273079906904577,0.9766666666666667,0.36878539962240403,0.5885897950984332,1058,996,7,293
0.0011004972,0.22748447204968944,0.9766666666666667,0.3690176322418136,0.5888263665594855,1059,995,7,293
0.0011006717,0.22766122766122765,0.9766666666666667,0.3692501575299307,0.5890631282669883,1060,994,7,293
0.0011037277,0.22783825816485226,0.9766666666666667,0.3694829760403531,0.5893000804505231,1061,993,7,293
0.001104344,0.22801556420233463,0.9766666666666667,0.36971608832807573,0.5895372233400402,1062,992,7,293
0.0011047755,0.2283710054559626,0.9766666666666667,0.37018319646241316,0.5900120821586791,1064,990,7,293
0.0011069541,0.22854914196567863,0.9766666666666667,0.37041719342604296,0.5902497985495567,1065,989,7,293
0.0011072853,0.22872755659640906,0.9766666666666667,0.37065148640101203,0.5904877065699314,1066,988,7,293
0.0011078127,0.22890625,0.9766666666666667,0.37088607594936707,0.590725806451613,1067,987,7,293
0.0011085639,0.2290852228303362,0.9766666666666667,0.37112096263457883,0.590964098426785,1068,986,7,293
0.0011093318,0.229264475743349,0.9766666666666667,0.37135614702154623,0.5912025827280065,1069,985,7,293
0.0011105563,0.22980392156862745,0.9766666666666667,0.37206349206349204,0.5919191919191918,1072,982,7,293
0.00111088,0.22998430141287285,0.9766666666666667,0.37229987293519695,0.5921584478577204,1073,981,7,293
0.001114967,0.23016496465043204,0.9766666666666667,0.37253655435473615,0.59239789729074,1074,980,7,293
0.001116857,0.23034591194968554,0.9766666666666667,0.3727735368956743,0.5926375404530744,1075,979,7,293
0.0011170683,0.23052714398111723,0.9766666666666667,0.3730108211330363,0.5928773775799271,1076,978,7,293
0.0011172466,0.23070866141732282,0.9766666666666667,0.3732484076433121,0.5931174089068826,1077,977,7,293
0.0011173243,0.23089046493301812,0.9766666666666667,0.37348629700446145,0.5933576346699069,1078,976,7,293
0.0011191474,0.23107255520504733,0.9766666666666667,0.3737244897959184,0.5935980551053485,1079,975,7,293
0.0011219484,0.23143759873617695,0.9766666666666667,0.37420178799489145,0.5940794809407948,1081,973,7,293
0.0011252188,0.2316205533596838,0.9766666666666667,0.3744408945686901,0.5943204868154159,1082,972,7,293
0.0011265503,0.23180379746835442,0.9766666666666667,0.37468030690537085,0.5945616883116882,1083,971,7,293
0.0011281569,0.23198733174980204,0.9766666666666667,0.37492002559181065,0.5948030856678848,1084,970,7,293
0.001128917,0.23217115689381934,0.9766666666666667,0.37516005121638923,0.5950446791226646,1085,969,7,293
0.001129218,0.232355273592387,0.9766666666666667,0.37540038436899426,0.5952864689150752,1086,968,7,293
0.001129641,0.23253968253968255,0.9766666666666667,0.37564102564102564,0.5955284552845529,1087,967,7,293
0.001132055,0.23272438443208895,0.9766666666666667,0.3758819756254009,0.5957706384709232,1088,966,7,293
0.0011333935,0.2329093799682035,0.9766666666666667,0.3761232349165597,0.5960130187144019,1089,965,7,293
0.0011340783,0.23309466984884647,0.9766666666666667,0.37636480411046885,0.5962555962555963,1090,964,7,293
0.0011348116,0.23328025477707007,0.9766666666666667,0.37660668380462725,0.596498371335505,1091,963,7,293
0.0011352634,0.23346613545816733,0.9766666666666667,0.37684887459807076,0.5967413441955194,1092,962,7,293
0.0011355532,0.23365231259968103,0.9766666666666667,0.3770913770913771,0.5969845150774247,1093,961,7,293
0.0011362946,0.2338387869114126,0.9766666666666667,0.37733419188667094,0.5972278842233999,1094,960,7,293
0.0011363594,0.2340255591054313,0.9766666666666667,0.37757731958762886,0.5974714518760196,1095,959,7,293
0.0011369977,0.23421262989608313,0.9766666666666667,0.3778207607994842,0.5977152182782537,1096,958,7,293
0.0011377562,0.2344,0.9766666666666667,0.37806451612903225,0.5979591836734693,1097,957,7,293
0.0011394069,0.2345876701361089,0.9766666666666667,0.37830858618463525,0.5982033483054308,1098,956,7,293
0.0011397891,0.23477564102564102,0.9766666666666667,0.3785529715762274,0.5984477124183006,1099,955,7,293
0.0011429568,0.23496391339214115,0.9766666666666667,0.37879767291531996,0.5986922762566408,1100,954,7,293
0.0011440193,0.23515248796147672,0.9766666666666667,0.37904269081500647,0.5989370400654129,1101,953,7,293
0.0011457169,0.2353413654618474,0.9766666666666667,0.37928802588996763,0.5991820040899795,1102,952,7,293
0.0011466258,0.23553054662379422,0.9766666666666667,0.3795336787564767,0.5994271685761048,1103,951,7,293
0.0011499379,0.23572003218020918,0.9766666666666667,0.3797796500324044,0.599672533769955,1104,950,7,293
0.0011501664,0.2359098228663446,0.9766666666666667,0.38002594033722437,0.5999180999180999,1105,949,7,293
0.0011512515,0.23609991941982272,0.9766666666666667,0.3802725502920182,0.6001638672675134,1106,948,7,293
0.0011545318,0.23629032258064517,0.9766666666666667,0.38051948051948054,0.6004098360655737,1107,947,7,293
0.0011548839,0.23648103309120258,0.9766666666666667,0.3807667316439246,0.6006560065600656,1108,946,7,293
0.0011564129,0.23667205169628433,0.9766666666666667,0.3810143042912874,0.6009023789991796,1109,945,7,293
0.0011576198,0.2368633791430881,0.9766666666666667,0.38126219908913467,0.6011489536315142,1110,944,7,293
0.0011585073,0.23705501618122976,0.9766666666666667,0.3815104166666667,0.6013957307060754,1111,943,7,293
0.0011589836,0.23724696356275304,0.9766666666666667,0.3817589576547231,0.6016427104722792,1112,942,7,293
0.0011602936,0.23743922204213938,0.9766666666666667,0.3820078226857888,0.6018898931799507,1113,941,7,293
0.0011614055,0.23763179237631793,0.9766666666666667,0.3822570123939987,0.6021372790793259,1114,940,7,293
0.0011617441,0.23782467532467533,0.9766666666666667,0.3825065274151436,0.6023848684210527,1115,939,7,293
0.0011637184,0.2380178716490658,0.9766666666666667,0.38275636838667537,0.6026326614561908,1116,938,7,293
0.001163909,0.23821138211382115,0.9766666666666667,0.38300653594771245,0.602880658436214,1117,937,7,293
0.0011645172,0.23840520748576077,0.9766666666666667,0.3832570307390451,0.6031288596130095,1118,936,7,293
0.0011678343,0.23859934853420195,0.9766666666666667,0.38350785340314136,0.6033772652388798,1119,935,7,293
0.0011679872,0.23879380603096984,0.9766666666666667,0.3837590045841519,0.603625875566543,1120,934,7,293
0.0011699554,0.23898858075040783,0.9766666666666667,0.3840104849279161,0.6038746908491344,1121,933,7,293
0.0011707268,0.23918367346938776,0.9766666666666667,0.3842622950819672,0.6041237113402063,1122,932,7,293
0.0011712762,0.23937908496732027,0.9766666666666667,0.38451443569553806,0.6043729372937293,1123,931,7,293
0.0011733549,0.23957481602616518,0.9766666666666667,0.38476690741956665,0.604622368964094,1124,930,7,293
0.001173834,0.2397708674304419,0.9766666666666667,0.38501971090670173,0.6048720066061106,1125,929,7,293
0.0011775027,0.23996723996723995,0.9766666666666667,0.38527284681130836,0.6051218504750103,1126,928,7,293
0.0011778219,0.24016393442622952,0.9766666666666667,0.38552631578947366,0.6053719008264463,1127,927,7,293
0.001178791,0.24036095159967186,0.9766666666666667,0.3857801184990125,0.6056221579164944,1128,926,7,293
0.0011807093,0.24055829228243022,0.9766666666666667,0.38603425559947296,0.6058726220016543,1129,925,7,293
0.0011809483,0.2407559572719803,0.9766666666666667,0.3862887277521424,0.6061232933388498,1130,924,7,293
0.0011818289,0.24095394736842105,0.9766666666666667,0.3865435356200528,0.6063741721854305,1131,923,7,293
0.0011822422,0.2411522633744856,0.9766666666666667,0.38679867986798677,0.6066252587991718,1132,922,7,293
0.0011829328,0.2413509060955519,0.9766666666666667,0.3870541611624835,0.6068765534382768,1133,921,7,293
0.0011838891,0.24154987633965375,0.9766666666666667,0.38730998017184404,0.6071280563613759,1134,920,7,293
0.0011840318,0.24174917491749176,0.9766666666666667,0.38756613756613756,0.607379767827529,1135,919,7,293
0.0011844662,0.24194880264244426,0.9766666666666667,0.3878226340172071,0.6076316880962256,1136,918,7,293
0.0011847866,0.2421487603305785,0.9766666666666667,0.3880794701986755,0.6078838174273858,1137,917,7,293
0.0011864733,0.24234904880066171,0.9766666666666667,0.388336646785951,0.6081361560813615,1138,916,7,293
0.0011870781,0.24254966887417218,0.9766666666666667,0.3885941644562334,0.608388704318937,1139,915,7,293
0.0011887618,0.2427506213753107,0.9766666666666667,0.38885202388852025,0.6086414624013294,1140,914,7,293
0.0011899633,0.2429519071310116,0.9766666666666667,0.3891102257636122,0.6088944305901912,1141,913,7,293
0.0011911767,0.24315352697095435,0.9766666666666667,0.3893687707641196,0.6091476091476091,1142,912,7,293
0.0011943192,0.24335548172757476,0.9766666666666667,0.3896276595744681,0.6094009983361064,1143,911,7,293
0.0011987169,0.24355777223607647,0.9766666666666667,0.38988689288090483,0.6096545984186433,1144,910,7,293
0.0011992977,0.2437603993344426,0.9766666666666667,0.39014647137150466,0.6099084096586179,1145,909,7,293
0.0012016143,0.24396336386344714,0.9766666666666667,0.39040639573617586,0.6101624323198667,1146,908,7,293
0.0012017328,0.24416666666666667,0.9766666666666667,0.39066666666666666,0.6104166666666667,1147,907,7,293
0.0012041585,0.24437030859049208,0.9766666666666667,0.390927284856571,0.6106711129637348,1148,906,7,293
0.0012054623,0.24457429048414023,0.9766666666666667,0.39118825100133514,0.6109257714762302,1149,905,7,293
0.0012059675,0.24477861319966582,0.9766666666666667,0.3914495657982632,0.6111806424697539,1150,904,7,293
0.0012091335,0.24498327759197325,0.9766666666666667,0.3917112299465241,0.6114357262103507,1151,903,7,293
0.0012093132,0.24518828451882846,0.9766666666666667,0.3919732441471572,0.6116910229645095,1152,902,7,293
0.0012125341,0.245393634840871,0.9766666666666667,0.392235609103079,0.6119465329991646,1153,901,7,293
0.0012126496,0.24559932942162616,0.9766666666666667,0.3924983255190891,0.6122022565816966,1154,900,7,293
0.0012131106,0.24580536912751677,0.9766666666666667,0.39276139410187666,0.6124581939799332,1155,899,7,293
0.0012215624,0.24601175482787574,0.9766666666666667,0.39302481556002683,0.6127143454621498,1156,898,7,293
0.0012224703,0.246218487394958,0.9766666666666667,0.3932885906040268,0.6129707112970711,1157,897,7,293
0.001222854,0.2464255677039529,0.9766666666666667,0.39355271994627267,0.6132272917538719,1158,896,7,293
0.0012242916,0.24663299663299662,0.9766666666666667,0.39381720430107525,0.6134840871021775,1159,895,7,293
0.0012245366,0.2468407750631845,0.9766666666666667,0.3940820443846671,0.6137410976120654,1160,894,7,293
0.0012288077,0.24704890387858347,0.9766666666666667,0.3943472409152086,0.6139983235540655,1161,893,7,293
0.001231071,0.24725738396624472,0.9766666666666667,0.39461279461279464,0.6142557651991614,1162,892,7,293
0.0012312422,0.24746621621621623,0.9766666666666667,0.3948787061994609,0.614513422818792,1163,891,7,293
0.0012336546,0.24767540152155537,0.9766666666666667,0.39514497639919083,0.6147712966848511,1164,890,7,293
0.0012377388,0.2478849407783418,0.9766666666666667,0.39541160593792174,0.6150293870696893,1165,889,7,293
0.0012400604,0.2480948348856901,0.9766666666666667,0.39567859554355167,0.6152876942461151,1166,888,7,293
0.001244058,0.2483050847457627,0.9766666666666667,0.39594594594594595,0.615546218487395,1167,887,7,293
0.0012442553,0.24851569126378287,0.9766666666666667,0.3962136578769439,0.6158049600672552,1168,886,7,293
0.0012448392,0.24872665534804753,0.9766666666666667,0.39648173207036536,0.6160639192598822,1169,885,7,293
0.0012456189,0.24893797790994052,0.9766666666666667,0.3967501692620176,0.6163230963399242,1170,884,7,293
0.001246115,0.24914965986394558,0.9766666666666667,0.3970189701897019,0.6165824915824916,1171,883,7,293
0.0012469194,0.24936170212765957,0.9766666666666667,0.39728813559322035,0.6168421052631579,1172,882,7,293
0.0012517364,0.2495741056218058,0.9766666666666667,0.39755766621438265,0.6171019376579612,1173,881,7,293
0.0012535804,0.24978687127024723,0.9766666666666667,0.3978275627970129,0.6173619890434051,1174,880,7,293
0.0012539846,0.25,0.9766666666666667,0.39809782608695654,0.6176222596964588,1175,879,7,293
0.0012561136,0.2502134927412468,0.9766666666666667,0.398368456832087,0.6178827498945594,1176,878,7,293
0.0012564115,0.2504273504273504,0.9766666666666667,0.3986394557823129,0.6181434599156119,1177,877,7,293
0.0012565198,0.2506415739948674,0.9766666666666667,0.39891082368958475,0.6184043900379909,1178,876,7,293
0.0012607349,0.2508561643835616,0.9766666666666667,0.3991825613079019,0.6186655405405406,1179,875,7,293
0.0012609643,0.25107112253641817,0.9766666666666667,0.3994546693933197,0.6189269117025771,1180,874,7,293
0.0012634221,0.25128644939965694,0.9766666666666667,0.39972714870395637,0.6191885038038885,1181,873,7,293
0.001264384,0.2515021459227468,0.9766666666666667,0.4,0.6194503171247356,1182,872,7,293
0.00126449,0.25171821305841924,0.9766666666666667,0.40027322404371585,0.6197123519458546,1183,871,7,293
0.0012658444,0.2519346517626827,0.9766666666666667,0.40054682159945315,0.6199746085484554,1184,870,7,293
0.0012707199,0.2521514629948365,0.9766666666666667,0.4008207934336525,0.6202370872142252,1185,869,7,293
0.0012708458,0.2523686477174849,0.9766666666666667,0.4010951403148528,0.6204997882253283,1186,868,7,293
0.0012711636,0.2525862068965517,0.9766666666666667,0.40136986301369865,0.6207627118644067,1187,867,7,293
0.0012742971,0.2528041415012942,0.9766666666666667,0.4016449623029472,0.6210258584145824,1188,866,7,293
0.0012780008,0.25302245250431776,0.9766666666666667,0.401920438957476,0.6212892281594571,1189,865,7,293
0.0012780306,0.25324114088159033,0.9766666666666667,0.4021962937542896,0.6215528213831143,1190,864,7,293
0.0012799992,0.25346020761245674,0.9766666666666667,0.4024725274725275,0.6218166383701189,1191,863,7,293
0.001282055,0.25367965367965367,0.9766666666666667,0.4027491408934708,0.6220806794055201,1192,862,7,293
0.0012825704,0.2538994800693241,0.9766666666666667,0.4030261348005502,0.6223449447748514,1193,861,7,293
0.0012827476,0.2541196877710321,0.9766666666666667,0.40330350997935305,0.622609434764131,1194,860,7,293
0.001287706,0.2543402777777778,0.9766666666666667,0.4035812672176309,0.6228741496598639,1195,859,7,293
0.0012877518,0.2545612510860122,0.9766666666666667,0.4038594073053067,0.623139089749043,1196,858,7,293
0.0012926131,0.25478260869565217,0.9766666666666667,0.40413793103448276,0.623404255319149,1197,857,7,293
0.0012938405,0.2550043516100957,0.9766666666666667,0.4044168391994479,0.6236696466581525,1198,856,7,293
0.0012942923,0.25522648083623695,0.9766666666666667,0.4046961325966851,0.6239352640545145,1199,855,7,293
0.001295129,0.25544899738448124,0.9766666666666667,0.40497581202487903,0.6242011077971878,1200,854,7,293
0.0012964068,0.2556719022687609,0.9766666666666667,0.40525587828492393,0.6244671781756181,1201,853,7,293
0.0012965674,0.25589519650655024,0.9766666666666667,0.4055363321799308,0.6247334754797442,1202,852,7,293
0.0012985695,0.2561188811188811,0.9766666666666667,0.40581717451523547,0.6249999999999999,1203,851,7,293
0.001299162,0.2563429571303587,0.9766666666666667,0.4060984060984061,0.6252667520273154,1204,850,7,293
0.0012997115,0.2565674255691769,0.9766666666666667,0.406380027739251,0.625533731853117,1205,849,7,293
0.0013000804,0.2567922874671341,0.9766666666666667,0.4066620402498265,0.6258009397693294,1206,848,7,293
0.001300761,0.25701754385964914,0.9766666666666667,0.40694444444444444,0.6260683760683762,1207,847,7,293
0.0013013738,0.257243195785777,0.9766666666666667,0.40722724113968034,0.6263360410431807,1208,846,7,293
0.0013017848,0.25746924428822493,0.9766666666666667,0.40751043115438107,0.6266039349871685,1209,845,7,293
0.0013034386,0.25769569041336854,0.9766666666666667,0.4077940153096729,0.6268720581942662,1210,844,7,293
0.0013071077,0.2579225352112676,0.9766666666666667,0.40807799442896936,0.627140410958904,1211,843,7,293
0.0013074346,0.2581497797356828,0.9766666666666667,0.4083623693379791,0.6274089935760171,1212,842,7,293
0.0013074696,0.2583774250440917,0.9766666666666667,0.4086471408647141,0.6276778063410454,1213,841,7,293
0.0013080431,0.2586054721977052,0.9766666666666667,0.4089323098394976,0.6279468495499356,1214,840,7,293
0.0013092358,0.2588339222614841,0.9766666666666667,0.4092178770949721,0.6282161234991425,1215,839,7,293
0.0013117972,0.25906277630415564,0.9766666666666667,0.40950384346610763,0.6284856284856286,1216,838,7,293
0.0013118908,0.2592920353982301,0.9766666666666667,0.4097902097902098,0.6287553648068669,1217,837,7,293
0.0013134086,0.2595217006200177,0.9766666666666667,0.4100769769069279,0.6290253327608415,1218,836,7,293
0.0013152994,0.25975177304964536,0.9766666666666667,0.4103641456582633,0.6292955326460481,1219,835,7,293
0.0013170883,0.25998225377107365,0.9766666666666667,0.41065171688857743,0.6295659647614955,1220,834,7,293
0.0013174671,0.2602131438721137,0.9766666666666667,0.4109396914446003,0.6298366294067068,1221,833,7,293
0.0013178235,0.2604444444444444,0.9766666666666667,0.4112280701754386,0.6301075268817204,1222,832,7,293
0.0013184783,0.2606761565836299,0.9766666666666667,0.41151685393258425,0.6303786574870912,1223,831,7,293
0.0013204626,0.26090828138913624,0.9766666666666667,0.4118060435699227,0.6306500215238915,1224,830,7,293
0.0013208688,0.2611408199643494,0.9766666666666667,0.4120956399437412,0.6309216192937124,1225,829,7,293
0.0013213577,0.26137377341659235,0.9766666666666667,0.4123856439127375,0.6311934510986644,1226,828,7,293
0.001323003,0.26184092940125114,0.9766666666666667,0.41296687808315713,0.6317378180250108,1228,826,7,293
0.0013257507,0.2620751341681574,0.9766666666666667,0.4132581100141044,0.6320103537532356,1229,825,7,293
0.0013264662,0.26230975828111014,0.9766666666666667,0.4135497529992943,0.6322831247302546,1230,824,7,293
0.0013296626,0.2625448028673835,0.9766666666666667,0.4138418079096045,0.6325561312607945,1231,823,7,293
0.0013309784,0.262780269058296,0.9766666666666667,0.41413427561837457,0.632829373650108,1232,822,7,293
0.0013329402,0.263016157989228,0.9766666666666667,0.4144271570014144,0.6331028522039759,1233,821,7,293
0.001339771,0.2632524707996406,0.9766666666666667,0.41472045293701343,0.6333765672287073,1234,820,7,293
0.0013403333,0.26348920863309355,0.9766666666666667,0.415014164305949,0.633650519031142,1235,819,7,293
0.0013404691,0.26372637263726373,0.9766666666666667,0.4153082919914954,0.63392470791865,1236,818,7,293
0.0013410386,0.263963963963964,0.9766666666666667,0.4156028368794326,0.6341991341991341,1237,817,7,293
0.0013430939,0.26420198376916143,0.9766666666666667,0.41589779985805536,0.6344737981810308,1238,816,7,293
0.0013481382,0.2644404332129964,0.9766666666666667,0.4161931818181818,0.6347487001733102,1239,815,7,293
0.0013494021,0.2646793134598013,0.9766666666666667,0.4164889836531628,0.635023840485479,1240,814,7,293
0.0013496194,0.26491862567811936,0.9766666666666667,0.4167852062588905,0.6352992194275802,1241,813,7,293
0.001351018,0.2653985507246377,0.9766666666666667,0.41737891737891736,0.6358506944444444,1243,811,7,293
0.001352434,0.2656391659111514,0.9766666666666667,0.41767640769779046,0.6361267911419887,1244,810,7,293
0.0013532386,0.2658802177858439,0.9766666666666667,0.41797432239657634,0.6364031277150304,1245,809,7,293
0.0013552777,0.26612170753860126,0.9766666666666667,0.4182726623840114,0.6366797044763146,1246,808,7,293
0.0013555662,0.26636363636363636,0.9766666666666667,0.4185714285714286,0.6369565217391304,1247,807,7,293
0.0013579665,0.26660600545950863,0.9766666666666667,0.41887062187276625,0.637233579817312,1248,806,7,293
0.001360334,0.2668488160291439,0.9766666666666667,0.41917024320457796,0.6375108790252393,1249,805,7,293
0.0013604104,0.2670920692798541,0.9766666666666667,0.41947029348604153,0.6377884196778406,1250,804,7,293
0.0013637267,0.26733576642335766,0.9766666666666667,0.4197707736389685,0.6380662020905924,1251,803,7,293
0.0013647524,0.26757990867579906,0.9766666666666667,0.42007168458781363,0.6383442265795206,1252,802,7,293
0.001365608,0.26782449725776963,0.9766666666666667,0.42037302725968434,0.6386224934612031,1253,801,7,293
0.0013677953,0.26806953339432754,0.9766666666666667,0.4206748025843503,0.6389010030527693,1254,800,7,293
0.001373853,0.2683150183150183,0.9766666666666667,0.4209770114942529,0.6391797556719022,1255,799,7,293
0.0013756386,0.2685609532538955,0.9766666666666667,0.42127965492451475,0.6394587516368399,1256,798,7,293
0.0013837432,0.26880733944954127,0.9766666666666667,0.42158273381294964,0.6397379912663754,1257,797,7,293
0.001384026,0.26905417814508725,0.9766666666666667,0.421886249100072,0.6400174748798603,1258,796,7,293
0.0013852629,0.2693014705882353,0.9766666666666667,0.42219020172910665,0.6402972027972028,1259,795,7,293
0.001387477,0.26954921803127874,0.9766666666666667,0.42249459264599853,0.6405771753388719,1260,794,7,293
0.0013885623,0.26979742173112337,0.9766666666666667,0.4227994227994228,0.6408573928258967,1261,793,7,293
0.0013904202,0.27004608294930876,0.9766666666666667,0.42310469314079424,0.6411378555798688,1262,792,7,293
0.0013907254,0.2702952029520295,0.9766666666666667,0.4234104046242775,0.6414185639229423,1263,791,7,293
0.001394168,0.270544783010157,0.9766666666666667,0.4237165582067968,0.6416995181778362,1264,790,7,293
0.0013970954,0.2707948243992606,0.9766666666666667,0.4240231548480463,0.6419807186678352,1265,789,7,293
0.0013980371,0.27104532839962997,0.9766666666666667,0.42433019551049966,0.6422621657167908,1266,788,7,293
0.0013983906,0.2712962962962963,0.9766666666666667,0.4246376811594203,0.6425438596491229,1267,787,7,293
0.0014075026,0.2715477293790547,0.9766666666666667,0.4249456127628716,0.6428258007898202,1268,786,7,293
0.0014128919,0.2717996289424861,0.9766666666666667,0.42525399129172714,0.6431079894644426,1269,785,7,293
0.0014130669,0.2720519962859796,0.9766666666666667,0.42556281771968046,0.6433904259991216,1270,784,7,293
0.0014134685,0.27230483271375466,0.9766666666666667,0.4258720930232558,0.6436731107205624,1271,783,7,293
0.0014135587,0.2725581395348837,0.9766666666666667,0.42618181818181816,0.643956043956044,1272,782,7,293
0.0014140859,0.27281191806331473,0.9766666666666667,0.4264919941775837,0.6442392260334212,1273,781,7,293
0.0014170827,0.27306616961789376,0.9766666666666667,0.42680262199563,0.6445226572811263,1274,780,7,293
0.0014179426,0.2733208955223881,0.9766666666666667,0.4271137026239067,0.644806338028169,1275,779,7,293
0.0014206208,0.2735760971055089,0.9766666666666667,0.4274252370532458,0.6450902686041391,1276,778,7,293
0.0014235149,0.2738317757009346,0.9766666666666667,0.42773722627737226,0.645374449339207,1277,777,7,293
0.0014272267,0.27408793264733394,0.9766666666666667,0.42804967129291455,0.6456588805641251,1278,776,7,293
0.0014279778,0.2743445692883895,0.9766666666666667,0.4283625730994152,0.6459435626102292,1279,775,7,293
0.0014282839,0.274601686972821,0.9766666666666667,0.4286759326993416,0.6462284958094398,1280,774,7,293
0.0014288519,0.274859287054409,0.9766666666666667,0.4289897510980966,0.646513680494263,1281,773,7,293
0.0014310858,0.27511737089201876,0.9766666666666667,0.4293040293040293,0.6467991169977925,1282,772,7,293
0.001433225,0.27537593984962405,0.9766666666666667,0.42961876832844575,0.6470848056537103,1283,771,7,293
0.001436246,0.2756349952963311,0.9766666666666667,0.42993396918561994,0.647370746796288,1284,770,7,293
0.0014368369,0.275894538606403,0.9766666666666667,0.4302496328928047,0.6476569407603892,1285,769,7,293
0.0014401514,0.2761545711592837,0.9766666666666667,0.4305657604702425,0.6479433878814683,1286,768,7,293
0.0014413155,0.27641509433962264,0.9766666666666667,0.4308823529411765,0.6482300884955753,1287,767,7,293
0.0014453476,0.2766761095372993,0.9766666666666667,0.4311994113318617,0.6485170429393536,1288,766,7,293
0.0014478719,0.276937618147448,0.9766666666666667,0.43151693667157587,0.6488042515500443,1289,765,7,293
0.0014510937,0.2771996215704825,0.9766666666666667,0.4318349299926308,0.6490917146654853,1290,764,7,293
0.0014523322,0.2774621212121212,0.9766666666666667,0.43215339233038347,0.6493794326241135,1291,763,7,293
0.0014535333,0.2777251184834123,0.9766666666666667,0.43247232472324726,0.6496674057649666,1292,762,7,293
0.0014577515,0.27798861480075904,0.9766666666666667,0.4327917282127031,0.6499556344276841,1293,761,7,293
0.0014663376,0.27825261158594494,0.9766666666666667,0.43311160384331115,0.6502441189525079,1294,760,7,293
0.0014707687,0.2785171102661597,0.9766666666666667,0.4334319526627219,0.6505328596802842,1295,759,7,293
0.0014740883,0.2787821122740247,0.9766666666666667,0.43375277572168763,0.6508218569524656,1296,758,7,293
0.0014752138,0.27904761904761904,0.9766666666666667,0.43407407407407406,0.6511111111111111,1297,757,7,293
0.0014755166,0.27931363203050524,0.9766666666666667,0.43439584877687176,0.6514006224988883,1298,756,7,293
0.001478587,0.27958015267175573,0.9766666666666667,0.43471810089020774,0.6516903914590748,1299,755,7,293
0.0014820512,0.279847182425979,0.9766666666666667,0.4350408314773571,0.6519804183355585,1300,754,7,293
0.0014828058,0.2801147227533461,0.9766666666666667,0.43536404160475484,0.6522707034728406,1301,753,7,293
0.0014852309,0.28038277511961723,0.9766666666666667,0.4356877323420074,0.6525612472160356,1302,752,7,293
0.0014886424,0.28065134099616856,0.9766666666666667,0.43601190476190477,0.6528520499108734,1303,751,7,293
0.0014892217,0.2809204218600192,0.9766666666666667,0.43633655994043186,0.6531431119037006,1304,750,7,293
0.0014930527,0.28119001919385794,0.9766666666666667,0.4366616989567809,0.6534344335414807,1305,749,7,293
0.0014934095,0.2814601344860711,0.9766666666666667,0.4369873228933632,0.6537260151717984,1306,748,7,293
0.0014994565,0.28173076923076923,0.9766666666666667,0.4373134328358209,0.6540178571428573,1307,747,7,293
0.0015020388,0.28200192492781523,0.9766666666666667,0.43764002987303957,0.6543099598034837,1308,746,7,293
0.0015100023,0.28227360308285165,0.9766666666666667,0.43796711509715996,0.6546023235031279,1309,745,7,293
0.0015103043,0.28254580520732886,0.9766666666666667,0.43829468960359014,0.6548949485918641,1310,744,7,293
0.0015142852,0.2828185328185328,0.9766666666666667,0.43862275449101795,0.6551878354203936,1311,743,7,293
0.0015169631,0.28309178743961355,0.9766666666666667,0.4389513108614232,0.6554809843400448,1312,742,7,293
0.0015171784,0.28336557059961315,0.9766666666666667,0.43928035982008995,0.6557743957027753,1313,741,7,293
0.0015173649,0.2836398838334947,0.9766666666666667,0.43960990247561893,0.6560680698611734,1314,740,7,293
0.0015193934,0.28391472868217055,0.9766666666666667,0.43993993993993996,0.6563620071684588,1315,739,7,293
0.0015198411,0.28419010669253153,0.9766666666666667,0.4402704733283246,0.6566562079784849,1316,738,7,293
0.0015251212,0.28446601941747574,0.9766666666666667,0.4406015037593985,0.6569506726457399,1317,737,7,293
0.0015254675,0.2847424684159378,0.9766666666666667,0.44093303235515424,0.6572454015253477,1318,736,7,293
0.0015260334,0.2850194552529183,0.9766666666666667,0.44126506024096385,0.65754039497307,1319,735,7,293
0.001529037,0.28529698149951316,0.9766666666666667,0.44159758854559156,0.6578356533453076,1320,734,7,293
0.001534256,0.2855750487329435,0.9766666666666667,0.4419306184012066,0.6581311769991016,1321,733,7,293
0.0015348281,0.28585365853658534,0.9766666666666667,0.4422641509433962,0.6584269662921348,1322,732,7,293
0.0015396196,0.2861328125,0.9766666666666667,0.4425981873111782,0.6587230215827338,1323,731,7,293
0.0015412899,0.28641251221896386,0.9766666666666667,0.4429327286470144,0.6590193432298695,1324,730,7,293
0.001543883,0.28669275929549903,0.9766666666666667,0.443267776096823,0.6593159315931593,1325,729,7,293
0.0015476015,0.28697355533790403,0.9766666666666667,0.4436033308099924,0.6596127870328682,1326,728,7,293
0.0015508847,0.2872549019607843,0.9766666666666667,0.44393939393939397,0.6599099099099098,1327,727,7,293
0.0015551036,0.2875368007850834,0.9766666666666667,0.444275966641395,0.6602073005858494,1328,726,7,293
0.0015564464,0.28781925343811393,0.9766666666666667,0.44461305007587254,0.6605049594229034,1329,725,7,293
0.0015603044,0.288102261553589,0.9766666666666667,0.44495064540622625,0.6608028867839422,1330,724,7,293
0.0015617366,0.28838582677165353,0.9766666666666667,0.4452887537993921,0.6611010830324908,1331,723,7,293
0.0015639145,0.28866995073891627,0.9766666666666667,0.44562737642585554,0.6613995485327314,1332,722,7,293
0.0015639218,0.28895463510848124,0.9766666666666667,0.4459665144596651,0.6616982836495031,1333,721,7,293
0.0015670195,0.28923988153998026,0.9766666666666667,0.4463061690784463,0.6619972887483055,1334,720,7,293
0.0015726082,0.28952569169960474,0.9766666666666667,0.44664634146341464,0.6622965641952984,1335,719,7,293
0.001572907,0.2898120672601385,0.9766666666666667,0.4469870327993898,0.6625961103573044,1336,718,7,293
0.0015769769,0.2900990099009901,0.9766666666666667,0.44732824427480916,0.6628959276018099,1337,717,7,293
0.0015780035,0.29038652130822595,0.9766666666666667,0.4476699770817418,0.663196016296967,1338,716,7,293
0.0015783635,0.2906746031746032,0.9766666666666667,0.44801223241590216,0.6634963768115942,1339,715,7,293
0.0015806804,0.29096325719960275,0.9766666666666667,0.4483550114766641,0.663797009515179,1340,714,7,293
0.0015822742,0.2912524850894632,0.9766666666666667,0.44869831546707506,0.6640979147778786,1341,713,7,293
0.0015828703,0.2915422885572139,0.9766666666666667,0.44904214559386973,0.6643990929705216,1342,712,7,293
0.0015885511,0.2918326693227092,0.9766666666666667,0.4493865030674847,0.6647005444646098,1343,711,7,293
0.0015912086,0.292123629112662,0.9766666666666667,0.44973138910207217,0.6650022696323197,1344,710,7,293
0.0015917625,0.29241516966067865,0.9766666666666667,0.4500768049155146,0.6653042688465032,1345,709,7,293
0.0015973754,0.29270729270729273,0.9766666666666667,0.4504227517294389,0.6656065424806906,1346,708,7,293
0.0015984245,0.293,0.9766666666666667,0.45076923076923076,0.6659090909090909,1347,707,7,293
0.0016026573,0.2932932932932933,0.9766666666666667,0.45111624326404925,0.6662119145065939,1348,706,7,293
0.0016043368,0.2935871743486974,0.9766666666666667,0.4514637904468413,0.6665150136487716,1349,705,7,293
0.0016059721,0.2938816449348044,0.9766666666666667,0.4518118735543562,0.6668183887118799,1350,704,7,293
0.0016060149,0.29417670682730923,0.9766666666666667,0.4521604938271605,0.6671220400728598,1351,703,7,293
0.0016080254,0.29447236180904524,0.9766666666666667,0.4525096525096525,0.6674259681093395,1352,702,7,293
0.0016094967,0.2947686116700201,0.9766666666666667,0.4528593508500773,0.6677301731996353,1353,701,7,293
0.0016098416,0.29506545820745217,0.9766666666666667,0.4532095901005414,0.6680346557227542,1354,700,7,293
0.0016157321,0.29536290322580644,0.9766666666666667,0.4535603715170279,0.6683394160583942,1355,699,7,293
0.001615949,0.2956609485368315,0.9766666666666667,0.4539116963594113,0.6686444545869465,1356,698,7,293
0.0016165584,0.295959595959596,0.9766666666666667,0.4542635658914729,0.6689497716894979,1357,697,7,293
0.0016178696,0.29625884732052576,0.9766666666666667,0.4546159813809154,0.66925536774783,1358,696,7,293
0.0016202666,0.2965587044534413,0.9766666666666667,0.4549689440993789,0.6695612431444241,1359,695,7,293
0.0016207658,0.2968591691995947,0.9766666666666667,0.4553224553224553,0.66986739826246,1360,694,7,293
0.001620971,0.2971602434077079,0.9766666666666667,0.4556765163297045,0.6701738334858188,1361,693,7,293
0.0016234794,0.29746192893401013,0.9766666666666667,0.45603112840466925,0.6704805491990846,1362,692,7,293
0.001624022,0.29776422764227645,0.9766666666666667,0.45638629283489096,0.6707875457875458,1363,691,7,293
0.0016253315,0.2980671414038657,0.9766666666666667,0.4567420109119252,0.6710948236371965,1364,690,7,293
0.0016264307,0.2983706720977597,0.9766666666666667,0.45709828393135726,0.6714023831347388,1365,689,7,293
0.0016268481,0.29867482161060144,0.9766666666666667,0.4574551131928181,0.6717102246675837,1366,688,7,293
0.0016316553,0.29897959183673467,0.9766666666666667,0.4578125,0.6720183486238531,1367,687,7,293
0.0016336513,0.2992849846782431,0.9766666666666667,0.4581704456606724,0.6723267553923817,1368,686,7,293
0.0016366856,0.2995910020449898,0.9766666666666667,0.458528951486698,0.6726354453627182,1369,685,7,293
0.0016392736,0.2998976458546571,0.9766666666666667,0.45888801879404856,0.6729444189251264,1370,684,7,293
0.0016449702,0.30020491803278687,0.9766666666666667,0.4592476489028213,0.6732536764705881,1371,683,7,293
0.001654213,0.3005128205128205,0.9766666666666667,0.4596078431372549,0.6735632183908046,1372,682,7,293
0.0016589825,0.3008213552361396,0.9766666666666667,0.4599686028257457,0.6738730450781969,1373,681,7,293
0.001662097,0.3011305241521069,0.9766666666666667,0.4603299293008641,0.6741831569259089,1374,680,7,293
0.0016655108,0.301440329218107,0.9766666666666667,0.4606918238993711,0.6744935543278084,1375,679,7,293
0.0016691341,0.30175077239958803,0.9766666666666667,0.46105428796223447,0.6748042376784892,1376,678,7,293
0.0016697644,0.30268595041322316,0.9766666666666667,0.46214511041009465,0.6757380073800738,1379,675,7,293
0.0016722445,0.3029989658738366,0.9766666666666667,0.46250986582478293,0.6760498384863867,1380,674,7,293
0.0016727669,0.3033126293995859,0.9766666666666667,0.4628751974723539,0.6763619575253924,1381,673,7,293
0.001673541,0.30362694300518134,0.9766666666666667,0.4632411067193676,0.676674364896074,1382,672,7,293
0.0016749317,0.3039419087136929,0.9766666666666667,0.46360759493670883,0.6769870609981515,1383,671,7,293
0.0016765536,0.304257528556594,0.9766666666666667,0.4639746634996041,0.6773000462320852,1384,670,7,293
0.0016789152,0.30457380457380456,0.9766666666666667,0.4643423137876387,0.6776133209990749,1385,669,7,293
0.0016802666,0.3048907388137357,0.9766666666666667,0.464710547184774,0.6779268857010643,1386,668,7,293
0.0016817902,0.30520833333333336,0.9766666666666667,0.4650793650793651,0.6782407407407407,1387,667,7,293
0.0016864608,0.30552659019812306,0.9766666666666667,0.4654487688641779,0.6785548865215377,1388,666,7,293
0.0016902004,0.3058455114822547,0.9766666666666667,0.465818759936407,0.6788693234476367,1389,665,7,293
0.0016940886,0.30616509926854757,0.9766666666666667,0.46618933969769294,0.6791840519239686,1390,664,7,293
0.0016971366,0.3064853556485356,0.9766666666666667,0.46656050955414013,0.6794990723562152,1391,663,7,293
0.001702489,0.3068062827225131,0.9766666666666667,0.46693227091633466,0.679814385150812,1392,662,7,293
0.0017094746,0.30712788259958074,0.9766666666666667,0.46730462519936206,0.680129990714949,1393,661,7,293
0.0017096138,0.3074501573976915,0.9766666666666667,0.4676775738228252,0.6804458894565723,1394,660,7,293
0.0017096585,0.3077731092436975,0.9766666666666667,0.4680511182108626,0.6807620817843867,1395,659,7,293
0.0017099198,0.30809674027339645,0.9766666666666667,0.46842525979216626,0.6810785681078568,1396,658,7,293
0.0017134699,0.30842105263157893,0.9766666666666667,0.4688,0.6813953488372093,1397,657,7,293
0.0017138036,0.3087460484720759,0.9766666666666667,0.4691753402722178,0.6817124243834342,1398,656,7,293
0.0017205601,0.3090717299578059,0.9766666666666667,0.46955128205128205,0.6820297951582868,1399,655,7,293
0.0017348388,0.3093980992608237,0.9766666666666667,0.4699278267842823,0.6823474615742897,1400,654,7,293
0.001736159,0.3097251585623679,0.9766666666666667,0.47030497592295345,0.6826654240447344,1401,653,7,293
0.0017426402,0.3100529100529101,0.9766666666666667,0.4706827309236948,0.682983682983683,1402,652,7,293
0.0017451247,0.3103813559322034,0.9766666666666667,0.47106109324758844,0.6833022388059702,1403,651,7,293
0.0017455043,0.3107104984093319,0.9766666666666667,0.47144006436041835,0.6836210919272048,1404,650,7,293
0.0017458824,0.31104033970276007,0.9766666666666667,0.4718196457326892,0.6839402427637722,1405,649,7,293
0.0017460594,0.31137088204038255,0.9766666666666667,0.47219983883964545,0.6842596917328352,1406,648,7,293
0.0017466206,0.31170212765957445,0.9766666666666667,0.47258064516129034,0.6845794392523363,1407,647,7,293
0.0017500184,0.31203407880724177,0.9766666666666667,0.47296206618240516,0.6848994857410006,1408,646,7,293
0.0017509225,0.31236673773987206,0.9766666666666667,0.47334410339256866,0.6852198316183349,1409,645,7,293
0.001753005,0.3127001067235859,0.9766666666666667,0.4737267582861762,0.6855404773046326,1410,644,7,293
0.0017572824,0.31303418803418803,0.9766666666666667,0.4741100323624595,0.6858614232209739,1411,643,7,293
0.0017576002,0.31336898395721924,0.9766666666666667,0.4744939271255061,0.6861826697892273,1412,642,7,293
0.0017585292,0.31370449678800855,0.9766666666666667,0.47487844408427876,0.6865042174320524,1413,641,7,293
0.0017622967,0.3140407288317256,0.9766666666666667,0.47526358475263586,0.686826066572902,1414,640,7,293
0.001766347,0.3143776824034335,0.9766666666666667,0.47564935064935066,0.6871482176360225,1415,639,7,293
0.0017676488,0.3147153598281418,0.9766666666666667,0.4760357432981316,0.6874706710464571,1416,638,7,293
0.0017677204,0.3150537634408602,0.9766666666666667,0.4764227642276423,0.687793427230047,1417,637,7,293
0.0017679249,0.3153928955866523,0.9766666666666667,0.47681041497152155,0.6881164866134335,1418,636,7,293
0.0017702373,0.31573275862068967,0.9766666666666667,0.4771986970684039,0.6884398496240601,1419,635,7,293
0.0017702676,0.31607335490830635,0.9766666666666667,0.47758761206193967,0.6887635166901739,1420,634,7,293
0.0017739402,0.31641468682505397,0.9766666666666667,0.47797716150081565,0.6890874882408278,1421,633,7,293
0.0017750306,0.31675675675675674,0.9766666666666667,0.47836734693877553,0.6894117647058824,1422,632,7,293
0.0017821928,0.3170995670995671,0.9766666666666667,0.47875816993464054,0.6897363465160076,1423,631,7,293
0.0017824789,0.3174431202600217,0.9766666666666667,0.47914963205233035,0.6900612341026849,1424,630,7,293
0.0017851271,0.31778741865509763,0.9766666666666667,0.4795417348608838,0.6903864278982094,1425,629,7,293
0.0017890732,0.31813246471226925,0.9766666666666667,0.4799344799344799,0.6907119283356906,1426,628,7,293
0.0017933123,0.3184782608695652,0.9766666666666667,0.48032786885245904,0.6910377358490567,1427,627,7,293
0.001796297,0.3188248095756257,0.9766666666666667,0.4807219031993437,0.6913638508730533,1428,626,7,293
0.0017994607,0.31917211328976036,0.9766666666666667,0.48111658456486045,0.6916902738432484,1429,625,7,293
0.0018002327,0.31952017448200654,0.9766666666666667,0.4815119145439606,0.6920170051960322,1430,624,7,293
0.0018002412,0.31986899563318777,0.9766666666666667,0.4819078947368421,0.69234404536862,1431,623,7,293
0.0018035957,0.32021857923497266,0.9766666666666667,0.4823045267489712,0.6926713947990544,1432,622,7,293
0.0018058436,0.32056892778993434,0.9766666666666667,0.4827018121911038,0.6929990539262063,1433,621,7,293
0.0018123473,0.3209200438116101,0.9766666666666667,0.4830997526793075,0.6933270231897776,1434,620,7,293
0.0018134371,0.32127192982456143,0.9766666666666667,0.4834983498349835,0.6936553030303031,1435,619,7,293
0.0018137031,0.3216245883644347,0.9766666666666667,0.4838976052848885,0.693983893889152,1436,618,7,293
0.0018138757,0.321978021978022,0.9766666666666667,0.484297520661157,0.6943127962085308,1437,617,7,293
0.001814185,0.32233223322332233,0.9766666666666667,0.48469809760132343,0.6946420104314841,1438,616,7,293
0.0018178358,0.32268722466960353,0.9766666666666667,0.48509933774834435,0.6949715370018975,1439,615,7,293
0.0018185915,0.3230429988974642,0.9766666666666667,0.4855012427506214,0.6953013763644993,1440,614,7,293
0.0018211674,0.32339955849889623,0.9766666666666667,0.4859038142620232,0.6956315289648624,1441,613,7,293
0.0018281431,0.3237569060773481,0.9766666666666667,0.4863070539419087,0.6959619952494063,1442,612,7,293
0.0018388369,0.3241150442477876,0.9766666666666667,0.4867109634551495,0.6962927756653993,1443,611,7,293
0.0018420051,0.32447397563676633,0.9766666666666667,0.48711554447215294,0.6966238706609604,1444,610,7,293
0.0018510788,0.32483370288248337,0.9766666666666667,0.4875207986688852,0.6969552806850619,1445,609,7,293
0.001852227,0.32519422863485015,0.9766666666666667,0.48792672772689427,0.6972870061875298,1446,608,7,293
0.0018531784,0.32555555555555554,0.9766666666666667,0.48833333333333334,0.6976190476190476,1447,607,7,293
0.0018568212,0.3259176863181313,0.9766666666666667,0.48874061718098416,0.6979514054311576,1448,606,7,293
0.0018597274,0.3262806236080178,0.9766666666666667,0.48914858096828046,0.6982840800762631,1449,605,7,293
0.0018606732,0.326644370122631,0.9766666666666667,0.48955722639933164,0.6986170720076298,1450,604,7,293
0.0018616441,0.32700892857142855,0.9766666666666667,0.4899665551839465,0.6989503816793893,1451,603,7,293
0.0018625231,0.32737430167597764,0.9766666666666667,0.4903765690376569,0.6992840095465394,1452,602,7,293
0.0018641284,0.3277404921700224,0.9766666666666667,0.490787269681742,0.6996179560649475,1453,601,7,293
0.0018727258,0.3281075027995521,0.9766666666666667,0.4911986588432523,0.6999522216913522,1454,600,7,293
0.0018753553,0.32847533632286996,0.9766666666666667,0.49161073825503354,0.7002868068833653,1455,599,7,293
0.0018818672,0.3288439955106622,0.9766666666666667,0.4920235096557515,0.7006217120994739,1456,598,7,293
0.0018825558,0.3292134831460674,0.9766666666666667,0.492436974789916,0.700956937799043,1457,597,7,293
0.0018857303,0.3295838020247469,0.9766666666666667,0.4928511354079058,0.701292484442317,1458,596,7,293
0.0018863939,0.32995495495495497,0.9766666666666667,0.49326599326599324,0.7016283524904214,1459,595,7,293
0.0018995508,0.33032694475760993,0.9766666666666667,0.493681550126369,0.7019645424053665,1460,594,7,293
0.001901424,0.3306997742663657,0.9766666666666667,0.49409780775716694,0.702301054650048,1461,593,7,293
0.001902101,0.3310734463276836,0.9766666666666667,0.49451476793248944,0.7026378896882494,1462,592,7,293
0.0019034251,0.33144796380090497,0.9766666666666667,0.49493243243243246,0.7029750479846449,1463,591,7,293
0.001910584,0.3318233295583239,0.9766666666666667,0.49535080304311074,0.7033125300048008,1464,590,7,293
0.001919326,0.3321995464852608,0.9766666666666667,0.4957698815566836,0.7036503362151777,1465,589,7,293
0.0019201749,0.3325766174801362,0.9766666666666667,0.4961896697713802,0.7039884670831332,1466,588,7,293
0.0019203421,0.33295454545454545,0.9766666666666667,0.4966101694915254,0.704326923076923,1467,587,7,293
0.0019208493,0.3333333333333333,0.9766666666666667,0.49703138252756573,0.7046657046657047,1468,586,7,293
0.0019252911,0.3337129840546697,0.9766666666666667,0.49745331069609505,0.705004812319538,1469,585,7,293
0.0019260756,0.3306636155606407,0.9633333333333334,0.49233390119250425,0.6967213114754098,1469,585,11,289
0.0019280638,0.33104238258877433,0.9633333333333334,0.4927536231884058,0.697057404727448,1470,584,11,289
0.0019392052,0.33142201834862384,0.9633333333333334,0.4931740614334471,0.6973938223938224,1471,583,11,289
0.0019464773,0.33180252583237657,0.9633333333333334,0.4935952177625961,0.6977305649444713,1472,582,11,289
0.0019524614,0.332183908045977,0.9633333333333334,0.49401709401709404,0.6980676328502414,1473,581,11,289
0.001957113,0.33256616800920596,0.9633333333333334,0.49443969204448246,0.6984050265828904,1474,580,11,289
0.001963809,0.33294930875576034,0.9633333333333334,0.4948630136986301,0.698742746615087,1475,579,11,289
0.001970373,0.3333333333333333,0.9633333333333334,0.4952870608397601,0.699080793420416,1476,578,11,289
0.001974121,0.33371824480369516,0.9633333333333334,0.4957118353344768,0.6994191674733786,1477,577,11,289
0.0019834503,0.33410404624277457,0.9633333333333334,0.496137339055794,0.6997578692493946,1478,576,11,289
0.0019862016,0.33449074074074076,0.9633333333333334,0.4965635738831615,0.7000968992248061,1479,575,11,289
0.0019932806,0.3348783314020857,0.9633333333333334,0.49699054170249357,0.7004362578768784,1480,574,11,289
0.0019952024,0.3352668213457077,0.9633333333333334,0.4974182444061962,0.7007759456838022,1481,573,11,289
0.0020110866,0.3298245614035088,0.94,0.4883116883116883,0.6861313868613139,1481,573,18,282
0.0020229588,0.33021077283372363,0.94,0.48873483535528595,0.6864654333008762,1482,572,18,282
0.0020244583,0.3305978898007034,0.94,0.4891587163920208,0.6867998051631758,1483,571,18,282
0.0020251889,0.33098591549295775,0.94,0.4895833333333333,0.6871345029239766,1484,570,18,282
0.0020254017,0.33137485311398357,0.94,0.4900086880973067,0.6874695270599707,1485,569,18,282
0.0020304315,0.33176470588235296,0.94,0.49043478260869566,0.6878048780487805,1486,568,18,282
0.0020318339,0.3321554770318021,0.94,0.4908616187989556,0.6881405563689603,1487,567,18,282
0.002034484,0.33254716981132076,0.94,0.4912891986062718,0.6884765624999999,1488,566,18,282
0.002039472,0.33293978748524206,0.94,0.4917175239755885,0.6888128969223253,1489,565,18,282
0.0020406789,0.3333333333333333,0.94,0.49214659685863876,0.6891495601173019,1490,564,18,282
0.002041349,0.3337278106508876,0.94,0.4925764192139738,0.6894865525672372,1491,563,18,282
0.0020415704,0.33214709371293,0.9333333333333333,0.4899387576552931,0.6852667645619187,1491,563,20,280
0.002043424,0.332541567695962,0.9333333333333333,0.4903677758318739,0.6856023506366307,1492,562,20,280
0.0020441106,0.3329369797859691,0.9333333333333333,0.49079754601226994,0.6859382655561,1493,561,20,280
0.0020517393,0.3333333333333333,0.9333333333333333,0.49122807017543857,0.6862745098039215,1494,560,20,280
0.0020534934,0.33373063170441003,0.9333333333333333,0.4916593503072871,0.6866110838646395,1495,559,20,280
0.0020538648,0.3341288782816229,0.9333333333333333,0.492091388400703,0.6869479882237488,1496,558,20,280
0.002055972,0.3345280764635603,0.9333333333333333,0.4925241864555849,0.6872852233676975,1497,557,20,280
0.0020604853,0.3349282296650718,0.9333333333333333,0.49295774647887325,0.6876227897838899,1498,556,20,280
0.0020610313,0.33532934131736525,0.9333333333333333,0.4933920704845815,0.6879606879606879,1499,555,20,280
0.0020620006,0.33573141486810554,0.9333333333333333,0.49382716049382713,0.6882989183874142,1500,554,20,280
0.0020696132,0.33613445378151263,0.9333333333333333,0.4942630185348632,0.6886374815543533,1501,553,20,280
0.0020708612,0.33653846153846156,0.9333333333333333,0.49469964664310956,0.688976377952756,1502,552,20,280
0.0020750477,0.3369434416365824,0.9333333333333333,0.4951370468611848,0.6893156080748399,1503,551,20,280
0.0020764808,0.3373493975903614,0.9333333333333333,0.49557522123893805,0.6896551724137929,1504,550,20,280
0.0020993853,0.33775633293124246,0.9333333333333333,0.49601417183348095,0.6899950714637753,1505,549,20,280
0.0021068437,0.33816425120772947,0.9333333333333333,0.49645390070921985,0.6903353057199211,1506,548,20,280
0.0021101616,0.3385731559854897,0.9333333333333333,0.4968944099378882,0.6906758756783423,1507,547,20,280
0.0021148005,0.3389830508474576,0.9333333333333333,0.49733570159857904,0.6910167818361302,1508,546,20,280
0.0021154657,0.3393939393939394,0.9333333333333333,0.49777777777777776,0.691358024691358,1509,545,20,280
0.0021198099,0.3377885783718105,0.9266666666666666,0.4951024042742654,0.6870983687592684,1509,545,22,278
0.0021247508,0.3381995133819951,0.9266666666666666,0.49554367201426025,0.6874381800197824,1510,544,22,278
0.0021267345,0.3386114494518879,0.9266666666666666,0.495985727029438,0.6877783275606135,1511,543,22,278
0.002149026,0.33902439024390246,0.9266666666666666,0.49642857142857144,0.6881188118811882,1512,542,22,278
0.0021507423,0.33943833943833945,0.9266666666666666,0.4968722073279714,0.6884596334819217,1513,541,22,278
0.002164254,0.33985330073349634,0.9266666666666666,0.49731663685152055,0.688800792864222,1514,540,22,278
0.0021691334,0.3402692778457772,0.9266666666666666,0.4977618621307073,0.6891422905304908,1515,539,22,278
0.0021707183,0.34068627450980393,0.9266666666666666,0.4982078853046595,0.689484126984127,1516,538,22,278
0.0021748026,0.3411042944785276,0.9266666666666666,0.49865470852017935,0.6898263027295285,1517,537,22,278
0.002174817,0.3415233415233415,0.9266666666666666,0.4991023339317774,0.6901688182720953,1518,536,22,278
0.0021915222,0.3419434194341943,0.9266666666666666,0.4995507637017071,0.6905116741182316,1519,535,22,278
0.0021917704,0.34236453201970446,0.9266666666666666,0.5,0.690854870775348,1520,534,22,278
0.002200732,0.34278668310727495,0.9266666666666666,0.5004500450045004,0.6911984087518648,1521,533,22,278
0.0022056797,0.3432098765432099,0.9266666666666666,0.5009009009009009,0.6915422885572139,1522,532,22,278
0.0022200488,0.34363411619283063,0.9266666666666666,0.5013525698827773,0.6918865107018417,1523,531,22,278
0.0022262174,0.34405940594059403,0.9266666666666666,0.5018050541516246,0.6922310756972111,1524,530,22,278
0.0022367502,0.3444857496902107,0.9266666666666666,0.5022583559168925,0.6925759840558048,1525,529,22,278
0.0022370557,0.34491315136476425,0.9266666666666666,0.5027124773960217,0.6929212362911266,1526,528,22,278
0.0022402264,0.3453416149068323,0.9266666666666666,0.5031674208144796,0.6932668329177057,1527,527,22,278
0.0022430718,0.34577114427860695,0.9266666666666666,0.5036231884057971,0.6936127744510978,1528,526,22,278
0.002245264,0.34620174346201743,0.9266666666666666,0.5040797824116047,0.6939590614078882,1529,525,22,278
0.0022535105,0.34663341645885287,0.9266666666666666,0.5045372050816697,0.6943056943056943,1530,524,22,278
0.0022539373,0.3470661672908864,0.9266666666666666,0.5049954586739328,0.6946526736631684,1531,523,22,278
0.0022596226,0.3475,0.9266666666666666,0.5054545454545455,0.695,1532,522,22,278
0.0022769927,0.3479349186483104,0.9266666666666666,0.5059144676979072,0.6953476738369183,1533,521,22,278
0.0022782907,0.3483709273182957,0.9266666666666666,0.5063752276867031,0.6956956956956957,1534,520,22,278
0.0022799075,0.34880803011292344,0.9266666666666666,0.5068368277119416,0.6960440660991488,1535,519,22,278
0.002286751,0.3492462311557789,0.9266666666666666,0.5072992700729927,0.6963927855711423,1536,518,22,278
0.0022896281,0.34968553459119495,0.9266666666666666,0.5077625570776255,0.6967418546365914,1537,517,22,278
0.0022978145,0.3501259445843829,0.9266666666666666,0.5082266910420475,0.6970912738214645,1538,516,22,278
0.0023011304,0.3505674653215637,0.9266666666666666,0.5086916742909423,0.6974410436527848,1539,515,22,278
0.002303117,0.351010101010101,0.9266666666666666,0.5091575091575091,0.6977911646586344,1540,514,22,278
0.0023054564,0.35145385587863465,0.9266666666666666,0.5096241979835013,0.6981416373681567,1541,513,22,278
0.0023102018,0.3518987341772152,0.9266666666666666,0.5100917431192661,0.6984924623115578,1542,512,22,278
0.002311654,0.3523447401774398,0.9266666666666666,0.5105601469237833,0.6988436400201106,1543,511,22,278
0.0023147827,0.35279187817258884,0.9266666666666666,0.5110294117647058,0.6991951710261568,1544,510,22,278
0.0023162884,0.35324015247776364,0.9266666666666666,0.5114995400183993,0.6995470558631102,1545,509,22,278
0.0023170633,0.35368956743002544,0.9266666666666666,0.5119705340699816,0.6998992950654581,1546,508,22,278
0.0023312522,0.354140127388535,0.9266666666666666,0.5124423963133641,0.7002518891687658,1547,507,22,278
0.002342321,0.35459183673469385,0.9266666666666666,0.5129151291512916,0.7006048387096774,1548,506,22,278
0.002355037,0.3550446998722861,0.9266666666666666,0.5133887349953832,0.7009581442259203,1549,505,22,278
0.0023562473,0.3554987212276215,0.9266666666666666,0.5138632162661737,0.7013118062563067,1550,504,22,278
0.0023563774,0.3559539052496799,0.9266666666666666,0.5143385753931545,0.7016658253407371,1551,503,22,278
0.002360778,0.3564102564102564,0.9266666666666666,0.5148148148148148,0.7020202020202021,1552,502,22,278
0.0023629542,0.35686777920410784,0.9266666666666666,0.5152919369786839,0.7023749368367862,1553,501,22,278
0.0023758442,0.35732647814910024,0.9266666666666666,0.5157699443413729,0.7027300303336704,1554,500,22,278
0.0023790777,0.3577863577863578,0.9266666666666666,0.5162488393686165,0.703085483055134,1555,499,22,278
0.0023981484,0.3582474226804124,0.9266666666666666,0.516728624535316,0.7034412955465588,1556,498,22,278
0.0024023629,0.35870967741935483,0.9266666666666666,0.5172093023255814,0.7037974683544304,1557,497,22,278
0.0024049298,0.35917312661498707,0.9266666666666666,0.5176908752327747,0.7041540020263425,1558,496,22,278
0.002405979,0.35963777490297544,0.9266666666666666,0.5181733457595527,0.7045108971109985,1559,495,22,278
0.0024150168,0.3601036269430052,0.9266666666666666,0.5186567164179104,0.704868154158215,1560,494,22,278
0.0024177765,0.36057068741893644,0.9266666666666666,0.5191409897292251,0.7052257737189245,1561,493,22,278
0.0024183702,0.36103896103896105,0.9266666666666666,0.5196261682242991,0.7055837563451776,1562,492,22,278
0.0024217188,0.36150845253576075,0.9266666666666666,0.520112254443405,0.7059421025901473,1563,491,22,278
0.002430025,0.3619791666666667,0.9266666666666666,0.5205992509363296,0.7063008130081301,1564,490,22,278
0.0024577314,0.3624511082138201,0.9266666666666666,0.521087160262418,0.70665988815455,1565,489,22,278
0.0024696835,0.3629242819843342,0.9266666666666666,0.5215759849906192,0.7070193285859614,1566,488,22,278
0.0024704684,0.3633986928104575,0.9266666666666666,0.5220657276995305,0.707379134860051,1567,487,22,278
0.002475669,0.36387434554973824,0.9266666666666666,0.5225563909774437,0.7077393075356416,1568,486,22,278
0.0024759986,0.36435124508519,0.9266666666666666,0.5230479774223895,0.7080998471726948,1569,485,22,278
0.0024899312,0.3648293963254593,0.9266666666666666,0.5235404896421846,0.7084607543323139,1570,484,22,278
0.0024931617,0.36530880420499345,0.9266666666666666,0.5240339302544769,0.7088220295767466,1571,483,22,278
0.0024969997,0.36578947368421055,0.9266666666666666,0.5245283018867924,0.7091836734693877,1572,482,22,278
0.0025039834,0.3662714097496706,0.9266666666666666,0.5250236071765817,0.7095456865747831,1573,481,22,278
0.0025155845,0.36675461741424803,0.9266666666666666,0.5255198487712666,0.7099080694586313,1574,480,22,278
0.002520694,0.36723910171730517,0.9266666666666666,0.5260170293282876,0.7102708226877874,1575,479,22,278
0.0025280686,0.36772486772486773,0.9266666666666666,0.5265151515151515,0.7106339468302659,1576,478,22,278
0.0025313485,0.36821192052980134,0.9266666666666666,0.5270142180094787,0.7109974424552429,1577,477,22,278
0.0025335986,0.3687002652519894,0.9266666666666666,0.5275142314990512,0.7113613101330604,1578,476,22,278
0.0025366491,0.3691899070385126,0.9266666666666666,0.5280151946818613,0.7117255504352279,1579,475,22,278
0.0025409032,0.3696808510638298,0.9266666666666666,0.5285171102661597,0.7120901639344263,1580,474,22,278
0.0025455398,0.37017310252996005,0.9266666666666666,0.5290199809705043,0.7124551512045104,1581,473,22,278
0.0025489065,0.37066666666666664,0.9266666666666666,0.5295238095238095,0.7128205128205128,1582,472,22,278
0.0025577522,0.3711615487316422,0.9266666666666666,0.5300285986653956,0.7131862493586454,1583,471,22,278
0.0025621732,0.3716577540106952,0.9266666666666666,0.5305343511450382,0.713552361396304,1584,470,22,278
0.0025697018,0.37215528781793844,0.9266666666666666,0.5310410697230181,0.7139188495120699,1585,469,22,278
0.002570719,0.3726541554959786,0.9266666666666666,0.5315487571701721,0.7142857142857143,1586,468,22,278
0.0025785915,0.3731543624161074,0.9266666666666666,0.5320574162679426,0.7146529562982005,1587,467,22,278
0.0025950961,0.3736559139784946,0.9266666666666666,0.5325670498084292,0.7150205761316871,1588,466,22,278
0.0026022904,0.37415881561238223,0.9266666666666666,0.5330776605944392,0.7153885743695317,1589,465,22,278
0.002613115,0.37516869095816463,0.9266666666666666,0.5341018251681076,0.7161257083977332,1591,463,22,278
0.0026253972,0.37567567567567567,0.9266666666666666,0.5346153846153846,0.7164948453608248,1592,462,22,278
0.0026267187,0.3761840324763194,0.9266666666666666,0.5351299326275265,0.7168643630737492,1593,461,22,278
0.0026437028,0.37669376693766937,0.9266666666666666,0.535645472061657,0.717234262125903,1594,460,22,278
0.0026446157,0.37720488466757124,0.9266666666666666,0.5361620057859209,0.7176045431078989,1595,459,22,278
0.0026462863,0.37771739130434784,0.9266666666666666,0.5366795366795367,0.7179752066115703,1596,458,22,278
0.0026465254,0.3782312925170068,0.9266666666666666,0.5371980676328503,0.7183462532299741,1597,457,22,278
0.0026491676,0.3787465940054496,0.9266666666666666,0.5377176015473888,0.718717683557394,1598,456,22,278
0.0026495857,0.3792633015006821,0.9266666666666666,0.5382381413359149,0.719089498189343,1599,455,22,278
0.00265824,0.3797814207650273,0.9266666666666666,0.5387596899224806,0.7194616977225672,1600,454,22,278
0.0026658524,0.3803009575923393,0.9266666666666666,0.539282250242483,0.7198342827550491,1601,453,22,278
0.0026668885,0.38082191780821917,0.9266666666666666,0.5398058252427185,0.7202072538860103,1602,452,22,278
0.0026727468,0.3813443072702332,0.9266666666666666,0.5403304178814383,0.720580611715915,1603,451,22,278
0.002673611,0.38186813186813184,0.9266666666666666,0.5408560311284046,0.720954356846473,1604,450,22,278
0.0026739722,0.38239339752407153,0.9266666666666666,0.5413826679649465,0.7213284898806435,1605,449,22,278
0.002676942,0.38292011019283745,0.9266666666666666,0.5419103313840156,0.7217030114226375,1606,448,22,278
0.0026815454,0.383448275862069,0.9266666666666666,0.5424390243902439,0.7220779220779221,1607,447,22,278
0.0026843958,0.3839779005524862,0.9266666666666666,0.54296875,0.7224532224532225,1608,446,22,278
0.0026870728,0.38450899031811897,0.9266666666666666,0.5434995112414467,0.7228289131565262,1609,445,22,278
0.002702614,0.3850415512465374,0.9266666666666666,0.5440313111545988,0.7232049947970863,1610,444,22,278
0.002714322,0.3855755894590846,0.9266666666666666,0.544564152791381,0.7235814679854242,1611,443,22,278
0.0027152346,0.3861111111111111,0.9266666666666666,0.5450980392156862,0.7239583333333334,1612,442,22,278
0.0027248543,0.3866481223922114,0.9266666666666666,0.5456329735034348,0.7243355914538823,1613,441,22,278
0.0027307123,0.3871866295264624,0.9266666666666666,0.5461689587426326,0.7247132429614181,1614,440,22,278
0.0027349996,0.3877266387726639,0.9266666666666666,0.5467059980334317,0.7250912884715701,1615,439,22,278
0.0027366532,0.388268156424581,0.9266666666666666,0.547244094488189,0.7254697286012526,1616,438,22,278
0.002736856,0.3888111888111888,0.9266666666666666,0.547783251231527,0.7258485639686684,1617,437,22,278
0.0027384418,0.38935574229691877,0.9266666666666666,0.5483234714003945,0.7262277951933124,1618,436,22,278
0.0027397037,0.3899018232819074,0.9266666666666666,0.5488647581441264,0.7266074228959749,1619,435,22,278
0.0027431038,0.3904494382022472,0.9266666666666666,0.549407114624506,0.7269874476987447,1620,434,22,278
0.0027525458,0.3909985935302391,0.9266666666666666,0.5499505440158259,0.7273678702250131,1621,433,22,278
0.0027664313,0.39154929577464787,0.9266666666666666,0.5504950495049505,0.7277486910994765,1622,432,22,278
0.0027970897,0.3921015514809591,0.9266666666666666,0.5510406342913776,0.7281299109481404,1623,431,22,278
0.0027973347,0.3926553672316384,0.9266666666666666,0.5515873015873016,0.7285115303983228,1624,430,22,278
0.0028183763,0.3932107496463932,0.9266666666666666,0.5521350546176763,0.7288935500786576,1625,429,22,278
0.0028193896,0.3937677053824363,0.9266666666666666,0.5526838966202783,0.7292759706190977,1626,428,22,278
0.002821856,0.3943262411347518,0.9266666666666666,0.5532338308457712,0.7296587926509185,1627,427,22,278
0.0028332316,0.39488636363636365,0.9266666666666666,0.5537848605577689,0.7300420168067228,1628,426,22,278
0.0028448813,0.39544807965860596,0.9266666666666666,0.5543369890329013,0.7304256437204413,1629,425,22,278
0.0028613259,0.396011396011396,0.9266666666666666,0.5548902195608783,0.7308096740273395,1630,424,22,278
0.0028618563,0.39657631954350925,0.9266666666666666,0.5554445554445554,0.7311941083640189,1631,423,22,278
0.0028630826,0.39714285714285713,0.9266666666666666,0.556,0.731578947368421,1632,422,22,278
0.0028773807,0.3977110157367668,0.9266666666666666,0.5565565565565566,0.7319641916798314,1633,421,22,278
0.002879053,0.3982808022922636,0.9266666666666666,0.5571142284569138,0.732349841938883,1634,420,22,278
0.0028897983,0.3988522238163558,0.9266666666666666,0.5576730190571715,0.7327358987875594,1635,419,22,278
0.0028925156,0.3994252873563218,0.9266666666666666,0.5582329317269076,0.7331223628691983,1636,418,22,278
0.0028929433,0.4,0.9266666666666666,0.5587939698492462,0.733509234828496,1637,417,22,278
0.0029126145,0.40057636887608067,0.9266666666666666,0.5593561368209256,0.73389651531151,1638,416,22,278
0.0029129274,0.40115440115440115,0.9266666666666666,0.5599194360523666,0.7342842049656629,1639,415,22,278
0.0029182157,0.40173410404624277,0.9266666666666666,0.5604838709677419,0.7346723044397463,1640,414,22,278
0.0029311406,0.402315484804631,0.9266666666666666,0.5610494450050454,0.7350608143839237,1641,413,22,278
0.0029461067,0.4028985507246377,0.9266666666666666,0.5616161616161616,0.7354497354497355,1642,412,22,278
0.0029742634,0.4034833091436865,0.9266666666666666,0.5621840242669363,0.7358390682901006,1643,411,22,278
0.0029743267,0.40406976744186046,0.9266666666666666,0.562753036437247,0.736228813559322,1644,410,22,278
0.0029747665,0.40465793304221254,0.9266666666666666,0.563323201621074,0.7366189719130896,1645,409,22,278
0.002977459,0.40524781341107874,0.9266666666666666,0.563894523326572,0.7370095440084835,1646,408,22,278
0.0029783568,0.4058394160583942,0.9266666666666666,0.5644670050761421,0.7374005305039788,1647,407,22,278
0.0029792148,0.4064327485380117,0.9266666666666666,0.5650406504065041,0.7377919320594479,1648,406,22,278
0.00297945,0.40702781844802344,0.9266666666666666,0.5656154628687691,0.7381837493361657,1649,405,22,278
0.0029852379,0.40762463343108507,0.9266666666666666,0.5661914460285132,0.7385759829968119,1650,404,22,278
0.0029903087,0.40822320117474303,0.9266666666666666,0.5667686034658511,0.7389686337054757,1651,403,22,278
0.002991617,0.4088235294117647,0.9266666666666666,0.5673469387755102,0.7393617021276595,1652,402,22,278
0.002998644,0.40942562592047127,0.9266666666666666,0.567926455566905,0.7397551889302819,1653,401,22,278
0.003001642,0.41002949852507375,0.9266666666666666,0.5685071574642127,0.7401490947816827,1654,400,22,278
0.0030069863,0.41063515509601184,0.9266666666666666,0.5690890481064483,0.740543420351625,1655,399,22,278
0.003009359,0.41124260355029585,0.9266666666666666,0.569672131147541,0.7409381663113005,1656,398,22,278
0.0030141496,0.41185185185185186,0.9266666666666666,0.5702564102564103,0.7413333333333334,1657,397,22,278
0.0030238435,0.4124629080118694,0.9266666666666666,0.5708418891170431,0.7417289220917823,1658,396,22,278
0.0030278305,0.413075780089153,0.9266666666666666,0.5714285714285714,0.7421249332621461,1659,395,22,278
0.0030306145,0.41369047619047616,0.9266666666666666,0.5720164609053497,0.7425213675213675,1660,394,22,278
0.0030451573,0.4143070044709389,0.9266666666666666,0.572605561277034,0.7429182255478354,1661,393,22,278
0.0030610207,0.4155455904334828,0.9266666666666666,0.5737874097007224,0.7437132156233279,1663,391,22,278
0.003066787,0.4161676646706587,0.9266666666666666,0.5743801652892562,0.7441113490364025,1664,390,22,278
0.0030740793,0.41679160419790107,0.9266666666666666,0.5749741468459152,0.7445099089448313,1665,389,22,278
0.0030767021,0.4174174174174174,0.9266666666666666,0.5755693581780539,0.7449088960342979,1666,388,22,278
0.0031049573,0.4180451127819549,0.9266666666666666,0.5761658031088083,0.745308310991957,1667,387,22,278
0.0031179981,0.4186746987951807,0.9266666666666666,0.5767634854771784,0.7457081545064377,1668,386,22,278
0.0031226585,0.4193061840120664,0.9266666666666666,0.5773624091381101,0.7461084272678475,1669,385,22,278
0.003124645,0.4199395770392749,0.9266666666666666,0.577962577962578,0.7465091299677766,1670,384,22,278
0.0031258753,0.4205748865355522,0.9266666666666666,0.578563995837669,0.7469102632993014,1671,383,22,278
0.003139802,0.4212121212121212,0.9266666666666666,0.5791666666666667,0.7473118279569892,1672,382,22,278
0.003163581,0.4218512898330804,0.9266666666666666,0.5797705943691345,0.7477138246369015,1673,381,22,278
0.0031649363,0.42249240121580545,0.9266666666666666,0.5803757828810021,0.7481162540365984,1674,380,22,278
0.0031671606,0.42378048780487804,0.9266666666666666,0.5815899581589958,0.7489224137931033,1676,378,22,278
0.003184796,0.42442748091603055,0.9266666666666666,0.5821989528795811,0.7493261455525606,1677,377,22,278
0.0031886857,0.42507645259938837,0.9266666666666666,0.5828092243186582,0.7497303128371089,1678,376,22,278
0.0032025352,0.42572741194486985,0.9266666666666666,0.583420776495278,0.7501349163518619,1679,375,22,278
0.0032078642,0.4263803680981595,0.9266666666666666,0.5840336134453782,0.7505399568034558,1680,374,22,278
0.003230276,0.4270353302611367,0.9266666666666666,0.5846477392218717,0.7509454349000539,1681,373,22,278
0.0032634796,0.4276923076923077,0.9266666666666666,0.5852631578947368,0.7513513513513512,1682,372,22,278
0.003265394,0.4283513097072419,0.9266666666666666,0.5858798735511064,0.7517577068685775,1683,371,22,278
0.0032980572,0.42901234567901236,0.9266666666666666,0.5864978902953587,0.7521645021645021,1684,370,22,278
0.003302314,0.42967542503863987,0.9266666666666666,0.587117212249208,0.752571737953438,1685,369,22,278
0.0033352883,0.43034055727554177,0.9266666666666666,0.587737843551797,0.7529794149512459,1686,368,22,278
0.0033357558,0.4310077519379845,0.9266666666666666,0.5883597883597883,0.7533875338753389,1687,367,22,278
0.0033410774,0.43167701863354035,0.9266666666666666,0.5889830508474576,0.7537960954446855,1688,366,22,278
0.0033414552,0.432348367029549,0.9266666666666666,0.5896076352067868,0.7542051003798155,1689,365,22,278
0.0033466155,0.43302180685358255,0.9266666666666666,0.5902335456475584,0.754614549402823,1690,364,22,278
0.003347296,0.43369734789391573,0.9266666666666666,0.5908607863974495,0.755024443237371,1691,363,22,278
0.003352059,0.434375,0.9266666666666666,0.5914893617021276,0.7554347826086957,1692,362,22,278
0.003355068,0.4350547730829421,0.9266666666666666,0.5921192758253461,0.7558455682436107,1693,361,22,278
0.003366462,0.43573667711598746,0.9266666666666666,0.5927505330490405,0.7562568008705114,1694,360,22,278
0.0033706066,0.4364207221350079,0.9266666666666666,0.5933831376734259,0.7566684812193795,1695,359,22,278
0.0033860977,0.4371069182389937,0.9266666666666666,0.594017094017094,0.7570806100217864,1696,358,22,278
0.0034160255,0.4377952755905512,0.9266666666666666,0.5946524064171123,0.7574931880108992,1697,357,22,278
0.003416654,0.4384858044164038,0.9266666666666666,0.5952890792291221,0.7579062159214832,1698,356,22,278
0.0034188759,0.4391785150078989,0.9266666666666666,0.5959271168274384,0.7583196944899072,1699,355,22,278
0.003434485,0.439873417721519,0.9266666666666666,0.5965665236051502,0.7587336244541485,1700,354,22,278
0.0034394437,0.4405705229793978,0.9266666666666666,0.5972073039742213,0.7591480065537957,1701,353,22,278
0.0034496412,0.44126984126984126,0.9266666666666666,0.5978494623655914,0.7595628415300546,1702,352,22,278
0.0034561518,0.4419713831478537,0.9266666666666666,0.5984930032292788,0.7599781301257519,1703,351,22,278
0.0034605097,0.4426751592356688,0.9266666666666666,0.5991379310344828,0.760393873085339,1704,350,22,278
0.0034610953,0.4433811802232855,0.9266666666666666,0.5997842502696872,0.7608100711548987,1705,349,22,278
0.0034696434,0.4440894568690096,0.9266666666666666,0.6004319654427646,0.7612267250821467,1706,348,22,278
0.0034833231,0.4448,0.9266666666666666,0.601081081081081,0.7616438356164382,1707,347,22,278
0.0034953805,0.44551282051282054,0.9266666666666666,0.6017316017316018,0.7620614035087719,1708,346,22,278
0.003502543,0.4462279293739968,0.9266666666666666,0.6023835319609967,0.7624794295117937,1709,345,22,278
0.0035137613,0.44694533762057875,0.9266666666666666,0.6030368763557483,0.7628979143798024,1710,344,22,278
0.003519956,0.4476650563607085,0.9266666666666666,0.6036916395222585,0.7633168588687536,1711,343,22,278
0.0035235507,0.4467741935483871,0.9233333333333333,0.6021739130434782,0.760989010989011,1711,343,23,277
0.0035335582,0.44749596122778673,0.9233333333333333,0.602829162132753,0.7614073666849916,1712,342,23,277
0.0035366642,0.4482200647249191,0.9233333333333333,0.6034858387799564,0.7618261826182618,1713,341,23,277
0.0035428281,0.44894651539708263,0.9233333333333333,0.604143947655398,0.7622454595487066,1714,340,23,277
0.0035561132,0.4496753246753247,0.9233333333333333,0.6048034934497817,0.7626651982378856,1715,339,23,277
0.0035747883,0.4504065040650406,0.9233333333333333,0.6054644808743169,0.7630853994490359,1716,338,23,277
0.0035824073,0.4511400651465798,0.9233333333333333,0.6061269146608315,0.7635060639470783,1717,337,23,277
0.0035948015,0.45187601957585644,0.9233333333333333,0.6067907995618839,0.7639271924986211,1718,336,23,277
0.0036067907,0.4526143790849673,0.9233333333333333,0.6074561403508771,0.7643487858719645,1719,335,23,277
0.0036103688,0.4533551554828151,0.9233333333333333,0.6081229418221734,0.7647708448371066,1720,334,23,277
0.003613475,0.4540983606557377,0.9233333333333333,0.6087912087912087,0.7651933701657458,1721,333,23,277
0.0036185277,0.4548440065681445,0.9233333333333333,0.6094609460946094,0.7656163626312881,1722,332,23,277
0.0036235633,0.4555921052631579,0.9233333333333333,0.6101321585903083,0.7660398230088495,1723,331,23,277
0.0036276889,0.45634266886326197,0.9233333333333333,0.6108048511576626,0.7664637520752628,1724,330,23,277
0.0036309583,0.4570957095709571,0.9233333333333333,0.6114790286975718,0.766888150609081,1725,329,23,277
0.0036579708,0.4578512396694215,0.9233333333333333,0.6121546961325967,0.7673130193905816,1726,328,23,277
0.0036679076,0.4586092715231788,0.9233333333333333,0.6128318584070797,0.7677383592017739,1727,327,23,277
0.0036771793,0.4593698175787728,0.9233333333333333,0.6135105204872646,0.7681641708264004,1728,326,23,277
0.0036954014,0.4601328903654485,0.9233333333333333,0.614190687361419,0.7685904550499445,1729,325,23,277
0.0037065449,0.46089850249584025,0.9233333333333333,0.6148723640399556,0.7690172126596336,1730,324,23,277
0.0037435067,0.46166666666666667,0.9233333333333333,0.6155555555555555,0.7694444444444446,1731,323,23,277
0.003747241,0.46243739565943237,0.9233333333333333,0.6162402669632926,0.7698721511951083,1732,322,23,277
0.0037699006,0.46321070234113715,0.9233333333333333,0.6169265033407573,0.7703003337041159,1733,321,23,277
0.0037746746,0.46476510067114096,0.9233333333333333,0.6183035714285714,0.7711581291759466,1735,319,23,277
0.0037805426,0.46554621848739497,0.9233333333333333,0.6189944134078212,0.7715877437325905,1736,318,23,277
0.0038174142,0.4663299663299663,0.9233333333333333,0.6196868008948546,0.7720178372352285,1737,317,23,277
0.003820843,0.4671163575042159,0.9233333333333333,0.620380739081747,0.7724484104852203,1738,316,23,277
0.003823973,0.46790540540540543,0.9233333333333333,0.6210762331838565,0.7728794642857144,1739,315,23,277
0.0038277458,0.4686971235194585,0.9233333333333333,0.621773288439955,0.7733109994416527,1740,314,23,277
0.003848877,0.4694915254237288,0.9233333333333333,0.6224719101123596,0.7737430167597766,1741,313,23,277
0.0038522005,0.4702886247877759,0.9233333333333333,0.6231721034870641,0.7741755170486304,1742,312,23,277
0.003860865,0.4710884353741497,0.9233333333333333,0.6238738738738738,0.7746085011185682,1743,311,23,277
0.0038813634,0.47189097103918226,0.9233333333333333,0.6245772266065389,0.7750419697817571,1744,310,23,277
0.0038895335,0.4726962457337884,0.9233333333333333,0.6252821670428894,0.7754759238521837,1745,309,23,277
0.0039006597,0.4735042735042735,0.9233333333333333,0.6259887005649718,0.7759103641456584,1746,308,23,277
0.0039036106,0.4743150684931507,0.9233333333333333,0.6266968325791855,0.7763452914798207,1747,307,23,277
0.003920233,0.4751286449399657,0.9233333333333333,0.6274065685164213,0.7767807066741447,1748,306,23,277
0.003921551,0.47594501718213056,0.9233333333333333,0.6281179138321995,0.777216610549944,1749,305,23,277
0.003926796,0.47676419965576594,0.9233333333333333,0.6288308740068105,0.7776530039303763,1750,304,23,277
0.003934731,0.47758620689655173,0.9233333333333333,0.6295454545454545,0.7780898876404495,1751,303,23,277
0.0040259566,0.4784110535405872,0.9233333333333333,0.6302616609783845,0.7785272625070264,1752,302,23,277
0.0040266486,0.47923875432525953,0.9233333333333333,0.6309794988610479,0.7789651293588302,1753,301,23,277
0.0040399134,0.4800693240901213,0.9233333333333333,0.6316989737742303,0.7794034890264491,1754,300,23,277
0.004054049,0.4809027777777778,0.9233333333333333,0.632420091324201,0.7798423423423423,1755,299,23,277
0.0040706675,0.4817391304347826,0.9233333333333333,0.6331428571428571,0.780281690140845,1756,298,23,277
0.0040979087,0.48257839721254353,0.9233333333333333,0.6338672768878718,0.7807215332581736,1757,297,23,277
0.004111046,0.48342059336823734,0.9233333333333333,0.6345933562428407,0.781161872532431,1758,296,23,277
0.004114503,0.48426573426573427,0.9233333333333333,0.6353211009174312,0.7816027088036117,1759,295,23,277
0.0041378685,0.4851138353765324,0.9233333333333333,0.6360505166475315,0.7820440429136082,1760,294,23,277
0.0041465233,0.48596491228070177,0.9233333333333333,0.6367816091954023,0.7824858757062146,1761,293,23,277
0.004152947,0.4868189806678383,0.9233333333333333,0.6375143843498274,0.7829282080271339,1762,292,23,277
0.0041768397,0.4876760563380282,0.9233333333333333,0.6382488479262672,0.783371040723982,1763,291,23,277
0.0041954634,0.48853615520282184,0.9233333333333333,0.6389850057670127,0.783814374646293,1764,290,23,277
0.0042014816,0.48939929328621906,0.9233333333333333,0.6397228637413395,0.7842582106455267,1765,289,23,277
0.004206047,0.4902654867256637,0.9233333333333333,0.6404624277456648,0.7847025495750709,1766,288,23,277
0.004208456,0.49113475177304966,0.9233333333333333,0.6412037037037037,0.7851473922902495,1767,287,23,277
0.0042128307,0.4920071047957371,0.9233333333333333,0.641946697566628,0.7855927396483267,1768,286,23,277
0.004240467,0.4928825622775801,0.9233333333333333,0.642691415313225,0.7860385925085129,1769,285,23,277
0.0042410335,0.49376114081996436,0.9233333333333333,0.6434378629500581,0.7864849517319704,1770,284,23,277
0.0042430875,0.49464285714285716,0.9233333333333333,0.6441860465116279,0.7869318181818181,1771,283,23,277
0.0042785355,0.49552772808586765,0.9233333333333333,0.6449359720605355,0.7873791927231382,1772,282,23,277
0.004282436,0.496415770609319,0.9233333333333333,0.6456876456876457,0.7878270762229806,1773,281,23,277
0.0042975163,0.49730700179533216,0.9233333333333333,0.646441073512252,0.7882754695503699,1774,280,23,277
0.0043113683,0.4982014388489209,0.9233333333333333,0.647196261682243,0.7887243735763098,1775,279,23,277
0.0043877116,0.4990990990990991,0.9233333333333333,0.6479532163742691,0.7891737891737891,1776,278,23,277
0.004392297,0.5,0.9233333333333333,0.6487119437939111,0.789623717217788,1777,277,23,277
0.004431861,0.5009041591320073,0.9233333333333333,0.64947245017585,0.7900741585852824,1778,276,23,277
0.0044328435,0.5018115942028986,0.9233333333333333,0.6502347417840375,0.7905251141552512,1779,275,23,277
0.0044342177,0.5027223230490018,0.9233333333333333,0.6509988249118684,0.7909765848086807,1780,274,23,277
0.0044365926,0.5036363636363637,0.9233333333333333,0.6517647058823529,0.7914285714285715,1781,273,23,277
0.0044368836,0.5045537340619308,0.9233333333333333,0.6525323910482921,0.7918810748999429,1782,272,23,277
0.0044460255,0.5054744525547445,0.9233333333333333,0.6533018867924528,0.7923340961098398,1783,271,23,277
0.0044503226,0.506398537477148,0.9233333333333333,0.654073199527745,0.7927876359473383,1784,270,23,277
0.0044712215,0.5073260073260073,0.9233333333333333,0.6548463356973995,0.793241695303551,1785,269,23,277
0.0045000073,0.5082568807339449,0.9233333333333333,0.6556213017751479,0.7936962750716331,1786,268,23,277
0.0045110043,0.5091911764705882,0.9233333333333333,0.6563981042654028,0.794151376146789,1787,267,23,277
0.0045145475,0.5101289134438306,0.9233333333333333,0.6571767497034401,0.7946069994262766,1788,266,23,277
0.004516779,0.511070110701107,0.9233333333333333,0.6579572446555819,0.7950631458094145,1789,265,23,277
0.0045291414,0.512014787430684,0.9233333333333333,0.6587395957193817,0.7955198161975876,1790,264,23,277
0.0045439135,0.512962962962963,0.9233333333333333,0.6595238095238095,0.7959770114942529,1791,263,23,277
0.0045761378,0.5139146567717996,0.9233333333333333,0.6603098927294399,0.7964347326049454,1792,262,23,277
0.004629048,0.5148698884758365,0.9233333333333333,0.6610978520286396,0.7968929804372842,1793,261,23,277
0.004654613,0.515828677839851,0.9233333333333333,0.6618876941457587,0.7973517559009786,1794,260,23,277
0.0046804915,0.5167910447761194,0.9233333333333333,0.6626794258373205,0.797811059907834,1795,259,23,277
0.0046948036,0.5177570093457944,0.9233333333333333,0.6634730538922156,0.7982708933717578,1796,258,23,277
0.0047182417,0.5187265917602997,0.9233333333333333,0.6642685851318945,0.7987312572087658,1797,257,23,277
0.004734252,0.5196998123827392,0.9233333333333333,0.6650660264105642,0.7991921523369878,1798,256,23,277
0.0047421088,0.5206766917293233,0.9233333333333333,0.6658653846153846,0.7996535796766745,1799,255,23,277
0.0047494466,0.5216572504708098,0.9233333333333333,0.6666666666666666,0.8001155401502021,1800,254,23,277
0.004751045,0.5226415094339623,0.9233333333333333,0.6674698795180722,0.8005780346820809,1801,253,23,277
0.004761575,0.5236294896030246,0.9233333333333333,0.6682750301568154,0.8010410641989588,1802,252,23,277
0.0047631725,0.5246212121212122,0.9233333333333333,0.6690821256038647,0.8015046296296297,1803,251,23,277
0.004776111,0.5256166982922201,0.9233333333333333,0.6698911729141476,0.8019687319050375,1804,250,23,277
0.004783306,0.526615969581749,0.9233333333333333,0.6707021791767555,0.802433371958285,1805,249,23,277
0.0047922553,0.5276190476190477,0.9233333333333333,0.6715151515151515,0.8028985507246378,1806,248,23,277
0.0047955494,0.5286259541984732,0.9233333333333333,0.6723300970873787,0.8033642691415313,1807,247,23,277
0.004816205,0.5296367112810707,0.9233333333333333,0.6731470230862697,0.8038305281485779,1808,246,23,277
0.004848402,0.5306513409961686,0.9233333333333333,0.6739659367396593,0.8042973286875728,1809,245,23,277
0.0048619257,0.5316698656429942,0.9233333333333333,0.6747868453105969,0.8047646717024985,1810,244,23,277
0.00486666,0.5326923076923077,0.9233333333333333,0.675609756097561,0.8052325581395348,1811,243,23,277
0.004873137,0.5337186897880539,0.9233333333333333,0.6764346764346765,0.8057009889470621,1812,242,23,277
0.0049100094,0.5347490347490348,0.9233333333333333,0.6772616136919315,0.8061699650756694,1813,241,23,277
0.004924244,0.5357833655705996,0.9233333333333333,0.6780905752753978,0.8066394874781595,1814,240,23,277
0.004940397,0.5368217054263565,0.9233333333333333,0.678921568627451,0.8071095571095571,1815,239,23,277
0.0049584066,0.537864077669903,0.9233333333333333,0.6797546012269938,0.8075801749271136,1816,238,23,277
0.004960449,0.5389105058365758,0.9233333333333333,0.6805896805896806,0.8080513418903149,1817,237,23,277
0.0049834354,0.5399610136452242,0.9233333333333333,0.6814268142681427,0.8085230589608874,1818,236,23,277
0.0050314567,0.541015625,0.9233333333333333,0.6822660098522167,0.8089953271028038,1819,235,23,277
0.00503185,0.5420743639921722,0.9233333333333333,0.6831072749691739,0.8094681472822911,1820,234,23,277
0.005061847,0.5431372549019607,0.9233333333333333,0.6839506172839506,0.8099415204678362,1821,233,23,277
0.0050732163,0.5442043222003929,0.9233333333333333,0.6847960444993819,0.8104154476301931,1822,232,23,277
0.005085588,0.5452755905511811,0.9233333333333333,0.6856435643564357,0.8108899297423887,1823,231,23,277
0.005098761,0.5463510848126233,0.9233333333333333,0.6864931846344485,0.8113649677797304,1824,230,23,277
0.005181197,0.5474308300395256,0.9233333333333333,0.6873449131513648,0.8118405627198123,1825,229,23,277
0.0051941387,0.5485148514851486,0.9233333333333333,0.6881987577639752,0.812316715542522,1826,228,23,277
0.005209103,0.5496031746031746,0.9233333333333333,0.6890547263681592,0.812793427230047,1827,227,23,277
0.0052337847,0.5506958250497018,0.9233333333333333,0.6899128268991283,0.8132706987668818,1828,226,23,277
0.0052356045,0.5517928286852589,0.9233333333333333,0.6907730673316709,0.8137485311398355,1829,225,23,277
0.0052390825,0.5528942115768463,0.9233333333333333,0.6916354556803995,0.8142269253380364,1830,224,23,277
0.005264257,0.554,0.9233333333333333,0.6925,0.8147058823529413,1831,223,23,277
0.0053106965,0.5551102204408818,0.9233333333333333,0.6933667083854819,0.8151854031783402,1832,222,23,277
0.005312172,0.5562248995983936,0.9233333333333333,0.6942355889724311,0.815665488810365,1833,221,23,277
0.005337942,0.5573440643863179,0.9233333333333333,0.6951066499372648,0.8161461402474955,1834,220,23,277
0.0053780447,0.5584677419354839,0.9233333333333333,0.6959798994974874,0.8166273584905661,1835,219,23,277
0.005388732,0.5595959595959596,0.9233333333333333,0.6968553459119496,0.8171091445427731,1836,218,23,277
0.0054061003,0.5607287449392713,0.9233333333333333,0.6977329974811083,0.8175914994096812,1837,217,23,277
0.0054417313,0.5618661257606491,0.9233333333333333,0.6986128625472888,0.8180744240992321,1838,216,23,277
0.0054709734,0.5630081300813008,0.9233333333333333,0.6994949494949495,0.8185579196217494,1839,215,23,277
0.0054765833,0.5641547861507128,0.9233333333333333,0.7003792667509482,0.8190419869899468,1840,214,23,277
0.0055038766,0.5653061224489796,0.9233333333333333,0.7012658227848101,0.8195266272189349,1841,213,23,277
0.0056033293,0.5664621676891616,0.9233333333333333,0.7021546261089987,0.8200118413262286,1842,212,23,277
0.0056452937,0.5676229508196722,0.9233333333333333,0.7030456852791879,0.8204976303317535,1843,211,23,277
0.0056456174,0.5687885010266941,0.9233333333333333,0.7039390088945362,0.8209839952578541,1844,210,23,277
0.0056840014,0.5699588477366255,0.9233333333333333,0.7048346055979644,0.8214709371293001,1845,209,23,277
0.005705485,0.5711340206185567,0.9233333333333333,0.7057324840764331,0.8219584569732937,1846,208,23,277
0.005739292,0.5723140495867769,0.9233333333333333,0.7066326530612245,0.8224465558194775,1847,207,23,277
0.0058059855,0.5734989648033126,0.9233333333333333,0.7075351213282248,0.8229352346999406,1848,206,23,277
0.0058541857,0.5746887966804979,0.9233333333333333,0.7084398976982097,0.823424494649227,1849,205,23,277
0.0058758133,0.5758835758835759,0.9233333333333333,0.7093469910371318,0.8239143367043426,1850,204,23,277
0.0059162322,0.5770833333333333,0.9233333333333333,0.7102564102564103,0.824404761904762,1851,203,23,277
0.0059190122,0.5782881002087683,0.9233333333333333,0.711168164313222,0.8248957712924359,1852,202,23,277
0.0060076322,0.5794979079497908,0.9233333333333333,0.712082262210797,0.8253873659117997,1853,201,23,277
0.0060236244,0.5807127882599581,0.9233333333333333,0.712998712998713,0.8258795468097794,1854,200,23,277
0.006042434,0.5819327731092437,0.9233333333333333,0.7139175257731959,0.8263723150357997,1855,199,23,277
0.0060457224,0.5831578947368421,0.9233333333333333,0.7148387096774194,0.8268656716417909,1856,198,23,277
0.0060617267,0.5843881856540084,0.9233333333333333,0.7157622739018088,0.8273596176821982,1857,197,23,277
0.006086386,0.5856236786469344,0.9233333333333333,0.7166882276843467,0.8278541542139867,1858,196,23,277
0.006120086,0.586864406779661,0.9233333333333333,0.7176165803108808,0.8283492822966507,1859,195,23,277
0.006163761,0.5881104033970276,0.9233333333333333,0.7185473411154345,0.8288450029922203,1860,194,23,277
0.006238965,0.5893617021276596,0.9233333333333333,0.7194805194805195,0.8293413173652694,1861,193,23,277
0.0062780515,0.5906183368869936,0.9233333333333333,0.7204161248374512,0.8298382264829238,1862,192,23,277
0.0062990673,0.5918803418803419,0.9233333333333333,0.7213541666666666,0.830335731414868,1863,191,23,277
0.0063597756,0.5931477516059958,0.9233333333333333,0.7222946544980443,0.8308338332333532,1864,190,23,277
0.00637316,0.5944206008583691,0.9233333333333333,0.7232375979112271,0.8313325330132053,1865,189,23,277
0.006379347,0.5956989247311828,0.9233333333333333,0.7241830065359477,0.8318318318318318,1866,188,23,277
0.0064688693,0.5969827586206896,0.9233333333333333,0.725130890052356,0.8323317307692307,1867,187,23,277
0.0066594677,0.5982721382289417,0.9233333333333333,0.7260812581913499,0.8328322309079976,1868,186,23,277
0.0067862123,0.5995670995670995,0.9233333333333333,0.7270341207349081,0.8333333333333333,1869,185,23,277
0.0068378816,0.6008676789587852,0.9233333333333333,0.7279894875164258,0.8338350391330523,1870,184,23,277
0.0068631307,0.6021739130434782,0.9233333333333333,0.7289473684210527,0.8343373493975903,1871,183,23,277
0.0069245407,0.6034858387799564,0.9233333333333333,0.7299077733860343,0.8348402652200121,1872,182,23,277
0.0069940225,0.6048034934497817,0.9233333333333333,0.7308707124010554,0.8353437876960195,1873,181,23,277
0.0070275236,0.6061269146608315,0.9233333333333333,0.7318361955085865,0.8358479179239588,1874,180,23,277
0.0070525133,0.6074561403508771,0.9233333333333333,0.7328042328042328,0.836352657004831,1875,179,23,277
0.007243269,0.6087912087912087,0.9233333333333333,0.7337748344370861,0.836858006042296,1876,178,23,277
0.007255342,0.6079295154185022,0.92,0.7320954907161804,0.8343409915356711,1876,178,24,276
0.007316528,0.609271523178808,0.92,0.7330677290836654,0.8348457350272233,1877,177,24,276
0.007336813,0.6106194690265486,0.92,0.7340425531914894,0.8353510895883777,1878,176,24,276
0.007530263,0.6119733924611973,0.92,0.7350199733688415,0.8358570563294972,1879,175,24,276
0.007538995,0.6133333333333333,0.92,0.736,0.8363636363636363,1880,174,24,276
0.0075840643,0.6146993318485523,0.92,0.7369826435246996,0.8368708308065494,1881,173,24,276
0.0075977,0.6160714285714286,0.92,0.7379679144385026,0.8373786407766991,1882,172,24,276
0.007992784,0.6174496644295302,0.92,0.7389558232931727,0.8378870673952641,1883,171,24,276
0.0079986155,0.6188340807174888,0.92,0.739946380697051,0.8383961117861483,1884,170,24,276
0.00823134,0.6202247191011236,0.92,0.7409395973154362,0.838905775075988,1885,169,24,276
0.008355497,0.6216216216216216,0.92,0.7419354838709677,0.8394160583941607,1886,168,24,276
0.008465556,0.6230248306997742,0.92,0.7429340511440108,0.8399269628727937,1887,167,24,276
0.008495793,0.6244343891402715,0.92,0.7439353099730458,0.8404384896467723,1888,166,24,276
0.008525262,0.6258503401360545,0.92,0.7449392712550608,0.8409506398537477,1889,165,24,276
0.008674063,0.6272727272727273,0.92,0.745945945945946,0.8414634146341464,1890,164,24,276
0.008777038,0.6287015945330297,0.92,0.7469553450608931,0.8419768151311776,1891,163,24,276
0.00896089,0.6301369863013698,0.92,0.7479674796747967,0.8424908424908425,1892,162,24,276
0.008999749,0.631578947368421,0.92,0.7489823609226595,0.8430054978619427,1893,161,24,276
0.009104685,0.6330275229357798,0.92,0.75,0.8435207823960881,1894,160,24,276
0.009131119,0.6344827586206897,0.92,0.7510204081632653,0.8440366972477065,1895,159,24,276
0.00915885,0.6359447004608295,0.92,0.7520435967302452,0.8445532435740516,1896,158,24,276
0.009213408,0.6374133949191686,0.92,0.7530695770804912,0.8450704225352113,1897,157,24,276
0.00924416,0.6388888888888888,0.92,0.7540983606557377,0.8455882352941176,1898,156,24,276
0.009263329,0.6403712296983759,0.92,0.7551299589603283,0.8461066830165543,1899,155,24,276
0.00928961,0.641860465116279,0.92,0.7561643835616438,0.8466257668711658,1900,154,24,276
0.009337492,0.6433566433566433,0.92,0.757201646090535,0.847145488029466,1901,153,24,276
0.009390887,0.6448598130841121,0.92,0.7582417582417582,0.8476658476658477,1902,152,24,276
0.009421401,0.6463700234192038,0.92,0.7592847317744154,0.8481868469575906,1903,151,24,276
0.0095466,0.647887323943662,0.92,0.7603305785123967,0.8487084870848709,1904,150,24,276
0.009828933,0.6494117647058824,0.92,0.7613793103448275,0.8492307692307693,1905,149,24,276
0.009850391,0.6509433962264151,0.92,0.7624309392265194,0.8497536945812809,1906,148,24,276
0.010119606,0.6524822695035462,0.92,0.7634854771784232,0.8502772643253236,1907,147,24,276
0.010205147,0.6540284360189573,0.92,0.7645429362880887,0.8508014796547472,1908,146,24,276
0.010294989,0.6555819477434679,0.92,0.7656033287101248,0.8513263417643431,1909,145,24,276
0.010406743,0.6571428571428571,0.92,0.7666666666666667,0.8518518518518519,1910,144,24,276
0.010516867,0.6587112171837709,0.92,0.7677329624478443,0.8523780111179741,1911,143,24,276
0.010525858,0.6602870813397129,0.92,0.7688022284122563,0.8529048207663784,1912,142,24,276
0.010922208,0.6618705035971223,0.92,0.7698744769874477,0.8534322820037106,1913,141,24,276
0.01093885,0.6610576923076923,0.9166666666666666,0.7681564245810056,0.8508663366336634,1913,141,25,275
0.010975109,0.6626506024096386,0.9166666666666666,0.7692307692307693,0.8513931888544892,1914,140,25,275
0.011082769,0.6642512077294686,0.9166666666666666,0.7703081232492998,0.8519206939281289,1915,139,25,275
0.011142616,0.6658595641646489,0.9166666666666666,0.7713884992987378,0.8524488530688158,1916,138,25,275
0.01116879,0.6674757281553398,0.9166666666666666,0.7724719101123596,0.8529776674937966,1917,137,25,275
0.011181331,0.6690997566909975,0.9166666666666666,0.7735583684950773,0.8535071384233396,1918,136,25,275
0.011418501,0.6707317073170732,0.9166666666666666,0.7746478873239436,0.8540372670807453,1919,135,25,275
0.011443778,0.6723716381418093,0.9166666666666666,0.7757404795486601,0.8545680546923554,1920,134,25,275
0.0114537245,0.6658354114713217,0.89,0.7617689015691869,0.8338538413491569,1920,134,33,267
0.011655175,0.6675,0.89,0.7628571428571429,0.8343749999999999,1921,133,33,267
0.011659768,0.6691729323308271,0.89,0.7639484978540773,0.8348968105065666,1922,132,33,267
0.01175804,0.6708542713567839,0.89,0.7650429799426934,0.8354192740926158,1923,131,33,267
0.011761548,0.672544080604534,0.89,0.7661406025824964,0.8359423919849718,1924,130,33,267
0.011968472,0.6742424242424242,0.89,0.7672413793103449,0.8364661654135339,1925,129,33,267
0.012011848,0.6759493670886076,0.89,0.7683453237410072,0.8369905956112853,1926,128,33,267
0.012019717,0.6776649746192893,0.89,0.7694524495677233,0.8375156838143035,1927,127,33,267
0.012068865,0.6793893129770993,0.89,0.7705627705627706,0.8380414312617703,1928,126,33,267
0.012069757,0.6811224489795918,0.89,0.7716763005780347,0.8385678391959799,1929,125,33,267
0.012405411,0.6828644501278772,0.89,0.7727930535455861,0.8390949088623507,1930,124,33,267
0.012434701,0.6846153846153846,0.89,0.7739130434782608,0.839622641509434,1931,123,33,267
0.01261179,0.6863753213367609,0.89,0.7750362844702468,0.8401510383889237,1932,122,33,267
0.012751587,0.6881443298969072,0.89,0.7761627906976745,0.8406801007556676,1933,121,33,267
0.01313697,0.689922480620155,0.89,0.777292576419214,0.8412098298676748,1934,120,33,267
0.013140012,0.6917098445595855,0.89,0.7784256559766763,0.8417402269861286,1935,119,33,267
0.013271671,0.6935064935064935,0.89,0.7795620437956204,0.8422712933753944,1936,118,33,267
0.013341539,0.6953125,0.89,0.7807017543859649,0.8428030303030303,1937,117,33,267
0.013400166,0.6971279373368147,0.89,0.7818448023426061,0.8433354390397978,1938,116,33,267
0.013538057,0.6989528795811518,0.89,0.782991202346041,0.8438685208596712,1939,115,33,267
0.013813372,0.7007874015748031,0.89,0.7841409691629956,0.8444022770398482,1940,114,33,267
0.013915257,0.7026315789473684,0.89,0.7852941176470588,0.8449367088607594,1941,113,33,267
0.0141179655,0.7044854881266491,0.89,0.7864506627393225,0.8454718176060799,1942,112,33,267
0.014154376,0.7063492063492064,0.89,0.7876106194690266,0.8460076045627377,1943,111,33,267
0.0141833825,0.7082228116710876,0.89,0.7887740029542097,0.8465440710209258,1944,110,33,267
0.014385553,0.7101063829787234,0.89,0.7899408284023669,0.8470812182741116,1945,109,33,267
0.014698813,0.712,0.89,0.7911111111111111,0.8476190476190475,1946,108,33,267
0.014849655,0.713903743315508,0.89,0.7922848664688428,0.8481575603557814,1947,107,33,267
0.015045477,0.7158176943699732,0.89,0.7934621099554234,0.848696757787667,1948,106,33,267
0.015077485,0.717741935483871,0.89,0.7946428571428571,0.8492366412213741,1949,105,33,267
0.01511039,0.7196765498652291,0.89,0.7958271236959762,0.8497772119669,1950,104,33,267
0.015145509,0.7216216216216216,0.89,0.7970149253731343,0.8503184713375795,1951,103,33,267
0.015211969,0.7235772357723578,0.89,0.7982062780269058,0.8508604206500956,1952,102,33,267
0.015231533,0.7228260869565217,0.8866666666666667,0.7964071856287425,0.8482142857142857,1952,102,34,266
0.015716324,0.7247956403269755,0.8866666666666667,0.7976011994002998,0.8487555839183154,1953,101,34,266
0.01590325,0.726775956284153,0.8866666666666667,0.7987987987987988,0.8492975734355046,1954,100,34,266
0.015935095,0.7287671232876712,0.8866666666666667,0.8,0.8498402555910542,1955,99,34,266
0.015988007,0.7272727272727273,0.88,0.7963800904977375,0.8445297504798465,1955,99,36,264
0.016071748,0.7292817679558011,0.88,0.797583081570997,0.8450704225352113,1956,98,36,264
0.01624274,0.7313019390581718,0.88,0.7987897125567323,0.8456117873158232,1957,97,36,264
0.016263051,0.7333333333333333,0.88,0.8,0.8461538461538461,1958,96,36,264
0.016341047,0.7353760445682451,0.88,0.8012139605462822,0.8466966003848622,1959,95,36,264
0.016516307,0.7374301675977654,0.88,0.8024316109422492,0.8472400513478819,1960,94,36,264
0.016616631,0.7394957983193278,0.88,0.8036529680365296,0.8477842003853564,1961,93,36,264
0.016637703,0.7415730337078652,0.88,0.8048780487804879,0.8483290488431877,1962,92,36,264
0.016809793,0.7436619718309859,0.88,0.8061068702290076,0.8488745980707395,1963,91,36,264
0.016935978,0.7457627118644068,0.88,0.8073394495412844,0.8494208494208494,1964,90,36,264
0.017420271,0.7478753541076487,0.88,0.8085758039816233,0.8499678042498391,1965,89,36,264
0.017708093,0.75,0.88,0.8098159509202454,0.8505154639175257,1966,88,36,264
0.01807159,0.7521367521367521,0.88,0.8110599078341014,0.851063829787234,1967,87,36,264
0.018096115,0.7542857142857143,0.88,0.8123076923076923,0.8516129032258065,1968,86,36,264
0.018615093,0.7564469914040115,0.88,0.8135593220338984,0.8521626856036153,1969,85,36,264
0.018750267,0.7586206896551724,0.88,0.8148148148148148,0.8527131782945737,1970,84,36,264
0.019613907,0.760806916426513,0.88,0.8160741885625966,0.8532643826761475,1971,83,36,264
0.01962601,0.7630057803468208,0.88,0.8173374613003096,0.853816300129366,1972,82,36,264
0.01989572,0.7652173913043478,0.88,0.8186046511627907,0.854368932038835,1973,81,36,264
0.020158693,0.7674418604651163,0.88,0.8198757763975155,0.8549222797927462,1974,80,36,264
0.0202418,0.7696793002915452,0.88,0.8211508553654744,0.8554763447828906,1975,79,36,264
0.020242989,0.7719298245614035,0.88,0.822429906542056,0.8560311284046692,1976,78,36,264
0.0206398,0.7712609970674487,0.8766666666666667,0.8205928237129485,0.8533419857235561,1976,78,37,263
0.020827198,0.7735294117647059,0.8766666666666667,0.821875,0.8538961038961039,1977,77,37,263
0.021182247,0.775811209439528,0.8766666666666667,0.8231611893583725,0.8544509421702404,1978,76,37,263
0.021403203,0.7781065088757396,0.8766666666666667,0.8244514106583072,0.8550065019505851,1979,75,37,263
0.021600584,0.7804154302670623,0.8766666666666667,0.82574568288854,0.8555627846454131,1980,74,37,263
0.021945689,0.7827380952380952,0.8766666666666667,0.8270440251572327,0.8561197916666669,1981,73,37,263
0.022041425,0.7820895522388059,0.8733333333333333,0.8251968503937008,0.8534201954397392,1981,73,38,262
0.022099864,0.781437125748503,0.87,0.8233438485804416,0.8507170795306388,1981,73,39,261
0.022145886,0.7837837837837838,0.87,0.8246445497630331,0.8512720156555773,1982,72,39,261
0.022209926,0.786144578313253,0.87,0.8259493670886076,0.8518276762402088,1983,71,39,261
0.022639042,0.7854984894259819,0.8666666666666667,0.8240887480190174,0.8491182233834096,1983,71,40,260
0.022845184,0.78419452887538,0.86,0.8203497615262321,0.8436886854153042,1983,71,42,258
0.022868654,0.7865853658536586,0.86,0.821656050955414,0.844240837696335,1984,70,42,258
0.022958718,0.7859327217125383,0.8566666666666667,0.8197767145135566,0.8415193189259987,1984,70,43,257
0.02336805,0.7883435582822086,0.8566666666666667,0.8210862619808307,0.8420707732634338,1985,69,43,257
0.023806693,0.7876923076923077,0.8533333333333334,0.8192,0.839344262295082,1985,69,44,256
0.024000194,0.7901234567901234,0.8533333333333334,0.8205128205128205,0.8398950131233596,1986,68,44,256
0.02413794,0.7894736842105263,0.85,0.8186195826645265,0.8371634931057126,1986,68,45,255
0.024339117,0.7919254658385093,0.85,0.819935691318328,0.8377135348226018,1987,67,45,255
0.02478337,0.7912772585669782,0.8466666666666667,0.8180354267310789,0.8349769888231425,1987,67,46,254
0.024868015,0.7899686520376176,0.84,0.81421647819063,0.8294930875576038,1987,67,48,252
0.024892027,0.7924528301886793,0.84,0.8155339805825242,0.8300395256916996,1988,66,48,252
0.02495857,0.7949526813880127,0.84,0.8168557536466775,0.8305866842452208,1989,65,48,252
0.025312075,0.7943037974683544,0.8366666666666667,0.814935064935065,0.8278364116094987,1989,65,49,251
0.025463203,0.7968253968253968,0.8366666666666667,0.816260162601626,0.8283828382838284,1990,64,49,251
0.02591659,0.7961783439490446,0.8333333333333334,0.8143322475570033,0.8256274768824308,1990,64,50,250
0.02652502,0.7955271565495208,0.83,0.8123980424143556,0.8228684732319894,1990,64,51,249
0.027404169,0.7980769230769231,0.83,0.8137254901960784,0.8234126984126985,1991,63,51,249
0.028441165,0.8006430868167203,0.83,0.8150572831423896,0.8239576439444075,1992,62,51,249
0.028540859,0.8032258064516129,0.83,0.8163934426229508,0.824503311258278,1993,61,51,249
0.02914791,0.8058252427184466,0.83,0.8177339901477833,0.8250497017892644,1994,60,51,249
0.029456096,0.8084415584415584,0.83,0.819078947368421,0.8255968169761274,1995,59,51,249
0.02976611,0.8110749185667753,0.83,0.8204283360790774,0.8261446582614468,1996,58,51,249
0.030688975,0.8137254901960784,0.83,0.8217821782178217,0.8266932270916334,1997,57,51,249
0.031831622,0.8163934426229508,0.83,0.8231404958677686,0.8272425249169436,1998,56,51,249
0.033437017,0.819078947368421,0.83,0.8245033112582781,0.8277925531914894,1999,55,51,249
0.03408945,0.8217821782178217,0.83,0.8258706467661692,0.8283433133732535,2000,54,51,249
0.03462142,0.8245033112582781,0.83,0.8272425249169435,0.8288948069241012,2001,53,51,249
0.036055386,0.8272425249169435,0.83,0.8286189683860233,0.8294470353097935,2002,52,51,249
0.036291484,0.8266666666666667,0.8266666666666667,0.8266666666666667,0.8266666666666667,2002,52,52,248
0.036377084,0.8294314381270903,0.8266666666666667,0.8280467445742905,0.8272181454302868,2003,51,52,248
0.036793336,0.8322147651006712,0.8266666666666667,0.8294314381270903,0.8277703604806408,2004,50,52,248
0.03681199,0.835016835016835,0.8266666666666667,0.830820770519263,0.8283233132932529,2005,49,52,248
0.037194595,0.8378378378378378,0.8266666666666667,0.8322147651006712,0.8288770053475937,2006,48,52,248
0.037699625,0.8406779661016949,0.8266666666666667,0.8336134453781513,0.8294314381270902,2007,47,52,248
0.03800101,0.8395904436860068,0.82,0.8296795952782462,0.8238446081714668,2007,47,54,246
0.038931817,0.8424657534246576,0.82,0.831081081081081,0.8243967828418229,2008,46,54,246
0.038956437,0.845360824742268,0.82,0.8324873096446701,0.8249496981891348,2009,45,54,246
0.039498057,0.8482758620689655,0.82,0.8338983050847457,0.8255033557046979,2010,44,54,246
0.039835136,0.8466898954703833,0.81,0.82793867120954,0.8170813718897109,2010,44,57,243
0.04001497,0.8496503496503497,0.81,0.8293515358361775,0.8176312247644684,2011,43,57,243
0.040204357,0.8480565371024735,0.8,0.823327615780446,0.8091706001348619,2011,43,60,240
0.040356036,0.851063829787234,0.8,0.8247422680412371,0.8097165991902834,2012,42,60,240
0.040715132,0.8540925266903915,0.8,0.8261617900172117,0.8102633355840648,2013,41,60,240
0.040923275,0.8535714285714285,0.7966666666666666,0.8241379310344827,0.8074324324324325,2013,41,61,239
0.041336082,0.8530465949820788,0.7933333333333333,0.8221070811744386,0.8045977011494254,2013,41,62,238
0.041407388,0.851985559566787,0.7866666666666666,0.8180242634315424,0.7989167230873392,2013,41,64,236
0.041678082,0.8498168498168498,0.7733333333333333,0.8097731239092496,0.7875084860828242,2013,41,68,232
0.04209085,0.8529411764705882,0.7733333333333333,0.8111888111888111,0.7880434782608696,2014,40,68,232
0.042273052,0.8560885608856088,0.7733333333333333,0.8126094570928196,0.7885791978246091,2015,39,68,232
0.042329732,0.8555555555555555,0.77,0.8105263157894737,0.7857142857142858,2015,39,69,231
0.042354867,0.8544776119402985,0.7633333333333333,0.8063380281690141,0.7799727520435967,2015,39,71,229
0.04246529,0.8539325842696629,0.76,0.8042328042328042,0.7770961145194274,2015,39,72,228
0.043010954,0.8571428571428571,0.76,0.8056537102473498,0.7776261937244202,2016,38,72,228
0.043068577,0.8566037735849057,0.7566666666666667,0.8035398230088495,0.7747440273037544,2016,38,73,227
0.044395912,0.8549618320610687,0.7466666666666667,0.797153024911032,0.7660738714090288,2016,38,76,224
0.044712357,0.8544061302681992,0.7433333333333333,0.7950089126559715,0.7631759069130731,2016,38,77,223
0.044785462,0.8538461538461538,0.74,0.7928571428571428,0.7602739726027398,2016,38,78,222
0.044905216,0.8571428571428571,0.74,0.7942754919499105,0.7607950651130911,2017,37,78,222
0.04840869,0.8604651162790697,0.74,0.7956989247311828,0.7613168724279834,2018,36,78,222
0.048547033,0.8638132295719845,0.74,0.7971274685816876,0.7618393960192177,2019,35,78,222
0.049007837,0.8671875,0.74,0.7985611510791367,0.7623626373626373,2020,34,78,222
0.05265549,0.8705882352941177,0.74,0.8,0.7628865979381444,2021,33,78,222
0.052866966,0.8740157480314961,0.74,0.8014440433212996,0.7634112792297112,2022,32,78,222
0.05633281,0.8774703557312253,0.74,0.8028933092224232,0.7639366827253957,2023,31,78,222
0.057444874,0.8809523809523809,0.74,0.8043478260869565,0.7644628099173555,2024,30,78,222
0.06012959,0.8844621513944223,0.74,0.8058076225045372,0.7649896623018607,2025,29,78,222
0.060410626,0.888,0.74,0.8072727272727273,0.7655172413793104,2026,28,78,222
0.06056502,0.891566265060241,0.74,0.8087431693989071,0.7660455486542443,2027,27,78,222
0.06276216,0.8951612903225806,0.74,0.8102189781021898,0.7665745856353592,2028,26,78,222
0.06298351,0.8987854251012146,0.74,0.8117001828153565,0.7671043538355218,2029,25,78,222
0.069733545,0.9024390243902439,0.74,0.8131868131868132,0.7676348547717843,2030,24,78,222
0.07041946,0.9061224489795918,0.74,0.8146788990825689,0.7681660899653979,2031,23,78,222
0.07347108,0.9098360655737705,0.74,0.8161764705882353,0.7686980609418282,2032,22,78,222
0.073689885,0.9135802469135802,0.74,0.8176795580110497,0.7692307692307693,2033,21,78,222
0.079504825,0.9173553719008265,0.74,0.8191881918819188,0.7697642163661581,2034,20,78,222
0.0806882,0.9159663865546218,0.7266666666666667,0.8104089219330854,0.7579972183588316,2034,20,82,218
0.08081364,0.919831223628692,0.7266666666666667,0.8119180633147114,0.7585247042449548,2035,19,82,218
0.08135095,0.9166666666666666,0.6966666666666667,0.7916666666666666,0.7317927170868347,2035,19,91,209
0.08268743,0.9162995594713657,0.6933333333333334,0.7893738140417458,0.728801681850035,2035,19,92,208
0.08314248,0.915929203539823,0.69,0.7870722433460076,0.7258064516129034,2035,19,93,207
0.08379746,0.92,0.69,0.7885714285714286,0.7263157894736841,2036,18,93,207
0.08540683,0.9241071428571429,0.69,0.7900763358778626,0.7268258426966292,2037,17,93,207
0.094405375,0.9282511210762332,0.69,0.7915869980879541,0.7273366127898804,2038,16,93,207
0.09827182,0.9255813953488372,0.6633333333333333,0.7728155339805826,0.7031802120141344,2038,16,101,199
0.101423755,0.9299065420560748,0.6633333333333333,0.77431906614786,0.7036775106082037,2039,15,101,199
0.110947534,0.9342723004694836,0.6633333333333333,0.7758284600389863,0.7041755130927104,2040,14,101,199
0.12096936,0.9320388349514563,0.64,0.758893280632411,0.6827880512091038,2040,14,108,192
0.1367001,0.9365853658536586,0.64,0.7603960396039604,0.6832740213523132,2041,13,108,192
0.14613257,0.9411764705882353,0.64,0.7619047619047619,0.6837606837606838,2042,12,108,192
0.14665417,0.9387755102040817,0.6133333333333333,0.7419354838709677,0.659025787965616,2042,12,116,184
0.16887401,0.9365079365079365,0.59,0.7239263803680982,0.6371490280777538,2042,12,123,177
0.16972838,0.9414893617021277,0.59,0.7254098360655737,0.637608069164265,2043,11,123,177
0.17855743,0.946524064171123,0.59,0.7268993839835729,0.6380677721701513,2044,10,123,177
0.18691617,0.9516129032258065,0.59,0.7283950617283951,0.6385281385281385,2045,9,123,177
0.18749987,0.9502762430939227,0.5733333333333334,0.7151767151767152,0.6227371469949312,2045,9,128,172
0.20127858,0.9555555555555556,0.5733333333333334,0.7166666666666667,0.6231884057971014,2046,8,128,172
0.21545717,0.9608938547486033,0.5733333333333334,0.7181628392484343,0.6236403190717911,2047,7,128,172
0.23168063,0.9662921348314607,0.5733333333333334,0.7196652719665272,0.6240928882438316,2048,6,128,172
0.23457368,0.9642857142857143,0.54,0.6923076923076923,0.5921052631578948,2048,6,138,162
0.24472056,0.9640718562874252,0.5366666666666666,0.6895074946466809,0.5888807607900511,2048,6,139,161
0.24772392,0.9634146341463414,0.5266666666666666,0.6810344827586207,0.5791788856304985,2048,6,142,158
0.25177383,0.9631901840490797,0.5233333333333333,0.6781857451403888,0.5759354365370506,2048,6,143,157
0.25615668,0.9605263157894737,0.4866666666666667,0.6460176991150443,0.5399408284023669,2048,6,154,146
0.25832736,0.9602649006622517,0.48333333333333334,0.6430155210643016,0.5366395262768321,2048,6,155,145
0.2657363,0.9666666666666667,0.48333333333333334,0.6444444444444445,0.537037037037037,2049,5,155,145
0.26914167,0.9664429530201343,0.48,0.6414253897550112,0.5337286879169755,2049,5,156,144
0.27371627,0.9655172413793104,0.4666666666666667,0.6292134831460674,0.5204460966542751,2049,5,160,140
0.28002506,0.9652777777777778,0.4633333333333333,0.6261261261261262,0.5171130952380952,2049,5,161,139
0.28471258,0.9642857142857143,0.45,0.6136363636363636,0.5037313432835822,2049,5,165,135
0.29073003,0.9637681159420289,0.44333333333333336,0.6073059360730594,0.4970104633781765,2049,5,167,133
0.2962003,0.9632352941176471,0.43666666666666665,0.6009174311926605,0.49026946107784425,2049,5,169,131
0.30019274,0.9629629629629629,0.43333333333333335,0.5977011494252874,0.4868913857677903,2049,5,170,130
0.30068156,0.9624060150375939,0.4266666666666667,0.5912240184757506,0.48012003000750186,2049,5,172,128
0.3132796,0.9618320610687023,0.42,0.5846867749419954,0.47332832456799395,2049,5,174,126
0.3149235,0.9692307692307692,0.42,0.586046511627907,0.47368421052631576,2050,4,174,126
0.31905392,0.9689922480620154,0.4166666666666667,0.5827505827505828,0.4702784048156509,2050,4,175,125
0.32064322,0.96875,0.41333333333333333,0.5794392523364486,0.46686746987951805,2050,4,176,124
0.32481304,0.967479674796748,0.39666666666666667,0.5626477541371159,0.44973544973544977,2050,4,181,119
0.32597336,0.9672131147540983,0.3933333333333333,0.5592417061611374,0.4462934947049924,2050,4,182,118
0.34165308,0.9752066115702479,0.3933333333333333,0.5605700712589073,0.4466313398940197,2051,3,182,118
0.34210768,0.9741379310344828,0.37666666666666665,0.5432692307692307,0.4293313069908814,2051,3,187,113
0.34581226,0.9722222222222222,0.35,0.5147058823529411,0.40137614678899075,2051,3,195,105
0.34611407,0.9716981132075472,0.3433333333333333,0.5073891625615764,0.394333843797856,2051,3,197,103
0.34636167,0.9702970297029703,0.32666666666666666,0.48877805486284287,0.3766333589546503,2051,3,202,98
0.35178506,0.97,0.3233333333333333,0.485,0.37307692307692303,2051,3,203,97
0.37078127,0.9693877551020408,0.31666666666666665,0.47738693467336685,0.3659476117103236,2051,3,205,95
0.3906358,0.979381443298969,0.31666666666666665,0.47858942065491183,0.3662297609868928,2052,2,205,95
0.39685977,0.9895833333333334,0.31666666666666665,0.4797979797979798,0.36651234567901236,2053,1,205,95
0.42079306,1.0,0.31666666666666665,0.4810126582278481,0.3667953667953668,2054,0,205,95
0.49807838,1.0,0.31,0.4732824427480916,0.35962877030162416,2054,0,207,93
0.50327444,1.0,0.30666666666666664,0.46938775510204084,0.3560371517027863,2054,0,208,92
0.5112262,1.0,0.30333333333333334,0.46547314578005117,0.3524399690162664,2054,0,209,91
0.5137042,1.0,0.3,0.46153846153846156,0.3488372093023256,2054,0,210,90
0.5138061,1.0,0.2966666666666667,0.45758354755784064,0.3452288595810706,2054,0,211,89
0.5192212,1.0,0.2833333333333333,0.44155844155844154,0.33073929961089493,2054,0,215,85
0.52525634,1.0,0.28,0.4375,0.3271028037383178,2054,0,216,84
0.5398891,1.0,0.27666666666666667,0.43342036553524804,0.323460639127046,2054,0,217,83
0.54100955,1.0,0.2733333333333333,0.4293193717277487,0.31981279251170047,2054,0,218,82
0.54778147,1.0,0.27,0.4251968503937008,0.31615925058548017,2054,0,219,81
0.6286459,1.0,0.26666666666666666,0.42105263157894735,0.3125,2054,0,220,80
0.6325947,1.0,0.2633333333333333,0.41688654353562005,0.3088350273651289,2054,0,221,79
0.6368695,1.0,0.25666666666666665,0.40848806366047746,0.30148786217697726,2054,0,223,77
0.7399644,1.0,0.25333333333333335,0.40425531914893614,0.2978056426332289,2054,0,224,76
0.7556573,1.0,0.25,0.4,0.29411764705882354,2054,0,225,75
0.75820076,1.0,0.24666666666666667,0.39572192513368987,0.2904238618524333,2054,0,226,74
0.75945425,1.0,0.24,0.3870967741935484,0.2830188679245283,2054,0,228,72
0.76156485,1.0,0.23666666666666666,0.38274932614555257,0.2793076317859953,2054,0,229,71
0.8058617,1.0,0.23333333333333334,0.3783783783783784,0.2755905511811024,2054,0,230,70
0.8090756,1.0,0.23,0.37398373983739835,0.2718676122931442,2054,0,231,69
0.81155956,1.0,0.22333333333333333,0.3651226158038147,0.2644041041831097,2054,0,233,67
0.8147008,1.0,0.19333333333333333,0.3240223463687151,0.23052464228934816,2054,0,242,58
0.82693946,1.0,0.09333333333333334,0.17073170731707318,0.11400651465798045,2054,0,272,28
0.82987803,1.0,0.08,0.14814814814814814,0.09803921568627451,2054,0,276,24
0.8348795,1.0,0.05,0.09523809523809523,0.0617283950617284,2054,0,285,15
0.8619537,1.0,0.04,0.07692307692307693,0.04950495049504951,2054,0,288,12
0.87039125,1.0,0.01,0.019801980198019802,0.012468827930174564,2054,0,297,3
1.0,0.0,0.0,0.0,0.0,2054,0,300,0
